timestamp,hour,day_of_week,voltage,current,power,power_factor,frequency,condition
2026-01-01 00:00:00,0,3,227.99,0.633,134.84,0.934,49.96,NORMAL
2026-01-01 00:15:00,0,3,231.87,0.73,165.59,0.978,49.975,NORMAL
2026-01-01 00:30:00,0,3,226.9,0.365,79.47,0.961,49.955,NORMAL
2026-01-01 00:45:00,0,3,232.25,0.672,150.79,0.966,49.969,NORMAL
2026-01-01 01:00:00,1,3,228.81,0.484,105.76,0.955,50.094,NORMAL
2026-01-01 01:15:00,1,3,228.91,0.433,95.54,0.963,49.917,NORMAL
2026-01-01 01:30:00,1,3,226.77,0.833,181.3,0.96,50.096,NORMAL
2026-01-01 01:45:00,1,3,231.25,0.846,178.05,0.91,49.967,NORMAL
2026-01-01 02:00:00,2,3,230.2,0.575,128.28,0.969,50.07,NORMAL
2026-01-01 02:15:00,2,3,229.87,0.804,170.91,0.925,50.014,NORMAL
2026-01-01 02:30:00,2,3,229.51,0.52,113.67,0.952,50.105,NORMAL
2026-01-01 02:45:00,2,3,230.83,0.708,153.08,0.937,49.96,NORMAL
2026-01-01 03:00:00,3,3,230.55,0.656,137.86,0.912,50.036,NORMAL
2026-01-01 03:15:00,3,3,229.05,0.812,175.25,0.943,49.969,NORMAL
2026-01-01 03:30:00,3,3,233.01,0.483,109.13,0.969,49.973,NORMAL
2026-01-01 03:45:00,3,3,230.41,0.654,136.63,0.907,50.038,NORMAL
2026-01-01 04:00:00,4,3,228.74,0.757,170.17,0.983,49.971,NORMAL
2026-01-01 04:15:00,4,3,230.59,0.749,163.99,0.949,49.993,NORMAL
2026-01-01 04:30:00,4,3,234.16,0.429,94.82,0.944,49.984,NORMAL
2026-01-01 04:45:00,4,3,227.64,0.631,141.69,0.987,49.985,NORMAL
2026-01-01 05:00:00,5,3,230.07,0.435,93.01,0.93,50.019,NORMAL
2026-01-01 05:15:00,5,3,231.34,0.665,138.58,0.901,50.091,NORMAL
2026-01-01 05:30:00,5,3,227.7,0.807,177.94,0.969,50.022,NORMAL
2026-01-01 05:45:00,5,3,225.76,0.816,168.17,0.913,49.892,NORMAL
2026-01-01 06:00:00,6,3,229.63,2.771,578.04,0.909,49.954,NORMAL
2026-01-01 06:15:00,6,3,227.99,1.899,396.54,0.916,50.022,NORMAL
2026-01-01 06:30:00,6,3,233.46,1.807,380.22,0.901,50.015,NORMAL
2026-01-01 06:45:00,6,3,231.3,2.136,488.82,0.989,49.946,NORMAL
2026-01-01 07:00:00,7,3,225.03,2.885,616.65,0.95,49.989,NORMAL
2026-01-01 07:15:00,7,3,229.81,2.478,540.33,0.949,50.004,NORMAL
2026-01-01 07:30:00,7,3,229.4,2.592,549.64,0.924,49.986,NORMAL
2026-01-01 07:45:00,7,3,231.95,3.033,661.06,0.94,49.991,NORMAL
2026-01-01 08:00:00,8,3,229.81,3.048,665.77,0.95,50.051,NORMAL
2026-01-01 08:15:00,8,3,231.22,1.567,344.19,0.95,49.96,NORMAL
2026-01-01 08:30:00,8,3,230.14,2.243,473.05,0.917,50.007,NORMAL
2026-01-01 08:45:00,8,3,230.7,2.555,539.15,0.915,50.023,NORMAL
2026-01-01 09:00:00,9,3,227.75,1.515,317.05,0.919,50.081,NORMAL
2026-01-01 09:15:00,9,3,225.17,1.593,334.53,0.933,49.994,NORMAL
2026-01-01 09:30:00,9,3,227.1,2.373,501.64,0.931,49.97,NORMAL
2026-01-01 09:45:00,9,3,231.05,1.303,272.74,0.906,50.003,NORMAL
2026-01-01 10:00:00,10,3,230.74,1.373,290.59,0.917,49.967,NORMAL
2026-01-01 10:15:00,10,3,229.02,1.464,309.31,0.922,50.049,NORMAL
2026-01-01 10:30:00,10,3,229.53,1.507,326.29,0.943,50.038,NORMAL
2026-01-01 10:45:00,10,3,228.73,1.145,248.16,0.948,50.012,NORMAL
2026-01-01 11:00:00,11,3,230.97,2.907,606.45,0.903,49.987,NORMAL
2026-01-01 11:15:00,11,3,231.31,2.106,443.56,0.91,49.993,NORMAL
2026-01-01 11:30:00,11,3,228.67,1.375,308.25,0.98,50.048,NORMAL
2026-01-01 11:45:00,11,3,229.79,2.484,548.54,0.961,50.029,NORMAL
2026-01-01 12:00:00,12,3,231.88,2.115,450.9,0.919,50.039,NORMAL
2026-01-01 12:15:00,12,3,231.65,2.164,469.16,0.936,50.017,NORMAL
2026-01-01 12:30:00,12,3,232.49,1.164,247.04,0.913,49.979,NORMAL
2026-01-01 12:45:00,12,3,231.25,1.904,410.12,0.931,49.99,NORMAL
2026-01-01 13:00:00,13,3,231.19,1.737,375.3,0.934,49.897,NORMAL
2026-01-01 13:15:00,13,3,231.08,2.668,575.83,0.934,49.952,NORMAL
2026-01-01 13:30:00,13,3,226.2,2.886,590.51,0.905,49.925,NORMAL
2026-01-01 13:45:00,13,3,226.97,2.429,521.79,0.946,49.9,NORMAL
2026-01-01 14:00:00,14,3,230.07,1.614,355.53,0.957,49.931,NORMAL
2026-01-01 14:15:00,14,3,229.68,2.157,450.84,0.91,50.045,NORMAL
2026-01-01 14:30:00,14,3,230.85,1.788,404.81,0.981,49.947,NORMAL
2026-01-01 14:45:00,14,3,233.1,1.152,252.62,0.941,50.027,NORMAL
2026-01-01 15:00:00,15,3,226.88,1.469,325.15,0.976,50.003,NORMAL
2026-01-01 15:15:00,15,3,232.33,1.81,382.49,0.91,49.953,NORMAL
2026-01-01 15:30:00,15,3,226.63,1.504,307.62,0.903,50.02,NORMAL
2026-01-01 15:45:00,15,3,226.66,1.821,397.77,0.964,50.045,NORMAL
2026-01-01 16:00:00,16,3,229.81,2.238,479.78,0.933,49.966,NORMAL
2026-01-01 16:15:00,16,3,228.78,2.538,545.28,0.939,49.906,NORMAL
2026-01-01 16:30:00,16,3,229.08,2.114,450.9,0.931,50.037,NORMAL
2026-01-01 16:45:00,16,3,227.96,2.0,435.26,0.954,49.942,NORMAL
2026-01-01 17:00:00,17,3,228.14,4.292,904.21,0.923,49.957,NORMAL
2026-01-01 17:15:00,17,3,229.19,3.07,644.87,0.916,49.971,NORMAL
2026-01-01 17:30:00,17,3,228.62,2.851,627.85,0.963,50.025,NORMAL
2026-01-01 17:45:00,17,3,228.14,2.561,531.43,0.91,49.96,NORMAL
2026-01-01 18:00:00,18,3,229.3,3.891,852.02,0.955,50.042,NORMAL
2026-01-01 18:15:00,18,3,230.22,2.376,521.17,0.953,50.055,NORMAL
2026-01-01 18:30:00,18,3,226.45,3.569,762.42,0.943,50.017,NORMAL
2026-01-01 18:45:00,18,3,228.42,4.333,976.73,0.987,49.956,NORMAL
2026-01-01 19:00:00,19,3,226.27,3.032,647.11,0.943,49.907,NORMAL
2026-01-01 19:15:00,19,3,232.24,4.255,947.47,0.959,50.052,NORMAL
2026-01-01 19:30:00,19,3,231.76,4.239,942.53,0.959,49.946,NORMAL
2026-01-01 19:45:00,19,3,228.38,3.585,803.74,0.982,50.011,NORMAL
2026-01-01 20:00:00,20,3,228.66,3.998,864.09,0.945,50.005,NORMAL
2026-01-01 20:15:00,20,3,227.69,2.601,560.4,0.946,49.987,NORMAL
2026-01-01 20:30:00,20,3,226.89,4.546,985.74,0.956,50.055,NORMAL
2026-01-01 20:45:00,20,3,229.6,3.725,798.55,0.934,49.992,NORMAL
2026-01-01 21:00:00,21,3,227.41,3.245,710.69,0.963,50.003,NORMAL
2026-01-01 21:15:00,21,3,232.16,3.441,790.72,0.99,50.043,NORMAL
2026-01-01 21:30:00,21,3,230.26,3.58,754.37,0.915,50.018,NORMAL
2026-01-01 21:45:00,21,3,234.65,4.191,899.35,0.914,50.0,NORMAL
2026-01-01 22:00:00,22,3,228.01,1.837,381.93,0.912,50.012,NORMAL
2026-01-01 22:15:00,22,3,231.69,1.697,354.05,0.901,50.052,NORMAL
2026-01-01 22:30:00,22,3,228.35,2.142,451.09,0.922,50.02,NORMAL
2026-01-01 22:45:00,22,3,232.77,1.469,325.55,0.952,50.004,NORMAL
2026-01-01 23:00:00,23,3,231.6,1.568,340.96,0.939,50.054,NORMAL
2026-01-01 23:15:00,23,3,232.42,1.363,297.67,0.939,49.972,NORMAL
2026-01-01 23:30:00,23,3,231.85,0.777,176.74,0.981,49.976,NORMAL
2026-01-01 23:45:00,23,3,231.07,1.521,331.87,0.944,49.933,NORMAL
2026-01-02 00:00:00,0,4,233.15,0.452,97.99,0.93,50.053,NORMAL
2026-01-02 00:15:00,0,4,229.51,0.464,101.49,0.952,50.012,NORMAL
2026-01-02 00:30:00,0,4,232.01,0.635,133.77,0.908,49.882,NORMAL
2026-01-02 00:45:00,0,4,230.3,0.673,146.09,0.942,50.048,NORMAL
2026-01-02 01:00:00,1,4,230.82,0.718,161.26,0.973,49.865,NORMAL
2026-01-02 01:15:00,1,4,225.66,0.411,88.83,0.959,50.013,NORMAL
2026-01-02 01:30:00,1,4,232.57,0.675,154.06,0.982,50.004,NORMAL
2026-01-02 01:45:00,1,4,230.27,0.877,182.77,0.905,49.917,NORMAL
2026-01-02 02:00:00,2,4,229.89,0.762,158.4,0.904,49.972,NORMAL
2026-01-02 02:15:00,2,4,226.8,0.51,114.23,0.987,50.007,NORMAL
2026-01-02 02:30:00,2,4,232.0,0.779,167.65,0.928,49.974,NORMAL
2026-01-02 02:45:00,2,4,232.48,0.714,155.25,0.935,50.043,NORMAL
2026-01-02 03:00:00,3,4,231.24,0.332,75.11,0.978,50.021,NORMAL
2026-01-02 03:15:00,3,4,231.91,0.596,129.26,0.935,50.03,NORMAL
2026-01-02 03:30:00,3,4,228.97,0.598,123.79,0.903,49.913,NORMAL
2026-01-02 03:45:00,3,4,228.99,0.402,89.43,0.972,49.987,NORMAL
2026-01-02 04:00:00,4,4,231.41,0.657,144.6,0.951,50.05,NORMAL
2026-01-02 04:15:00,4,4,227.35,0.547,113.38,0.912,50.003,NORMAL
2026-01-02 04:30:00,4,4,231.07,0.488,103.57,0.919,50.05,NORMAL
2026-01-02 04:45:00,4,4,228.97,0.465,101.68,0.954,50.02,NORMAL
2026-01-02 05:00:00,5,4,231.12,0.558,123.01,0.954,49.991,NORMAL
2026-01-02 05:15:00,5,4,228.21,0.576,123.83,0.942,49.996,NORMAL
2026-01-02 05:30:00,5,4,231.67,0.515,107.47,0.901,49.977,NORMAL
2026-01-02 05:45:00,5,4,233.07,0.768,167.95,0.938,49.913,NORMAL
2026-01-02 06:00:00,6,4,231.56,2.278,516.22,0.979,50.045,NORMAL
2026-01-02 06:15:00,6,4,227.14,3.258,673.86,0.911,50.002,NORMAL
2026-01-02 06:30:00,6,4,226.41,1.487,313.37,0.931,49.979,NORMAL
2026-01-02 06:45:00,6,4,231.27,2.466,529.29,0.928,50.001,NORMAL
2026-01-02 07:00:00,7,4,232.14,2.743,623.56,0.979,49.963,NORMAL
2026-01-02 07:15:00,7,4,230.72,2.678,587.2,0.951,50.06,NORMAL
2026-01-02 07:30:00,7,4,231.15,3.16,694.53,0.951,50.051,NORMAL
2026-01-02 07:45:00,7,4,232.47,2.076,475.13,0.985,50.0,NORMAL
2026-01-02 08:00:00,8,4,225.67,3.0,666.7,0.985,49.91,NORMAL
2026-01-02 08:15:00,8,4,231.03,2.327,502.63,0.935,50.099,NORMAL
2026-01-02 08:30:00,8,4,232.6,2.038,448.33,0.946,50.047,NORMAL
2026-01-02 08:45:00,8,4,229.02,2.226,472.73,0.927,49.988,NORMAL
2026-01-02 09:00:00,9,4,227.76,1.36,305.09,0.985,50.092,NORMAL
2026-01-02 09:15:00,9,4,226.85,2.73,578.59,0.934,49.971,NORMAL
2026-01-02 09:30:00,9,4,229.12,2.234,470.85,0.92,49.941,NORMAL
2026-01-02 09:45:00,9,4,232.54,1.93,431.49,0.961,49.864,NORMAL
2026-01-02 10:00:00,10,4,230.85,1.322,285.74,0.936,50.014,NORMAL
2026-01-02 10:15:00,10,4,234.81,1.484,341.42,0.98,49.998,NORMAL
2026-01-02 10:30:00,10,4,230.91,1.781,391.77,0.952,49.979,NORMAL
2026-01-02 10:45:00,10,4,230.11,1.754,374.17,0.927,49.943,NORMAL
2026-01-02 11:00:00,11,4,234.17,2.261,484.14,0.914,49.953,NORMAL
2026-01-02 11:15:00,11,4,227.8,1.378,289.41,0.922,50.03,NORMAL
2026-01-02 11:30:00,11,4,233.89,2.183,504.0,0.987,50.078,NORMAL
2026-01-02 11:45:00,11,4,231.3,1.661,358.57,0.933,49.997,NORMAL
2026-01-02 12:00:00,12,4,230.46,1.335,284.61,0.925,49.941,NORMAL
2026-01-02 12:15:00,12,4,228.16,2.328,483.59,0.91,49.998,NORMAL
2026-01-02 12:30:00,12,4,232.35,1.866,391.82,0.904,50.059,NORMAL
2026-01-02 12:45:00,12,4,227.6,2.215,466.87,0.926,50.036,NORMAL
2026-01-02 13:00:00,13,4,231.25,1.822,383.08,0.909,50.043,NORMAL
2026-01-02 13:15:00,13,4,230.47,1.145,247.37,0.937,50.171,NORMAL
2026-01-02 13:30:00,13,4,228.68,2.501,528.51,0.924,49.935,NORMAL
2026-01-02 13:45:00,13,4,231.39,1.273,283.63,0.963,50.023,NORMAL
2026-01-02 14:00:00,14,4,231.51,2.676,570.09,0.92,49.946,NORMAL
2026-01-02 14:15:00,14,4,231.95,1.797,377.41,0.906,49.905,NORMAL
2026-01-02 14:30:00,14,4,227.17,1.519,328.44,0.951,50.027,NORMAL
2026-01-02 14:45:00,14,4,232.09,1.185,254.27,0.924,50.022,NORMAL
2026-01-02 15:00:00,15,4,229.9,1.355,295.67,0.949,49.993,NORMAL
2026-01-02 15:15:00,15,4,229.57,2.49,542.48,0.949,49.96,NORMAL
2026-01-02 15:30:00,15,4,230.49,1.119,255.18,0.989,50.022,NORMAL
2026-01-02 15:45:00,15,4,232.03,2.316,491.1,0.914,50.025,NORMAL
2026-01-02 16:00:00,16,4,226.27,2.613,539.53,0.913,49.961,NORMAL
2026-01-02 16:15:00,16,4,230.82,1.915,410.2,0.928,50.061,NORMAL
2026-01-02 16:30:00,16,4,227.48,1.684,365.4,0.954,49.921,NORMAL
2026-01-02 16:45:00,16,4,228.76,1.86,418.98,0.985,50.074,NORMAL
2026-01-02 17:00:00,17,4,229.5,3.529,794.18,0.981,49.97,NORMAL
2026-01-02 17:15:00,17,4,231.77,2.753,595.91,0.934,50.085,NORMAL
2026-01-02 17:30:00,17,4,229.42,4.342,952.08,0.956,49.99,NORMAL
2026-01-02 17:45:00,17,4,229.28,3.666,766.22,0.912,49.976,NORMAL
2026-01-02 18:00:00,18,4,228.62,4.176,930.46,0.975,49.934,NORMAL
2026-01-02 18:15:00,18,4,223.77,4.403,895.67,0.909,49.942,NORMAL
2026-01-02 18:30:00,18,4,232.62,4.638,977.29,0.906,49.979,NORMAL
2026-01-02 18:45:00,18,4,228.2,2.768,582.02,0.921,49.885,NORMAL
2026-01-02 19:00:00,19,4,232.05,3.785,836.19,0.952,49.99,NORMAL
2026-01-02 19:15:00,19,4,227.95,2.917,635.61,0.956,50.021,NORMAL
2026-01-02 19:30:00,19,4,226.8,3.393,755.36,0.982,50.006,NORMAL
2026-01-02 19:45:00,19,4,229.3,3.378,753.58,0.973,50.013,NORMAL
2026-01-02 20:00:00,20,4,229.01,3.085,671.41,0.95,49.984,NORMAL
2026-01-02 20:15:00,20,4,230.41,4.769,1007.6,0.917,49.997,NORMAL
2026-01-02 20:30:00,20,4,234.25,3.82,854.63,0.955,50.005,NORMAL
2026-01-02 20:45:00,20,4,230.99,3.957,897.39,0.982,50.038,NORMAL
2026-01-02 21:00:00,21,4,229.61,2.872,649.02,0.984,49.989,NORMAL
2026-01-02 21:15:00,21,4,230.74,2.94,625.09,0.922,49.867,NORMAL
2026-01-02 21:30:00,21,4,231.73,4.254,944.88,0.959,49.93,NORMAL
2026-01-02 21:45:00,21,4,230.56,3.083,647.62,0.911,49.931,NORMAL
2026-01-02 22:00:00,22,4,224.51,0.932,205.58,0.982,49.963,NORMAL
2026-01-02 22:15:00,22,4,234.38,1.486,342.98,0.985,50.022,NORMAL
2026-01-02 22:30:00,22,4,229.85,1.697,374.27,0.96,49.996,NORMAL
2026-01-02 22:45:00,22,4,230.85,1.961,435.99,0.963,49.983,NORMAL
2026-01-02 23:00:00,23,4,227.97,1.596,327.98,0.901,49.985,NORMAL
2026-01-02 23:15:00,23,4,235.8,1.724,368.19,0.906,49.953,NORMAL
2026-01-02 23:30:00,23,4,231.54,1.57,339.71,0.934,49.917,NORMAL
2026-01-02 23:45:00,23,4,228.99,0.951,205.38,0.944,50.099,NORMAL
2026-01-03 00:00:00,0,5,226.87,0.614,128.18,0.921,50.001,NORMAL
2026-01-03 00:15:00,0,5,233.51,0.777,163.52,0.901,49.946,NORMAL
2026-01-03 00:30:00,0,5,231.32,0.508,109.0,0.927,50.035,NORMAL
2026-01-03 00:45:00,0,5,231.93,0.664,140.32,0.911,49.963,NORMAL
2026-01-03 01:00:00,1,5,232.77,0.809,177.63,0.943,49.894,NORMAL
2026-01-03 01:15:00,1,5,232.09,0.479,103.74,0.933,50.085,NORMAL
2026-01-03 01:30:00,1,5,231.69,0.581,124.02,0.921,49.94,NORMAL
2026-01-03 01:45:00,1,5,231.81,0.577,126.31,0.944,50.007,NORMAL
2026-01-03 02:00:00,2,5,230.51,0.568,126.27,0.964,50.042,NORMAL
2026-01-03 02:15:00,2,5,228.88,0.84,177.33,0.922,49.945,NORMAL
2026-01-03 02:30:00,2,5,229.02,0.697,146.02,0.915,49.954,NORMAL
2026-01-03 02:45:00,2,5,228.54,0.773,170.83,0.967,50.019,NORMAL
2026-01-03 03:00:00,3,5,226.91,0.806,177.12,0.968,49.986,NORMAL
2026-01-03 03:15:00,3,5,229.73,0.299,63.94,0.931,50.016,NORMAL
2026-01-03 03:30:00,3,5,232.63,0.754,162.32,0.925,50.076,NORMAL
2026-01-03 03:45:00,3,5,229.31,0.492,104.23,0.925,49.967,NORMAL
2026-01-03 04:00:00,4,5,229.71,0.664,150.46,0.987,49.913,NORMAL
2026-01-03 04:15:00,4,5,231.86,0.553,116.93,0.912,50.124,NORMAL
2026-01-03 04:30:00,4,5,228.5,0.555,118.88,0.938,49.989,NORMAL
2026-01-03 04:45:00,4,5,229.36,0.583,129.63,0.97,49.927,NORMAL
2026-01-03 05:00:00,5,5,231.47,0.468,105.43,0.973,49.986,NORMAL
2026-01-03 05:15:00,5,5,230.72,0.619,139.64,0.978,50.014,NORMAL
2026-01-03 05:30:00,5,5,229.53,0.65,138.19,0.926,50.115,NORMAL
2026-01-03 05:45:00,5,5,227.24,0.448,99.14,0.974,50.018,NORMAL
2026-01-03 06:00:00,6,5,223.46,1.406,290.28,0.924,50.054,NORMAL
2026-01-03 06:15:00,6,5,228.52,2.124,479.72,0.988,50.025,NORMAL
2026-01-03 06:30:00,6,5,228.52,2.198,474.14,0.944,49.97,NORMAL
2026-01-03 06:45:00,6,5,227.99,3.273,708.77,0.95,50.026,NORMAL
2026-01-03 07:00:00,7,5,233.62,2.546,542.99,0.913,50.019,NORMAL
2026-01-03 07:15:00,7,5,228.33,3.213,676.35,0.922,49.991,NORMAL
2026-01-03 07:30:00,7,5,231.96,2.221,504.02,0.978,50.077,NORMAL
2026-01-03 07:45:00,7,5,229.93,2.703,614.66,0.989,49.982,NORMAL
2026-01-03 08:00:00,8,5,228.99,2.927,652.83,0.974,50.005,NORMAL
2026-01-03 08:15:00,8,5,232.3,2.455,549.39,0.963,49.97,NORMAL
2026-01-03 08:30:00,8,5,230.06,2.972,633.68,0.927,49.994,NORMAL
2026-01-03 08:45:00,8,5,232.54,1.706,368.16,0.928,50.038,NORMAL
2026-01-03 09:00:00,9,5,228.14,2.062,455.86,0.969,50.045,NORMAL
2026-01-03 09:15:00,9,5,228.45,2.222,483.29,0.952,50.106,NORMAL
2026-01-03 09:30:00,9,5,227.36,1.412,306.59,0.955,50.064,NORMAL
2026-01-03 09:45:00,9,5,229.67,2.041,462.37,0.986,50.015,NORMAL
2026-01-03 10:00:00,10,5,230.19,1.931,411.84,0.926,50.04,NORMAL
2026-01-03 10:15:00,10,5,228.26,2.364,501.77,0.93,49.914,NORMAL
2026-01-03 10:30:00,10,5,230.04,1.316,287.47,0.95,50.032,NORMAL
2026-01-03 10:45:00,10,5,229.19,2.04,423.28,0.906,49.992,NORMAL
2026-01-03 11:00:00,11,5,231.32,1.417,315.23,0.962,50.033,NORMAL
2026-01-03 11:15:00,11,5,230.29,1.445,321.73,0.967,50.009,NORMAL
2026-01-03 11:30:00,11,5,227.63,1.483,317.15,0.939,49.921,NORMAL
2026-01-03 11:45:00,11,5,229.84,2.141,462.21,0.939,50.069,NORMAL
2026-01-03 12:00:00,12,5,228.2,2.161,466.77,0.947,50.101,NORMAL
2026-01-03 12:15:00,12,5,227.53,1.79,372.66,0.915,50.062,NORMAL
2026-01-03 12:30:00,12,5,229.46,1.365,307.66,0.982,50.046,NORMAL
2026-01-03 12:45:00,12,5,229.74,1.759,398.39,0.986,49.993,NORMAL
2026-01-03 13:00:00,13,5,229.95,2.502,539.42,0.938,50.058,NORMAL
2026-01-03 13:15:00,13,5,232.07,1.179,253.12,0.925,49.95,NORMAL
2026-01-03 13:30:00,13,5,227.55,1.959,437.91,0.982,49.956,NORMAL
2026-01-03 13:45:00,13,5,226.23,1.747,379.83,0.961,49.948,NORMAL
2026-01-03 14:00:00,14,5,234.29,1.486,337.64,0.97,50.091,NORMAL
2026-01-03 14:15:00,14,5,229.0,2.621,553.18,0.922,49.953,NORMAL
2026-01-03 14:30:00,14,5,230.46,1.526,318.45,0.905,50.064,NORMAL
2026-01-03 14:45:00,14,5,228.0,2.673,558.17,0.916,49.988,NORMAL
2026-01-03 15:00:00,15,5,229.81,1.264,267.94,0.922,49.885,NORMAL
2026-01-03 15:15:00,15,5,229.75,1.207,263.93,0.951,50.048,NORMAL
2026-01-03 15:30:00,15,5,231.07,2.15,458.72,0.924,49.995,NORMAL
2026-01-03 15:45:00,15,5,232.45,1.935,440.35,0.979,50.005,NORMAL
2026-01-03 16:00:00,16,5,229.31,1.692,360.47,0.929,49.996,NORMAL
2026-01-03 16:15:00,16,5,229.54,1.814,374.9,0.9,49.994,NORMAL
2026-01-03 16:30:00,16,5,230.04,2.546,549.52,0.938,50.027,NORMAL
2026-01-03 16:45:00,16,5,232.08,1.669,378.61,0.978,50.038,NORMAL
2026-01-03 17:00:00,17,5,227.68,3.966,834.0,0.924,49.901,NORMAL
2026-01-03 17:15:00,17,5,229.8,4.013,845.85,0.917,50.072,NORMAL
2026-01-03 17:30:00,17,5,229.26,4.312,955.89,0.967,49.97,NORMAL
2026-01-03 17:45:00,17,5,233.81,3.892,900.07,0.989,49.902,NORMAL
2026-01-03 18:00:00,18,5,230.07,4.678,978.43,0.909,49.951,NORMAL
2026-01-03 18:15:00,18,5,228.01,2.632,557.26,0.928,50.025,NORMAL
2026-01-03 18:30:00,18,5,232.1,3.727,809.81,0.936,50.076,NORMAL
2026-01-03 18:45:00,18,5,230.31,4.605,988.23,0.932,49.96,NORMAL
2026-01-03 19:00:00,19,5,230.94,2.343,524.08,0.969,49.967,NORMAL
2026-01-03 19:15:00,19,5,226.57,3.783,776.74,0.906,49.943,NORMAL
2026-01-03 19:30:00,19,5,228.15,3.408,745.43,0.959,49.995,NORMAL
2026-01-03 19:45:00,19,5,230.91,3.039,676.41,0.964,50.023,NORMAL
2026-01-03 20:00:00,20,5,230.8,4.113,924.16,0.973,49.938,NORMAL
2026-01-03 20:15:00,20,5,230.19,4.155,870.13,0.91,49.975,NORMAL
2026-01-03 20:30:00,20,5,227.25,3.621,801.13,0.974,49.986,NORMAL
2026-01-03 20:45:00,20,5,227.89,2.832,597.56,0.926,50.111,NORMAL
2026-01-03 21:00:00,21,5,228.97,2.395,532.03,0.97,49.998,NORMAL
2026-01-03 21:15:00,21,5,229.95,2.562,557.34,0.946,50.012,NORMAL
2026-01-03 21:30:00,21,5,227.99,4.401,989.12,0.986,49.941,NORMAL
2026-01-03 21:45:00,21,5,231.71,2.513,557.47,0.957,50.023,NORMAL
2026-01-03 22:00:00,22,5,228.44,1.842,392.06,0.932,50.085,NORMAL
2026-01-03 22:15:00,22,5,230.47,1.136,238.57,0.911,50.002,NORMAL
2026-01-03 22:30:00,22,5,232.41,0.966,219.46,0.978,49.99,NORMAL
2026-01-03 22:45:00,22,5,229.98,1.258,278.94,0.964,49.99,NORMAL
2026-01-03 23:00:00,23,5,228.98,1.392,288.72,0.906,50.073,NORMAL
2026-01-03 23:15:00,23,5,228.84,2.183,463.19,0.927,50.028,NORMAL
2026-01-03 23:30:00,23,5,229.09,1.277,275.46,0.942,49.977,NORMAL
2026-01-03 23:45:00,23,5,228.43,2.068,449.01,0.95,50.009,NORMAL
2026-01-04 00:00:00,0,6,228.89,0.437,96.15,0.961,49.931,NORMAL
2026-01-04 00:15:00,0,6,228.52,0.818,174.03,0.931,50.016,NORMAL
2026-01-04 00:30:00,0,6,233.55,0.465,102.86,0.947,49.906,NORMAL
2026-01-04 00:45:00,0,6,230.98,0.667,140.61,0.913,49.958,NORMAL
2026-01-04 01:00:00,1,6,232.15,0.574,121.65,0.912,50.053,NORMAL
2026-01-04 01:15:00,1,6,228.31,0.565,125.95,0.976,49.996,NORMAL
2026-01-04 01:30:00,1,6,229.35,0.757,168.85,0.972,49.964,NORMAL
2026-01-04 01:45:00,1,6,228.33,0.58,128.89,0.973,50.004,NORMAL
2026-01-04 02:00:00,2,6,227.18,0.612,132.06,0.95,49.991,NORMAL
2026-01-04 02:15:00,2,6,231.15,0.667,147.42,0.956,50.026,NORMAL
2026-01-04 02:30:00,2,6,230.58,0.802,173.83,0.941,50.022,NORMAL
2026-01-04 02:45:00,2,6,233.14,0.792,167.57,0.907,50.094,NORMAL
2026-01-04 03:00:00,3,6,227.99,0.667,146.27,0.962,50.029,NORMAL
2026-01-04 03:15:00,3,6,226.33,0.611,136.74,0.99,49.899,NORMAL
2026-01-04 03:30:00,3,6,233.33,0.743,167.5,0.966,50.02,NORMAL
2026-01-04 03:45:00,3,6,225.46,0.445,95.72,0.954,49.97,NORMAL
2026-01-04 04:00:00,4,6,227.43,0.839,186.28,0.977,50.052,NORMAL
2026-01-04 04:15:00,4,6,229.28,0.775,169.46,0.954,49.97,NORMAL
2026-01-04 04:30:00,4,6,228.83,0.697,156.47,0.981,50.012,NORMAL
2026-01-04 04:45:00,4,6,229.31,0.697,148.69,0.93,50.039,NORMAL
2026-01-04 05:00:00,5,6,229.52,0.502,109.8,0.953,49.989,NORMAL
2026-01-04 05:15:00,5,6,229.81,0.817,179.22,0.954,50.042,NORMAL
2026-01-04 05:30:00,5,6,227.43,0.377,78.56,0.916,49.991,NORMAL
2026-01-04 05:45:00,5,6,228.89,0.494,105.23,0.93,50.005,NORMAL
2026-01-04 06:00:00,6,6,229.95,3.156,674.04,0.929,50.001,NORMAL
2026-01-04 06:15:00,6,6,232.12,2.254,488.65,0.934,49.961,NORMAL
2026-01-04 06:30:00,6,6,229.39,2.874,624.61,0.947,50.045,NORMAL
2026-01-04 06:45:00,6,6,228.43,2.286,489.84,0.938,50.01,NORMAL
2026-01-04 07:00:00,7,6,228.96,1.547,330.78,0.934,49.967,NORMAL
2026-01-04 07:15:00,7,6,228.34,2.252,466.59,0.907,50.006,NORMAL
2026-01-04 07:30:00,7,6,231.45,2.057,429.63,0.902,50.005,NORMAL
2026-01-04 07:45:00,7,6,230.09,2.752,592.35,0.936,49.976,NORMAL
2026-01-04 08:00:00,8,6,227.88,2.098,451.52,0.945,50.075,NORMAL
2026-01-04 08:15:00,8,6,231.61,1.927,403.58,0.904,50.015,NORMAL
2026-01-04 08:30:00,8,6,229.79,2.763,598.71,0.943,49.961,NORMAL
2026-01-04 08:45:00,8,6,228.81,2.863,603.03,0.921,49.954,NORMAL
2026-01-04 09:00:00,9,6,231.37,1.389,293.41,0.913,49.964,NORMAL
2026-01-04 09:15:00,9,6,230.82,2.472,520.31,0.912,49.924,NORMAL
2026-01-04 09:30:00,9,6,231.3,2.595,574.54,0.957,49.975,NORMAL
2026-01-04 09:45:00,9,6,227.26,1.343,287.22,0.941,49.958,NORMAL
2026-01-04 10:00:00,10,6,229.78,2.583,539.76,0.91,49.965,NORMAL
2026-01-04 10:15:00,10,6,233.91,1.585,364.42,0.983,49.97,NORMAL
2026-01-04 10:30:00,10,6,230.58,2.452,555.63,0.983,49.889,NORMAL
2026-01-04 10:45:00,10,6,228.44,2.041,453.39,0.972,50.06,NORMAL
2026-01-04 11:00:00,11,6,230.11,2.283,500.15,0.952,49.957,NORMAL
2026-01-04 11:15:00,11,6,230.76,2.359,507.1,0.931,49.986,NORMAL
2026-01-04 11:30:00,11,6,234.14,1.615,358.3,0.947,49.962,NORMAL
2026-01-04 11:45:00,11,6,233.51,1.633,346.78,0.909,50.028,NORMAL
2026-01-04 12:00:00,12,6,230.32,2.594,574.87,0.962,49.994,NORMAL
2026-01-04 12:15:00,12,6,230.11,1.553,340.06,0.952,49.972,NORMAL
2026-01-04 12:30:00,12,6,229.7,1.432,302.67,0.92,50.027,NORMAL
2026-01-04 12:45:00,12,6,229.9,1.912,405.08,0.922,49.979,NORMAL
2026-01-04 13:00:00,13,6,230.74,1.556,324.12,0.903,49.976,NORMAL
2026-01-04 13:15:00,13,6,230.11,1.915,400.65,0.909,49.952,NORMAL
2026-01-04 13:30:00,13,6,228.4,1.444,322.99,0.979,50.032,NORMAL
2026-01-04 13:45:00,13,6,226.48,1.269,266.43,0.927,49.986,NORMAL
2026-01-04 14:00:00,14,6,232.25,2.638,570.25,0.931,50.002,NORMAL
2026-01-04 14:15:00,14,6,232.05,1.292,288.21,0.961,49.927,NORMAL
2026-01-04 14:30:00,14,6,230.2,1.509,337.04,0.97,49.954,NORMAL
2026-01-04 14:45:00,14,6,232.0,1.843,388.22,0.908,49.969,NORMAL
2026-01-04 15:00:00,15,6,228.84,2.334,488.42,0.914,50.069,NORMAL
2026-01-04 15:15:00,15,6,228.76,1.254,264.59,0.922,50.053,NORMAL
2026-01-04 15:30:00,15,6,231.9,2.316,515.07,0.959,50.024,NORMAL
2026-01-04 15:45:00,15,6,233.78,1.42,306.92,0.925,50.058,NORMAL
2026-01-04 16:00:00,16,6,227.97,1.394,295.53,0.93,50.013,NORMAL
2026-01-04 16:15:00,16,6,232.48,1.925,417.66,0.933,50.019,NORMAL
2026-01-04 16:30:00,16,6,230.44,2.219,474.26,0.927,49.963,NORMAL
2026-01-04 16:45:00,16,6,230.83,1.424,297.77,0.906,49.988,NORMAL
2026-01-04 17:00:00,17,6,231.41,3.507,784.06,0.966,50.034,NORMAL
2026-01-04 17:15:00,17,6,227.84,2.553,525.3,0.903,50.033,NORMAL
2026-01-04 17:30:00,17,6,229.35,3.229,688.04,0.929,50.045,NORMAL
2026-01-04 17:45:00,17,6,232.64,4.412,987.65,0.962,49.919,NORMAL
2026-01-04 18:00:00,18,6,228.64,3.116,695.1,0.976,50.044,NORMAL
2026-01-04 18:15:00,18,6,228.91,3.299,734.18,0.972,50.0,NORMAL
2026-01-04 18:30:00,18,6,231.34,3.584,793.02,0.957,50.06,NORMAL
2026-01-04 18:45:00,18,6,229.95,2.833,632.04,0.97,49.949,NORMAL
2026-01-04 19:00:00,19,6,229.44,3.694,819.03,0.966,49.98,NORMAL
2026-01-04 19:15:00,19,6,231.13,4.311,904.55,0.908,50.087,NORMAL
2026-01-04 19:30:00,19,6,229.03,2.305,520.3,0.986,50.083,NORMAL
2026-01-04 19:45:00,19,6,230.38,4.05,893.51,0.958,49.964,NORMAL
2026-01-04 20:00:00,20,6,232.7,3.806,862.79,0.974,49.878,NORMAL
2026-01-04 20:15:00,20,6,229.88,2.61,566.54,0.944,50.09,NORMAL
2026-01-04 20:30:00,20,6,232.67,2.413,516.8,0.92,49.971,NORMAL
2026-01-04 20:45:00,20,6,224.36,3.721,825.37,0.989,50.027,NORMAL
2026-01-04 21:00:00,21,6,229.57,2.624,563.78,0.936,50.068,NORMAL
2026-01-04 21:15:00,21,6,228.36,3.837,810.16,0.925,49.986,NORMAL
2026-01-04 21:30:00,21,6,229.09,2.664,576.71,0.945,50.048,NORMAL
2026-01-04 21:45:00,21,6,232.09,2.985,663.99,0.958,50.023,NORMAL
2026-01-04 22:00:00,22,6,229.15,1.935,407.61,0.919,50.051,NORMAL
2026-01-04 22:15:00,22,6,231.1,2.321,501.67,0.935,50.106,NORMAL
2026-01-04 22:30:00,22,6,230.75,1.858,421.54,0.983,49.974,NORMAL
2026-01-04 22:45:00,22,6,228.79,2.127,477.22,0.981,49.972,NORMAL
2026-01-04 23:00:00,23,6,230.82,2.186,469.03,0.93,50.073,NORMAL
2026-01-04 23:15:00,23,6,231.21,1.944,407.26,0.906,49.842,NORMAL
2026-01-04 23:30:00,23,6,227.79,1.1,231.35,0.923,49.965,NORMAL
2026-01-04 23:45:00,23,6,231.48,1.112,250.76,0.974,50.045,NORMAL
2026-01-05 00:00:00,0,0,228.12,0.62,132.77,0.939,50.019,NORMAL
2026-01-05 00:15:00,0,0,229.16,0.857,184.53,0.94,50.06,NORMAL
2026-01-05 00:30:00,0,0,232.41,0.385,85.92,0.96,50.017,NORMAL
2026-01-05 00:45:00,0,0,231.03,0.438,93.09,0.92,50.059,NORMAL
2026-01-05 01:00:00,1,0,227.15,0.583,130.92,0.988,49.889,NORMAL
2026-01-05 01:15:00,1,0,229.22,0.547,123.59,0.985,49.921,NORMAL
2026-01-05 01:30:00,1,0,229.04,0.473,101.23,0.934,49.995,NORMAL
2026-01-05 01:45:00,1,0,227.06,0.655,145.61,0.979,49.981,NORMAL
2026-01-05 02:00:00,2,0,231.12,0.743,156.92,0.914,50.054,NORMAL
2026-01-05 02:15:00,2,0,228.97,0.555,121.36,0.955,49.968,NORMAL
2026-01-05 02:30:00,2,0,226.91,0.507,111.97,0.973,50.07,NORMAL
2026-01-05 02:45:00,2,0,230.21,0.476,103.3,0.943,49.942,NORMAL
2026-01-05 03:00:00,3,0,229.52,0.651,141.34,0.945,50.078,NORMAL
2026-01-05 03:15:00,3,0,229.55,0.573,124.33,0.946,49.933,NORMAL
2026-01-05 03:30:00,3,0,232.59,0.409,92.01,0.968,50.033,NORMAL
2026-01-05 03:45:00,3,0,228.88,0.484,106.14,0.959,50.061,NORMAL
2026-01-05 04:00:00,4,0,226.74,0.692,150.99,0.962,50.019,NORMAL
2026-01-05 04:15:00,4,0,229.84,0.472,100.92,0.931,50.049,NORMAL
2026-01-05 04:30:00,4,0,229.99,0.789,164.14,0.904,49.937,NORMAL
2026-01-05 04:45:00,4,0,231.32,0.607,131.0,0.934,49.952,NORMAL
2026-01-05 05:00:00,5,0,225.28,0.809,168.04,0.922,50.001,NORMAL
2026-01-05 05:15:00,5,0,229.89,0.309,70.16,0.989,49.964,NORMAL
2026-01-05 05:30:00,5,0,227.8,0.69,151.78,0.965,50.111,NORMAL
2026-01-05 05:45:00,5,0,229.73,0.357,78.85,0.961,50.06,NORMAL
2026-01-05 06:00:00,6,0,229.62,2.047,439.13,0.934,49.944,NORMAL
2026-01-05 06:15:00,6,0,233.24,2.836,634.74,0.96,50.023,NORMAL
2026-01-05 06:30:00,6,0,231.81,3.056,667.19,0.942,50.08,NORMAL
2026-01-05 06:45:00,6,0,228.74,1.911,420.31,0.962,50.01,NORMAL
2026-01-05 07:00:00,7,0,231.06,1.607,354.62,0.955,49.99,NORMAL
2026-01-05 07:15:00,7,0,229.28,2.912,629.7,0.943,49.969,NORMAL
2026-01-05 07:30:00,7,0,228.69,1.965,410.66,0.914,50.009,NORMAL
2026-01-05 07:45:00,7,0,229.25,2.74,571.6,0.91,50.008,NORMAL
2026-01-05 08:00:00,8,0,230.18,1.506,328.18,0.947,50.026,NORMAL
2026-01-05 08:15:00,8,0,231.28,1.842,389.07,0.913,49.983,NORMAL
2026-01-05 08:30:00,8,0,228.51,3.327,696.59,0.916,50.107,NORMAL
2026-01-05 08:45:00,8,0,230.11,1.533,328.86,0.932,50.093,NORMAL
2026-01-05 09:00:00,9,0,230.85,1.53,323.64,0.917,49.961,NORMAL
2026-01-05 09:15:00,9,0,228.55,2.736,584.78,0.935,50.051,NORMAL
2026-01-05 09:30:00,9,0,229.93,1.716,362.73,0.92,49.993,NORMAL
2026-01-05 09:45:00,9,0,229.64,2.723,577.73,0.924,49.932,NORMAL
2026-01-05 10:00:00,10,0,232.39,1.971,427.26,0.933,50.009,NORMAL
2026-01-05 10:15:00,10,0,229.05,1.642,359.01,0.955,49.992,NORMAL
2026-01-05 10:30:00,10,0,231.43,2.678,594.68,0.96,49.906,NORMAL
2026-01-05 10:45:00,10,0,228.86,1.279,279.19,0.954,49.947,NORMAL
2026-01-05 11:00:00,11,0,232.3,2.264,501.29,0.953,49.924,NORMAL
2026-01-05 11:15:00,11,0,231.51,1.22,274.78,0.973,50.042,NORMAL
2026-01-05 11:30:00,11,0,231.74,1.305,282.23,0.933,49.984,NORMAL
2026-01-05 11:45:00,11,0,233.13,2.116,473.01,0.959,49.973,NORMAL
2026-01-05 12:00:00,12,0,228.99,1.541,339.13,0.961,49.974,NORMAL
2026-01-05 12:15:00,12,0,231.75,2.246,502.98,0.966,49.885,NORMAL
2026-01-05 12:30:00,12,0,229.99,2.099,441.85,0.915,49.993,NORMAL
2026-01-05 12:45:00,12,0,230.45,1.775,396.96,0.971,50.026,NORMAL
2026-01-05 13:00:00,13,0,229.58,1.364,282.53,0.902,50.012,NORMAL
2026-01-05 13:15:00,13,0,231.65,2.739,593.34,0.935,49.971,NORMAL
2026-01-05 13:30:00,13,0,228.88,2.331,481.81,0.903,49.946,NORMAL
2026-01-05 13:45:00,13,0,229.79,1.513,321.24,0.924,50.051,NORMAL
2026-01-05 14:00:00,14,0,226.13,1.561,325.1,0.921,49.955,NORMAL
2026-01-05 14:15:00,14,0,228.04,2.475,530.66,0.94,49.938,NORMAL
2026-01-05 14:30:00,14,0,230.93,2.164,460.29,0.921,49.999,NORMAL
2026-01-05 14:45:00,14,0,230.76,1.412,314.9,0.966,49.998,NORMAL
2026-01-05 15:00:00,15,0,226.16,1.528,311.31,0.901,50.046,NORMAL
2026-01-05 15:15:00,15,0,232.06,1.376,300.26,0.941,50.0,NORMAL
2026-01-05 15:30:00,15,0,229.91,2.225,486.61,0.951,49.983,NORMAL
2026-01-05 15:45:00,15,0,227.02,1.842,408.7,0.977,50.035,NORMAL
2026-01-05 16:00:00,16,0,230.79,2.094,471.15,0.975,49.934,NORMAL
2026-01-05 16:15:00,16,0,234.36,2.59,584.07,0.962,49.971,NORMAL
2026-01-05 16:30:00,16,0,228.76,1.982,437.34,0.964,50.037,NORMAL
2026-01-05 16:45:00,16,0,228.58,1.688,368.54,0.955,50.006,NORMAL
2026-01-05 17:00:00,17,0,232.22,4.201,939.99,0.964,49.98,NORMAL
2026-01-05 17:15:00,17,0,226.41,4.129,873.85,0.935,50.004,NORMAL
2026-01-05 17:30:00,17,0,229.92,2.777,602.82,0.944,49.946,NORMAL
2026-01-05 17:45:00,17,0,228.9,2.556,555.46,0.949,50.037,NORMAL
2026-01-05 18:00:00,18,0,229.92,3.383,733.9,0.944,50.007,NORMAL
2026-01-05 18:15:00,18,0,230.28,3.107,659.14,0.921,50.09,NORMAL
2026-01-05 18:30:00,18,0,232.99,2.754,623.62,0.972,50.006,NORMAL
2026-01-05 18:45:00,18,0,232.15,3.482,793.85,0.982,49.917,NORMAL
2026-01-05 19:00:00,19,0,232.46,2.631,556.04,0.909,49.949,NORMAL
2026-01-05 19:15:00,19,0,228.83,3.578,758.9,0.927,50.041,NORMAL
2026-01-05 19:30:00,19,0,230.95,3.149,692.54,0.952,49.965,NORMAL
2026-01-05 19:45:00,19,0,228.68,3.161,709.6,0.982,50.064,NORMAL
2026-01-05 20:00:00,20,0,231.22,4.627,971.87,0.908,50.014,NORMAL
2026-01-05 20:15:00,20,0,230.28,4.043,891.21,0.957,49.96,NORMAL
2026-01-05 20:30:00,20,0,231.35,3.348,726.94,0.938,50.024,NORMAL
2026-01-05 20:45:00,20,0,228.32,2.484,520.97,0.919,49.886,NORMAL
2026-01-05 21:00:00,21,0,228.9,3.181,703.59,0.966,50.077,NORMAL
2026-01-05 21:15:00,21,0,230.05,3.494,777.69,0.967,50.022,NORMAL
2026-01-05 21:30:00,21,0,228.78,2.503,521.86,0.911,49.917,NORMAL
2026-01-05 21:45:00,21,0,230.23,2.858,650.29,0.988,49.926,NORMAL
2026-01-05 22:00:00,22,0,227.18,1.621,342.67,0.93,49.98,NORMAL
2026-01-05 22:15:00,22,0,227.5,1.429,315.02,0.969,50.071,NORMAL
2026-01-05 22:30:00,22,0,227.81,1.271,283.78,0.98,49.967,NORMAL
2026-01-05 22:45:00,22,0,230.42,1.082,225.19,0.903,49.979,NORMAL
2026-01-05 23:00:00,23,0,231.75,1.602,343.92,0.926,49.994,NORMAL
2026-01-05 23:15:00,23,0,228.57,0.934,202.49,0.949,50.002,NORMAL
2026-01-05 23:30:00,23,0,229.44,1.693,379.32,0.977,50.099,NORMAL
2026-01-05 23:45:00,23,0,226.4,2.297,475.55,0.915,49.963,NORMAL
2026-01-06 00:00:00,0,1,227.84,0.593,130.84,0.968,49.954,NORMAL
2026-01-06 00:15:00,0,1,228.95,0.623,138.47,0.971,50.006,NORMAL
2026-01-06 00:30:00,0,1,229.92,0.804,169.33,0.917,50.044,NORMAL
2026-01-06 00:45:00,0,1,228.6,0.674,140.42,0.911,50.018,NORMAL
2026-01-06 01:00:00,1,1,229.99,0.761,169.19,0.967,49.998,NORMAL
2026-01-06 01:15:00,1,1,228.37,0.432,93.63,0.95,50.014,NORMAL
2026-01-06 01:30:00,1,1,228.24,0.344,74.65,0.951,49.999,NORMAL
2026-01-06 01:45:00,1,1,227.22,0.714,150.93,0.931,50.045,NORMAL
2026-01-06 02:00:00,2,1,231.13,0.689,153.27,0.963,49.986,NORMAL
2026-01-06 02:15:00,2,1,226.86,0.485,107.44,0.977,49.914,NORMAL
2026-01-06 02:30:00,2,1,232.84,0.734,157.74,0.922,50.0,NORMAL
2026-01-06 02:45:00,2,1,229.88,0.824,182.56,0.964,50.01,NORMAL
2026-01-06 03:00:00,3,1,225.48,0.626,135.66,0.962,50.027,NORMAL
2026-01-06 03:15:00,3,1,228.44,0.846,180.17,0.933,49.962,NORMAL
2026-01-06 03:30:00,3,1,228.71,0.856,183.53,0.937,50.023,NORMAL
2026-01-06 03:45:00,3,1,229.66,0.674,143.14,0.925,49.982,NORMAL
2026-01-06 04:00:00,4,1,229.67,0.707,151.4,0.932,49.935,NORMAL
2026-01-06 04:15:00,4,1,228.32,0.676,141.11,0.914,49.969,NORMAL
2026-01-06 04:30:00,4,1,228.5,0.697,155.48,0.976,49.973,NORMAL
2026-01-06 04:45:00,4,1,233.21,0.474,105.75,0.956,50.042,NORMAL
2026-01-06 05:00:00,5,1,228.13,0.526,116.71,0.973,49.917,NORMAL
2026-01-06 05:15:00,5,1,230.83,0.552,125.17,0.983,50.007,NORMAL
2026-01-06 05:30:00,5,1,233.09,0.519,114.99,0.951,49.967,NORMAL
2026-01-06 05:45:00,5,1,231.24,0.64,138.23,0.934,50.032,NORMAL
2026-01-06 06:00:00,6,1,231.91,2.638,588.53,0.962,49.933,NORMAL
2026-01-06 06:15:00,6,1,230.68,3.074,658.92,0.929,49.989,NORMAL
2026-01-06 06:30:00,6,1,232.31,1.609,369.44,0.988,50.087,NORMAL
2026-01-06 06:45:00,6,1,229.25,1.669,376.34,0.984,49.994,NORMAL
2026-01-06 07:00:00,7,1,230.28,1.788,379.16,0.921,50.055,NORMAL
2026-01-06 07:15:00,7,1,232.12,1.567,335.56,0.923,49.957,NORMAL
2026-01-06 07:30:00,7,1,229.78,1.571,351.35,0.973,50.036,NORMAL
2026-01-06 07:45:00,7,1,229.66,1.655,354.11,0.932,50.026,NORMAL
2026-01-06 08:00:00,8,1,231.36,1.593,362.91,0.985,50.058,NORMAL
2026-01-06 08:15:00,8,1,229.98,2.613,566.92,0.943,49.979,NORMAL
2026-01-06 08:30:00,8,1,229.96,1.789,398.85,0.969,50.101,NORMAL
2026-01-06 08:45:00,8,1,229.23,1.822,396.79,0.95,50.098,NORMAL
2026-01-06 09:00:00,9,1,229.86,2.531,542.93,0.933,49.983,NORMAL
2026-01-06 09:15:00,9,1,229.37,2.688,572.36,0.928,50.042,NORMAL
2026-01-06 09:30:00,9,1,231.14,2.82,588.91,0.904,49.958,NORMAL
2026-01-06 09:45:00,9,1,229.9,2.333,507.09,0.945,50.019,NORMAL
2026-01-06 10:00:00,10,1,229.64,1.634,355.29,0.947,49.99,NORMAL
2026-01-06 10:15:00,10,1,225.91,1.467,316.73,0.956,50.015,NORMAL
2026-01-06 10:30:00,10,1,229.49,1.492,314.61,0.919,50.008,NORMAL
2026-01-06 10:45:00,10,1,227.44,2.402,507.0,0.928,49.978,NORMAL
2026-01-06 11:00:00,11,1,230.45,1.142,257.58,0.979,50.039,NORMAL
2026-01-06 11:15:00,11,1,230.56,2.144,451.98,0.914,49.974,NORMAL
2026-01-06 11:30:00,11,1,226.64,1.538,314.06,0.901,49.943,NORMAL
2026-01-06 11:45:00,11,1,229.72,2.16,469.83,0.947,49.93,NORMAL
2026-01-06 12:00:00,12,1,231.57,1.638,362.76,0.956,50.086,NORMAL
2026-01-06 12:15:00,12,1,230.59,1.95,441.44,0.982,50.039,NORMAL
2026-01-06 12:30:00,12,1,229.14,2.561,558.46,0.952,50.071,NORMAL
2026-01-06 12:45:00,12,1,228.55,2.403,510.66,0.93,49.937,NORMAL
2026-01-06 13:00:00,13,1,231.91,2.597,563.79,0.936,49.963,NORMAL
2026-01-06 13:15:00,13,1,226.18,1.577,330.77,0.927,49.967,NORMAL
2026-01-06 13:30:00,13,1,228.78,2.017,417.28,0.904,50.062,NORMAL
2026-01-06 13:45:00,13,1,232.36,2.549,574.43,0.97,49.996,NORMAL
2026-01-06 14:00:00,14,1,228.24,1.735,372.51,0.941,50.068,NORMAL
2026-01-06 14:15:00,14,1,231.52,2.562,560.4,0.945,50.037,NORMAL
2026-01-06 14:30:00,14,1,229.73,2.586,560.63,0.944,50.008,NORMAL
2026-01-06 14:45:00,14,1,229.73,2.436,517.89,0.926,49.999,NORMAL
2026-01-06 15:00:00,15,1,228.73,2.127,481.44,0.989,49.96,NORMAL
2026-01-06 15:15:00,15,1,232.58,2.216,481.64,0.935,49.931,NORMAL
2026-01-06 15:30:00,15,1,229.0,2.052,429.86,0.915,49.928,NORMAL
2026-01-06 15:45:00,15,1,223.92,1.742,356.97,0.915,50.038,NORMAL
2026-01-06 16:00:00,16,1,231.41,2.545,582.64,0.989,49.971,NORMAL
2026-01-06 16:15:00,16,1,230.14,1.373,287.06,0.909,49.979,NORMAL
2026-01-06 16:30:00,16,1,230.53,1.772,377.89,0.925,49.881,NORMAL
2026-01-06 16:45:00,16,1,234.44,1.738,389.94,0.957,49.933,NORMAL
2026-01-06 17:00:00,17,1,231.1,2.341,516.94,0.955,50.057,NORMAL
2026-01-06 17:15:00,17,1,232.92,4.117,869.48,0.907,49.944,NORMAL
2026-01-06 17:30:00,17,1,229.98,4.204,871.34,0.901,49.977,NORMAL
2026-01-06 17:45:00,17,1,230.42,3.244,701.21,0.938,50.041,NORMAL
2026-01-06 18:00:00,18,1,227.02,3.051,636.08,0.918,50.011,NORMAL
2026-01-06 18:15:00,18,1,229.89,4.482,956.09,0.928,49.947,NORMAL
2026-01-06 18:30:00,18,1,230.31,4.213,900.52,0.928,50.033,NORMAL
2026-01-06 18:45:00,18,1,231.15,4.3,911.0,0.917,50.0,NORMAL
2026-01-06 19:00:00,19,1,229.53,3.39,746.27,0.959,50.026,NORMAL
2026-01-06 19:15:00,19,1,229.66,3.527,747.5,0.923,50.014,NORMAL
2026-01-06 19:30:00,19,1,228.98,4.557,975.85,0.935,49.989,NORMAL
2026-01-06 19:45:00,19,1,233.87,3.178,710.9,0.957,49.922,NORMAL
2026-01-06 20:00:00,20,1,229.88,3.925,819.16,0.908,49.962,NORMAL
2026-01-06 20:15:00,20,1,231.72,3.467,757.61,0.943,50.02,NORMAL
2026-01-06 20:30:00,20,1,231.15,3.389,749.34,0.957,50.117,NORMAL
2026-01-06 20:45:00,20,1,229.23,2.424,541.5,0.975,50.013,NORMAL
2026-01-06 21:00:00,21,1,233.55,3.84,817.3,0.911,49.983,NORMAL
2026-01-06 21:15:00,21,1,227.73,4.34,921.17,0.932,49.998,NORMAL
2026-01-06 21:30:00,21,1,229.27,4.199,872.68,0.906,50.079,NORMAL
2026-01-06 21:45:00,21,1,232.38,4.529,956.74,0.909,49.937,NORMAL
2026-01-06 22:00:00,22,1,229.52,1.804,390.45,0.943,49.969,NORMAL
2026-01-06 22:15:00,22,1,231.03,1.542,336.44,0.945,49.933,NORMAL
2026-01-06 22:30:00,22,1,230.28,1.541,341.44,0.962,50.025,NORMAL
2026-01-06 22:45:00,22,1,231.46,1.615,357.91,0.957,49.956,NORMAL
2026-01-06 23:00:00,23,1,228.81,0.996,225.02,0.987,50.097,NORMAL
2026-01-06 23:15:00,23,1,230.11,2.102,467.02,0.966,49.98,NORMAL
2026-01-06 23:30:00,23,1,231.91,1.016,214.9,0.912,50.02,NORMAL
2026-01-06 23:45:00,23,1,230.91,1.097,248.99,0.983,50.058,NORMAL
2026-01-07 00:00:00,0,2,231.12,0.745,168.64,0.98,50.1,NORMAL
2026-01-07 00:15:00,0,2,227.99,0.559,121.37,0.952,50.076,NORMAL
2026-01-07 00:30:00,0,2,230.43,0.458,96.03,0.909,49.971,NORMAL
2026-01-07 00:45:00,0,2,225.4,0.226,48.03,0.943,50.011,NORMAL
2026-01-07 01:00:00,1,2,226.34,0.56,119.1,0.939,50.078,NORMAL
2026-01-07 01:15:00,1,2,233.83,0.453,100.06,0.945,49.925,NORMAL
2026-01-07 01:30:00,1,2,229.96,0.684,143.85,0.914,50.027,NORMAL
2026-01-07 01:45:00,1,2,227.46,0.462,95.98,0.913,50.099,NORMAL
2026-01-07 02:00:00,2,2,227.67,0.693,148.95,0.943,49.962,NORMAL
2026-01-07 02:15:00,2,2,229.9,0.514,113.41,0.96,49.932,NORMAL
2026-01-07 02:30:00,2,2,225.08,0.455,97.55,0.953,49.95,NORMAL
2026-01-07 02:45:00,2,2,225.6,0.581,128.27,0.979,49.992,NORMAL
2026-01-07 03:00:00,3,2,229.78,0.618,131.82,0.928,49.975,NORMAL
2026-01-07 03:15:00,3,2,225.93,0.664,140.7,0.937,49.984,NORMAL
2026-01-07 03:30:00,3,2,227.29,0.427,91.7,0.944,49.989,NORMAL
2026-01-07 03:45:00,3,2,228.8,0.656,148.49,0.989,50.079,NORMAL
2026-01-07 04:00:00,4,2,229.42,0.734,153.33,0.911,49.985,NORMAL
2026-01-07 04:15:00,4,2,228.22,0.61,132.72,0.953,49.986,NORMAL
2026-01-07 04:30:00,4,2,229.8,0.493,102.53,0.905,50.079,NORMAL
2026-01-07 04:45:00,4,2,231.37,0.41,89.79,0.946,50.017,NORMAL
2026-01-07 05:00:00,5,2,226.86,0.792,175.05,0.975,50.042,NORMAL
2026-01-07 05:15:00,5,2,228.8,0.591,124.2,0.919,49.939,NORMAL
2026-01-07 05:30:00,5,2,230.73,0.794,170.52,0.931,50.06,NORMAL
2026-01-07 05:45:00,5,2,229.8,0.569,126.42,0.966,50.048,NORMAL
2026-01-07 06:00:00,6,2,230.14,1.438,326.1,0.985,49.985,NORMAL
2026-01-07 06:15:00,6,2,231.08,1.659,346.4,0.903,50.111,NORMAL
2026-01-07 06:30:00,6,2,232.21,1.533,345.99,0.972,49.994,NORMAL
2026-01-07 06:45:00,6,2,229.42,2.257,477.24,0.922,50.055,NORMAL
2026-01-07 07:00:00,7,2,231.43,2.391,510.19,0.922,49.945,NORMAL
2026-01-07 07:15:00,7,2,230.89,2.808,628.25,0.969,49.982,NORMAL
2026-01-07 07:30:00,7,2,228.43,2.848,587.45,0.903,49.96,NORMAL
2026-01-07 07:45:00,7,2,230.33,1.542,326.06,0.918,50.025,NORMAL
2026-01-07 08:00:00,8,2,231.26,2.118,463.2,0.946,50.063,NORMAL
2026-01-07 08:15:00,8,2,230.35,2.393,529.05,0.96,49.982,NORMAL
2026-01-07 08:30:00,8,2,230.54,2.459,537.33,0.948,49.961,NORMAL
2026-01-07 08:45:00,8,2,231.25,2.778,578.97,0.901,50.055,NORMAL
2026-01-07 09:00:00,9,2,229.05,1.269,284.74,0.979,49.974,NORMAL
2026-01-07 09:15:00,9,2,230.0,2.5,542.15,0.943,50.075,NORMAL
2026-01-07 09:30:00,9,2,227.42,2.34,487.82,0.917,49.949,NORMAL
2026-01-07 09:45:00,9,2,228.2,2.11,452.52,0.94,50.05,NORMAL
2026-01-07 10:00:00,10,2,230.02,1.214,256.29,0.918,49.972,NORMAL
2026-01-07 10:15:00,10,2,229.45,2.352,528.02,0.978,49.997,NORMAL
2026-01-07 10:30:00,10,2,231.64,1.864,396.77,0.919,50.042,NORMAL
2026-01-07 10:45:00,10,2,228.51,2.004,437.38,0.955,50.031,NORMAL
2026-01-07 11:00:00,11,2,229.42,1.307,285.02,0.95,49.96,NORMAL
2026-01-07 11:15:00,11,2,227.36,1.83,386.12,0.928,49.95,NORMAL
2026-01-07 11:30:00,11,2,231.67,1.946,429.49,0.953,49.996,NORMAL
2026-01-07 11:45:00,11,2,229.91,1.92,427.93,0.969,49.988,NORMAL
2026-01-07 12:00:00,12,2,227.41,1.71,381.64,0.981,49.997,NORMAL
2026-01-07 12:15:00,12,2,228.7,1.658,362.61,0.956,49.946,NORMAL
2026-01-07 12:30:00,12,2,231.35,1.924,411.49,0.924,49.964,NORMAL
2026-01-07 12:45:00,12,2,229.5,1.376,299.77,0.949,49.982,NORMAL
2026-01-07 13:00:00,13,2,231.15,1.755,375.08,0.925,49.981,NORMAL
2026-01-07 13:15:00,13,2,230.74,1.76,390.9,0.962,50.018,NORMAL
2026-01-07 13:30:00,13,2,230.62,1.338,283.85,0.92,49.968,NORMAL
2026-01-07 13:45:00,13,2,228.7,1.115,244.26,0.958,50.043,NORMAL
2026-01-07 14:00:00,14,2,228.82,2.429,517.19,0.931,49.956,NORMAL
2026-01-07 14:15:00,14,2,230.24,1.491,329.17,0.959,49.997,NORMAL
2026-01-07 14:30:00,14,2,230.83,1.882,408.88,0.941,50.014,NORMAL
2026-01-07 14:45:00,14,2,229.37,1.847,417.84,0.986,49.987,NORMAL
2026-01-07 15:00:00,15,2,232.08,1.827,386.38,0.911,50.05,NORMAL
2026-01-07 15:15:00,15,2,227.17,1.717,360.33,0.924,49.992,NORMAL
2026-01-07 15:30:00,15,2,232.38,2.699,575.29,0.917,49.94,NORMAL
2026-01-07 15:45:00,15,2,231.33,1.983,452.77,0.987,49.911,NORMAL
2026-01-07 16:00:00,16,2,232.06,1.713,382.89,0.963,50.005,NORMAL
2026-01-07 16:15:00,16,2,230.58,2.265,504.03,0.965,49.947,NORMAL
2026-01-07 16:30:00,16,2,231.53,2.51,539.6,0.929,49.973,NORMAL
2026-01-07 16:45:00,16,2,230.17,2.546,559.44,0.955,50.052,NORMAL
2026-01-07 17:00:00,17,2,230.15,3.271,740.13,0.983,49.973,NORMAL
2026-01-07 17:15:00,17,2,232.98,2.522,548.55,0.934,49.997,NORMAL
2026-01-07 17:30:00,17,2,228.28,2.475,551.37,0.976,50.06,NORMAL
2026-01-07 17:45:00,17,2,232.24,2.99,640.03,0.922,50.032,NORMAL
2026-01-07 18:00:00,18,2,228.23,3.43,726.82,0.929,50.064,NORMAL
2026-01-07 18:15:00,18,2,230.13,2.821,611.59,0.942,49.952,NORMAL
2026-01-07 18:30:00,18,2,229.94,4.424,938.03,0.922,50.037,NORMAL
2026-01-07 18:45:00,18,2,235.28,2.883,646.64,0.953,49.964,NORMAL
2026-01-07 19:00:00,19,2,227.11,2.819,620.84,0.97,50.049,NORMAL
2026-01-07 19:15:00,19,2,229.17,2.929,631.28,0.941,49.964,NORMAL
2026-01-07 19:30:00,19,2,228.39,4.128,899.11,0.954,50.027,NORMAL
2026-01-07 19:45:00,19,2,228.02,2.489,527.53,0.929,49.93,NORMAL
2026-01-07 20:00:00,20,2,228.71,3.774,787.5,0.912,50.005,NORMAL
2026-01-07 20:15:00,20,2,229.94,2.52,569.02,0.982,49.935,NORMAL
2026-01-07 20:30:00,20,2,228.44,3.065,654.29,0.934,50.072,NORMAL
2026-01-07 20:45:00,20,2,231.14,4.114,914.21,0.961,50.008,NORMAL
2026-01-07 21:00:00,21,2,227.07,3.381,748.93,0.976,50.038,NORMAL
2026-01-07 21:15:00,21,2,226.04,2.441,545.63,0.989,49.977,NORMAL
2026-01-07 21:30:00,21,2,228.64,4.673,990.41,0.927,49.975,NORMAL
2026-01-07 21:45:00,21,2,228.81,3.532,753.43,0.932,50.079,NORMAL
2026-01-07 22:00:00,22,2,232.82,1.734,370.58,0.918,50.076,NORMAL
2026-01-07 22:15:00,22,2,227.66,1.192,263.72,0.972,50.037,NORMAL
2026-01-07 22:30:00,22,2,229.18,1.147,245.89,0.935,49.981,NORMAL
2026-01-07 22:45:00,22,2,228.63,1.398,305.31,0.955,50.02,NORMAL
2026-01-07 23:00:00,23,2,231.29,1.325,288.86,0.943,49.96,NORMAL
2026-01-07 23:15:00,23,2,231.69,1.973,424.95,0.93,50.029,NORMAL
2026-01-07 23:30:00,23,2,227.19,0.994,209.35,0.927,49.971,NORMAL
2026-01-07 23:45:00,23,2,231.71,1.203,273.03,0.98,50.047,NORMAL
2026-01-08 00:00:00,0,3,230.61,0.387,86.38,0.969,49.974,NORMAL
2026-01-08 00:15:00,0,3,227.04,0.84,174.43,0.914,50.041,NORMAL
2026-01-08 00:30:00,0,3,231.22,0.845,179.52,0.918,50.162,NORMAL
2026-01-08 00:45:00,0,3,231.6,0.563,118.34,0.907,50.054,NORMAL
2026-01-08 01:00:00,1,3,229.95,0.593,126.24,0.926,50.09,NORMAL
2026-01-08 01:15:00,1,3,227.41,0.831,180.24,0.954,49.929,NORMAL
2026-01-08 01:30:00,1,3,226.81,0.635,134.14,0.931,49.94,NORMAL
2026-01-08 01:45:00,1,3,229.8,0.664,150.59,0.987,50.04,NORMAL
2026-01-08 02:00:00,2,3,230.66,0.642,143.09,0.967,50.01,NORMAL
2026-01-08 02:15:00,2,3,228.88,0.769,163.15,0.927,49.944,NORMAL
2026-01-08 02:30:00,2,3,229.04,0.422,90.9,0.94,50.064,NORMAL
2026-01-08 02:45:00,2,3,228.34,0.863,183.7,0.932,50.08,NORMAL
2026-01-08 03:00:00,3,3,229.49,0.702,154.58,0.96,50.032,NORMAL
2026-01-08 03:15:00,3,3,227.82,0.85,177.28,0.915,50.0,NORMAL
2026-01-08 03:30:00,3,3,228.66,0.599,126.08,0.92,49.924,NORMAL
2026-01-08 03:45:00,3,3,228.42,0.583,125.76,0.944,50.032,NORMAL
2026-01-08 04:00:00,4,3,233.33,0.607,138.84,0.98,49.967,NORMAL
2026-01-08 04:15:00,4,3,229.18,0.579,125.16,0.943,50.087,NORMAL
2026-01-08 04:30:00,4,3,229.23,0.532,116.19,0.952,50.086,NORMAL
2026-01-08 04:45:00,4,3,233.31,0.383,83.28,0.932,49.99,NORMAL
2026-01-08 05:00:00,5,3,232.04,0.709,148.95,0.905,49.974,NORMAL
2026-01-08 05:15:00,5,3,227.31,0.504,103.33,0.903,50.019,NORMAL
2026-01-08 05:30:00,5,3,228.0,0.628,140.68,0.982,49.998,NORMAL
2026-01-08 05:45:00,5,3,230.85,0.486,105.51,0.941,50.028,NORMAL
2026-01-08 06:00:00,6,3,227.38,2.608,556.32,0.938,50.044,NORMAL
2026-01-08 06:15:00,6,3,227.57,2.998,642.49,0.942,49.978,NORMAL
2026-01-08 06:30:00,6,3,227.15,2.861,629.28,0.968,50.056,NORMAL
2026-01-08 06:45:00,6,3,229.66,2.579,578.16,0.976,49.97,NORMAL
2026-01-08 07:00:00,7,3,233.21,2.781,594.26,0.916,50.028,NORMAL
2026-01-08 07:15:00,7,3,228.58,2.651,581.86,0.96,49.952,NORMAL
2026-01-08 07:30:00,7,3,233.23,1.849,403.29,0.935,50.052,NORMAL
2026-01-08 07:45:00,7,3,228.93,2.846,591.86,0.908,49.979,NORMAL
2026-01-08 08:00:00,8,3,228.79,3.208,676.07,0.921,49.971,NORMAL
2026-01-08 08:15:00,8,3,230.38,1.688,366.99,0.943,50.013,NORMAL
2026-01-08 08:30:00,8,3,226.55,1.962,435.62,0.98,50.067,NORMAL
2026-01-08 08:45:00,8,3,228.41,2.18,475.54,0.955,49.98,NORMAL
2026-01-08 09:00:00,9,3,227.75,2.716,579.94,0.938,50.074,NORMAL
2026-01-08 09:15:00,9,3,234.75,2.287,492.26,0.917,49.956,NORMAL
2026-01-08 09:30:00,9,3,231.31,2.539,556.23,0.947,50.003,NORMAL
2026-01-08 09:45:00,9,3,230.55,1.674,367.59,0.953,50.074,NORMAL
2026-01-08 10:00:00,10,3,227.41,1.287,279.4,0.954,49.96,NORMAL
2026-01-08 10:15:00,10,3,228.78,1.786,373.22,0.913,50.023,NORMAL
2026-01-08 10:30:00,10,3,231.14,1.971,417.25,0.916,50.009,NORMAL
2026-01-08 10:45:00,10,3,229.94,2.779,589.71,0.923,50.017,NORMAL
2026-01-08 11:00:00,11,3,234.97,2.411,550.9,0.972,50.033,NORMAL
2026-01-08 11:15:00,11,3,229.28,1.726,373.51,0.944,50.059,NORMAL
2026-01-08 11:30:00,11,3,228.51,2.482,510.72,0.9,50.049,NORMAL
2026-01-08 11:45:00,11,3,233.22,1.995,433.68,0.932,50.069,NORMAL
2026-01-08 12:00:00,12,3,230.8,1.641,347.82,0.918,50.02,NORMAL
2026-01-08 12:15:00,12,3,228.99,2.17,486.88,0.98,49.978,NORMAL
2026-01-08 12:30:00,12,3,225.87,2.477,524.26,0.937,49.907,NORMAL
2026-01-08 12:45:00,12,3,229.71,2.523,565.26,0.976,50.001,NORMAL
2026-01-08 13:00:00,13,3,230.38,1.106,247.89,0.973,50.093,NORMAL
2026-01-08 13:15:00,13,3,230.07,1.576,334.78,0.923,50.051,NORMAL
2026-01-08 13:30:00,13,3,230.73,2.046,438.38,0.929,50.019,NORMAL
2026-01-08 13:45:00,13,3,232.28,2.106,476.22,0.974,49.956,NORMAL
2026-01-08 14:00:00,14,3,229.98,1.743,376.09,0.938,50.034,NORMAL
2026-01-08 14:15:00,14,3,229.04,2.593,566.27,0.953,50.012,NORMAL
2026-01-08 14:30:00,14,3,230.81,1.314,275.98,0.91,50.01,NORMAL
2026-01-08 14:45:00,14,3,229.77,2.769,593.33,0.932,49.937,NORMAL
2026-01-08 15:00:00,15,3,234.07,2.231,491.85,0.942,50.022,NORMAL
2026-01-08 15:15:00,15,3,226.82,1.271,277.18,0.961,49.978,NORMAL
2026-01-08 15:30:00,15,3,227.46,2.471,549.47,0.978,49.933,NORMAL
2026-01-08 15:45:00,15,3,233.18,2.439,534.82,0.94,50.015,NORMAL
2026-01-08 16:00:00,16,3,226.5,1.312,288.23,0.97,50.039,NORMAL
2026-01-08 16:15:00,16,3,233.0,2.403,553.19,0.988,49.983,NORMAL
2026-01-08 16:30:00,16,3,230.47,1.447,325.82,0.977,49.965,NORMAL
2026-01-08 16:45:00,16,3,230.46,2.406,547.37,0.987,49.917,NORMAL
2026-01-08 17:00:00,17,3,231.08,3.45,745.58,0.935,50.06,NORMAL
2026-01-08 17:15:00,17,3,231.07,3.316,738.0,0.963,50.072,NORMAL
2026-01-08 17:30:00,17,3,229.8,2.5,540.61,0.941,50.073,NORMAL
2026-01-08 17:45:00,17,3,229.08,3.734,776.53,0.908,50.055,NORMAL
2026-01-08 18:00:00,18,3,227.32,2.685,593.99,0.973,49.965,NORMAL
2026-01-08 18:15:00,18,3,229.95,2.816,641.09,0.99,49.973,NORMAL
2026-01-08 18:30:00,18,3,233.06,3.345,706.26,0.906,49.948,NORMAL
2026-01-08 18:45:00,18,3,227.54,2.548,532.64,0.919,50.007,NORMAL
2026-01-08 19:00:00,19,3,229.16,2.44,522.05,0.934,49.991,NORMAL
2026-01-08 19:15:00,19,3,232.38,3.749,850.93,0.977,50.015,NORMAL
2026-01-08 19:30:00,19,3,229.55,4.028,832.88,0.901,50.141,NORMAL
2026-01-08 19:45:00,19,3,229.52,3.348,703.35,0.915,50.068,NORMAL
2026-01-08 20:00:00,20,3,232.2,2.763,585.44,0.913,49.954,NORMAL
2026-01-08 20:15:00,20,3,229.77,3.04,657.81,0.942,50.034,NORMAL
2026-01-08 20:30:00,20,3,234.4,3.19,724.85,0.969,49.998,NORMAL
2026-01-08 20:45:00,20,3,226.7,2.78,570.83,0.906,49.995,NORMAL
2026-01-08 21:00:00,21,3,229.12,3.74,844.45,0.986,49.957,NORMAL
2026-01-08 21:15:00,21,3,230.28,2.764,575.59,0.904,49.956,NORMAL
2026-01-08 21:30:00,21,3,228.08,4.281,928.3,0.951,50.019,NORMAL
2026-01-08 21:45:00,21,3,229.02,3.99,886.22,0.97,49.975,NORMAL
2026-01-08 22:00:00,22,3,230.63,1.117,240.81,0.935,50.051,NORMAL
2026-01-08 22:15:00,22,3,230.3,2.174,495.45,0.99,49.939,NORMAL
2026-01-08 22:30:00,22,3,227.64,1.636,359.91,0.966,50.023,NORMAL
2026-01-08 22:45:00,22,3,230.57,1.443,327.58,0.985,50.032,NORMAL
2026-01-08 23:00:00,23,3,231.95,2.106,447.91,0.917,49.939,NORMAL
2026-01-08 23:15:00,23,3,232.23,0.98,217.38,0.955,50.064,NORMAL
2026-01-08 23:30:00,23,3,229.24,1.723,372.21,0.943,49.938,NORMAL
2026-01-08 23:45:00,23,3,228.85,1.465,309.9,0.924,49.872,NORMAL
2026-01-09 00:00:00,0,4,227.94,0.825,180.97,0.963,49.912,NORMAL
2026-01-09 00:15:00,0,4,232.12,0.749,171.28,0.986,50.044,NORMAL
2026-01-09 00:30:00,0,4,226.69,0.294,61.3,0.918,50.014,NORMAL
2026-01-09 00:45:00,0,4,227.96,0.582,121.01,0.912,49.951,NORMAL
2026-01-09 01:00:00,1,4,232.92,0.67,147.78,0.947,50.113,NORMAL
2026-01-09 01:15:00,1,4,228.35,0.469,104.44,0.976,49.967,NORMAL
2026-01-09 01:30:00,1,4,231.54,0.818,172.06,0.909,49.979,NORMAL
2026-01-09 01:45:00,1,4,232.63,0.476,107.68,0.973,49.957,NORMAL
2026-01-09 02:00:00,2,4,236.15,0.404,92.06,0.966,50.069,NORMAL
2026-01-09 02:15:00,2,4,230.95,0.623,142.34,0.989,49.941,NORMAL
2026-01-09 02:30:00,2,4,231.34,0.608,136.7,0.973,50.028,NORMAL
2026-01-09 02:45:00,2,4,232.54,0.604,130.2,0.928,50.052,NORMAL
2026-01-09 03:00:00,3,4,232.2,0.453,101.08,0.962,50.024,NORMAL
2026-01-09 03:15:00,3,4,229.86,0.42,94.2,0.975,49.964,NORMAL
2026-01-09 03:30:00,3,4,226.32,0.476,98.9,0.918,50.013,NORMAL
2026-01-09 03:45:00,3,4,230.44,0.602,135.38,0.975,49.957,NORMAL
2026-01-09 04:00:00,4,4,227.91,0.561,124.86,0.977,50.036,NORMAL
2026-01-09 04:15:00,4,4,230.4,0.49,104.72,0.927,50.017,NORMAL
2026-01-09 04:30:00,4,4,229.37,0.542,115.24,0.927,50.038,NORMAL
2026-01-09 04:45:00,4,4,229.38,0.495,105.64,0.93,49.956,NORMAL
2026-01-09 05:00:00,5,4,233.64,0.682,145.57,0.914,49.912,NORMAL
2026-01-09 05:15:00,5,4,230.31,0.425,93.66,0.956,49.91,NORMAL
2026-01-09 05:30:00,5,4,228.82,0.464,96.28,0.907,50.034,NORMAL
2026-01-09 05:45:00,5,4,228.21,0.687,147.19,0.94,50.009,NORMAL
2026-01-09 06:00:00,6,4,229.68,1.795,383.84,0.931,50.01,NORMAL
2026-01-09 06:15:00,6,4,229.13,1.749,364.35,0.909,50.085,NORMAL
2026-01-09 06:30:00,6,4,233.93,1.453,315.56,0.928,49.971,NORMAL
2026-01-09 06:45:00,6,4,231.28,2.194,490.94,0.967,50.005,NORMAL
2026-01-09 07:00:00,7,4,227.09,1.816,379.92,0.922,49.963,NORMAL
2026-01-09 07:15:00,7,4,229.41,3.175,670.91,0.921,50.006,NORMAL
2026-01-09 07:30:00,7,4,230.37,2.227,476.86,0.93,49.939,NORMAL
2026-01-09 07:45:00,7,4,236.35,2.559,578.42,0.956,50.044,NORMAL
2026-01-09 08:00:00,8,4,229.19,2.942,638.42,0.947,49.975,NORMAL
2026-01-09 08:15:00,8,4,227.76,1.699,362.36,0.936,49.965,NORMAL
2026-01-09 08:30:00,8,4,230.39,3.081,681.51,0.96,50.003,NORMAL
2026-01-09 08:45:00,8,4,231.68,3.169,669.53,0.912,49.975,NORMAL
2026-01-09 09:00:00,9,4,234.46,1.947,416.7,0.913,49.965,NORMAL
2026-01-09 09:15:00,9,4,229.91,1.186,268.11,0.983,49.999,NORMAL
2026-01-09 09:30:00,9,4,228.84,1.966,413.01,0.918,49.96,NORMAL
2026-01-09 09:45:00,9,4,228.11,1.588,346.41,0.956,50.036,NORMAL
2026-01-09 10:00:00,10,4,227.74,2.208,469.17,0.933,49.963,NORMAL
2026-01-09 10:15:00,10,4,228.39,2.245,476.69,0.93,49.962,NORMAL
2026-01-09 10:30:00,10,4,229.38,2.564,557.35,0.948,50.068,NORMAL
2026-01-09 10:45:00,10,4,226.97,1.534,337.17,0.968,49.933,NORMAL
2026-01-09 11:00:00,11,4,233.13,1.162,254.45,0.939,50.004,NORMAL
2026-01-09 11:15:00,11,4,228.53,2.527,542.02,0.939,50.016,NORMAL
2026-01-09 11:30:00,11,4,227.3,2.397,511.24,0.939,50.051,NORMAL
2026-01-09 11:45:00,11,4,226.83,1.606,336.62,0.924,49.924,NORMAL
2026-01-09 12:00:00,12,4,228.23,1.978,428.51,0.949,49.933,NORMAL
2026-01-09 12:15:00,12,4,230.89,2.591,554.19,0.927,50.0,NORMAL
2026-01-09 12:30:00,12,4,230.5,1.52,341.22,0.974,49.938,NORMAL
2026-01-09 12:45:00,12,4,228.59,2.137,476.4,0.975,49.976,NORMAL
2026-01-09 13:00:00,13,4,231.31,1.43,320.02,0.967,50.012,NORMAL
2026-01-09 13:15:00,13,4,230.18,2.554,547.86,0.932,50.088,NORMAL
2026-01-09 13:30:00,13,4,231.49,1.293,286.93,0.959,49.993,NORMAL
2026-01-09 13:45:00,13,4,225.46,1.984,430.61,0.963,50.026,NORMAL
2026-01-09 14:00:00,14,4,229.41,2.752,582.54,0.923,50.053,NORMAL
2026-01-09 14:15:00,14,4,231.87,1.587,346.14,0.941,49.996,NORMAL
2026-01-09 14:30:00,14,4,232.53,2.037,429.48,0.907,50.018,NORMAL
2026-01-09 14:45:00,14,4,230.14,2.417,519.42,0.934,49.975,NORMAL
2026-01-09 15:00:00,15,4,230.98,2.721,614.42,0.978,49.995,NORMAL
2026-01-09 15:15:00,15,4,232.1,2.295,499.14,0.937,50.033,NORMAL
2026-01-09 15:30:00,15,4,233.05,2.715,600.5,0.949,49.988,NORMAL
2026-01-09 15:45:00,15,4,230.36,1.281,280.08,0.949,50.036,NORMAL
2026-01-09 16:00:00,16,4,229.15,2.816,581.91,0.902,50.036,NORMAL
2026-01-09 16:15:00,16,4,231.99,1.624,368.83,0.979,49.997,NORMAL
2026-01-09 16:30:00,16,4,231.87,2.699,578.14,0.924,49.901,NORMAL
2026-01-09 16:45:00,16,4,229.25,1.739,383.09,0.961,50.013,NORMAL
2026-01-09 17:00:00,17,4,230.06,2.492,565.4,0.986,49.992,NORMAL
2026-01-09 17:15:00,17,4,228.26,2.49,533.12,0.938,50.043,NORMAL
2026-01-09 17:30:00,17,4,229.62,3.638,811.67,0.972,49.978,NORMAL
2026-01-09 17:45:00,17,4,230.7,3.056,649.77,0.922,49.96,NORMAL
2026-01-09 18:00:00,18,4,232.0,3.422,777.9,0.98,49.985,NORMAL
2026-01-09 18:15:00,18,4,228.91,4.355,983.37,0.986,50.028,NORMAL
2026-01-09 18:30:00,18,4,229.79,2.559,577.05,0.981,49.994,NORMAL
2026-01-09 18:45:00,18,4,225.4,3.812,843.39,0.982,50.003,NORMAL
2026-01-09 19:00:00,19,4,230.49,3.273,716.21,0.95,49.956,NORMAL
2026-01-09 19:15:00,19,4,228.94,3.205,696.34,0.949,49.932,NORMAL
2026-01-09 19:30:00,19,4,228.48,2.764,599.16,0.949,49.985,NORMAL
2026-01-09 19:45:00,19,4,226.44,3.727,821.31,0.973,50.015,NORMAL
2026-01-09 20:00:00,20,4,229.33,4.012,852.1,0.926,49.935,NORMAL
2026-01-09 20:15:00,20,4,228.22,4.237,896.54,0.927,50.024,NORMAL
2026-01-09 20:30:00,20,4,229.68,3.669,825.31,0.979,50.017,NORMAL
2026-01-09 20:45:00,20,4,230.19,3.932,892.91,0.986,49.914,NORMAL
2026-01-09 21:00:00,21,4,233.72,3.736,836.75,0.958,49.915,NORMAL
2026-01-09 21:15:00,21,4,229.91,4.393,948.5,0.939,50.006,NORMAL
2026-01-09 21:30:00,21,4,227.5,2.261,497.49,0.967,49.986,NORMAL
2026-01-09 21:45:00,21,4,227.31,3.692,804.8,0.959,49.975,NORMAL
2026-01-09 22:00:00,22,4,227.08,1.25,277.54,0.978,50.051,NORMAL
2026-01-09 22:15:00,22,4,231.09,0.998,210.17,0.911,49.935,NORMAL
2026-01-09 22:30:00,22,4,229.98,2.246,500.8,0.969,49.942,NORMAL
2026-01-09 22:45:00,22,4,232.33,1.164,265.07,0.98,49.874,NORMAL
2026-01-09 23:00:00,23,4,228.03,1.646,338.68,0.902,49.993,NORMAL
2026-01-09 23:15:00,23,4,228.75,1.723,355.25,0.901,50.011,NORMAL
2026-01-09 23:30:00,23,4,230.4,2.029,433.2,0.927,50.077,NORMAL
2026-01-09 23:45:00,23,4,230.07,1.013,214.81,0.921,50.017,NORMAL
2026-01-10 00:00:00,0,5,229.28,0.698,154.18,0.964,50.004,NORMAL
2026-01-10 00:15:00,0,5,231.72,0.405,91.42,0.975,50.052,NORMAL
2026-01-10 00:30:00,0,5,235.57,0.435,96.95,0.947,50.009,NORMAL
2026-01-10 00:45:00,0,5,231.01,0.851,178.21,0.906,49.923,NORMAL
2026-01-10 01:00:00,1,5,229.6,0.672,142.72,0.926,50.003,NORMAL
2026-01-10 01:15:00,1,5,225.13,0.735,151.87,0.917,50.044,NORMAL
2026-01-10 01:30:00,1,5,227.35,0.567,118.16,0.916,49.965,NORMAL
2026-01-10 01:45:00,1,5,232.66,0.613,135.56,0.95,49.949,NORMAL
2026-01-10 02:00:00,2,5,232.95,0.545,116.25,0.916,49.933,NORMAL
2026-01-10 02:15:00,2,5,227.34,0.396,85.41,0.948,49.939,NORMAL
2026-01-10 02:30:00,2,5,231.2,0.54,114.72,0.919,50.0,NORMAL
2026-01-10 02:45:00,2,5,233.02,0.485,111.3,0.984,50.037,NORMAL
2026-01-10 03:00:00,3,5,226.7,0.723,153.44,0.936,49.971,NORMAL
2026-01-10 03:15:00,3,5,233.97,0.755,160.87,0.911,50.004,NORMAL
2026-01-10 03:30:00,3,5,230.42,0.274,60.1,0.951,50.068,NORMAL
2026-01-10 03:45:00,3,5,234.2,0.588,125.95,0.914,50.0,NORMAL
2026-01-10 04:00:00,4,5,231.51,0.437,99.33,0.982,50.017,NORMAL
2026-01-10 04:15:00,4,5,230.76,0.66,137.44,0.902,50.089,NORMAL
2026-01-10 04:30:00,4,5,230.74,0.416,93.93,0.978,49.991,NORMAL
2026-01-10 04:45:00,4,5,227.27,0.52,112.56,0.953,49.906,NORMAL
2026-01-10 05:00:00,5,5,231.5,0.423,89.91,0.918,49.941,NORMAL
2026-01-10 05:15:00,5,5,233.81,0.702,160.88,0.98,49.953,NORMAL
2026-01-10 05:30:00,5,5,229.24,0.635,138.96,0.955,50.033,NORMAL
2026-01-10 05:45:00,5,5,231.26,0.604,133.96,0.959,50.029,NORMAL
2026-01-10 06:00:00,6,5,230.07,1.751,386.67,0.96,49.93,NORMAL
2026-01-10 06:15:00,6,5,234.42,1.904,419.96,0.941,50.064,NORMAL
2026-01-10 06:30:00,6,5,228.23,2.596,583.14,0.984,50.075,NORMAL
2026-01-10 06:45:00,6,5,229.0,2.304,480.46,0.911,50.001,NORMAL
2026-01-10 07:00:00,7,5,234.09,1.654,349.84,0.903,49.961,NORMAL
2026-01-10 07:15:00,7,5,229.42,2.89,601.13,0.907,50.054,NORMAL
2026-01-10 07:30:00,7,5,227.71,1.589,335.48,0.927,50.039,NORMAL
2026-01-10 07:45:00,7,5,230.96,2.136,457.87,0.928,50.003,NORMAL
2026-01-10 08:00:00,8,5,230.05,3.187,672.16,0.917,50.105,NORMAL
2026-01-10 08:15:00,8,5,230.71,1.618,341.83,0.916,50.055,NORMAL
2026-01-10 08:30:00,8,5,232.3,2.839,648.81,0.984,50.001,NORMAL
2026-01-10 08:45:00,8,5,231.98,1.753,385.02,0.947,50.046,NORMAL
2026-01-10 09:00:00,9,5,229.43,2.01,436.71,0.947,49.979,NORMAL
2026-01-10 09:15:00,9,5,228.15,1.749,365.58,0.916,49.954,NORMAL
2026-01-10 09:30:00,9,5,229.28,2.3,490.77,0.931,50.023,NORMAL
2026-01-10 09:45:00,9,5,224.88,2.107,466.94,0.985,49.949,NORMAL
2026-01-10 10:00:00,10,5,233.77,1.345,298.03,0.948,49.996,NORMAL
2026-01-10 10:15:00,10,5,232.82,1.301,281.32,0.929,49.933,NORMAL
2026-01-10 10:30:00,10,5,229.98,1.441,300.2,0.906,49.906,NORMAL
2026-01-10 10:45:00,10,5,232.02,2.36,532.47,0.972,50.031,NORMAL
2026-01-10 11:00:00,11,5,228.53,2.243,475.71,0.928,50.055,NORMAL
2026-01-10 11:15:00,11,5,226.44,2.033,425.21,0.924,50.017,NORMAL
2026-01-10 11:30:00,11,5,230.96,2.508,572.41,0.988,50.084,NORMAL
2026-01-10 11:45:00,11,5,228.82,2.617,540.09,0.902,50.014,NORMAL
2026-01-10 12:00:00,12,5,229.28,1.76,384.51,0.953,50.018,NORMAL
2026-01-10 12:15:00,12,5,228.58,1.53,342.49,0.979,50.043,NORMAL
2026-01-10 12:30:00,12,5,230.03,1.982,424.8,0.932,50.015,NORMAL
2026-01-10 12:45:00,12,5,231.38,2.327,529.3,0.983,49.994,NORMAL
2026-01-10 13:00:00,13,5,229.07,2.449,553.22,0.986,49.977,NORMAL
2026-01-10 13:15:00,13,5,229.43,1.377,288.91,0.915,49.916,NORMAL
2026-01-10 13:30:00,13,5,227.87,1.656,345.42,0.916,50.009,NORMAL
2026-01-10 13:45:00,13,5,230.47,2.671,556.36,0.904,50.09,NORMAL
2026-01-10 14:00:00,14,5,233.09,1.252,266.7,0.914,49.959,NORMAL
2026-01-10 14:15:00,14,5,230.08,2.405,530.23,0.958,49.978,NORMAL
2026-01-10 14:30:00,14,5,225.1,2.407,521.34,0.962,50.0,NORMAL
2026-01-10 14:45:00,14,5,233.31,2.809,600.29,0.916,50.017,NORMAL
2026-01-10 15:00:00,15,5,229.39,1.385,291.05,0.916,49.909,NORMAL
2026-01-10 15:15:00,15,5,232.64,2.548,584.26,0.985,49.971,NORMAL
2026-01-10 15:30:00,15,5,227.51,2.025,430.52,0.934,50.023,NORMAL
2026-01-10 15:45:00,15,5,229.69,1.973,425.17,0.938,49.971,NORMAL
2026-01-10 16:00:00,16,5,228.75,2.567,558.36,0.951,50.016,NORMAL
2026-01-10 16:15:00,16,5,232.02,2.37,510.55,0.928,50.069,NORMAL
2026-01-10 16:30:00,16,5,228.7,2.656,587.6,0.967,50.025,NORMAL
2026-01-10 16:45:00,16,5,230.9,1.534,348.8,0.985,50.04,NORMAL
2026-01-10 17:00:00,17,5,226.92,4.036,890.91,0.973,50.004,NORMAL
2026-01-10 17:15:00,17,5,231.77,3.57,754.09,0.911,49.974,NORMAL
2026-01-10 17:30:00,17,5,226.95,3.378,729.69,0.952,50.012,NORMAL
2026-01-10 17:45:00,17,5,232.46,2.172,498.32,0.987,49.992,NORMAL
2026-01-10 18:00:00,18,5,230.86,2.906,622.56,0.928,49.931,NORMAL
2026-01-10 18:15:00,18,5,235.18,2.9,614.58,0.901,49.994,NORMAL
2026-01-10 18:30:00,18,5,228.76,4.244,935.06,0.963,50.017,NORMAL
2026-01-10 18:45:00,18,5,229.44,3.985,900.76,0.985,50.065,NORMAL
2026-01-10 19:00:00,19,5,230.69,2.326,530.44,0.989,50.075,NORMAL
2026-01-10 19:15:00,19,5,229.6,3.766,827.88,0.958,49.994,NORMAL
2026-01-10 19:30:00,19,5,230.56,4.237,901.41,0.923,50.021,NORMAL
2026-01-10 19:45:00,19,5,231.45,4.41,979.18,0.959,49.994,NORMAL
2026-01-10 20:00:00,20,5,231.16,3.138,690.17,0.951,50.001,NORMAL
2026-01-10 20:15:00,20,5,232.1,2.964,663.98,0.965,49.956,NORMAL
2026-01-10 20:30:00,20,5,230.99,3.742,797.3,0.922,49.986,NORMAL
2026-01-10 20:45:00,20,5,230.78,4.291,916.58,0.926,50.008,NORMAL
2026-01-10 21:00:00,21,5,231.64,3.417,760.26,0.961,50.025,NORMAL
2026-01-10 21:15:00,21,5,227.1,4.447,909.84,0.901,49.949,NORMAL
2026-01-10 21:30:00,21,5,229.7,4.293,945.55,0.959,49.976,NORMAL
2026-01-10 21:45:00,21,5,230.57,3.787,848.82,0.972,50.017,NORMAL
2026-01-10 22:00:00,22,5,229.37,0.857,190.2,0.968,49.985,NORMAL
2026-01-10 22:15:00,22,5,230.75,1.28,277.44,0.939,49.963,NORMAL
2026-01-10 22:30:00,22,5,227.43,2.056,460.74,0.985,50.122,NORMAL
2026-01-10 22:45:00,22,5,228.87,1.945,410.45,0.922,49.933,NORMAL
2026-01-10 23:00:00,23,5,230.04,1.849,405.87,0.954,49.962,NORMAL
2026-01-10 23:15:00,23,5,229.51,1.823,389.05,0.93,50.083,NORMAL
2026-01-10 23:30:00,23,5,232.28,1.334,296.07,0.955,49.988,NORMAL
2026-01-10 23:45:00,23,5,230.89,1.364,286.12,0.908,49.997,NORMAL
2026-01-11 00:00:00,0,6,226.59,0.663,146.76,0.977,49.991,NORMAL
2026-01-11 00:15:00,0,6,228.81,0.5,107.92,0.944,50.043,NORMAL
2026-01-11 00:30:00,0,6,231.96,0.526,119.4,0.978,50.068,NORMAL
2026-01-11 00:45:00,0,6,228.92,0.655,137.02,0.913,50.091,NORMAL
2026-01-11 01:00:00,1,6,233.44,0.589,133.36,0.97,49.992,NORMAL
2026-01-11 01:15:00,1,6,229.83,0.315,67.1,0.927,49.909,NORMAL
2026-01-11 01:30:00,1,6,229.69,0.746,157.45,0.919,50.011,NORMAL
2026-01-11 01:45:00,1,6,230.31,0.539,117.34,0.945,50.03,NORMAL
2026-01-11 02:00:00,2,6,233.83,0.53,113.56,0.916,49.995,NORMAL
2026-01-11 02:15:00,2,6,230.29,0.55,116.71,0.921,50.077,NORMAL
2026-01-11 02:30:00,2,6,229.55,0.486,100.55,0.902,49.992,NORMAL
2026-01-11 02:45:00,2,6,229.1,0.727,154.56,0.928,50.02,NORMAL
2026-01-11 03:00:00,3,6,228.3,0.557,121.72,0.957,49.997,NORMAL
2026-01-11 03:15:00,3,6,233.09,0.565,128.48,0.976,49.988,NORMAL
2026-01-11 03:30:00,3,6,232.08,0.636,134.54,0.911,49.994,NORMAL
2026-01-11 03:45:00,3,6,230.69,0.729,163.77,0.974,50.026,NORMAL
2026-01-11 04:00:00,4,6,229.14,0.57,117.7,0.901,49.991,NORMAL
2026-01-11 04:15:00,4,6,232.4,0.424,90.67,0.92,49.985,NORMAL
2026-01-11 04:30:00,4,6,228.44,0.728,154.74,0.93,50.015,NORMAL
2026-01-11 04:45:00,4,6,228.05,0.443,99.02,0.981,50.04,NORMAL
2026-01-11 05:00:00,5,6,230.25,0.637,139.46,0.951,50.018,NORMAL
2026-01-11 05:15:00,5,6,227.55,0.502,112.27,0.984,49.962,NORMAL
2026-01-11 05:30:00,5,6,232.91,0.373,82.78,0.953,50.035,NORMAL
2026-01-11 05:45:00,5,6,231.89,0.579,126.32,0.941,50.035,NORMAL
2026-01-11 06:00:00,6,6,228.79,2.413,535.85,0.97,49.949,NORMAL
2026-01-11 06:15:00,6,6,230.45,1.85,399.34,0.937,49.962,NORMAL
2026-01-11 06:30:00,6,6,225.76,3.392,704.09,0.919,50.101,NORMAL
2026-01-11 06:45:00,6,6,228.72,1.753,372.5,0.929,49.988,NORMAL
2026-01-11 07:00:00,7,6,232.32,2.081,476.89,0.987,50.009,NORMAL
2026-01-11 07:15:00,7,6,230.75,2.309,491.97,0.923,49.977,NORMAL
2026-01-11 07:30:00,7,6,228.66,2.52,556.16,0.965,50.051,NORMAL
2026-01-11 07:45:00,7,6,227.87,2.499,514.6,0.904,49.952,NORMAL
2026-01-11 08:00:00,8,6,229.37,3.209,705.85,0.959,50.028,NORMAL
2026-01-11 08:15:00,8,6,230.25,2.701,598.87,0.963,50.009,NORMAL
2026-01-11 08:30:00,8,6,232.19,2.939,621.58,0.911,49.952,NORMAL
2026-01-11 08:45:00,8,6,227.7,2.425,518.27,0.939,49.965,NORMAL
2026-01-11 09:00:00,9,6,230.71,1.89,398.03,0.913,49.952,NORMAL
2026-01-11 09:15:00,9,6,228.37,2.698,595.31,0.966,49.958,NORMAL
2026-01-11 09:30:00,9,6,227.92,1.675,361.13,0.946,49.935,NORMAL
2026-01-11 09:45:00,9,6,230.55,2.173,468.96,0.936,50.071,NORMAL
2026-01-11 10:00:00,10,6,229.28,8.761,1986.72,0.989,49.988,POWER_SPIKE
2026-01-11 10:15:00,10,6,230.81,7.115,1540.38,0.938,50.11,POWER_SPIKE
2026-01-11 10:30:00,10,6,227.44,13.198,2914.79,0.971,50.048,POWER_SPIKE
2026-01-11 10:45:00,10,6,228.12,11.827,2482.14,0.92,49.96,POWER_SPIKE
2026-01-11 11:00:00,11,6,231.72,7.268,1552.78,0.922,50.029,POWER_SPIKE
2026-01-11 11:15:00,11,6,231.49,5.035,1120.17,0.961,49.984,POWER_SPIKE
2026-01-11 11:30:00,11,6,229.83,9.073,2026.84,0.972,50.014,POWER_SPIKE
2026-01-11 11:45:00,11,6,232.32,5.64,1200.32,0.916,50.049,POWER_SPIKE
2026-01-11 12:00:00,12,6,227.63,8.152,1749.95,0.943,49.956,POWER_SPIKE
2026-01-11 12:15:00,12,6,229.59,6.06,1352.4,0.972,49.98,POWER_SPIKE
2026-01-11 12:30:00,12,6,228.53,12.315,2583.54,0.918,49.909,POWER_SPIKE
2026-01-11 12:45:00,12,6,231.94,9.1,2081.16,0.986,50.006,POWER_SPIKE
2026-01-11 13:00:00,13,6,232.06,15.252,3319.96,0.938,49.887,POWER_SPIKE
2026-01-11 13:15:00,13,6,229.09,7.338,1536.46,0.914,49.948,POWER_SPIKE
2026-01-11 13:30:00,13,6,228.33,8.887,1889.11,0.931,50.016,POWER_SPIKE
2026-01-11 13:45:00,13,6,229.87,9.818,2060.59,0.913,50.032,POWER_SPIKE
2026-01-11 14:00:00,14,6,232.17,9.575,2091.94,0.941,49.995,POWER_SPIKE
2026-01-11 14:15:00,14,6,233.05,11.214,2459.19,0.941,50.035,POWER_SPIKE
2026-01-11 14:30:00,14,6,228.45,9.344,2006.58,0.94,50.001,POWER_SPIKE
2026-01-11 14:45:00,14,6,230.04,6.909,1522.49,0.958,50.047,POWER_SPIKE
2026-01-11 15:00:00,15,6,226.43,10.381,2275.39,0.968,50.067,POWER_SPIKE
2026-01-11 15:15:00,15,6,227.79,14.983,3225.32,0.945,49.987,POWER_SPIKE
2026-01-11 15:30:00,15,6,231.87,7.023,1530.75,0.94,50.037,POWER_SPIKE
2026-01-11 15:45:00,15,6,231.01,7.427,1657.33,0.966,49.983,POWER_SPIKE
2026-01-11 16:00:00,16,6,231.6,9.505,2115.54,0.961,50.037,POWER_SPIKE
2026-01-11 16:15:00,16,6,230.93,8.965,1989.61,0.961,50.045,POWER_SPIKE
2026-01-11 16:30:00,16,6,229.7,8.649,1933.14,0.973,49.984,POWER_SPIKE
2026-01-11 16:45:00,16,6,229.89,4.565,952.9,0.908,49.981,POWER_SPIKE
2026-01-11 17:00:00,17,6,228.45,15.161,3138.06,0.906,50.08,POWER_SPIKE
2026-01-11 17:15:00,17,6,232.06,15.503,3543.56,0.985,50.032,POWER_SPIKE
2026-01-11 17:30:00,17,6,229.65,8.743,1835.09,0.914,50.037,POWER_SPIKE
2026-01-11 17:45:00,17,6,230.31,15.738,3378.22,0.932,50.024,POWER_SPIKE
2026-01-11 18:00:00,18,6,230.84,24.243,5249.38,0.938,50.026,POWER_SPIKE
2026-01-11 18:15:00,18,6,230.37,10.078,2163.74,0.932,50.024,POWER_SPIKE
2026-01-11 18:30:00,18,6,230.07,16.274,3433.4,0.917,50.003,POWER_SPIKE
2026-01-11 18:45:00,18,6,229.29,22.486,4753.6,0.922,49.959,POWER_SPIKE
2026-01-11 19:00:00,19,6,229.08,20.691,4441.29,0.937,50.003,POWER_SPIKE
2026-01-11 19:15:00,19,6,230.45,12.281,2790.46,0.986,49.977,POWER_SPIKE
2026-01-11 19:30:00,19,6,230.25,20.053,4557.22,0.987,50.001,POWER_SPIKE
2026-01-11 19:45:00,19,6,229.98,11.418,2463.16,0.938,49.916,POWER_SPIKE
2026-01-11 20:00:00,20,6,227.75,23.831,5015.0,0.924,49.979,POWER_SPIKE
2026-01-11 20:15:00,20,6,230.98,13.093,2748.95,0.909,49.986,POWER_SPIKE
2026-01-11 20:30:00,20,6,229.75,14.097,2966.64,0.916,49.989,POWER_SPIKE
2026-01-11 20:45:00,20,6,229.47,13.958,3042.82,0.95,50.024,POWER_SPIKE
2026-01-11 21:00:00,21,6,230.45,14.12,3149.82,0.968,49.976,POWER_SPIKE
2026-01-11 21:15:00,21,6,228.27,19.67,4359.91,0.971,50.022,POWER_SPIKE
2026-01-11 21:30:00,21,6,231.09,15.278,3251.77,0.921,49.958,POWER_SPIKE
2026-01-11 21:45:00,21,6,228.84,9.992,2252.38,0.985,50.01,POWER_SPIKE
2026-01-11 22:00:00,22,6,227.96,4.63,1028.01,0.974,49.97,POWER_SPIKE
2026-01-11 22:15:00,22,6,233.13,2.91,650.0,0.958,49.971,POWER_SPIKE
2026-01-11 22:30:00,22,6,226.77,6.904,1521.72,0.972,49.963,POWER_SPIKE
2026-01-11 22:45:00,22,6,231.29,4.785,1065.73,0.963,50.063,POWER_SPIKE
2026-01-11 23:00:00,23,6,228.24,8.986,1987.36,0.969,50.008,POWER_SPIKE
2026-01-11 23:15:00,23,6,229.82,4.648,1025.58,0.96,50.032,POWER_SPIKE
2026-01-11 23:30:00,23,6,230.23,5.684,1185.65,0.906,50.048,POWER_SPIKE
2026-01-11 23:45:00,23,6,231.12,5.334,1187.28,0.963,49.926,POWER_SPIKE
2026-01-12 00:00:00,0,0,234.53,2.062,465.77,0.963,49.948,POWER_SPIKE
2026-01-12 00:15:00,0,0,228.89,1.79,397.44,0.97,50.035,POWER_SPIKE
2026-01-12 00:30:00,0,0,228.87,3.953,840.54,0.929,49.982,POWER_SPIKE
2026-01-12 00:45:00,0,0,229.3,1.994,426.57,0.933,49.984,POWER_SPIKE
2026-01-12 01:00:00,1,0,230.86,3.557,806.29,0.982,49.998,POWER_SPIKE
2026-01-12 01:15:00,1,0,229.44,2.782,575.85,0.902,49.926,POWER_SPIKE
2026-01-12 01:30:00,1,0,231.75,1.684,362.62,0.929,50.094,POWER_SPIKE
2026-01-12 01:45:00,1,0,228.72,2.655,556.3,0.916,50.036,POWER_SPIKE
2026-01-12 02:00:00,2,0,229.19,1.923,425.83,0.966,50.042,POWER_SPIKE
2026-01-12 02:15:00,2,0,231.86,2.828,611.86,0.933,49.954,POWER_SPIKE
2026-01-12 02:30:00,2,0,230.78,3.343,759.14,0.984,50.016,POWER_SPIKE
2026-01-12 02:45:00,2,0,230.47,2.813,634.74,0.979,49.945,POWER_SPIKE
2026-01-12 03:00:00,3,0,228.71,3.077,671.28,0.954,50.048,POWER_SPIKE
2026-01-12 03:15:00,3,0,227.97,2.854,626.51,0.963,49.993,POWER_SPIKE
2026-01-12 03:30:00,3,0,231.79,2.1,466.34,0.958,49.904,POWER_SPIKE
2026-01-12 03:45:00,3,0,230.41,2.767,606.41,0.951,49.996,POWER_SPIKE
2026-01-12 04:00:00,4,0,231.08,2.903,632.55,0.943,49.962,POWER_SPIKE
2026-01-12 04:15:00,4,0,232.0,1.91,406.7,0.918,50.028,POWER_SPIKE
2026-01-12 04:30:00,4,0,229.53,3.383,757.82,0.976,50.013,POWER_SPIKE
2026-01-12 04:45:00,4,0,229.2,1.606,335.6,0.912,50.032,POWER_SPIKE
2026-01-12 05:00:00,5,0,232.55,3.389,732.14,0.929,49.982,POWER_SPIKE
2026-01-12 05:15:00,5,0,230.5,3.171,686.28,0.939,49.917,POWER_SPIKE
2026-01-12 05:30:00,5,0,227.18,3.005,640.28,0.938,50.023,POWER_SPIKE
2026-01-12 05:45:00,5,0,229.27,4.3,946.37,0.96,50.012,POWER_SPIKE
2026-01-12 06:00:00,6,0,226.02,9.715,1989.37,0.906,49.995,POWER_SPIKE
2026-01-12 06:15:00,6,0,228.64,12.181,2626.22,0.943,49.947,POWER_SPIKE
2026-01-12 06:30:00,6,0,233.2,9.229,1984.27,0.922,50.022,POWER_SPIKE
2026-01-12 06:45:00,6,0,232.88,16.08,3493.79,0.933,49.978,POWER_SPIKE
2026-01-12 07:00:00,7,0,232.54,11.746,2575.8,0.943,49.972,POWER_SPIKE
2026-01-12 07:15:00,7,0,232.65,12.024,2540.02,0.908,50.024,POWER_SPIKE
2026-01-12 07:30:00,7,0,229.16,11.713,2592.81,0.966,49.961,POWER_SPIKE
2026-01-12 07:45:00,7,0,227.98,7.859,1685.96,0.941,50.057,POWER_SPIKE
2026-01-12 08:00:00,8,0,231.48,13.641,3021.9,0.957,49.963,POWER_SPIKE
2026-01-12 08:15:00,8,0,231.8,12.157,2603.91,0.924,50.084,POWER_SPIKE
2026-01-12 08:30:00,8,0,227.26,11.192,2416.3,0.95,50.028,POWER_SPIKE
2026-01-12 08:45:00,8,0,231.94,11.059,2313.73,0.902,50.082,POWER_SPIKE
2026-01-12 09:00:00,9,0,233.44,9.48,1998.45,0.903,50.05,POWER_SPIKE
2026-01-12 09:15:00,9,0,226.87,4.862,996.07,0.903,49.932,POWER_SPIKE
2026-01-12 09:30:00,9,0,229.84,12.637,2828.94,0.974,50.061,POWER_SPIKE
2026-01-12 09:45:00,9,0,231.15,11.024,2418.24,0.949,50.016,POWER_SPIKE
2026-01-12 10:00:00,10,0,234.32,10.543,2314.69,0.937,49.989,POWER_SPIKE
2026-01-12 10:15:00,10,0,231.6,5.676,1214.65,0.924,49.977,POWER_SPIKE
2026-01-12 10:30:00,10,0,233.35,5.15,1108.11,0.922,49.982,POWER_SPIKE
2026-01-12 10:45:00,10,0,228.94,14.399,2996.43,0.909,50.004,POWER_SPIKE
2026-01-12 11:00:00,11,0,227.92,8.243,1728.42,0.92,50.005,POWER_SPIKE
2026-01-12 11:15:00,11,0,229.07,5.838,1220.97,0.913,49.89,POWER_SPIKE
2026-01-12 11:30:00,11,0,226.86,6.55,1439.94,0.969,49.972,POWER_SPIKE
2026-01-12 11:45:00,11,0,230.78,6.512,1474.32,0.981,50.023,POWER_SPIKE
2026-01-12 12:00:00,12,0,228.87,6.11,1331.31,0.952,49.89,POWER_SPIKE
2026-01-12 12:15:00,12,0,229.65,6.669,1419.68,0.927,50.055,POWER_SPIKE
2026-01-12 12:30:00,12,0,231.19,9.891,2140.31,0.936,50.038,POWER_SPIKE
2026-01-12 12:45:00,12,0,229.65,5.659,1270.97,0.978,49.956,POWER_SPIKE
2026-01-12 13:00:00,13,0,233.27,12.686,2737.32,0.925,50.09,POWER_SPIKE
2026-01-12 13:15:00,13,0,229.31,10.882,2467.94,0.989,50.002,POWER_SPIKE
2026-01-12 13:30:00,13,0,230.08,5.549,1230.76,0.964,50.017,POWER_SPIKE
2026-01-12 13:45:00,13,0,234.35,5.751,1315.42,0.976,49.945,POWER_SPIKE
2026-01-12 14:00:00,14,0,230.85,7.838,1711.59,0.946,50.029,POWER_SPIKE
2026-01-12 14:15:00,14,0,230.29,12.58,2842.09,0.981,50.016,POWER_SPIKE
2026-01-12 14:30:00,14,0,226.73,10.176,2233.29,0.968,49.972,POWER_SPIKE
2026-01-12 14:45:00,14,0,232.24,9.274,2003.03,0.93,50.054,POWER_SPIKE
2026-01-12 15:00:00,15,0,231.51,13.301,3033.04,0.985,49.943,POWER_SPIKE
2026-01-12 15:15:00,15,0,226.16,8.593,1815.12,0.934,49.971,POWER_SPIKE
2026-01-12 15:30:00,15,0,230.62,10.481,2354.25,0.974,50.076,POWER_SPIKE
2026-01-12 15:45:00,15,0,227.18,5.711,1275.27,0.983,50.03,POWER_SPIKE
2026-01-12 16:00:00,16,0,230.25,6.051,1311.0,0.941,50.037,POWER_SPIKE
2026-01-12 16:15:00,16,0,225.17,5.015,1036.57,0.918,50.038,POWER_SPIKE
2026-01-12 16:30:00,16,0,230.36,4.134,919.98,0.966,50.019,POWER_SPIKE
2026-01-12 16:45:00,16,0,229.24,8.941,1973.79,0.963,49.989,POWER_SPIKE
2026-01-12 17:00:00,17,0,226.63,14.824,3195.04,0.951,49.981,POWER_SPIKE
2026-01-12 17:15:00,17,0,228.81,16.163,3502.19,0.947,49.974,POWER_SPIKE
2026-01-12 17:30:00,17,0,227.48,16.417,3488.09,0.934,49.966,POWER_SPIKE
2026-01-12 17:45:00,17,0,230.7,14.888,3400.3,0.99,49.953,POWER_SPIKE
2026-01-12 18:00:00,18,0,227.91,20.618,4501.72,0.958,49.99,POWER_SPIKE
2026-01-12 18:15:00,18,0,231.29,17.971,4073.46,0.98,50.006,POWER_SPIKE
2026-01-12 18:30:00,18,0,229.8,14.955,3350.81,0.975,49.918,POWER_SPIKE
2026-01-12 18:45:00,18,0,233.51,22.227,4801.06,0.925,50.026,POWER_SPIKE
2026-01-12 19:00:00,19,0,227.81,14.613,3245.73,0.975,49.985,POWER_SPIKE
2026-01-12 19:15:00,19,0,230.74,13.894,2888.59,0.901,50.046,POWER_SPIKE
2026-01-12 19:30:00,19,0,231.97,9.196,2039.39,0.956,50.043,POWER_SPIKE
2026-01-12 19:45:00,19,0,230.51,11.979,2543.18,0.921,49.943,POWER_SPIKE
2026-01-12 20:00:00,20,0,229.17,17.868,3709.9,0.906,49.948,POWER_SPIKE
2026-01-12 20:15:00,20,0,232.06,15.341,3260.94,0.916,49.96,POWER_SPIKE
2026-01-12 20:30:00,20,0,230.8,19.512,4224.24,0.938,50.053,POWER_SPIKE
2026-01-12 20:45:00,20,0,229.48,22.213,4878.16,0.957,49.995,POWER_SPIKE
2026-01-12 21:00:00,21,0,224.87,17.833,3969.99,0.99,50.086,POWER_SPIKE
2026-01-12 21:15:00,21,0,231.7,21.455,4916.33,0.989,50.012,POWER_SPIKE
2026-01-12 21:30:00,21,0,231.53,12.173,2686.02,0.953,50.109,POWER_SPIKE
2026-01-12 21:45:00,21,0,230.34,7.687,1752.85,0.99,49.996,POWER_SPIKE
2026-01-12 22:00:00,22,0,229.92,6.165,1342.36,0.947,50.071,POWER_SPIKE
2026-01-12 22:15:00,22,0,231.65,8.043,1702.89,0.914,49.987,POWER_SPIKE
2026-01-12 22:30:00,22,0,227.42,7.519,1566.27,0.916,50.016,POWER_SPIKE
2026-01-12 22:45:00,22,0,226.09,7.805,1694.03,0.96,49.991,POWER_SPIKE
2026-01-12 23:00:00,23,0,229.93,7.184,1541.11,0.933,50.017,POWER_SPIKE
2026-01-12 23:15:00,23,0,232.28,5.051,1060.67,0.904,49.988,POWER_SPIKE
2026-01-12 23:30:00,23,0,231.04,4.092,865.97,0.916,49.929,POWER_SPIKE
2026-01-12 23:45:00,23,0,229.17,12.436,2647.61,0.929,49.908,POWER_SPIKE
2026-01-13 00:00:00,0,1,232.24,1.775,404.84,0.982,50.069,POWER_SPIKE
2026-01-13 00:15:00,0,1,231.9,2.135,456.47,0.922,49.991,POWER_SPIKE
2026-01-13 00:30:00,0,1,232.86,1.359,291.14,0.92,49.97,POWER_SPIKE
2026-01-13 00:45:00,0,1,228.3,2.299,503.76,0.96,50.013,POWER_SPIKE
2026-01-13 01:00:00,1,1,227.27,3.811,788.23,0.91,50.076,POWER_SPIKE
2026-01-13 01:15:00,1,1,227.98,3.231,724.74,0.984,49.943,POWER_SPIKE
2026-01-13 01:30:00,1,1,230.6,2.542,557.37,0.951,49.974,POWER_SPIKE
2026-01-13 01:45:00,1,1,230.28,1.576,328.88,0.906,50.003,POWER_SPIKE
2026-01-13 02:00:00,2,1,227.74,4.39,917.86,0.918,50.013,POWER_SPIKE
2026-01-13 02:15:00,2,1,229.19,1.938,402.86,0.907,50.08,POWER_SPIKE
2026-01-13 02:30:00,2,1,229.04,2.795,592.09,0.925,49.997,POWER_SPIKE
2026-01-13 02:45:00,2,1,229.7,2.427,527.29,0.946,50.021,POWER_SPIKE
2026-01-13 03:00:00,3,1,229.09,3.26,704.24,0.943,49.966,POWER_SPIKE
2026-01-13 03:15:00,3,1,230.43,4.092,859.85,0.912,50.086,POWER_SPIKE
2026-01-13 03:30:00,3,1,231.58,2.792,612.28,0.947,49.967,POWER_SPIKE
2026-01-13 03:45:00,3,1,231.56,3.863,844.39,0.944,50.037,POWER_SPIKE
2026-01-13 04:00:00,4,1,228.85,2.832,593.11,0.915,50.024,POWER_SPIKE
2026-01-13 04:15:00,4,1,228.01,2.837,615.71,0.952,50.01,POWER_SPIKE
2026-01-13 04:30:00,4,1,229.34,1.58,356.86,0.985,50.076,POWER_SPIKE
2026-01-13 04:45:00,4,1,227.34,4.484,917.54,0.9,49.997,POWER_SPIKE
2026-01-13 05:00:00,5,1,232.29,1.864,413.14,0.954,50.042,POWER_SPIKE
2026-01-13 05:15:00,5,1,227.75,3.812,785.63,0.905,50.013,POWER_SPIKE
2026-01-13 05:30:00,5,1,229.22,1.961,424.77,0.945,49.974,POWER_SPIKE
2026-01-13 05:45:00,5,1,227.28,1.95,404.73,0.913,50.045,POWER_SPIKE
2026-01-13 06:00:00,6,1,225.26,10.513,2290.04,0.967,50.056,POWER_SPIKE
2026-01-13 06:15:00,6,1,227.88,6.617,1486.67,0.986,50.043,POWER_SPIKE
2026-01-13 06:30:00,6,1,231.57,6.878,1567.35,0.984,49.948,POWER_SPIKE
2026-01-13 06:45:00,6,1,232.87,6.457,1362.24,0.906,50.021,POWER_SPIKE
2026-01-13 07:00:00,7,1,229.77,10.295,2207.01,0.933,50.006,POWER_SPIKE
2026-01-13 07:15:00,7,1,229.31,7.747,1756.89,0.989,49.933,POWER_SPIKE
2026-01-13 07:30:00,7,1,232.69,13.146,2918.27,0.954,49.967,POWER_SPIKE
2026-01-13 07:45:00,7,1,227.8,11.075,2457.24,0.974,49.984,POWER_SPIKE
2026-01-13 08:00:00,8,1,233.22,12.399,2752.94,0.952,49.964,POWER_SPIKE
2026-01-13 08:15:00,8,1,231.95,8.49,1780.2,0.904,49.983,POWER_SPIKE
2026-01-13 08:30:00,8,1,231.59,9.96,2119.74,0.919,50.06,POWER_SPIKE
2026-01-13 08:45:00,8,1,231.62,8.78,1992.98,0.98,49.991,POWER_SPIKE
2026-01-13 09:00:00,9,1,231.84,8.591,1830.36,0.919,50.031,POWER_SPIKE
2026-01-13 09:15:00,9,1,228.61,12.998,2742.6,0.923,49.998,POWER_SPIKE
2026-01-13 09:30:00,9,1,230.35,6.475,1351.27,0.906,50.032,POWER_SPIKE
2026-01-13 09:45:00,9,1,228.81,7.161,1572.86,0.96,50.099,POWER_SPIKE
2026-01-13 10:00:00,10,1,228.83,8.315,1737.25,0.913,50.046,POWER_SPIKE
2026-01-13 10:15:00,10,1,229.48,7.75,1737.63,0.977,49.962,POWER_SPIKE
2026-01-13 10:30:00,10,1,234.1,12.285,2792.6,0.971,49.943,POWER_SPIKE
2026-01-13 10:45:00,10,1,230.24,7.114,1488.95,0.909,49.969,POWER_SPIKE
2026-01-13 11:00:00,11,1,230.33,6.925,1473.85,0.924,50.071,POWER_SPIKE
2026-01-13 11:15:00,11,1,233.58,3.998,911.41,0.976,50.04,POWER_SPIKE
2026-01-13 11:30:00,11,1,234.98,6.716,1511.77,0.958,49.976,POWER_SPIKE
2026-01-13 11:45:00,11,1,231.01,6.919,1508.81,0.944,50.012,POWER_SPIKE
2026-01-13 12:00:00,12,1,229.12,5.329,1149.01,0.941,49.936,POWER_SPIKE
2026-01-13 12:15:00,12,1,226.74,10.368,2205.0,0.938,49.946,POWER_SPIKE
2026-01-13 12:30:00,12,1,231.94,8.471,1848.74,0.941,50.002,POWER_SPIKE
2026-01-13 12:45:00,12,1,228.8,10.263,2324.64,0.99,49.93,POWER_SPIKE
2026-01-13 13:00:00,13,1,229.28,6.396,1451.87,0.99,50.049,POWER_SPIKE
2026-01-13 13:15:00,13,1,232.62,4.677,1036.76,0.953,50.087,POWER_SPIKE
2026-01-13 13:30:00,13,1,231.96,3.505,775.53,0.954,49.922,POWER_SPIKE
2026-01-13 13:45:00,13,1,231.91,8.969,1967.7,0.946,50.004,POWER_SPIKE
2026-01-13 14:00:00,14,1,229.74,9.633,2186.44,0.988,49.992,POWER_SPIKE
2026-01-13 14:15:00,14,1,227.6,5.044,1087.23,0.947,50.0,POWER_SPIKE
2026-01-13 14:30:00,14,1,233.36,9.822,2241.65,0.978,49.983,POWER_SPIKE
2026-01-13 14:45:00,14,1,231.26,9.581,2091.57,0.944,49.979,POWER_SPIKE
2026-01-13 15:00:00,15,1,233.62,6.976,1561.18,0.958,49.927,POWER_SPIKE
2026-01-13 15:15:00,15,1,233.05,8.653,1837.0,0.911,49.988,POWER_SPIKE
2026-01-13 15:30:00,15,1,229.12,9.032,2032.07,0.982,50.008,POWER_SPIKE
2026-01-13 15:45:00,15,1,235.1,9.222,2005.48,0.925,50.002,POWER_SPIKE
2026-01-13 16:00:00,16,1,231.35,9.007,1925.42,0.924,49.994,POWER_SPIKE
2026-01-13 16:15:00,16,1,232.9,7.075,1530.68,0.929,50.072,POWER_SPIKE
2026-01-13 16:30:00,16,1,230.05,8.434,1879.99,0.969,49.984,POWER_SPIKE
2026-01-13 16:45:00,16,1,227.99,6.283,1369.52,0.956,50.002,POWER_SPIKE
2026-01-13 17:00:00,17,1,229.15,13.082,2698.0,0.9,49.996,POWER_SPIKE
2026-01-13 17:15:00,17,1,229.7,21.939,4918.41,0.976,49.948,POWER_SPIKE
2026-01-13 17:30:00,17,1,230.38,14.472,3024.01,0.907,49.993,POWER_SPIKE
2026-01-13 17:45:00,17,1,227.89,21.476,4801.12,0.981,49.998,POWER_SPIKE
2026-01-13 18:00:00,18,1,232.13,14.326,3199.19,0.962,49.996,POWER_SPIKE
2026-01-13 18:15:00,18,1,232.19,14.628,3141.74,0.925,50.051,POWER_SPIKE
2026-01-13 18:30:00,18,1,230.2,16.426,3584.62,0.948,49.943,POWER_SPIKE
2026-01-13 18:45:00,18,1,228.16,11.068,2426.68,0.961,49.969,POWER_SPIKE
2026-01-13 19:00:00,19,1,229.18,11.947,2524.46,0.922,50.032,POWER_SPIKE
2026-01-13 19:15:00,19,1,230.8,14.315,3089.16,0.935,49.999,POWER_SPIKE
2026-01-13 19:30:00,19,1,226.41,18.697,3873.31,0.915,49.97,POWER_SPIKE
2026-01-13 19:45:00,19,1,232.07,26.74,5597.35,0.902,49.916,POWER_SPIKE
2026-01-13 20:00:00,20,1,228.32,12.751,2832.61,0.973,49.988,POWER_SPIKE
2026-01-13 20:15:00,20,1,229.93,12.17,2742.27,0.98,49.984,POWER_SPIKE
2026-01-13 20:30:00,20,1,229.07,16.899,3530.42,0.912,50.052,POWER_SPIKE
2026-01-13 20:45:00,20,1,223.73,21.887,4426.64,0.904,50.004,POWER_SPIKE
2026-01-13 21:00:00,21,1,231.03,12.262,2580.78,0.911,49.968,POWER_SPIKE
2026-01-13 21:15:00,21,1,229.19,12.332,2611.62,0.924,49.972,POWER_SPIKE
2026-01-13 21:30:00,21,1,226.34,22.012,4658.32,0.935,49.964,POWER_SPIKE
2026-01-13 21:45:00,21,1,228.38,15.705,3407.31,0.95,49.996,POWER_SPIKE
2026-01-13 22:00:00,22,1,228.39,6.404,1421.58,0.972,49.989,POWER_SPIKE
2026-01-13 22:15:00,22,1,229.07,5.58,1251.37,0.979,49.989,POWER_SPIKE
2026-01-13 22:30:00,22,1,228.54,8.358,1719.18,0.9,50.057,POWER_SPIKE
2026-01-13 22:45:00,22,1,229.84,10.114,2094.54,0.901,49.966,POWER_SPIKE
2026-01-13 23:00:00,23,1,230.85,7.665,1649.09,0.932,50.045,POWER_SPIKE
2026-01-13 23:15:00,23,1,228.22,8.399,1895.83,0.989,49.967,POWER_SPIKE
2026-01-13 23:30:00,23,1,231.46,4.048,878.96,0.938,49.914,POWER_SPIKE
2026-01-13 23:45:00,23,1,230.76,9.092,2009.95,0.958,49.952,POWER_SPIKE
2026-01-14 00:00:00,0,2,229.3,1.65,360.92,0.954,50.057,POWER_SPIKE
2026-01-14 00:15:00,0,2,228.01,2.419,537.28,0.974,50.058,POWER_SPIKE
2026-01-14 00:30:00,0,2,229.16,1.762,388.05,0.961,49.968,POWER_SPIKE
2026-01-14 00:45:00,0,2,229.81,3.041,637.38,0.912,49.884,POWER_SPIKE
2026-01-14 01:00:00,1,2,224.93,3.099,656.63,0.942,50.121,POWER_SPIKE
2026-01-14 01:15:00,1,2,229.69,2.449,531.51,0.945,49.887,POWER_SPIKE
2026-01-14 01:30:00,1,2,234.51,3.711,807.61,0.928,49.953,POWER_SPIKE
2026-01-14 01:45:00,1,2,230.37,3.108,695.3,0.971,49.961,POWER_SPIKE
2026-01-14 02:00:00,2,2,229.42,1.891,414.42,0.955,50.039,POWER_SPIKE
2026-01-14 02:15:00,2,2,230.4,1.396,317.06,0.986,50.11,POWER_SPIKE
2026-01-14 02:30:00,2,2,227.55,3.435,771.42,0.987,49.888,POWER_SPIKE
2026-01-14 02:45:00,2,2,232.24,2.24,509.85,0.98,50.04,POWER_SPIKE
2026-01-14 03:00:00,3,2,233.62,2.468,566.78,0.983,49.993,POWER_SPIKE
2026-01-14 03:15:00,3,2,228.81,5.204,1093.16,0.918,50.042,POWER_SPIKE
2026-01-14 03:30:00,3,2,231.51,2.407,513.87,0.922,49.943,POWER_SPIKE
2026-01-14 03:45:00,3,2,228.06,2.329,525.77,0.99,50.08,POWER_SPIKE
2026-01-14 04:00:00,4,2,227.92,3.494,750.95,0.943,50.028,POWER_SPIKE
2026-01-14 04:15:00,4,2,233.34,2.298,517.35,0.965,50.1,POWER_SPIKE
2026-01-14 04:30:00,4,2,229.96,1.994,434.79,0.948,49.947,POWER_SPIKE
2026-01-14 04:45:00,4,2,229.73,3.897,883.59,0.987,49.942,POWER_SPIKE
2026-01-14 05:00:00,5,2,231.27,2.052,457.89,0.965,49.971,POWER_SPIKE
2026-01-14 05:15:00,5,2,229.28,1.757,383.44,0.952,50.017,POWER_SPIKE
2026-01-14 05:30:00,5,2,231.22,3.999,907.95,0.982,50.103,POWER_SPIKE
2026-01-14 05:45:00,5,2,229.53,2.312,509.51,0.96,49.943,POWER_SPIKE
2026-01-14 06:00:00,6,2,228.09,10.127,2231.3,0.966,50.029,POWER_SPIKE
2026-01-14 06:15:00,6,2,228.92,5.563,1254.45,0.985,50.064,POWER_SPIKE
2026-01-14 06:30:00,6,2,230.65,11.482,2606.06,0.984,50.068,POWER_SPIKE
2026-01-14 06:45:00,6,2,231.87,6.634,1461.21,0.95,50.008,POWER_SPIKE
2026-01-14 07:00:00,7,2,229.94,13.585,3005.0,0.962,49.971,POWER_SPIKE
2026-01-14 07:15:00,7,2,229.41,8.267,1773.33,0.935,50.056,POWER_SPIKE
2026-01-14 07:30:00,7,2,229.22,12.263,2673.23,0.951,49.931,POWER_SPIKE
2026-01-14 07:45:00,7,2,231.25,8.184,1862.19,0.984,49.968,POWER_SPIKE
2026-01-14 08:00:00,8,2,228.65,9.956,2183.03,0.959,49.928,POWER_SPIKE
2026-01-14 08:15:00,8,2,227.85,6.067,1304.94,0.944,49.963,POWER_SPIKE
2026-01-14 08:30:00,8,2,230.81,9.758,2119.46,0.941,50.086,POWER_SPIKE
2026-01-14 08:45:00,8,2,229.48,7.471,1611.68,0.94,49.971,POWER_SPIKE
2026-01-14 09:00:00,9,2,230.64,10.839,2287.42,0.915,50.002,POWER_SPIKE
2026-01-14 09:15:00,9,2,230.1,10.095,2229.9,0.96,49.952,POWER_SPIKE
2026-01-14 09:30:00,9,2,229.37,10.93,2351.57,0.938,50.008,POWER_SPIKE
2026-01-14 09:45:00,9,2,230.65,8.726,1934.06,0.961,49.91,POWER_SPIKE
2026-01-14 10:00:00,10,2,229.28,4.932,1024.55,0.906,49.904,POWER_SPIKE
2026-01-14 10:15:00,10,2,230.24,14.871,3228.74,0.943,49.994,POWER_SPIKE
2026-01-14 10:30:00,10,2,227.42,9.103,1910.84,0.923,49.97,POWER_SPIKE
2026-01-14 10:45:00,10,2,232.75,13.024,2797.9,0.923,49.945,POWER_SPIKE
2026-01-14 11:00:00,11,2,231.28,9.142,1974.79,0.934,50.015,POWER_SPIKE
2026-01-14 11:15:00,11,2,230.06,9.78,2079.03,0.924,50.076,POWER_SPIKE
2026-01-14 11:30:00,11,2,228.34,7.288,1565.97,0.941,50.139,POWER_SPIKE
2026-01-14 11:45:00,11,2,230.71,9.882,2140.76,0.939,49.988,POWER_SPIKE
2026-01-14 12:00:00,12,2,229.1,10.932,2421.83,0.967,50.004,POWER_SPIKE
2026-01-14 12:15:00,12,2,233.26,9.796,2207.36,0.966,50.039,POWER_SPIKE
2026-01-14 12:30:00,12,2,228.37,11.473,2436.72,0.93,49.982,POWER_SPIKE
2026-01-14 12:45:00,12,2,233.89,8.96,2016.04,0.962,49.994,POWER_SPIKE
2026-01-14 13:00:00,13,2,231.08,6.793,1503.78,0.958,49.91,POWER_SPIKE
2026-01-14 13:15:00,13,2,228.12,10.941,2413.59,0.967,49.998,POWER_SPIKE
2026-01-14 13:30:00,13,2,230.46,9.265,2021.94,0.947,50.05,POWER_SPIKE
2026-01-14 13:45:00,13,2,227.36,7.247,1571.94,0.954,50.028,POWER_SPIKE
2026-01-14 14:00:00,14,2,232.29,10.541,2252.76,0.92,50.003,POWER_SPIKE
2026-01-14 14:15:00,14,2,232.67,15.705,3306.84,0.905,49.941,POWER_SPIKE
2026-01-14 14:30:00,14,2,230.36,7.127,1566.32,0.954,49.967,POWER_SPIKE
2026-01-14 14:45:00,14,2,232.55,11.824,2702.91,0.983,50.05,POWER_SPIKE
2026-01-14 15:00:00,15,2,227.59,16.255,3362.88,0.909,49.915,POWER_SPIKE
2026-01-14 15:15:00,15,2,229.46,10.179,2174.46,0.931,49.986,POWER_SPIKE
2026-01-14 15:30:00,15,2,230.75,8.272,1885.91,0.988,49.94,POWER_SPIKE
2026-01-14 15:45:00,15,2,230.1,8.999,1975.47,0.954,49.89,POWER_SPIKE
2026-01-14 16:00:00,16,2,228.2,6.34,1390.42,0.961,49.99,POWER_SPIKE
2026-01-14 16:15:00,16,2,228.44,8.276,1786.59,0.945,50.005,POWER_SPIKE
2026-01-14 16:30:00,16,2,229.46,5.942,1317.06,0.966,49.994,POWER_SPIKE
2026-01-14 16:45:00,16,2,234.57,11.853,2624.55,0.944,49.975,POWER_SPIKE
2026-01-14 17:00:00,17,2,228.61,16.484,3534.82,0.938,50.096,POWER_SPIKE
2026-01-14 17:15:00,17,2,230.05,13.499,2981.14,0.96,49.985,POWER_SPIKE
2026-01-14 17:30:00,17,2,231.93,15.581,3357.09,0.929,49.993,POWER_SPIKE
2026-01-14 17:45:00,17,2,232.02,14.115,3219.25,0.983,49.947,POWER_SPIKE
2026-01-14 18:00:00,18,2,230.74,13.351,2809.42,0.912,49.901,POWER_SPIKE
2026-01-14 18:15:00,18,2,229.69,16.736,3459.69,0.9,50.062,POWER_SPIKE
2026-01-14 18:30:00,18,2,230.44,8.136,1801.72,0.961,50.028,POWER_SPIKE
2026-01-14 18:45:00,18,2,230.14,24.221,5211.86,0.935,50.062,POWER_SPIKE
2026-01-14 19:00:00,19,2,231.6,19.976,4524.74,0.978,50.016,POWER_SPIKE
2026-01-14 19:15:00,19,2,228.43,16.016,3409.69,0.932,50.048,POWER_SPIKE
2026-01-14 19:30:00,19,2,232.87,15.599,3316.61,0.913,50.061,POWER_SPIKE
2026-01-14 19:45:00,19,2,228.95,12.45,2690.85,0.944,49.962,POWER_SPIKE
2026-01-14 20:00:00,20,2,228.86,19.087,4276.54,0.979,50.107,POWER_SPIKE
2026-01-14 20:15:00,20,2,233.07,10.901,2461.98,0.969,50.143,POWER_SPIKE
2026-01-14 20:30:00,20,2,227.72,8.795,1970.66,0.984,50.008,POWER_SPIKE
2026-01-14 20:45:00,20,2,228.05,13.919,2929.8,0.923,50.081,POWER_SPIKE
2026-01-14 21:00:00,21,2,231.13,9.836,2116.43,0.931,50.089,POWER_SPIKE
2026-01-14 21:15:00,21,2,229.74,17.794,3814.06,0.933,50.033,POWER_SPIKE
2026-01-14 21:30:00,21,2,229.65,11.022,2445.07,0.966,50.085,POWER_SPIKE
2026-01-14 21:45:00,21,2,230.04,17.354,3756.61,0.941,50.015,POWER_SPIKE
2026-01-14 22:00:00,22,2,229.71,11.53,2444.56,0.923,50.07,POWER_SPIKE
2026-01-14 22:15:00,22,2,233.39,5.362,1236.42,0.988,49.952,POWER_SPIKE
2026-01-14 22:30:00,22,2,226.48,4.562,977.51,0.946,49.979,POWER_SPIKE
2026-01-14 22:45:00,22,2,232.58,6.629,1453.81,0.943,50.001,POWER_SPIKE
2026-01-14 23:00:00,23,2,231.58,5.826,1252.06,0.928,49.966,POWER_SPIKE
2026-01-14 23:15:00,23,2,233.1,7.759,1683.83,0.931,50.017,POWER_SPIKE
2026-01-14 23:30:00,23,2,231.71,5.604,1259.53,0.97,49.96,POWER_SPIKE
2026-01-14 23:45:00,23,2,232.32,6.176,1417.54,0.988,49.926,POWER_SPIKE
2026-01-15 00:00:00,0,3,230.63,2.183,484.44,0.962,50.053,POWER_SPIKE
2026-01-15 00:15:00,0,3,228.91,3.425,751.14,0.958,49.982,POWER_SPIKE
2026-01-15 00:30:00,0,3,227.71,4.153,917.35,0.97,50.03,POWER_SPIKE
2026-01-15 00:45:00,0,3,228.45,2.704,560.38,0.907,50.052,POWER_SPIKE
2026-01-15 01:00:00,1,3,229.78,2.375,495.52,0.908,50.016,POWER_SPIKE
2026-01-15 01:15:00,1,3,231.54,3.56,786.31,0.954,50.051,POWER_SPIKE
2026-01-15 01:30:00,1,3,229.76,2.79,583.32,0.91,50.039,POWER_SPIKE
2026-01-15 01:45:00,1,3,234.36,2.001,454.78,0.97,50.049,POWER_SPIKE
2026-01-15 02:00:00,2,3,229.15,1.278,274.14,0.936,49.948,POWER_SPIKE
2026-01-15 02:15:00,2,3,231.48,3.385,760.03,0.97,50.057,POWER_SPIKE
2026-01-15 02:30:00,2,3,228.14,2.422,546.48,0.989,50.007,POWER_SPIKE
2026-01-15 02:45:00,2,3,229.93,1.671,379.53,0.988,50.032,POWER_SPIKE
2026-01-15 03:00:00,3,3,229.27,2.123,441.93,0.908,49.95,POWER_SPIKE
2026-01-15 03:15:00,3,3,233.42,2.422,535.98,0.948,50.045,POWER_SPIKE
2026-01-15 03:30:00,3,3,232.81,2.438,524.93,0.925,50.024,POWER_SPIKE
2026-01-15 03:45:00,3,3,231.77,1.898,410.94,0.934,50.033,POWER_SPIKE
2026-01-15 04:00:00,4,3,232.94,3.778,799.15,0.908,50.112,POWER_SPIKE
2026-01-15 04:15:00,4,3,229.15,3.051,686.51,0.982,50.009,POWER_SPIKE
2026-01-15 04:30:00,4,3,228.37,3.005,625.9,0.912,49.974,POWER_SPIKE
2026-01-15 04:45:00,4,3,228.96,2.465,554.87,0.983,49.956,POWER_SPIKE
2026-01-15 05:00:00,5,3,229.93,2.673,553.8,0.901,49.963,POWER_SPIKE
2026-01-15 05:15:00,5,3,230.64,3.904,814.81,0.905,49.973,POWER_SPIKE
2026-01-15 05:30:00,5,3,228.44,2.296,479.97,0.915,50.075,POWER_SPIKE
2026-01-15 05:45:00,5,3,225.94,2.417,498.0,0.912,49.94,POWER_SPIKE
2026-01-15 06:00:00,6,3,230.21,10.792,2265.76,0.912,50.033,POWER_SPIKE
2026-01-15 06:15:00,6,3,226.22,6.743,1423.15,0.933,49.964,POWER_SPIKE
2026-01-15 06:30:00,6,3,228.46,8.052,1756.79,0.955,50.008,POWER_SPIKE
2026-01-15 06:45:00,6,3,231.71,4.749,1075.02,0.977,49.95,POWER_SPIKE
2026-01-15 07:00:00,7,3,231.59,6.554,1454.18,0.958,49.985,POWER_SPIKE
2026-01-15 07:15:00,7,3,226.71,14.954,3271.46,0.965,50.069,POWER_SPIKE
2026-01-15 07:30:00,7,3,229.07,8.519,1758.3,0.901,50.017,POWER_SPIKE
2026-01-15 07:45:00,7,3,228.11,8.753,1926.73,0.965,49.922,POWER_SPIKE
2026-01-15 08:00:00,8,3,230.98,13.22,3004.7,0.984,49.969,POWER_SPIKE
2026-01-15 08:15:00,8,3,228.55,13.768,2844.54,0.904,50.003,POWER_SPIKE
2026-01-15 08:30:00,8,3,230.87,11.949,2488.38,0.902,50.012,POWER_SPIKE
2026-01-15 08:45:00,8,3,225.89,10.747,2279.57,0.939,49.954,POWER_SPIKE
2026-01-15 09:00:00,9,3,230.65,3.609,798.24,0.959,50.034,POWER_SPIKE
2026-01-15 09:15:00,9,3,231.75,6.714,1448.5,0.931,50.03,POWER_SPIKE
2026-01-15 09:30:00,9,3,231.23,16.707,3496.19,0.905,50.042,POWER_SPIKE
2026-01-15 09:45:00,9,3,229.16,8.929,1903.0,0.93,50.003,POWER_SPIKE
2026-01-15 10:00:00,10,3,232.44,11.446,2466.37,0.927,49.848,POWER_SPIKE
2026-01-15 10:15:00,10,3,228.83,6.404,1367.17,0.933,50.055,POWER_SPIKE
2026-01-15 10:30:00,10,3,227.4,4.816,1009.7,0.922,49.928,POWER_SPIKE
2026-01-15 10:45:00,10,3,229.06,7.825,1699.23,0.948,49.929,POWER_SPIKE
2026-01-15 11:00:00,11,3,227.28,7.671,1710.31,0.981,49.909,POWER_SPIKE
2026-01-15 11:15:00,11,3,231.16,7.926,1659.9,0.906,50.021,POWER_SPIKE
2026-01-15 11:30:00,11,3,229.24,5.925,1298.42,0.956,50.069,POWER_SPIKE
2026-01-15 11:45:00,11,3,230.79,5.601,1190.45,0.921,50.013,POWER_SPIKE
2026-01-15 12:00:00,12,3,230.2,6.049,1272.63,0.914,50.055,POWER_SPIKE
2026-01-15 12:15:00,12,3,229.66,8.789,1905.42,0.944,49.959,POWER_SPIKE
2026-01-15 12:30:00,12,3,230.44,4.892,1095.67,0.972,50.138,POWER_SPIKE
2026-01-15 12:45:00,12,3,232.26,6.432,1477.51,0.989,49.98,POWER_SPIKE
2026-01-15 13:00:00,13,3,229.0,7.254,1549.84,0.933,49.994,POWER_SPIKE
2026-01-15 13:15:00,13,3,228.47,8.39,1767.27,0.922,50.004,POWER_SPIKE
2026-01-15 13:30:00,13,3,227.84,6.799,1439.15,0.929,49.874,POWER_SPIKE
2026-01-15 13:45:00,13,3,228.82,11.884,2564.33,0.943,50.053,POWER_SPIKE
2026-01-15 14:00:00,14,3,229.81,11.428,2447.7,0.932,50.024,POWER_SPIKE
2026-01-15 14:15:00,14,3,227.37,14.186,3015.82,0.935,50.022,POWER_SPIKE
2026-01-15 14:30:00,14,3,230.92,7.365,1564.6,0.92,50.027,POWER_SPIKE
2026-01-15 14:45:00,14,3,230.68,13.213,3008.28,0.987,50.002,POWER_SPIKE
2026-01-15 15:00:00,15,3,232.81,9.857,2212.29,0.964,49.984,POWER_SPIKE
2026-01-15 15:15:00,15,3,229.77,8.638,1837.82,0.926,49.946,POWER_SPIKE
2026-01-15 15:30:00,15,3,231.87,6.739,1532.88,0.981,49.908,POWER_SPIKE
2026-01-15 15:45:00,15,3,228.74,9.772,2020.68,0.904,50.022,POWER_SPIKE
2026-01-15 16:00:00,16,3,228.73,8.781,1865.83,0.929,49.918,POWER_SPIKE
2026-01-15 16:15:00,16,3,230.59,9.739,2025.65,0.902,50.006,POWER_SPIKE
2026-01-15 16:30:00,16,3,231.87,8.014,1741.22,0.937,49.954,POWER_SPIKE
2026-01-15 16:45:00,16,3,228.49,7.363,1605.08,0.954,49.994,POWER_SPIKE
2026-01-15 17:00:00,17,3,229.95,11.36,2431.9,0.931,50.029,POWER_SPIKE
2026-01-15 17:15:00,17,3,227.5,21.447,4659.62,0.955,49.991,POWER_SPIKE
2026-01-15 17:30:00,17,3,228.31,9.658,2145.59,0.973,50.02,POWER_SPIKE
2026-01-15 17:45:00,17,3,230.77,15.758,3301.87,0.908,49.957,POWER_SPIKE
2026-01-15 18:00:00,18,3,227.7,23.868,5282.57,0.972,49.985,POWER_SPIKE
2026-01-15 18:15:00,18,3,226.69,23.034,5085.8,0.974,50.015,POWER_SPIKE
2026-01-15 18:30:00,18,3,229.56,16.075,3409.81,0.924,49.934,POWER_SPIKE
2026-01-15 18:45:00,18,3,229.14,18.842,3911.61,0.906,50.049,POWER_SPIKE
2026-01-15 19:00:00,19,3,231.09,16.112,3507.42,0.942,50.058,POWER_SPIKE
2026-01-15 19:15:00,19,3,230.67,8.257,1868.49,0.981,49.906,POWER_SPIKE
2026-01-15 19:30:00,19,3,229.42,17.669,3915.76,0.966,50.004,POWER_SPIKE
2026-01-15 19:45:00,19,3,228.56,12.132,2642.58,0.953,50.05,POWER_SPIKE
2026-01-15 20:00:00,20,3,228.64,13.402,2782.37,0.908,50.103,POWER_SPIKE
2026-01-15 20:15:00,20,3,231.11,15.25,3281.32,0.931,49.949,POWER_SPIKE
2026-01-15 20:30:00,20,3,233.68,18.913,4331.3,0.98,49.927,POWER_SPIKE
2026-01-15 20:45:00,20,3,230.25,18.496,4186.39,0.983,50.028,POWER_SPIKE
2026-01-15 21:00:00,21,3,229.94,22.729,5001.62,0.957,50.039,POWER_SPIKE
2026-01-15 21:15:00,21,3,226.56,13.209,2717.21,0.908,49.968,POWER_SPIKE
2026-01-15 21:30:00,21,3,226.64,14.928,3078.83,0.91,50.042,POWER_SPIKE
2026-01-15 21:45:00,21,3,228.27,18.086,3794.05,0.919,49.973,POWER_SPIKE
2026-01-15 22:00:00,22,3,228.0,7.693,1669.84,0.952,50.043,POWER_SPIKE
2026-01-15 22:15:00,22,3,229.6,7.28,1536.16,0.919,49.945,POWER_SPIKE
2026-01-15 22:30:00,22,3,229.2,6.884,1437.49,0.911,49.992,POWER_SPIKE
2026-01-15 22:45:00,22,3,230.74,9.544,2125.19,0.965,49.967,POWER_SPIKE
2026-01-15 23:00:00,23,3,229.94,5.662,1231.7,0.946,49.944,POWER_SPIKE
2026-01-15 23:15:00,23,3,229.61,6.71,1468.26,0.953,50.022,POWER_SPIKE
2026-01-15 23:30:00,23,3,229.29,5.796,1273.04,0.958,49.904,POWER_SPIKE
2026-01-15 23:45:00,23,3,232.04,5.937,1311.44,0.952,49.941,POWER_SPIKE
2026-01-16 00:00:00,0,4,230.82,2.3,490.49,0.924,49.978,POWER_SPIKE
2026-01-16 00:15:00,0,4,227.45,2.119,441.54,0.916,49.972,POWER_SPIKE
2026-01-16 00:30:00,0,4,231.66,2.814,622.51,0.955,49.957,POWER_SPIKE
2026-01-16 00:45:00,0,4,228.66,3.056,636.63,0.911,49.96,POWER_SPIKE
2026-01-16 01:00:00,1,4,230.4,3.612,777.19,0.934,49.994,POWER_SPIKE
2026-01-16 01:15:00,1,4,226.76,3.202,675.3,0.93,49.971,POWER_SPIKE
2026-01-16 01:30:00,1,4,230.13,2.426,509.17,0.912,50.048,POWER_SPIKE
2026-01-16 01:45:00,1,4,228.51,1.422,315.1,0.97,49.993,POWER_SPIKE
2026-01-16 02:00:00,2,4,231.49,4.824,1063.06,0.952,49.983,POWER_SPIKE
2026-01-16 02:15:00,2,4,228.87,2.474,533.42,0.942,50.009,POWER_SPIKE
2026-01-16 02:30:00,2,4,229.32,2.945,624.11,0.924,49.957,POWER_SPIKE
2026-01-16 02:45:00,2,4,226.89,1.673,346.9,0.914,50.028,POWER_SPIKE
2026-01-16 03:00:00,3,4,229.8,3.364,698.92,0.904,50.045,POWER_SPIKE
2026-01-16 03:15:00,3,4,230.24,2.638,565.36,0.931,49.973,POWER_SPIKE
2026-01-16 03:30:00,3,4,229.91,2.672,575.56,0.937,49.926,POWER_SPIKE
2026-01-16 03:45:00,3,4,231.21,4.432,923.35,0.901,49.958,POWER_SPIKE
2026-01-16 04:00:00,4,4,230.76,2.776,576.61,0.9,50.045,POWER_SPIKE
2026-01-16 04:15:00,4,4,228.48,2.609,562.82,0.944,50.01,POWER_SPIKE
2026-01-16 04:30:00,4,4,233.46,1.785,387.64,0.93,49.956,POWER_SPIKE
2026-01-16 04:45:00,4,4,235.19,1.639,369.36,0.958,50.138,POWER_SPIKE
2026-01-16 05:00:00,5,4,225.44,3.934,845.19,0.953,49.992,POWER_SPIKE
2026-01-16 05:15:00,5,4,229.3,1.114,236.35,0.925,49.952,POWER_SPIKE
2026-01-16 05:30:00,5,4,231.3,2.735,570.65,0.902,50.043,POWER_SPIKE
2026-01-16 05:45:00,5,4,231.13,1.792,406.29,0.981,49.981,POWER_SPIKE
2026-01-16 06:00:00,6,4,228.02,9.857,2202.59,0.98,49.967,POWER_SPIKE
2026-01-16 06:15:00,6,4,230.27,12.099,2599.46,0.933,50.006,POWER_SPIKE
2026-01-16 06:30:00,6,4,227.72,10.835,2329.27,0.944,50.012,POWER_SPIKE
2026-01-16 06:45:00,6,4,228.08,5.869,1278.4,0.955,49.936,POWER_SPIKE
2026-01-16 07:00:00,7,4,223.66,16.545,3504.33,0.947,50.0,POWER_SPIKE
2026-01-16 07:15:00,7,4,229.11,7.798,1704.32,0.954,50.112,POWER_SPIKE
2026-01-16 07:30:00,7,4,232.55,17.045,3686.33,0.93,50.018,POWER_SPIKE
2026-01-16 07:45:00,7,4,227.83,9.446,2016.55,0.937,49.989,POWER_SPIKE
2026-01-16 08:00:00,8,4,226.57,12.701,2592.87,0.901,50.003,POWER_SPIKE
2026-01-16 08:15:00,8,4,230.91,11.248,2407.65,0.927,50.044,POWER_SPIKE
2026-01-16 08:30:00,8,4,229.63,10.305,2271.71,0.96,50.056,POWER_SPIKE
2026-01-16 08:45:00,8,4,231.04,12.33,2785.97,0.978,50.076,POWER_SPIKE
2026-01-16 09:00:00,9,4,230.83,8.3,1772.29,0.925,50.009,POWER_SPIKE
2026-01-16 09:15:00,9,4,233.47,7.701,1625.4,0.904,49.861,POWER_SPIKE
2026-01-16 09:30:00,9,4,227.61,8.191,1769.34,0.949,49.969,POWER_SPIKE
2026-01-16 09:45:00,9,4,230.82,5.759,1277.46,0.961,50.04,POWER_SPIKE
2026-01-16 10:00:00,10,4,231.09,8.16,1770.65,0.939,50.052,POWER_SPIKE
2026-01-16 10:15:00,10,4,230.41,9.755,2083.48,0.927,50.026,POWER_SPIKE
2026-01-16 10:30:00,10,4,229.59,6.429,1417.04,0.96,49.981,POWER_SPIKE
2026-01-16 10:45:00,10,4,230.8,13.634,2916.92,0.927,49.957,POWER_SPIKE
2026-01-16 11:00:00,11,4,230.96,8.414,1787.83,0.92,49.998,POWER_SPIKE
2026-01-16 11:15:00,11,4,229.41,9.326,1949.12,0.911,50.009,POWER_SPIKE
2026-01-16 11:30:00,11,4,228.06,10.039,2154.35,0.941,50.002,POWER_SPIKE
2026-01-16 11:45:00,11,4,230.33,9.442,2098.58,0.965,49.98,POWER_SPIKE
2026-01-16 12:00:00,12,4,231.97,8.364,1810.1,0.933,49.984,POWER_SPIKE
2026-01-16 12:15:00,12,4,229.06,14.586,3184.1,0.953,50.015,POWER_SPIKE
2026-01-16 12:30:00,12,4,228.34,4.388,936.85,0.935,49.988,POWER_SPIKE
2026-01-16 12:45:00,12,4,227.25,10.607,2193.44,0.91,49.977,POWER_SPIKE
2026-01-16 13:00:00,13,4,228.74,7.327,1550.31,0.925,49.997,POWER_SPIKE
2026-01-16 13:15:00,13,4,231.75,3.997,868.05,0.937,49.987,POWER_SPIKE
2026-01-16 13:30:00,13,4,229.28,8.868,1856.38,0.913,50.006,POWER_SPIKE
2026-01-16 13:45:00,13,4,227.86,11.933,2479.8,0.912,49.952,POWER_SPIKE
2026-01-16 14:00:00,14,4,232.29,5.136,1083.27,0.908,49.984,POWER_SPIKE
2026-01-16 14:15:00,14,4,228.73,4.004,887.35,0.969,49.99,POWER_SPIKE
2026-01-16 14:30:00,14,4,232.4,9.269,2001.25,0.929,49.961,POWER_SPIKE
2026-01-16 14:45:00,14,4,234.45,12.212,2668.36,0.932,49.931,POWER_SPIKE
2026-01-16 15:00:00,15,4,231.33,8.311,1797.63,0.935,50.024,POWER_SPIKE
2026-01-16 15:15:00,15,4,230.24,7.607,1642.91,0.938,50.047,POWER_SPIKE
2026-01-16 15:30:00,15,4,229.16,11.197,2363.28,0.921,49.989,POWER_SPIKE
2026-01-16 15:45:00,15,4,234.45,9.934,2214.99,0.951,50.046,POWER_SPIKE
2026-01-16 16:00:00,16,4,228.68,9.012,1978.53,0.96,50.037,POWER_SPIKE
2026-01-16 16:15:00,16,4,229.76,11.986,2610.79,0.948,49.996,POWER_SPIKE
2026-01-16 16:30:00,16,4,230.77,11.1,2533.46,0.989,49.921,POWER_SPIKE
2026-01-16 16:45:00,16,4,228.89,6.76,1516.33,0.98,49.995,POWER_SPIKE
2026-01-16 17:00:00,17,4,232.78,15.35,3315.85,0.928,50.038,POWER_SPIKE
2026-01-16 17:15:00,17,4,229.28,11.787,2564.66,0.949,50.038,POWER_SPIKE
2026-01-16 17:30:00,17,4,228.99,20.93,4586.72,0.957,50.075,POWER_SPIKE
2026-01-16 17:45:00,17,4,228.14,12.149,2619.2,0.945,49.932,POWER_SPIKE
2026-01-16 18:00:00,18,4,231.59,16.937,3796.98,0.968,49.996,POWER_SPIKE
2026-01-16 18:15:00,18,4,229.91,10.709,2260.17,0.918,49.969,POWER_SPIKE
2026-01-16 18:30:00,18,4,228.61,15.118,3345.42,0.968,50.052,POWER_SPIKE
2026-01-16 18:45:00,18,4,231.65,9.068,2014.57,0.959,49.975,POWER_SPIKE
2026-01-16 19:00:00,19,4,228.41,9.327,2098.42,0.985,49.988,POWER_SPIKE
2026-01-16 19:15:00,19,4,234.39,16.636,3657.46,0.938,50.025,POWER_SPIKE
2026-01-16 19:30:00,19,4,231.05,11.382,2493.06,0.948,50.02,POWER_SPIKE
2026-01-16 19:45:00,19,4,231.32,15.166,3430.93,0.978,50.011,POWER_SPIKE
2026-01-16 20:00:00,20,4,229.95,13.273,2881.14,0.944,49.987,POWER_SPIKE
2026-01-16 20:15:00,20,4,229.36,19.33,4318.25,0.974,49.98,POWER_SPIKE
2026-01-16 20:30:00,20,4,228.53,10.272,2173.84,0.926,50.024,POWER_SPIKE
2026-01-16 20:45:00,20,4,233.3,11.818,2602.75,0.944,49.927,POWER_SPIKE
2026-01-16 21:00:00,21,4,226.77,20.803,4340.13,0.92,50.009,POWER_SPIKE
2026-01-16 21:15:00,21,4,229.59,13.748,3061.75,0.97,50.026,POWER_SPIKE
2026-01-16 21:30:00,21,4,233.37,22.148,4755.08,0.92,49.999,POWER_SPIKE
2026-01-16 21:45:00,21,4,228.98,27.032,5830.78,0.942,49.978,POWER_SPIKE
2026-01-16 22:00:00,22,4,230.77,7.868,1706.65,0.94,49.928,POWER_SPIKE
2026-01-16 22:15:00,22,4,233.09,11.826,2538.72,0.921,50.004,POWER_SPIKE
2026-01-16 22:30:00,22,4,230.07,7.864,1727.78,0.955,49.946,POWER_SPIKE
2026-01-16 22:45:00,22,4,229.44,6.08,1333.61,0.956,49.986,POWER_SPIKE
2026-01-16 23:00:00,23,4,230.53,6.995,1507.77,0.935,49.879,POWER_SPIKE
2026-01-16 23:15:00,23,4,230.17,6.902,1479.01,0.931,49.924,POWER_SPIKE
2026-01-16 23:30:00,23,4,231.71,10.918,2299.7,0.909,50.05,POWER_SPIKE
2026-01-16 23:45:00,23,4,230.87,5.503,1185.3,0.933,49.992,POWER_SPIKE
2026-01-17 00:00:00,0,5,231.37,2.438,526.95,0.934,49.949,POWER_SPIKE
2026-01-17 00:15:00,0,5,233.23,3.202,710.94,0.952,49.942,POWER_SPIKE
2026-01-17 00:30:00,0,5,231.63,1.679,374.16,0.962,49.916,POWER_SPIKE
2026-01-17 00:45:00,0,5,234.32,1.135,241.95,0.91,50.007,POWER_SPIKE
2026-01-17 01:00:00,1,5,229.57,3.238,695.71,0.936,49.983,POWER_SPIKE
2026-01-17 01:15:00,1,5,230.6,2.151,453.85,0.915,50.063,POWER_SPIKE
2026-01-17 01:30:00,1,5,229.88,1.389,309.09,0.968,50.028,POWER_SPIKE
2026-01-17 01:45:00,1,5,230.16,2.145,486.78,0.986,49.902,POWER_SPIKE
2026-01-17 02:00:00,2,5,231.69,2.621,585.99,0.965,49.983,POWER_SPIKE
2026-01-17 02:15:00,2,5,227.48,1.795,403.13,0.987,49.925,POWER_SPIKE
2026-01-17 02:30:00,2,5,230.0,2.57,559.11,0.946,50.045,POWER_SPIKE
2026-01-17 02:45:00,2,5,224.41,2.675,550.55,0.917,49.948,POWER_SPIKE
2026-01-17 03:00:00,3,5,233.98,3.973,908.23,0.977,49.988,POWER_SPIKE
2026-01-17 03:15:00,3,5,226.4,2.186,480.15,0.97,49.927,POWER_SPIKE
2026-01-17 03:30:00,3,5,226.06,1.833,387.94,0.936,49.986,POWER_SPIKE
2026-01-17 03:45:00,3,5,232.38,2.113,459.6,0.936,50.099,POWER_SPIKE
2026-01-17 04:00:00,4,5,227.87,3.053,654.69,0.941,50.033,POWER_SPIKE
2026-01-17 04:15:00,4,5,234.26,1.667,369.81,0.947,49.995,POWER_SPIKE
2026-01-17 04:30:00,4,5,228.15,2.522,557.0,0.968,49.965,POWER_SPIKE
2026-01-17 04:45:00,4,5,229.25,2.627,591.44,0.982,49.946,POWER_SPIKE
2026-01-17 05:00:00,5,5,229.67,2.34,497.7,0.926,50.014,POWER_SPIKE
2026-01-17 05:15:00,5,5,231.09,3.39,706.53,0.902,49.937,POWER_SPIKE
2026-01-17 05:30:00,5,5,229.31,3.021,640.83,0.925,49.921,POWER_SPIKE
2026-01-17 05:45:00,5,5,230.54,1.738,376.94,0.941,50.096,POWER_SPIKE
2026-01-17 06:00:00,6,5,229.37,8.28,1800.43,0.948,49.986,POWER_SPIKE
2026-01-17 06:15:00,6,5,230.33,13.823,2995.9,0.941,49.902,POWER_SPIKE
2026-01-17 06:30:00,6,5,231.12,7.028,1588.58,0.978,50.004,POWER_SPIKE
2026-01-17 06:45:00,6,5,228.44,8.666,1809.37,0.914,49.985,POWER_SPIKE
2026-01-17 07:00:00,7,5,228.95,7.462,1676.02,0.981,50.086,POWER_SPIKE
2026-01-17 07:15:00,7,5,231.56,13.826,3073.58,0.96,49.987,POWER_SPIKE
2026-01-17 07:30:00,7,5,230.41,4.989,1093.29,0.951,49.978,POWER_SPIKE
2026-01-17 07:45:00,7,5,229.69,12.254,2724.59,0.968,49.971,POWER_SPIKE
2026-01-17 08:00:00,8,5,231.32,7.407,1624.2,0.948,49.95,POWER_SPIKE
2026-01-17 08:15:00,8,5,234.48,14.177,3101.48,0.933,49.944,POWER_SPIKE
2026-01-17 08:30:00,8,5,229.31,6.966,1515.92,0.949,50.014,POWER_SPIKE
2026-01-17 08:45:00,8,5,229.28,9.334,2097.23,0.98,50.008,POWER_SPIKE
2026-01-17 09:00:00,9,5,230.06,10.977,2298.13,0.91,49.932,POWER_SPIKE
2026-01-17 09:15:00,9,5,228.97,6.741,1447.84,0.938,50.056,POWER_SPIKE
2026-01-17 09:30:00,9,5,229.76,6.319,1310.96,0.903,50.024,POWER_SPIKE
2026-01-17 09:45:00,9,5,231.64,13.066,2944.87,0.973,49.97,POWER_SPIKE
2026-01-17 10:00:00,10,5,230.3,8.513,1895.79,0.967,49.977,POWER_SPIKE
2026-01-17 10:15:00,10,5,229.3,9.134,1993.98,0.952,49.999,POWER_SPIKE
2026-01-17 10:30:00,10,5,233.4,11.037,2387.9,0.927,49.972,POWER_SPIKE
2026-01-17 10:45:00,10,5,227.39,9.004,1848.77,0.903,50.046,POWER_SPIKE
2026-01-17 11:00:00,11,5,228.84,7.4,1605.27,0.948,50.02,POWER_SPIKE
2026-01-17 11:15:00,11,5,231.86,9.205,1959.17,0.918,50.126,POWER_SPIKE
2026-01-17 11:30:00,11,5,225.49,5.064,1098.48,0.962,49.958,POWER_SPIKE
2026-01-17 11:45:00,11,5,231.42,7.832,1649.39,0.91,49.998,POWER_SPIKE
2026-01-17 12:00:00,12,5,231.25,9.011,1904.58,0.914,49.964,POWER_SPIKE
2026-01-17 12:15:00,12,5,232.81,8.413,1825.52,0.932,49.975,POWER_SPIKE
2026-01-17 12:30:00,12,5,227.29,10.196,2250.3,0.971,49.989,POWER_SPIKE
2026-01-17 12:45:00,12,5,230.42,7.1,1562.46,0.955,50.125,POWER_SPIKE
2026-01-17 13:00:00,13,5,228.83,6.637,1419.96,0.935,50.004,POWER_SPIKE
2026-01-17 13:15:00,13,5,230.78,10.646,2341.4,0.953,49.985,POWER_SPIKE
2026-01-17 13:30:00,13,5,230.97,8.764,1941.31,0.959,50.084,POWER_SPIKE
2026-01-17 13:45:00,13,5,229.33,11.229,2420.58,0.94,49.916,POWER_SPIKE
2026-01-17 14:00:00,14,5,229.04,14.295,3041.75,0.929,50.015,POWER_SPIKE
2026-01-17 14:15:00,14,5,228.13,6.915,1465.59,0.929,49.935,POWER_SPIKE
2026-01-17 14:30:00,14,5,231.04,11.384,2585.35,0.983,49.927,POWER_SPIKE
2026-01-17 14:45:00,14,5,227.52,10.419,2197.42,0.927,49.953,POWER_SPIKE
2026-01-17 15:00:00,15,5,231.78,10.226,2282.43,0.963,49.987,POWER_SPIKE
2026-01-17 15:15:00,15,5,230.55,7.134,1613.47,0.981,49.967,POWER_SPIKE
2026-01-17 15:30:00,15,5,230.59,4.201,912.58,0.942,49.943,POWER_SPIKE
2026-01-17 15:45:00,15,5,229.94,6.952,1526.62,0.955,50.031,POWER_SPIKE
2026-01-17 16:00:00,16,5,228.97,9.739,2029.22,0.91,50.01,POWER_SPIKE
2026-01-17 16:15:00,16,5,229.87,6.793,1416.33,0.907,49.932,POWER_SPIKE
2026-01-17 16:30:00,16,5,229.09,8.486,1891.67,0.973,49.905,POWER_SPIKE
2026-01-17 16:45:00,16,5,230.74,8.575,1899.49,0.96,50.044,POWER_SPIKE
2026-01-17 17:00:00,17,5,231.37,11.337,2470.82,0.942,49.944,POWER_SPIKE
2026-01-17 17:15:00,17,5,230.99,9.54,2034.05,0.923,50.015,POWER_SPIKE
2026-01-17 17:30:00,17,5,228.26,13.875,2970.73,0.938,49.896,POWER_SPIKE
2026-01-17 17:45:00,17,5,228.47,11.691,2580.12,0.966,49.964,POWER_SPIKE
2026-01-17 18:00:00,18,5,229.25,14.753,3256.97,0.963,50.05,POWER_SPIKE
2026-01-17 18:15:00,18,5,230.27,15.378,3367.67,0.951,49.874,POWER_SPIKE
2026-01-17 18:30:00,18,5,227.38,12.634,2818.13,0.981,49.944,POWER_SPIKE
2026-01-17 18:45:00,18,5,231.46,22.922,4854.57,0.915,50.01,POWER_SPIKE
2026-01-17 19:00:00,19,5,229.46,12.614,2790.12,0.964,50.022,POWER_SPIKE
2026-01-17 19:15:00,19,5,230.81,24.754,5553.6,0.972,49.966,POWER_SPIKE
2026-01-17 19:30:00,19,5,227.48,17.423,3638.41,0.918,49.904,POWER_SPIKE
2026-01-17 19:45:00,19,5,227.56,10.821,2398.33,0.974,50.107,POWER_SPIKE
2026-01-17 20:00:00,20,5,229.99,7.681,1681.65,0.952,50.015,POWER_SPIKE
2026-01-17 20:15:00,20,5,227.57,12.952,2844.24,0.965,49.926,POWER_SPIKE
2026-01-17 20:30:00,20,5,231.42,10.569,2242.9,0.917,49.958,POWER_SPIKE
2026-01-17 20:45:00,20,5,228.65,16.579,3472.35,0.916,49.918,POWER_SPIKE
2026-01-17 21:00:00,21,5,230.92,20.204,4371.52,0.937,50.056,POWER_SPIKE
2026-01-17 21:15:00,21,5,227.08,22.774,5057.64,0.978,49.969,POWER_SPIKE
2026-01-17 21:30:00,21,5,230.27,10.295,2242.69,0.946,50.023,POWER_SPIKE
2026-01-17 21:45:00,21,5,229.99,14.065,3147.51,0.973,49.958,POWER_SPIKE
2026-01-17 22:00:00,22,5,226.02,5.784,1274.52,0.975,50.021,POWER_SPIKE
2026-01-17 22:15:00,22,5,233.52,5.657,1191.64,0.902,50.039,POWER_SPIKE
2026-01-17 22:30:00,22,5,228.92,9.271,2016.19,0.95,50.158,POWER_SPIKE
2026-01-17 22:45:00,22,5,229.51,3.294,706.03,0.934,50.003,POWER_SPIKE
2026-01-17 23:00:00,23,5,231.21,9.544,2054.47,0.931,49.994,POWER_SPIKE
2026-01-17 23:15:00,23,5,227.7,6.477,1420.35,0.963,50.009,POWER_SPIKE
2026-01-17 23:30:00,23,5,231.91,7.914,1795.07,0.978,49.966,POWER_SPIKE
2026-01-17 23:45:00,23,5,231.56,8.238,1783.64,0.935,49.929,POWER_SPIKE
2026-01-18 00:00:00,0,6,228.06,1.643,340.31,0.908,50.021,POWER_SPIKE
2026-01-18 00:15:00,0,6,230.03,2.292,477.75,0.906,50.002,POWER_SPIKE
2026-01-18 00:30:00,0,6,231.04,2.093,468.64,0.969,50.102,POWER_SPIKE
2026-01-18 00:45:00,0,6,230.46,2.055,448.5,0.947,49.929,POWER_SPIKE
2026-01-18 01:00:00,1,6,232.48,2.771,614.55,0.954,50.04,POWER_SPIKE
2026-01-18 01:15:00,1,6,230.25,1.662,363.17,0.949,50.05,POWER_SPIKE
2026-01-18 01:30:00,1,6,228.25,2.722,610.11,0.982,50.053,POWER_SPIKE
2026-01-18 01:45:00,1,6,231.74,2.496,550.19,0.951,50.07,POWER_SPIKE
2026-01-18 02:00:00,2,6,230.41,2.736,571.7,0.907,50.008,POWER_SPIKE
2026-01-18 02:15:00,2,6,227.76,2.438,526.41,0.948,49.958,POWER_SPIKE
2026-01-18 02:30:00,2,6,229.09,2.155,460.2,0.932,50.124,POWER_SPIKE
2026-01-18 02:45:00,2,6,231.76,2.196,498.17,0.979,49.987,POWER_SPIKE
2026-01-18 03:00:00,3,6,228.86,3.6,784.33,0.952,49.963,POWER_SPIKE
2026-01-18 03:15:00,3,6,229.25,2.776,626.81,0.985,50.019,POWER_SPIKE
2026-01-18 03:30:00,3,6,227.8,2.928,657.76,0.986,50.021,POWER_SPIKE
2026-01-18 03:45:00,3,6,229.52,3.22,689.45,0.933,50.015,POWER_SPIKE
2026-01-18 04:00:00,4,6,232.45,4.818,1077.3,0.962,49.947,POWER_SPIKE
2026-01-18 04:15:00,4,6,228.51,4.171,925.58,0.971,49.99,POWER_SPIKE
2026-01-18 04:30:00,4,6,228.51,2.091,445.85,0.933,49.938,POWER_SPIKE
2026-01-18 04:45:00,4,6,229.69,2.076,435.38,0.913,49.99,POWER_SPIKE
2026-01-18 05:00:00,5,6,230.12,2.271,482.29,0.923,50.091,POWER_SPIKE
2026-01-18 05:15:00,5,6,230.22,3.449,772.67,0.973,49.985,POWER_SPIKE
2026-01-18 05:30:00,5,6,229.07,4.873,1049.35,0.94,50.043,POWER_SPIKE
2026-01-18 05:45:00,5,6,231.27,2.002,427.77,0.924,49.915,POWER_SPIKE
2026-01-18 06:00:00,6,6,228.74,7.319,1520.09,0.908,50.02,POWER_SPIKE
2026-01-18 06:15:00,6,6,229.34,14.572,3231.7,0.967,49.972,POWER_SPIKE
2026-01-18 06:30:00,6,6,227.77,9.068,1995.29,0.966,50.003,POWER_SPIKE
2026-01-18 06:45:00,6,6,231.11,6.526,1441.78,0.956,50.041,POWER_SPIKE
2026-01-18 07:00:00,7,6,232.79,6.449,1382.65,0.921,50.074,POWER_SPIKE
2026-01-18 07:15:00,7,6,230.17,13.65,2833.85,0.902,49.86,POWER_SPIKE
2026-01-18 07:30:00,7,6,227.84,8.552,1790.63,0.919,50.056,POWER_SPIKE
2026-01-18 07:45:00,7,6,230.39,16.834,3603.0,0.929,50.046,POWER_SPIKE
2026-01-18 08:00:00,8,6,228.36,6.127,1310.97,0.937,49.965,POWER_SPIKE
2026-01-18 08:15:00,8,6,229.11,5.303,1168.9,0.962,50.019,POWER_SPIKE
2026-01-18 08:30:00,8,6,228.9,10.255,2302.81,0.981,49.961,POWER_SPIKE
2026-01-18 08:45:00,8,6,228.92,15.727,3456.26,0.96,50.069,POWER_SPIKE
2026-01-18 09:00:00,9,6,230.28,8.465,1890.77,0.97,49.982,POWER_SPIKE
2026-01-18 09:15:00,9,6,233.24,9.989,2266.88,0.973,49.972,POWER_SPIKE
2026-01-18 09:30:00,9,6,228.28,15.424,3355.46,0.953,49.995,POWER_SPIKE
2026-01-18 09:45:00,9,6,232.68,9.422,2045.51,0.933,50.017,POWER_SPIKE
2026-01-18 10:00:00,10,6,230.7,6.029,1275.39,0.917,49.947,POWER_SPIKE
2026-01-18 10:15:00,10,6,229.69,6.092,1313.84,0.939,49.963,POWER_SPIKE
2026-01-18 10:30:00,10,6,229.03,7.657,1588.76,0.906,49.936,POWER_SPIKE
2026-01-18 10:45:00,10,6,228.6,5.244,1154.42,0.963,50.032,POWER_SPIKE
2026-01-18 11:00:00,11,6,226.72,13.215,2714.44,0.906,50.008,POWER_SPIKE
2026-01-18 11:15:00,11,6,228.84,6.449,1412.23,0.957,50.029,POWER_SPIKE
2026-01-18 11:30:00,11,6,230.38,9.704,2177.44,0.974,49.974,POWER_SPIKE
2026-01-18 11:45:00,11,6,229.89,6.389,1417.3,0.965,49.978,POWER_SPIKE
2026-01-18 12:00:00,12,6,230.67,11.784,2476.37,0.911,50.068,POWER_SPIKE
2026-01-18 12:15:00,12,6,227.9,8.82,1831.22,0.911,49.971,POWER_SPIKE
2026-01-18 12:30:00,12,6,229.78,12.537,2800.15,0.972,49.89,POWER_SPIKE
2026-01-18 12:45:00,12,6,226.12,8.987,1843.14,0.907,49.969,POWER_SPIKE
2026-01-18 13:00:00,13,6,227.56,15.223,3370.52,0.973,49.919,POWER_SPIKE
2026-01-18 13:15:00,13,6,230.02,7.761,1617.31,0.906,49.982,POWER_SPIKE
2026-01-18 13:30:00,13,6,231.31,7.085,1601.1,0.977,49.947,POWER_SPIKE
2026-01-18 13:45:00,13,6,231.55,5.899,1262.06,0.924,49.982,POWER_SPIKE
2026-01-18 14:00:00,14,6,231.9,6.299,1371.74,0.939,50.012,POWER_SPIKE
2026-01-18 14:15:00,14,6,230.56,11.936,2702.4,0.982,50.031,POWER_SPIKE
2026-01-18 14:30:00,14,6,227.49,9.521,2111.75,0.975,49.968,POWER_SPIKE
2026-01-18 14:45:00,14,6,227.44,11.762,2455.83,0.918,49.887,POWER_SPIKE
2026-01-18 15:00:00,15,6,231.45,11.186,2418.16,0.934,50.068,POWER_SPIKE
2026-01-18 15:15:00,15,6,230.04,7.946,1804.11,0.987,49.955,POWER_SPIKE
2026-01-18 15:30:00,15,6,231.02,4.947,1108.6,0.97,50.042,POWER_SPIKE
2026-01-18 15:45:00,15,6,227.19,8.998,1862.22,0.911,50.008,POWER_SPIKE
2026-01-18 16:00:00,16,6,230.08,3.828,862.3,0.979,49.926,POWER_SPIKE
2026-01-18 16:15:00,16,6,226.64,9.56,2047.57,0.945,49.901,POWER_SPIKE
2026-01-18 16:30:00,16,6,224.16,8.895,1910.26,0.958,49.994,POWER_SPIKE
2026-01-18 16:45:00,16,6,226.89,11.593,2433.08,0.925,50.035,POWER_SPIKE
2026-01-18 17:00:00,17,6,228.48,18.682,3918.43,0.918,49.954,POWER_SPIKE
2026-01-18 17:15:00,17,6,230.74,22.688,5057.07,0.966,50.066,POWER_SPIKE
2026-01-18 17:30:00,17,6,224.95,14.136,3039.95,0.956,50.055,POWER_SPIKE
2026-01-18 17:45:00,17,6,227.52,11.097,2486.81,0.985,50.01,POWER_SPIKE
2026-01-18 18:00:00,18,6,230.21,15.805,3412.82,0.938,50.021,POWER_SPIKE
2026-01-18 18:15:00,18,6,229.58,15.058,3401.79,0.984,49.996,POWER_SPIKE
2026-01-18 18:30:00,18,6,231.34,14.986,3335.02,0.962,50.065,POWER_SPIKE
2026-01-18 18:45:00,18,6,233.13,17.754,4018.99,0.971,50.029,POWER_SPIKE
2026-01-18 19:00:00,19,6,230.5,17.903,3936.83,0.954,49.935,POWER_SPIKE
2026-01-18 19:15:00,19,6,231.7,19.845,4253.17,0.925,49.882,POWER_SPIKE
2026-01-18 19:30:00,19,6,232.1,10.78,2467.01,0.986,49.98,POWER_SPIKE
2026-01-18 19:45:00,19,6,234.41,8.485,1871.52,0.941,49.893,POWER_SPIKE
2026-01-18 20:00:00,20,6,234.08,15.309,3422.34,0.955,50.014,POWER_SPIKE
2026-01-18 20:15:00,20,6,230.1,20.771,4454.4,0.932,50.059,POWER_SPIKE
2026-01-18 20:30:00,20,6,225.57,16.991,3713.83,0.969,50.009,POWER_SPIKE
2026-01-18 20:45:00,20,6,230.72,18.157,3967.16,0.947,49.962,POWER_SPIKE
2026-01-18 21:00:00,21,6,229.77,11.368,2557.13,0.979,49.971,POWER_SPIKE
2026-01-18 21:15:00,21,6,228.05,16.663,3663.2,0.964,50.107,POWER_SPIKE
2026-01-18 21:30:00,21,6,230.94,22.364,4829.02,0.935,49.972,POWER_SPIKE
2026-01-18 21:45:00,21,6,227.59,25.82,5682.36,0.967,50.034,POWER_SPIKE
2026-01-18 22:00:00,22,6,230.15,7.445,1675.69,0.978,50.052,POWER_SPIKE
2026-01-18 22:15:00,22,6,228.67,5.31,1103.69,0.909,49.999,POWER_SPIKE
2026-01-18 22:30:00,22,6,230.42,5.537,1178.85,0.924,49.995,POWER_SPIKE
2026-01-18 22:45:00,22,6,226.88,6.989,1512.78,0.954,50.114,POWER_SPIKE
2026-01-18 23:00:00,23,6,228.07,6.521,1342.93,0.903,50.027,POWER_SPIKE
2026-01-18 23:15:00,23,6,225.95,7.203,1513.66,0.93,50.051,POWER_SPIKE
2026-01-18 23:30:00,23,6,233.29,4.544,1009.18,0.952,50.018,POWER_SPIKE
2026-01-18 23:45:00,23,6,227.44,9.612,2059.42,0.942,49.937,POWER_SPIKE
2026-01-19 00:00:00,0,0,230.32,1.374,294.63,0.931,50.069,POWER_SPIKE
2026-01-19 00:15:00,0,0,227.08,3.092,654.42,0.932,50.019,POWER_SPIKE
2026-01-19 00:30:00,0,0,227.06,1.505,316.47,0.926,50.045,POWER_SPIKE
2026-01-19 00:45:00,0,0,228.03,4.396,963.32,0.961,50.002,POWER_SPIKE
2026-01-19 01:00:00,1,0,230.01,4.439,940.34,0.921,49.958,POWER_SPIKE
2026-01-19 01:15:00,1,0,226.17,3.572,771.59,0.955,50.033,POWER_SPIKE
2026-01-19 01:30:00,1,0,226.84,1.602,350.66,0.965,49.982,POWER_SPIKE
2026-01-19 01:45:00,1,0,232.32,2.168,459.88,0.913,50.003,POWER_SPIKE
2026-01-19 02:00:00,2,0,230.89,2.17,482.52,0.963,50.005,POWER_SPIKE
2026-01-19 02:15:00,2,0,229.67,2.2,483.04,0.956,50.0,POWER_SPIKE
2026-01-19 02:30:00,2,0,232.02,3.875,858.63,0.955,49.96,POWER_SPIKE
2026-01-19 02:45:00,2,0,233.71,3.048,673.94,0.946,50.003,POWER_SPIKE
2026-01-19 03:00:00,3,0,234.61,1.644,365.2,0.947,50.014,POWER_SPIKE
2026-01-19 03:15:00,3,0,229.1,1.525,334.31,0.957,50.026,POWER_SPIKE
2026-01-19 03:30:00,3,0,225.89,2.283,489.88,0.95,50.023,POWER_SPIKE
2026-01-19 03:45:00,3,0,234.48,2.123,456.05,0.916,49.997,POWER_SPIKE
2026-01-19 04:00:00,4,0,228.23,4.364,908.42,0.912,50.009,POWER_SPIKE
2026-01-19 04:15:00,4,0,228.64,2.007,445.99,0.972,49.977,POWER_SPIKE
2026-01-19 04:30:00,4,0,228.37,2.265,497.63,0.962,50.019,POWER_SPIKE
2026-01-19 04:45:00,4,0,229.44,3.847,858.85,0.973,50.062,POWER_SPIKE
2026-01-19 05:00:00,5,0,228.89,3.637,787.47,0.946,49.941,POWER_SPIKE
2026-01-19 05:15:00,5,0,231.14,2.269,506.02,0.965,49.954,POWER_SPIKE
2026-01-19 05:30:00,5,0,227.23,2.98,618.19,0.913,50.025,POWER_SPIKE
2026-01-19 05:45:00,5,0,230.01,1.645,364.02,0.962,50.031,POWER_SPIKE
2026-01-19 06:00:00,6,0,228.78,5.633,1183.06,0.918,49.993,POWER_SPIKE
2026-01-19 06:15:00,6,0,228.99,9.038,1951.59,0.943,50.013,POWER_SPIKE
2026-01-19 06:30:00,6,0,230.14,9.309,1962.35,0.916,49.918,POWER_SPIKE
2026-01-19 06:45:00,6,0,231.49,5.193,1160.07,0.965,49.984,POWER_SPIKE
2026-01-19 07:00:00,7,0,228.44,11.948,2614.8,0.958,49.97,POWER_SPIKE
2026-01-19 07:15:00,7,0,229.0,6.539,1430.12,0.955,49.958,POWER_SPIKE
2026-01-19 07:30:00,7,0,227.91,12.346,2729.3,0.97,49.974,POWER_SPIKE
2026-01-19 07:45:00,7,0,227.09,16.231,3409.55,0.925,50.04,POWER_SPIKE
2026-01-19 08:00:00,8,0,231.1,12.281,2650.75,0.934,50.001,POWER_SPIKE
2026-01-19 08:15:00,8,0,228.28,12.998,2682.29,0.904,50.028,POWER_SPIKE
2026-01-19 08:30:00,8,0,225.88,8.801,1894.54,0.953,49.994,POWER_SPIKE
2026-01-19 08:45:00,8,0,228.93,9.505,2021.54,0.929,50.006,POWER_SPIKE
2026-01-19 09:00:00,9,0,231.55,10.551,2250.16,0.921,50.056,POWER_SPIKE
2026-01-19 09:15:00,9,0,230.23,8.296,1806.76,0.946,50.081,POWER_SPIKE
2026-01-19 09:30:00,9,0,230.35,6.139,1336.39,0.945,50.028,POWER_SPIKE
2026-01-19 09:45:00,9,0,229.51,10.759,2264.45,0.917,50.017,POWER_SPIKE
2026-01-19 10:00:00,10,0,228.31,14.076,3040.24,0.946,50.076,POWER_SPIKE
2026-01-19 10:15:00,10,0,230.34,8.631,1882.71,0.947,49.941,POWER_SPIKE
2026-01-19 10:30:00,10,0,228.49,15.04,3378.15,0.983,50.067,POWER_SPIKE
2026-01-19 10:45:00,10,0,229.44,5.508,1211.97,0.959,50.049,POWER_SPIKE
2026-01-19 11:00:00,11,0,228.53,8.157,1757.8,0.943,49.927,POWER_SPIKE
2026-01-19 11:15:00,11,0,233.11,7.246,1540.37,0.912,50.022,POWER_SPIKE
2026-01-19 11:30:00,11,0,233.02,10.027,2135.62,0.914,50.064,POWER_SPIKE
2026-01-19 11:45:00,11,0,230.95,6.876,1430.85,0.901,50.0,POWER_SPIKE
2026-01-19 12:00:00,12,0,231.57,9.176,1971.91,0.928,50.015,POWER_SPIKE
2026-01-19 12:15:00,12,0,229.09,5.317,1176.72,0.966,50.065,POWER_SPIKE
2026-01-19 12:30:00,12,0,230.9,11.945,2501.58,0.907,50.068,POWER_SPIKE
2026-01-19 12:45:00,12,0,232.02,5.207,1169.47,0.968,49.976,POWER_SPIKE
2026-01-19 13:00:00,13,0,231.65,7.944,1729.83,0.94,50.014,POWER_SPIKE
2026-01-19 13:15:00,13,0,230.01,6.648,1390.02,0.909,50.031,POWER_SPIKE
2026-01-19 13:30:00,13,0,229.87,6.449,1384.67,0.934,50.029,POWER_SPIKE
2026-01-19 13:45:00,13,0,227.11,5.245,1120.88,0.941,49.974,POWER_SPIKE
2026-01-19 14:00:00,14,0,233.03,9.354,2068.56,0.949,50.037,POWER_SPIKE
2026-01-19 14:15:00,14,0,226.75,14.452,3087.03,0.942,49.978,POWER_SPIKE
2026-01-19 14:30:00,14,0,232.05,10.733,2288.86,0.919,50.051,POWER_SPIKE
2026-01-19 14:45:00,14,0,233.15,6.606,1517.08,0.985,50.023,POWER_SPIKE
2026-01-19 15:00:00,15,0,234.04,5.023,1083.94,0.922,49.972,POWER_SPIKE
2026-01-19 15:15:00,15,0,228.57,10.795,2351.43,0.953,50.096,POWER_SPIKE
2026-01-19 15:30:00,15,0,230.79,4.492,999.28,0.964,50.002,POWER_SPIKE
2026-01-19 15:45:00,15,0,229.48,10.455,2322.43,0.968,50.026,POWER_SPIKE
2026-01-19 16:00:00,16,0,228.66,9.151,2044.43,0.977,49.941,POWER_SPIKE
2026-01-19 16:15:00,16,0,230.39,7.002,1582.54,0.981,49.988,POWER_SPIKE
2026-01-19 16:30:00,16,0,232.26,7.528,1666.36,0.953,49.948,POWER_SPIKE
2026-01-19 16:45:00,16,0,231.22,6.987,1554.04,0.962,49.959,POWER_SPIKE
2026-01-19 17:00:00,17,0,231.71,12.676,2796.19,0.952,49.962,POWER_SPIKE
2026-01-19 17:15:00,17,0,229.5,13.755,3033.59,0.961,49.997,POWER_SPIKE
2026-01-19 17:30:00,17,0,225.44,15.653,3345.38,0.948,49.958,POWER_SPIKE
2026-01-19 17:45:00,17,0,226.78,19.052,4057.09,0.939,50.049,POWER_SPIKE
2026-01-19 18:00:00,18,0,231.74,15.264,3303.83,0.934,50.074,POWER_SPIKE
2026-01-19 18:15:00,18,0,230.25,18.847,4005.48,0.923,50.06,POWER_SPIKE
2026-01-19 18:30:00,18,0,232.03,13.318,3018.99,0.977,49.962,POWER_SPIKE
2026-01-19 18:45:00,18,0,228.07,17.594,3836.16,0.956,50.024,POWER_SPIKE
2026-01-19 19:00:00,19,0,231.71,15.672,3268.27,0.9,49.954,POWER_SPIKE
2026-01-19 19:15:00,19,0,232.41,12.998,2954.3,0.978,49.896,POWER_SPIKE
2026-01-19 19:30:00,19,0,228.06,14.115,3161.12,0.982,50.003,POWER_SPIKE
2026-01-19 19:45:00,19,0,225.92,27.32,5696.93,0.923,50.041,POWER_SPIKE
2026-01-19 20:00:00,20,0,230.6,21.813,4823.82,0.959,50.019,POWER_SPIKE
2026-01-19 20:15:00,20,0,228.99,16.759,3515.22,0.916,49.981,POWER_SPIKE
2026-01-19 20:30:00,20,0,228.09,18.062,4037.41,0.98,49.996,POWER_SPIKE
2026-01-19 20:45:00,20,0,226.55,20.374,4472.67,0.969,50.011,POWER_SPIKE
2026-01-19 21:00:00,21,0,228.77,16.815,3800.56,0.988,50.012,POWER_SPIKE
2026-01-19 21:15:00,21,0,230.43,17.256,3765.58,0.947,49.944,POWER_SPIKE
2026-01-19 21:30:00,21,0,229.76,16.588,3624.56,0.951,50.025,POWER_SPIKE
2026-01-19 21:45:00,21,0,226.17,8.397,1868.79,0.984,49.959,POWER_SPIKE
2026-01-19 22:00:00,22,0,233.11,5.551,1260.35,0.974,50.037,POWER_SPIKE
2026-01-19 22:15:00,22,0,226.94,6.835,1495.27,0.964,50.124,POWER_SPIKE
2026-01-19 22:30:00,22,0,227.74,10.629,2335.87,0.965,49.984,POWER_SPIKE
2026-01-19 22:45:00,22,0,229.51,7.91,1681.01,0.926,50.017,POWER_SPIKE
2026-01-19 23:00:00,23,0,231.43,7.943,1726.14,0.939,50.025,POWER_SPIKE
2026-01-19 23:15:00,23,0,227.44,6.106,1354.01,0.975,50.002,POWER_SPIKE
2026-01-19 23:30:00,23,0,227.3,9.733,2019.84,0.913,49.951,POWER_SPIKE
2026-01-19 23:45:00,23,0,230.36,10.385,2246.46,0.939,49.974,POWER_SPIKE
2026-01-20 00:00:00,0,1,231.09,2.101,471.91,0.972,50.041,POWER_SPIKE
2026-01-20 00:15:00,0,1,231.28,3.125,680.06,0.941,50.057,POWER_SPIKE
2026-01-20 00:30:00,0,1,229.53,4.38,923.91,0.919,49.883,POWER_SPIKE
2026-01-20 00:45:00,0,1,226.09,3.49,774.89,0.982,50.041,POWER_SPIKE
2026-01-20 01:00:00,1,1,231.95,4.075,855.4,0.905,50.066,POWER_SPIKE
2026-01-20 01:15:00,1,1,229.26,3.192,691.64,0.945,50.043,POWER_SPIKE
2026-01-20 01:30:00,1,1,232.31,2.396,537.7,0.966,50.064,POWER_SPIKE
2026-01-20 01:45:00,1,1,230.08,2.255,485.6,0.936,50.025,POWER_SPIKE
2026-01-20 02:00:00,2,1,228.44,2.785,617.17,0.97,50.027,POWER_SPIKE
2026-01-20 02:15:00,2,1,228.29,1.418,305.33,0.943,49.982,POWER_SPIKE
2026-01-20 02:30:00,2,1,229.51,2.867,644.74,0.98,49.922,POWER_SPIKE
2026-01-20 02:45:00,2,1,232.26,3.928,887.64,0.973,49.966,POWER_SPIKE
2026-01-20 03:00:00,3,1,232.37,3.827,878.57,0.988,49.982,POWER_SPIKE
2026-01-20 03:15:00,3,1,231.71,2.33,529.08,0.98,50.005,POWER_SPIKE
2026-01-20 03:30:00,3,1,229.96,1.613,353.59,0.953,49.878,POWER_SPIKE
2026-01-20 03:45:00,3,1,232.45,2.815,633.37,0.968,50.081,POWER_SPIKE
2026-01-20 04:00:00,4,1,230.67,4.015,910.31,0.983,49.974,POWER_SPIKE
2026-01-20 04:15:00,4,1,228.63,2.677,602.28,0.984,50.055,POWER_SPIKE
2026-01-20 04:30:00,4,1,229.4,3.29,703.45,0.932,50.067,POWER_SPIKE
2026-01-20 04:45:00,4,1,229.22,1.859,391.26,0.918,49.914,POWER_SPIKE
2026-01-20 05:00:00,5,1,229.25,5.36,1174.81,0.956,50.035,POWER_SPIKE
2026-01-20 05:15:00,5,1,230.83,1.323,299.83,0.982,50.029,POWER_SPIKE
2026-01-20 05:30:00,5,1,230.88,1.527,328.24,0.931,49.991,POWER_SPIKE
2026-01-20 05:45:00,5,1,227.36,1.459,325.4,0.981,49.938,POWER_SPIKE
2026-01-20 06:00:00,6,1,232.34,14.255,3153.1,0.952,49.937,POWER_SPIKE
2026-01-20 06:15:00,6,1,229.62,6.983,1529.67,0.954,50.018,POWER_SPIKE
2026-01-20 06:30:00,6,1,229.55,14.621,3121.4,0.93,49.885,POWER_SPIKE
2026-01-20 06:45:00,6,1,229.34,4.82,1075.57,0.973,49.982,POWER_SPIKE
2026-01-20 07:00:00,7,1,232.67,11.499,2622.02,0.98,50.002,POWER_SPIKE
2026-01-20 07:15:00,7,1,233.51,11.575,2494.79,0.923,49.977,POWER_SPIKE
2026-01-20 07:30:00,7,1,228.94,8.649,1908.85,0.964,50.02,POWER_SPIKE
2026-01-20 07:45:00,7,1,226.91,14.376,3170.79,0.972,50.054,POWER_SPIKE
2026-01-20 08:00:00,8,1,228.41,11.939,2675.19,0.981,49.966,POWER_SPIKE
2026-01-20 08:15:00,8,1,227.28,9.123,1994.75,0.962,50.02,POWER_SPIKE
2026-01-20 08:30:00,8,1,231.64,8.754,1861.45,0.918,49.969,POWER_SPIKE
2026-01-20 08:45:00,8,1,227.52,8.892,1853.15,0.916,50.029,POWER_SPIKE
2026-01-20 09:00:00,9,1,235.65,9.239,2072.69,0.952,49.939,POWER_SPIKE
2026-01-20 09:15:00,9,1,230.7,9.137,1987.84,0.943,50.043,POWER_SPIKE
2026-01-20 09:30:00,9,1,233.82,6.283,1416.13,0.964,49.999,POWER_SPIKE
2026-01-20 09:45:00,9,1,232.49,4.657,1041.48,0.962,50.015,POWER_SPIKE
2026-01-20 10:00:00,10,1,230.36,11.378,2426.98,0.926,50.058,POWER_SPIKE
2026-01-20 10:15:00,10,1,232.96,11.986,2649.9,0.949,49.912,POWER_SPIKE
2026-01-20 10:30:00,10,1,228.53,8.108,1741.64,0.94,50.045,POWER_SPIKE
2026-01-20 10:45:00,10,1,229.57,4.544,1002.47,0.961,50.109,POWER_SPIKE
2026-01-20 11:00:00,11,1,232.92,8.22,1822.75,0.952,50.035,POWER_SPIKE
2026-01-20 11:15:00,11,1,230.79,5.431,1198.37,0.956,50.002,POWER_SPIKE
2026-01-20 11:30:00,11,1,230.48,8.37,1772.86,0.919,50.031,POWER_SPIKE
2026-01-20 11:45:00,11,1,229.04,11.608,2610.81,0.982,50.047,POWER_SPIKE
2026-01-20 12:00:00,12,1,229.48,8.352,1862.91,0.972,50.039,POWER_SPIKE
2026-01-20 12:15:00,12,1,229.6,6.476,1393.23,0.937,49.979,POWER_SPIKE
2026-01-20 12:30:00,12,1,229.9,11.283,2344.94,0.904,50.07,POWER_SPIKE
2026-01-20 12:45:00,12,1,227.45,13.791,3039.58,0.969,50.009,POWER_SPIKE
2026-01-20 13:00:00,13,1,229.35,10.407,2265.02,0.949,50.06,POWER_SPIKE
2026-01-20 13:15:00,13,1,231.83,10.776,2330.92,0.933,49.997,POWER_SPIKE
2026-01-20 13:30:00,13,1,229.91,8.236,1736.45,0.917,50.064,POWER_SPIKE
2026-01-20 13:45:00,13,1,231.08,10.205,2200.15,0.933,50.008,POWER_SPIKE
2026-01-20 14:00:00,14,1,233.06,6.657,1529.73,0.986,49.98,POWER_SPIKE
2026-01-20 14:15:00,14,1,230.01,6.695,1472.2,0.956,49.925,POWER_SPIKE
2026-01-20 14:30:00,14,1,226.14,10.74,2319.49,0.955,49.972,POWER_SPIKE
2026-01-20 14:45:00,14,1,232.99,8.952,1931.44,0.926,50.079,POWER_SPIKE
2026-01-20 15:00:00,15,1,228.87,6.458,1410.16,0.954,49.963,POWER_SPIKE
2026-01-20 15:15:00,15,1,229.57,6.916,1565.42,0.986,50.034,POWER_SPIKE
2026-01-20 15:30:00,15,1,230.96,5.82,1274.37,0.948,49.966,POWER_SPIKE
2026-01-20 15:45:00,15,1,225.28,8.493,1735.4,0.907,50.008,POWER_SPIKE
2026-01-20 16:00:00,16,1,232.4,5.393,1161.93,0.927,49.919,POWER_SPIKE
2026-01-20 16:15:00,16,1,232.02,7.262,1563.63,0.928,50.042,POWER_SPIKE
2026-01-20 16:30:00,16,1,227.6,9.773,2102.07,0.945,49.936,POWER_SPIKE
2026-01-20 16:45:00,16,1,232.37,7.733,1687.25,0.939,50.019,POWER_SPIKE
2026-01-20 17:00:00,17,1,230.4,17.467,3803.05,0.945,50.009,POWER_SPIKE
2026-01-20 17:15:00,17,1,229.02,8.779,1885.95,0.938,49.977,POWER_SPIKE
2026-01-20 17:30:00,17,1,232.23,13.559,2843.4,0.903,50.015,POWER_SPIKE
2026-01-20 17:45:00,17,1,228.22,14.523,3098.9,0.935,50.017,POWER_SPIKE
2026-01-20 18:00:00,18,1,230.14,17.021,3580.27,0.914,49.931,POWER_SPIKE
2026-01-20 18:15:00,18,1,227.63,9.119,1890.99,0.911,49.958,POWER_SPIKE
2026-01-20 18:30:00,18,1,229.05,23.172,5100.47,0.961,49.978,POWER_SPIKE
2026-01-20 18:45:00,18,1,230.2,23.25,4827.67,0.902,49.952,POWER_SPIKE
2026-01-20 19:00:00,19,1,227.77,15.136,3337.16,0.968,50.031,POWER_SPIKE
2026-01-20 19:15:00,19,1,228.8,14.526,3230.38,0.972,49.967,POWER_SPIKE
2026-01-20 19:30:00,19,1,227.31,17.252,3658.91,0.933,49.954,POWER_SPIKE
2026-01-20 19:45:00,19,1,228.32,20.117,4395.66,0.957,50.08,POWER_SPIKE
2026-01-20 20:00:00,20,1,229.9,10.368,2340.75,0.982,50.004,POWER_SPIKE
2026-01-20 20:15:00,20,1,226.99,10.563,2191.45,0.914,49.993,POWER_SPIKE
2026-01-20 20:30:00,20,1,224.65,20.661,4298.08,0.926,50.056,POWER_SPIKE
2026-01-20 20:45:00,20,1,231.06,12.299,2773.7,0.976,49.928,POWER_SPIKE
2026-01-20 21:00:00,21,1,228.99,16.712,3719.66,0.972,49.905,POWER_SPIKE
2026-01-20 21:15:00,21,1,231.14,14.345,3229.5,0.974,50.026,POWER_SPIKE
2026-01-20 21:30:00,21,1,229.62,14.85,3177.88,0.932,49.907,POWER_SPIKE
2026-01-20 21:45:00,21,1,226.89,15.157,3101.96,0.902,50.077,POWER_SPIKE
2026-01-20 22:00:00,22,1,232.99,7.488,1633.04,0.936,49.996,POWER_SPIKE
2026-01-20 22:15:00,22,1,225.15,11.104,2372.48,0.949,50.027,POWER_SPIKE
2026-01-20 22:30:00,22,1,232.95,8.985,1913.06,0.914,50.014,POWER_SPIKE
2026-01-20 22:45:00,22,1,227.69,9.899,2050.99,0.91,50.019,POWER_SPIKE
2026-01-20 23:00:00,23,1,228.4,10.419,2151.34,0.904,50.093,POWER_SPIKE
2026-01-20 23:15:00,23,1,229.17,6.61,1402.73,0.926,50.065,POWER_SPIKE
2026-01-20 23:30:00,23,1,232.01,9.692,2057.53,0.915,49.985,POWER_SPIKE
2026-01-20 23:45:00,23,1,229.65,7.199,1567.33,0.948,50.009,POWER_SPIKE
2026-01-21 00:00:00,0,2,229.21,3.046,686.3,0.983,50.038,POWER_SPIKE
2026-01-21 00:15:00,0,2,228.45,3.489,758.07,0.951,50.014,POWER_SPIKE
2026-01-21 00:30:00,0,2,229.62,4.111,862.82,0.914,49.976,POWER_SPIKE
2026-01-21 00:45:00,0,2,231.43,4.678,991.67,0.916,50.004,POWER_SPIKE
2026-01-21 01:00:00,1,2,231.99,3.533,790.15,0.964,50.012,POWER_SPIKE
2026-01-21 01:15:00,1,2,225.43,3.326,732.53,0.977,50.011,POWER_SPIKE
2026-01-21 01:30:00,1,2,230.57,2.207,477.89,0.939,50.018,POWER_SPIKE
2026-01-21 01:45:00,1,2,226.03,1.456,304.05,0.924,49.947,POWER_SPIKE
2026-01-21 02:00:00,2,2,230.36,2.543,575.22,0.982,50.037,POWER_SPIKE
2026-01-21 02:15:00,2,2,228.54,1.706,353.33,0.906,49.919,POWER_SPIKE
2026-01-21 02:30:00,2,2,227.24,2.812,620.57,0.971,49.981,POWER_SPIKE
2026-01-21 02:45:00,2,2,234.03,2.663,597.6,0.959,49.985,POWER_SPIKE
2026-01-21 03:00:00,3,2,229.45,4.572,999.65,0.953,50.034,POWER_SPIKE
2026-01-21 03:15:00,3,2,230.08,4.064,850.8,0.91,50.03,POWER_SPIKE
2026-01-21 03:30:00,3,2,232.21,3.097,703.3,0.978,50.009,POWER_SPIKE
2026-01-21 03:45:00,3,2,228.72,3.076,650.07,0.924,49.987,POWER_SPIKE
2026-01-21 04:00:00,4,2,229.48,3.327,724.59,0.949,50.014,POWER_SPIKE
2026-01-21 04:15:00,4,2,232.21,2.909,626.13,0.927,49.98,POWER_SPIKE
2026-01-21 04:30:00,4,2,227.52,2.724,576.91,0.931,50.027,POWER_SPIKE
2026-01-21 04:45:00,4,2,234.64,1.535,334.97,0.93,50.033,POWER_SPIKE
2026-01-21 05:00:00,5,2,230.55,2.592,558.74,0.935,49.926,POWER_SPIKE
2026-01-21 05:15:00,5,2,229.45,3.668,817.98,0.972,50.042,POWER_SPIKE
2026-01-21 05:30:00,5,2,230.92,1.302,279.61,0.93,49.983,POWER_SPIKE
2026-01-21 05:45:00,5,2,232.05,2.693,571.78,0.915,49.939,POWER_SPIKE
2026-01-21 06:00:00,6,2,227.25,14.769,3057.64,0.911,50.073,POWER_SPIKE
2026-01-21 06:15:00,6,2,230.41,10.538,2384.39,0.982,50.049,POWER_SPIKE
2026-01-21 06:30:00,6,2,227.79,9.034,1996.16,0.97,49.947,POWER_SPIKE
2026-01-21 06:45:00,6,2,233.8,8.5,1850.12,0.931,49.917,POWER_SPIKE
2026-01-21 07:00:00,7,2,226.8,9.663,2156.52,0.984,49.99,POWER_SPIKE
2026-01-21 07:15:00,7,2,231.07,9.618,2151.25,0.968,49.897,POWER_SPIKE
2026-01-21 07:30:00,7,2,230.26,8.701,1911.27,0.954,49.977,POWER_SPIKE
2026-01-21 07:45:00,7,2,228.76,13.291,2827.55,0.93,50.053,POWER_SPIKE
2026-01-21 08:00:00,8,2,228.95,12.15,2564.67,0.922,49.919,POWER_SPIKE
2026-01-21 08:15:00,8,2,231.1,11.312,2486.02,0.951,49.941,POWER_SPIKE
2026-01-21 08:30:00,8,2,231.3,10.569,2219.75,0.908,49.989,POWER_SPIKE
2026-01-21 08:45:00,8,2,234.15,7.401,1616.84,0.933,49.968,POWER_SPIKE
2026-01-21 09:00:00,9,2,229.35,9.483,2007.43,0.923,49.946,POWER_SPIKE
2026-01-21 09:15:00,9,2,230.09,10.573,2252.76,0.926,50.015,POWER_SPIKE
2026-01-21 09:30:00,9,2,229.34,4.454,986.72,0.966,49.888,POWER_SPIKE
2026-01-21 09:45:00,9,2,230.7,6.913,1524.73,0.956,49.969,POWER_SPIKE
2026-01-21 10:00:00,10,2,229.42,8.642,1958.86,0.988,49.994,POWER_SPIKE
2026-01-21 10:15:00,10,2,231.05,12.127,2642.29,0.943,49.941,POWER_SPIKE
2026-01-21 10:30:00,10,2,230.73,13.325,2865.32,0.932,49.959,POWER_SPIKE
2026-01-21 10:45:00,10,2,231.72,8.165,1797.3,0.95,49.952,POWER_SPIKE
2026-01-21 11:00:00,11,2,229.59,11.054,2406.01,0.948,50.068,POWER_SPIKE
2026-01-21 11:15:00,11,2,233.21,8.3,1786.62,0.923,49.958,POWER_SPIKE
2026-01-21 11:30:00,11,2,225.01,9.552,2013.82,0.937,49.993,POWER_SPIKE
2026-01-21 11:45:00,11,2,231.78,6.579,1408.98,0.924,50.017,POWER_SPIKE
2026-01-21 12:00:00,12,2,230.46,8.304,1722.43,0.9,50.072,POWER_SPIKE
2026-01-21 12:15:00,12,2,229.5,8.661,1828.73,0.92,49.997,POWER_SPIKE
2026-01-21 12:30:00,12,2,230.05,4.455,974.64,0.951,50.026,POWER_SPIKE
2026-01-21 12:45:00,12,2,229.66,8.711,1950.57,0.975,49.922,POWER_SPIKE
2026-01-21 13:00:00,13,2,230.5,7.899,1778.95,0.977,49.95,POWER_SPIKE
2026-01-21 13:15:00,13,2,233.59,8.789,1898.96,0.925,49.951,POWER_SPIKE
2026-01-21 13:30:00,13,2,231.81,7.853,1693.08,0.93,49.981,POWER_SPIKE
2026-01-21 13:45:00,13,2,228.6,14.176,3004.16,0.927,50.015,POWER_SPIKE
2026-01-21 14:00:00,14,2,230.08,10.387,2232.18,0.934,49.991,POWER_SPIKE
2026-01-21 14:15:00,14,2,230.16,8.636,1790.88,0.901,50.017,POWER_SPIKE
2026-01-21 14:30:00,14,2,233.05,9.229,2032.57,0.945,50.004,POWER_SPIKE
2026-01-21 14:45:00,14,2,235.62,14.286,3110.27,0.924,50.02,POWER_SPIKE
2026-01-21 15:00:00,15,2,230.14,8.134,1851.45,0.989,50.026,POWER_SPIKE
2026-01-21 15:15:00,15,2,228.46,12.349,2688.69,0.953,50.001,POWER_SPIKE
2026-01-21 15:30:00,15,2,229.12,11.467,2514.29,0.957,49.989,POWER_SPIKE
2026-01-21 15:45:00,15,2,227.94,11.254,2477.91,0.966,49.99,POWER_SPIKE
2026-01-21 16:00:00,16,2,227.07,5.923,1305.89,0.971,49.957,POWER_SPIKE
2026-01-21 16:15:00,16,2,230.11,7.36,1531.1,0.904,49.972,POWER_SPIKE
2026-01-21 16:30:00,16,2,232.85,6.685,1480.37,0.951,50.012,POWER_SPIKE
2026-01-21 16:45:00,16,2,230.31,10.407,2368.13,0.988,49.939,POWER_SPIKE
2026-01-21 17:00:00,17,2,230.68,16.634,3737.37,0.974,50.058,POWER_SPIKE
2026-01-21 17:15:00,17,2,226.8,13.82,3081.2,0.983,50.029,POWER_SPIKE
2026-01-21 17:30:00,17,2,230.08,12.344,2683.87,0.945,49.951,POWER_SPIKE
2026-01-21 17:45:00,17,2,229.81,15.661,3253.62,0.904,50.034,POWER_SPIKE
2026-01-21 18:00:00,18,2,231.17,14.045,3178.5,0.979,49.991,POWER_SPIKE
2026-01-21 18:15:00,18,2,229.28,18.176,3763.24,0.903,50.066,POWER_SPIKE
2026-01-21 18:30:00,18,2,229.88,23.356,4987.87,0.929,49.909,POWER_SPIKE
2026-01-21 18:45:00,18,2,230.85,16.755,3566.09,0.922,50.057,POWER_SPIKE
2026-01-21 19:00:00,19,2,229.68,20.328,4426.08,0.948,49.99,POWER_SPIKE
2026-01-21 19:15:00,19,2,229.63,8.786,1892.53,0.938,49.977,POWER_SPIKE
2026-01-21 19:30:00,19,2,228.71,13.626,3038.47,0.975,50.089,POWER_SPIKE
2026-01-21 19:45:00,19,2,230.45,17.341,3724.44,0.932,49.978,POWER_SPIKE
2026-01-21 20:00:00,20,2,230.85,11.15,2504.58,0.973,49.991,HIGH_CONSUMPTION
2026-01-21 20:15:00,20,2,229.35,10.182,2106.46,0.902,50.073,HIGH_CONSUMPTION
2026-01-21 20:30:00,20,2,227.92,8.711,1836.54,0.925,50.06,HIGH_CONSUMPTION
2026-01-21 20:45:00,20,2,228.37,13.66,2897.98,0.929,50.085,HIGH_CONSUMPTION
2026-01-21 21:00:00,21,2,230.93,10.913,2371.46,0.941,50.063,HIGH_CONSUMPTION
2026-01-21 21:15:00,21,2,233.45,7.443,1619.48,0.932,50.031,HIGH_CONSUMPTION
2026-01-21 21:30:00,21,2,231.43,6.023,1289.33,0.925,50.121,HIGH_CONSUMPTION
2026-01-21 21:45:00,21,2,230.8,7.016,1510.86,0.933,49.995,HIGH_CONSUMPTION
2026-01-21 22:00:00,22,2,231.31,5.89,1331.16,0.977,49.97,HIGH_CONSUMPTION
2026-01-21 22:15:00,22,2,229.07,5.252,1091.24,0.907,50.036,HIGH_CONSUMPTION
2026-01-21 22:30:00,22,2,229.33,4.226,918.8,0.948,50.037,HIGH_CONSUMPTION
2026-01-21 22:45:00,22,2,228.92,3.179,693.63,0.953,50.002,HIGH_CONSUMPTION
2026-01-21 23:00:00,23,2,232.32,3.731,840.68,0.97,50.089,HIGH_CONSUMPTION
2026-01-21 23:15:00,23,2,230.65,6.31,1343.25,0.923,49.977,HIGH_CONSUMPTION
2026-01-21 23:30:00,23,2,232.1,4.821,1039.55,0.929,50.024,HIGH_CONSUMPTION
2026-01-21 23:45:00,23,2,230.69,4.462,928.36,0.902,49.99,HIGH_CONSUMPTION
2026-01-22 00:00:00,0,3,228.56,1.783,375.69,0.922,49.934,HIGH_CONSUMPTION
2026-01-22 00:15:00,0,3,227.46,2.468,535.04,0.953,50.033,HIGH_CONSUMPTION
2026-01-22 00:30:00,0,3,225.08,1.337,295.85,0.983,50.061,HIGH_CONSUMPTION
2026-01-22 00:45:00,0,3,231.89,1.293,292.71,0.976,49.936,HIGH_CONSUMPTION
2026-01-22 01:00:00,1,3,231.05,2.09,473.14,0.98,50.027,HIGH_CONSUMPTION
2026-01-22 01:15:00,1,3,230.99,1.552,344.19,0.96,50.028,HIGH_CONSUMPTION
2026-01-22 01:30:00,1,3,229.25,2.696,575.4,0.931,50.083,HIGH_CONSUMPTION
2026-01-22 01:45:00,1,3,233.62,2.094,469.1,0.959,49.974,HIGH_CONSUMPTION
2026-01-22 02:00:00,2,3,227.68,2.224,466.37,0.921,50.0,HIGH_CONSUMPTION
2026-01-22 02:15:00,2,3,231.01,2.017,421.24,0.904,50.038,HIGH_CONSUMPTION
2026-01-22 02:30:00,2,3,230.5,1.841,406.03,0.957,50.043,HIGH_CONSUMPTION
2026-01-22 02:45:00,2,3,229.94,2.197,459.28,0.909,49.978,HIGH_CONSUMPTION
2026-01-22 03:00:00,3,3,230.2,1.117,239.71,0.932,49.997,HIGH_CONSUMPTION
2026-01-22 03:15:00,3,3,231.7,1.666,374.51,0.97,50.105,HIGH_CONSUMPTION
2026-01-22 03:30:00,3,3,227.76,1.755,381.81,0.955,50.019,HIGH_CONSUMPTION
2026-01-22 03:45:00,3,3,227.82,1.548,340.57,0.966,50.057,HIGH_CONSUMPTION
2026-01-22 04:00:00,4,3,228.58,1.647,356.07,0.946,49.979,HIGH_CONSUMPTION
2026-01-22 04:15:00,4,3,230.83,1.549,329.59,0.922,50.097,HIGH_CONSUMPTION
2026-01-22 04:30:00,4,3,232.34,1.934,439.04,0.977,50.024,HIGH_CONSUMPTION
2026-01-22 04:45:00,4,3,228.21,1.13,247.07,0.958,50.02,HIGH_CONSUMPTION
2026-01-22 05:00:00,5,3,227.84,2.535,529.68,0.917,50.023,HIGH_CONSUMPTION
2026-01-22 05:15:00,5,3,231.8,2.425,533.51,0.949,50.071,HIGH_CONSUMPTION
2026-01-22 05:30:00,5,3,226.96,1.358,289.68,0.94,49.919,HIGH_CONSUMPTION
2026-01-22 05:45:00,5,3,230.27,2.142,474.55,0.962,49.978,HIGH_CONSUMPTION
2026-01-22 06:00:00,6,3,230.44,5.674,1247.29,0.954,49.961,HIGH_CONSUMPTION
2026-01-22 06:15:00,6,3,232.58,7.392,1557.6,0.906,49.99,HIGH_CONSUMPTION
2026-01-22 06:30:00,6,3,228.76,6.184,1349.5,0.954,49.9,HIGH_CONSUMPTION
2026-01-22 06:45:00,6,3,230.12,7.881,1712.02,0.944,49.958,HIGH_CONSUMPTION
2026-01-22 07:00:00,7,3,235.21,3.963,851.07,0.913,49.94,HIGH_CONSUMPTION
2026-01-22 07:15:00,7,3,233.47,7.204,1591.01,0.946,50.056,HIGH_CONSUMPTION
2026-01-22 07:30:00,7,3,230.22,6.712,1409.2,0.912,49.983,HIGH_CONSUMPTION
2026-01-22 07:45:00,7,3,232.72,6.179,1380.36,0.96,49.936,HIGH_CONSUMPTION
2026-01-22 08:00:00,8,3,229.85,6.659,1409.64,0.921,49.988,HIGH_CONSUMPTION
2026-01-22 08:15:00,8,3,229.18,6.929,1538.85,0.969,50.054,HIGH_CONSUMPTION
2026-01-22 08:30:00,8,3,228.67,5.962,1236.58,0.907,50.005,HIGH_CONSUMPTION
2026-01-22 08:45:00,8,3,230.52,5.209,1101.14,0.917,50.029,HIGH_CONSUMPTION
2026-01-22 09:00:00,9,3,227.05,8.396,1732.82,0.909,49.976,HIGH_CONSUMPTION
2026-01-22 09:15:00,9,3,229.84,6.113,1386.69,0.987,50.038,HIGH_CONSUMPTION
2026-01-22 09:30:00,9,3,229.94,7.992,1707.11,0.929,49.962,HIGH_CONSUMPTION
2026-01-22 09:45:00,9,3,228.9,5.361,1193.97,0.973,50.002,HIGH_CONSUMPTION
2026-01-22 10:00:00,10,3,230.61,3.3,739.05,0.971,50.026,HIGH_CONSUMPTION
2026-01-22 10:15:00,10,3,229.7,8.226,1796.92,0.951,50.007,HIGH_CONSUMPTION
2026-01-22 10:30:00,10,3,229.15,3.598,799.8,0.97,49.991,HIGH_CONSUMPTION
2026-01-22 10:45:00,10,3,233.08,4.173,880.23,0.905,50.008,HIGH_CONSUMPTION
2026-01-22 11:00:00,11,3,228.87,7.821,1653.89,0.924,50.018,HIGH_CONSUMPTION
2026-01-22 11:15:00,11,3,229.4,3.368,720.14,0.932,49.999,HIGH_CONSUMPTION
2026-01-22 11:30:00,11,3,230.7,4.171,867.02,0.901,49.977,HIGH_CONSUMPTION
2026-01-22 11:45:00,11,3,227.77,6.074,1312.97,0.949,50.016,HIGH_CONSUMPTION
2026-01-22 12:00:00,12,3,229.41,6.821,1437.96,0.919,49.991,HIGH_CONSUMPTION
2026-01-22 12:15:00,12,3,231.58,6.927,1447.02,0.902,49.957,HIGH_CONSUMPTION
2026-01-22 12:30:00,12,3,226.35,3.591,745.33,0.917,50.008,HIGH_CONSUMPTION
2026-01-22 12:45:00,12,3,234.02,6.159,1314.52,0.912,49.953,HIGH_CONSUMPTION
2026-01-22 13:00:00,13,3,229.13,5.411,1187.79,0.958,50.014,HIGH_CONSUMPTION
2026-01-22 13:15:00,13,3,224.79,4.385,899.0,0.912,49.958,HIGH_CONSUMPTION
2026-01-22 13:30:00,13,3,229.3,5.04,1142.85,0.989,49.986,HIGH_CONSUMPTION
2026-01-22 13:45:00,13,3,232.27,3.945,850.36,0.928,49.946,HIGH_CONSUMPTION
2026-01-22 14:00:00,14,3,233.9,6.669,1483.47,0.951,49.993,HIGH_CONSUMPTION
2026-01-22 14:15:00,14,3,232.25,5.217,1136.43,0.938,50.002,HIGH_CONSUMPTION
2026-01-22 14:30:00,14,3,229.67,5.982,1312.03,0.955,49.923,HIGH_CONSUMPTION
2026-01-22 14:45:00,14,3,229.93,7.121,1589.76,0.971,50.066,HIGH_CONSUMPTION
2026-01-22 15:00:00,15,3,225.28,4.69,1031.16,0.976,49.989,HIGH_CONSUMPTION
2026-01-22 15:15:00,15,3,229.39,3.819,798.14,0.911,49.905,HIGH_CONSUMPTION
2026-01-22 15:30:00,15,3,228.48,4.798,1083.2,0.988,50.006,HIGH_CONSUMPTION
2026-01-22 15:45:00,15,3,230.71,6.044,1299.51,0.932,50.008,HIGH_CONSUMPTION
2026-01-22 16:00:00,16,3,229.7,6.337,1376.99,0.946,49.902,HIGH_CONSUMPTION
2026-01-22 16:15:00,16,3,228.09,5.88,1216.47,0.907,50.029,HIGH_CONSUMPTION
2026-01-22 16:30:00,16,3,228.54,3.711,789.55,0.931,49.979,HIGH_CONSUMPTION
2026-01-22 16:45:00,16,3,228.31,4.939,1091.54,0.968,49.971,HIGH_CONSUMPTION
2026-01-22 17:00:00,17,3,230.79,10.924,2460.57,0.976,49.909,HIGH_CONSUMPTION
2026-01-22 17:15:00,17,3,229.6,6.826,1469.99,0.938,49.936,HIGH_CONSUMPTION
2026-01-22 17:30:00,17,3,228.02,7.172,1560.05,0.954,49.957,HIGH_CONSUMPTION
2026-01-22 17:45:00,17,3,232.42,11.562,2429.2,0.904,50.078,HIGH_CONSUMPTION
2026-01-22 18:00:00,18,3,231.94,8.283,1800.19,0.937,50.025,HIGH_CONSUMPTION
2026-01-22 18:15:00,18,3,228.93,7.151,1511.05,0.923,50.055,HIGH_CONSUMPTION
2026-01-22 18:30:00,18,3,233.67,9.508,2139.42,0.963,50.003,HIGH_CONSUMPTION
2026-01-22 18:45:00,18,3,227.84,8.039,1688.75,0.922,49.974,HIGH_CONSUMPTION
2026-01-22 19:00:00,19,3,227.97,6.985,1461.82,0.918,49.962,HIGH_CONSUMPTION
2026-01-22 19:15:00,19,3,229.74,9.196,2042.94,0.967,49.978,HIGH_CONSUMPTION
2026-01-22 19:30:00,19,3,226.48,9.03,1983.76,0.97,49.99,HIGH_CONSUMPTION
2026-01-22 19:45:00,19,3,227.51,6.803,1447.19,0.935,49.965,HIGH_CONSUMPTION
2026-01-22 20:00:00,20,3,230.56,10.653,2230.1,0.908,49.983,HIGH_CONSUMPTION
2026-01-22 20:15:00,20,3,234.12,8.642,1952.51,0.965,50.047,HIGH_CONSUMPTION
2026-01-22 20:30:00,20,3,231.42,10.68,2251.68,0.911,50.012,HIGH_CONSUMPTION
2026-01-22 20:45:00,20,3,234.1,5.982,1320.61,0.943,50.055,HIGH_CONSUMPTION
2026-01-22 21:00:00,21,3,229.3,7.756,1732.29,0.974,50.054,HIGH_CONSUMPTION
2026-01-22 21:15:00,21,3,229.59,10.515,2269.37,0.94,50.01,HIGH_CONSUMPTION
2026-01-22 21:30:00,21,3,229.29,9.086,1997.93,0.959,50.035,HIGH_CONSUMPTION
2026-01-22 21:45:00,21,3,233.54,8.302,1906.0,0.983,49.961,HIGH_CONSUMPTION
2026-01-22 22:00:00,22,3,228.93,3.64,782.53,0.939,50.064,HIGH_CONSUMPTION
2026-01-22 22:15:00,22,3,227.97,2.422,513.59,0.93,49.889,HIGH_CONSUMPTION
2026-01-22 22:30:00,22,3,227.69,5.006,1053.14,0.924,49.95,HIGH_CONSUMPTION
2026-01-22 22:45:00,22,3,230.94,4.694,1065.69,0.983,49.981,HIGH_CONSUMPTION
2026-01-22 23:00:00,23,3,229.0,5.911,1294.06,0.956,49.957,HIGH_CONSUMPTION
2026-01-22 23:15:00,23,3,229.44,5.854,1315.02,0.979,49.976,HIGH_CONSUMPTION
2026-01-22 23:30:00,23,3,229.59,3.547,765.58,0.94,49.936,HIGH_CONSUMPTION
2026-01-22 23:45:00,23,3,227.56,5.163,1157.22,0.985,50.04,HIGH_CONSUMPTION
2026-01-23 00:00:00,0,4,231.67,1.491,315.02,0.912,50.063,HIGH_CONSUMPTION
2026-01-23 00:15:00,0,4,231.7,1.269,283.74,0.965,50.036,HIGH_CONSUMPTION
2026-01-23 00:30:00,0,4,231.33,1.355,292.81,0.934,50.005,HIGH_CONSUMPTION
2026-01-23 00:45:00,0,4,230.07,1.614,348.03,0.937,50.056,HIGH_CONSUMPTION
2026-01-23 01:00:00,1,4,232.13,2.517,549.8,0.941,50.012,HIGH_CONSUMPTION
2026-01-23 01:15:00,1,4,229.8,2.826,605.85,0.933,49.959,HIGH_CONSUMPTION
2026-01-23 01:30:00,1,4,228.04,1.512,338.14,0.981,50.1,HIGH_CONSUMPTION
2026-01-23 01:45:00,1,4,230.49,1.241,259.16,0.906,49.935,HIGH_CONSUMPTION
2026-01-23 02:00:00,2,4,231.28,1.623,344.21,0.917,49.933,HIGH_CONSUMPTION
2026-01-23 02:15:00,2,4,229.61,1.578,352.22,0.972,50.028,HIGH_CONSUMPTION
2026-01-23 02:30:00,2,4,228.87,1.129,237.9,0.921,50.085,HIGH_CONSUMPTION
2026-01-23 02:45:00,2,4,230.09,1.912,427.13,0.971,50.019,HIGH_CONSUMPTION
2026-01-23 03:00:00,3,4,231.41,1.034,234.82,0.981,49.983,HIGH_CONSUMPTION
2026-01-23 03:15:00,3,4,229.91,1.96,438.81,0.974,49.983,HIGH_CONSUMPTION
2026-01-23 03:30:00,3,4,232.4,0.974,223.53,0.988,49.965,HIGH_CONSUMPTION
2026-01-23 03:45:00,3,4,228.96,1.406,292.66,0.909,50.14,HIGH_CONSUMPTION
2026-01-23 04:00:00,4,4,228.15,1.176,263.64,0.983,50.009,HIGH_CONSUMPTION
2026-01-23 04:15:00,4,4,228.57,1.742,378.67,0.951,49.943,HIGH_CONSUMPTION
2026-01-23 04:30:00,4,4,230.52,1.145,258.83,0.981,50.051,HIGH_CONSUMPTION
2026-01-23 04:45:00,4,4,230.59,1.369,298.34,0.945,50.088,HIGH_CONSUMPTION
2026-01-23 05:00:00,5,4,233.1,0.958,213.75,0.957,49.975,HIGH_CONSUMPTION
2026-01-23 05:15:00,5,4,232.27,2.03,433.32,0.919,50.05,HIGH_CONSUMPTION
2026-01-23 05:30:00,5,4,233.28,2.766,610.34,0.946,50.016,HIGH_CONSUMPTION
2026-01-23 05:45:00,5,4,230.51,1.198,269.89,0.977,49.974,HIGH_CONSUMPTION
2026-01-23 06:00:00,6,4,230.56,5.43,1180.52,0.943,49.994,HIGH_CONSUMPTION
2026-01-23 06:15:00,6,4,227.26,4.964,1092.0,0.968,49.955,HIGH_CONSUMPTION
2026-01-23 06:30:00,6,4,227.81,6.449,1422.15,0.968,49.969,HIGH_CONSUMPTION
2026-01-23 06:45:00,6,4,227.59,6.235,1309.7,0.923,50.056,HIGH_CONSUMPTION
2026-01-23 07:00:00,7,4,235.96,3.927,902.63,0.974,49.876,HIGH_CONSUMPTION
2026-01-23 07:15:00,7,4,230.27,8.006,1802.94,0.978,49.999,HIGH_CONSUMPTION
2026-01-23 07:30:00,7,4,231.99,6.464,1381.19,0.921,49.973,HIGH_CONSUMPTION
2026-01-23 07:45:00,7,4,231.11,6.861,1560.32,0.984,49.926,HIGH_CONSUMPTION
2026-01-23 08:00:00,8,4,229.22,5.972,1307.31,0.955,50.032,HIGH_CONSUMPTION
2026-01-23 08:15:00,8,4,234.56,7.181,1625.51,0.965,49.919,HIGH_CONSUMPTION
2026-01-23 08:30:00,8,4,227.82,5.455,1225.31,0.986,50.011,HIGH_CONSUMPTION
2026-01-23 08:45:00,8,4,231.69,4.065,875.97,0.93,50.029,HIGH_CONSUMPTION
2026-01-23 09:00:00,9,4,229.04,6.346,1420.06,0.977,50.0,HIGH_CONSUMPTION
2026-01-23 09:15:00,9,4,231.82,5.293,1212.33,0.988,49.976,HIGH_CONSUMPTION
2026-01-23 09:30:00,9,4,231.89,4.771,1089.66,0.985,50.025,HIGH_CONSUMPTION
2026-01-23 09:45:00,9,4,231.71,6.754,1513.4,0.967,50.015,HIGH_CONSUMPTION
2026-01-23 10:00:00,10,4,230.08,3.926,869.87,0.963,49.955,HIGH_CONSUMPTION
2026-01-23 10:15:00,10,4,233.14,7.847,1737.98,0.95,49.979,HIGH_CONSUMPTION
2026-01-23 10:30:00,10,4,229.59,6.958,1439.24,0.901,49.941,HIGH_CONSUMPTION
2026-01-23 10:45:00,10,4,229.31,8.378,1899.94,0.989,50.009,HIGH_CONSUMPTION
2026-01-23 11:00:00,11,4,232.11,3.599,770.99,0.923,49.957,HIGH_CONSUMPTION
2026-01-23 11:15:00,11,4,228.8,7.894,1741.17,0.964,50.087,HIGH_CONSUMPTION
2026-01-23 11:30:00,11,4,226.68,5.946,1257.62,0.933,50.054,HIGH_CONSUMPTION
2026-01-23 11:45:00,11,4,229.49,2.841,637.62,0.978,49.994,HIGH_CONSUMPTION
2026-01-23 12:00:00,12,4,229.96,2.98,663.38,0.968,50.071,HIGH_CONSUMPTION
2026-01-23 12:15:00,12,4,230.46,3.868,829.09,0.93,49.94,HIGH_CONSUMPTION
2026-01-23 12:30:00,12,4,228.94,7.199,1503.2,0.912,50.006,HIGH_CONSUMPTION
2026-01-23 12:45:00,12,4,230.78,5.303,1145.57,0.936,49.97,HIGH_CONSUMPTION
2026-01-23 13:00:00,13,4,230.56,3.97,876.87,0.958,49.982,HIGH_CONSUMPTION
2026-01-23 13:15:00,13,4,231.43,5.627,1246.23,0.957,50.091,HIGH_CONSUMPTION
2026-01-23 13:30:00,13,4,230.8,5.439,1187.57,0.946,49.954,HIGH_CONSUMPTION
2026-01-23 13:45:00,13,4,229.41,6.926,1461.7,0.92,50.055,HIGH_CONSUMPTION
2026-01-23 14:00:00,14,4,229.52,5.424,1130.42,0.908,49.974,HIGH_CONSUMPTION
2026-01-23 14:15:00,14,4,229.32,4.167,923.18,0.966,50.001,HIGH_CONSUMPTION
2026-01-23 14:30:00,14,4,228.94,5.286,1121.9,0.927,50.034,HIGH_CONSUMPTION
2026-01-23 14:45:00,14,4,229.06,4.848,1031.54,0.929,49.985,HIGH_CONSUMPTION
2026-01-23 15:00:00,15,4,229.72,8.113,1701.64,0.913,49.987,HIGH_CONSUMPTION
2026-01-23 15:15:00,15,4,227.77,9.071,1869.72,0.905,49.927,HIGH_CONSUMPTION
2026-01-23 15:30:00,15,4,228.24,4.277,886.46,0.908,50.03,HIGH_CONSUMPTION
2026-01-23 15:45:00,15,4,228.49,7.206,1485.12,0.902,50.015,HIGH_CONSUMPTION
2026-01-23 16:00:00,16,4,231.82,3.862,827.15,0.924,50.037,HIGH_CONSUMPTION
2026-01-23 16:15:00,16,4,228.7,6.869,1473.55,0.938,49.987,HIGH_CONSUMPTION
2026-01-23 16:30:00,16,4,237.03,8.72,1973.9,0.955,50.022,HIGH_CONSUMPTION
2026-01-23 16:45:00,16,4,227.41,3.577,770.42,0.947,50.058,HIGH_CONSUMPTION
2026-01-23 17:00:00,17,4,232.19,9.109,2005.1,0.948,49.958,HIGH_CONSUMPTION
2026-01-23 17:15:00,17,4,229.26,7.804,1676.4,0.937,49.961,HIGH_CONSUMPTION
2026-01-23 17:30:00,17,4,230.5,10.285,2268.66,0.957,49.946,HIGH_CONSUMPTION
2026-01-23 17:45:00,17,4,227.81,13.247,2797.6,0.927,50.105,HIGH_CONSUMPTION
2026-01-23 18:00:00,18,4,232.8,11.201,2417.27,0.927,50.175,HIGH_CONSUMPTION
2026-01-23 18:15:00,18,4,230.57,5.785,1269.91,0.952,50.052,HIGH_CONSUMPTION
2026-01-23 18:30:00,18,4,227.19,6.668,1464.84,0.967,49.946,HIGH_CONSUMPTION
2026-01-23 18:45:00,18,4,230.88,6.634,1499.56,0.979,50.023,HIGH_CONSUMPTION
2026-01-23 19:00:00,19,4,231.38,9.649,2132.01,0.955,50.006,HIGH_CONSUMPTION
2026-01-23 19:15:00,19,4,229.08,5.91,1260.37,0.931,49.934,HIGH_CONSUMPTION
2026-01-23 19:30:00,19,4,228.99,9.002,1966.49,0.954,50.03,HIGH_CONSUMPTION
2026-01-23 19:45:00,19,4,230.03,6.546,1400.3,0.93,50.015,HIGH_CONSUMPTION
2026-01-23 20:00:00,20,4,229.74,9.92,2242.56,0.984,50.018,HIGH_CONSUMPTION
2026-01-23 20:15:00,20,4,228.49,10.033,2168.72,0.946,50.019,HIGH_CONSUMPTION
2026-01-23 20:30:00,20,4,228.15,10.086,2091.76,0.909,49.99,HIGH_CONSUMPTION
2026-01-23 20:45:00,20,4,229.13,6.86,1551.44,0.987,50.03,HIGH_CONSUMPTION
2026-01-23 21:00:00,21,4,227.66,8.427,1812.93,0.945,49.977,HIGH_CONSUMPTION
2026-01-23 21:15:00,21,4,228.92,13.48,2974.75,0.964,50.087,HIGH_CONSUMPTION
2026-01-23 21:30:00,21,4,230.17,11.702,2588.47,0.961,49.967,HIGH_CONSUMPTION
2026-01-23 21:45:00,21,4,233.83,7.031,1593.1,0.969,50.059,HIGH_CONSUMPTION
2026-01-23 22:00:00,22,4,229.85,3.115,681.52,0.952,49.935,HIGH_CONSUMPTION
2026-01-23 22:15:00,22,4,226.4,3.227,698.4,0.956,50.105,HIGH_CONSUMPTION
2026-01-23 22:30:00,22,4,232.3,3.808,851.94,0.963,49.943,HIGH_CONSUMPTION
2026-01-23 22:45:00,22,4,229.84,5.759,1203.12,0.909,50.039,HIGH_CONSUMPTION
2026-01-23 23:00:00,23,4,226.99,3.127,692.86,0.976,50.025,HIGH_CONSUMPTION
2026-01-23 23:15:00,23,4,230.19,3.556,738.38,0.902,49.951,HIGH_CONSUMPTION
2026-01-23 23:30:00,23,4,227.95,2.481,529.31,0.936,50.044,HIGH_CONSUMPTION
2026-01-23 23:45:00,23,4,231.13,6.836,1433.05,0.907,50.106,HIGH_CONSUMPTION
2026-01-24 00:00:00,0,5,231.34,1.385,297.31,0.928,50.076,HIGH_CONSUMPTION
2026-01-24 00:15:00,0,5,230.66,2.799,596.46,0.924,50.062,HIGH_CONSUMPTION
2026-01-24 00:30:00,0,5,231.64,1.424,306.54,0.929,50.03,HIGH_CONSUMPTION
2026-01-24 00:45:00,0,5,230.51,0.749,163.74,0.948,50.0,HIGH_CONSUMPTION
2026-01-24 01:00:00,1,5,226.75,1.738,370.78,0.941,50.006,HIGH_CONSUMPTION
2026-01-24 01:15:00,1,5,227.82,2.069,459.05,0.974,49.94,HIGH_CONSUMPTION
2026-01-24 01:30:00,1,5,227.09,1.976,431.16,0.961,50.033,HIGH_CONSUMPTION
2026-01-24 01:45:00,1,5,228.22,2.129,460.07,0.947,49.945,HIGH_CONSUMPTION
2026-01-24 02:00:00,2,5,231.46,1.433,309.1,0.932,49.967,HIGH_CONSUMPTION
2026-01-24 02:15:00,2,5,228.9,2.122,479.39,0.987,50.07,HIGH_CONSUMPTION
2026-01-24 02:30:00,2,5,229.69,1.274,287.6,0.983,49.988,HIGH_CONSUMPTION
2026-01-24 02:45:00,2,5,229.04,2.07,443.19,0.935,49.987,HIGH_CONSUMPTION
2026-01-24 03:00:00,3,5,233.29,2.034,427.01,0.9,49.905,HIGH_CONSUMPTION
2026-01-24 03:15:00,3,5,231.92,2.182,500.59,0.989,50.012,HIGH_CONSUMPTION
2026-01-24 03:30:00,3,5,227.0,2.235,489.15,0.964,49.933,HIGH_CONSUMPTION
2026-01-24 03:45:00,3,5,227.85,1.214,256.12,0.926,49.983,HIGH_CONSUMPTION
2026-01-24 04:00:00,4,5,229.05,1.54,324.26,0.919,49.955,HIGH_CONSUMPTION
2026-01-24 04:15:00,4,5,230.61,2.425,505.45,0.904,50.048,HIGH_CONSUMPTION
2026-01-24 04:30:00,4,5,231.84,1.281,287.77,0.969,49.991,HIGH_CONSUMPTION
2026-01-24 04:45:00,4,5,230.69,1.901,396.5,0.904,50.039,HIGH_CONSUMPTION
2026-01-24 05:00:00,5,5,226.41,1.393,306.94,0.973,50.116,HIGH_CONSUMPTION
2026-01-24 05:15:00,5,5,228.21,1.082,234.08,0.948,50.041,HIGH_CONSUMPTION
2026-01-24 05:30:00,5,5,230.03,1.3,284.39,0.951,49.98,HIGH_CONSUMPTION
2026-01-24 05:45:00,5,5,229.81,2.077,434.73,0.911,49.988,HIGH_CONSUMPTION
2026-01-24 06:00:00,6,5,230.31,2.776,627.82,0.982,49.99,HIGH_CONSUMPTION
2026-01-24 06:15:00,6,5,227.12,8.246,1687.5,0.901,50.052,HIGH_CONSUMPTION
2026-01-24 06:30:00,6,5,229.11,4.446,987.08,0.969,50.052,HIGH_CONSUMPTION
2026-01-24 06:45:00,6,5,230.33,5.803,1222.94,0.915,49.955,HIGH_CONSUMPTION
2026-01-24 07:00:00,7,5,228.76,5.428,1221.74,0.984,50.01,HIGH_CONSUMPTION
2026-01-24 07:15:00,7,5,228.43,5.688,1277.26,0.983,50.041,HIGH_CONSUMPTION
2026-01-24 07:30:00,7,5,228.48,9.103,1882.27,0.905,49.984,HIGH_CONSUMPTION
2026-01-24 07:45:00,7,5,233.96,7.483,1661.36,0.949,50.008,HIGH_CONSUMPTION
2026-01-24 08:00:00,8,5,231.86,8.707,1837.07,0.91,49.957,HIGH_CONSUMPTION
2026-01-24 08:15:00,8,5,232.13,5.733,1274.86,0.958,50.027,HIGH_CONSUMPTION
2026-01-24 08:30:00,8,5,228.31,9.363,2067.18,0.967,50.034,HIGH_CONSUMPTION
2026-01-24 08:45:00,8,5,226.96,6.455,1434.18,0.979,49.98,HIGH_CONSUMPTION
2026-01-24 09:00:00,9,5,231.82,5.564,1175.11,0.911,49.968,HIGH_CONSUMPTION
2026-01-24 09:15:00,9,5,229.67,7.909,1656.52,0.912,50.075,HIGH_CONSUMPTION
2026-01-24 09:30:00,9,5,228.22,7.123,1469.54,0.904,49.922,HIGH_CONSUMPTION
2026-01-24 09:45:00,9,5,232.42,5.725,1265.5,0.951,50.11,HIGH_CONSUMPTION
2026-01-24 10:00:00,10,5,230.27,4.637,979.22,0.917,50.0,HIGH_CONSUMPTION
2026-01-24 10:15:00,10,5,227.64,6.468,1379.64,0.937,49.903,HIGH_CONSUMPTION
2026-01-24 10:30:00,10,5,228.46,3.514,774.63,0.965,50.038,HIGH_CONSUMPTION
2026-01-24 10:45:00,10,5,231.81,5.54,1203.28,0.937,49.989,HIGH_CONSUMPTION
2026-01-24 11:00:00,11,5,229.48,6.597,1468.46,0.97,49.973,HIGH_CONSUMPTION
2026-01-24 11:15:00,11,5,229.28,4.318,902.88,0.912,50.106,HIGH_CONSUMPTION
2026-01-24 11:30:00,11,5,227.72,6.025,1284.23,0.936,49.997,HIGH_CONSUMPTION
2026-01-24 11:45:00,11,5,224.67,4.145,861.31,0.925,50.018,HIGH_CONSUMPTION
2026-01-24 12:00:00,12,5,230.37,7.336,1576.79,0.933,49.946,HIGH_CONSUMPTION
2026-01-24 12:15:00,12,5,229.81,5.23,1125.02,0.936,50.034,HIGH_CONSUMPTION
2026-01-24 12:30:00,12,5,230.87,6.978,1554.71,0.965,49.976,HIGH_CONSUMPTION
2026-01-24 12:45:00,12,5,231.13,4.108,915.2,0.964,49.917,HIGH_CONSUMPTION
2026-01-24 13:00:00,13,5,229.98,5.65,1185.06,0.912,50.027,HIGH_CONSUMPTION
2026-01-24 13:15:00,13,5,227.79,3.962,875.52,0.97,50.017,HIGH_CONSUMPTION
2026-01-24 13:30:00,13,5,228.78,4.461,965.47,0.946,50.011,HIGH_CONSUMPTION
2026-01-24 13:45:00,13,5,233.11,5.425,1150.71,0.91,49.894,HIGH_CONSUMPTION
2026-01-24 14:00:00,14,5,229.41,3.464,737.4,0.928,49.968,HIGH_CONSUMPTION
2026-01-24 14:15:00,14,5,230.14,3.814,832.2,0.948,50.021,HIGH_CONSUMPTION
2026-01-24 14:30:00,14,5,227.68,7.099,1582.33,0.979,49.922,HIGH_CONSUMPTION
2026-01-24 14:45:00,14,5,230.36,7.329,1553.31,0.92,49.813,HIGH_CONSUMPTION
2026-01-24 15:00:00,15,5,233.21,3.447,741.08,0.922,50.004,HIGH_CONSUMPTION
2026-01-24 15:15:00,15,5,232.88,4.549,1002.16,0.946,50.014,HIGH_CONSUMPTION
2026-01-24 15:30:00,15,5,226.76,3.92,864.01,0.972,50.068,HIGH_CONSUMPTION
2026-01-24 15:45:00,15,5,232.93,4.347,995.28,0.983,50.015,HIGH_CONSUMPTION
2026-01-24 16:00:00,16,5,234.23,5.293,1208.77,0.975,50.013,HIGH_CONSUMPTION
2026-01-24 16:15:00,16,5,230.84,3.985,894.23,0.972,50.059,HIGH_CONSUMPTION
2026-01-24 16:30:00,16,5,229.06,3.68,832.86,0.988,50.023,HIGH_CONSUMPTION
2026-01-24 16:45:00,16,5,228.4,3.79,823.23,0.951,50.006,HIGH_CONSUMPTION
2026-01-24 17:00:00,17,5,229.48,10.42,2159.2,0.903,49.989,HIGH_CONSUMPTION
2026-01-24 17:15:00,17,5,229.2,9.472,2019.11,0.93,49.92,HIGH_CONSUMPTION
2026-01-24 17:30:00,17,5,230.01,9.306,2078.36,0.971,50.086,HIGH_CONSUMPTION
2026-01-24 17:45:00,17,5,227.73,5.52,1233.23,0.981,49.974,HIGH_CONSUMPTION
2026-01-24 18:00:00,18,5,229.08,8.734,1868.83,0.934,50.004,HIGH_CONSUMPTION
2026-01-24 18:15:00,18,5,229.87,15.473,3385.95,0.952,50.111,HIGH_CONSUMPTION
2026-01-24 18:30:00,18,5,231.03,11.578,2428.79,0.908,49.98,HIGH_CONSUMPTION
2026-01-24 18:45:00,18,5,233.84,7.028,1613.82,0.982,49.978,HIGH_CONSUMPTION
2026-01-24 19:00:00,19,5,229.69,7.937,1768.46,0.97,49.957,HIGH_CONSUMPTION
2026-01-24 19:15:00,19,5,230.63,10.863,2292.43,0.915,50.021,HIGH_CONSUMPTION
2026-01-24 19:30:00,19,5,228.83,8.752,1982.67,0.99,50.046,HIGH_CONSUMPTION
2026-01-24 19:45:00,19,5,227.07,12.241,2626.61,0.945,50.056,HIGH_CONSUMPTION
2026-01-24 20:00:00,20,5,229.16,13.218,2780.58,0.918,49.918,HIGH_CONSUMPTION
2026-01-24 20:15:00,20,5,232.95,12.264,2571.27,0.9,50.018,HIGH_CONSUMPTION
2026-01-24 20:30:00,20,5,228.53,10.082,2172.78,0.943,49.97,HIGH_CONSUMPTION
2026-01-24 20:45:00,20,5,226.92,8.929,1890.47,0.933,50.041,HIGH_CONSUMPTION
2026-01-24 21:00:00,21,5,230.2,9.144,2075.48,0.986,50.064,HIGH_CONSUMPTION
2026-01-24 21:15:00,21,5,229.06,7.471,1644.66,0.961,50.028,HIGH_CONSUMPTION
2026-01-24 21:30:00,21,5,229.36,9.197,1942.72,0.921,50.009,HIGH_CONSUMPTION
2026-01-24 21:45:00,21,5,234.47,8.566,1952.24,0.972,50.064,HIGH_CONSUMPTION
2026-01-24 22:00:00,22,5,233.42,7.478,1665.19,0.954,50.061,HIGH_CONSUMPTION
2026-01-24 22:15:00,22,5,228.13,6.899,1465.29,0.931,50.032,HIGH_CONSUMPTION
2026-01-24 22:30:00,22,5,228.71,3.462,771.29,0.974,50.035,HIGH_CONSUMPTION
2026-01-24 22:45:00,22,5,228.45,3.583,738.31,0.902,50.009,HIGH_CONSUMPTION
2026-01-24 23:00:00,23,5,230.02,7.208,1593.39,0.961,49.962,HIGH_CONSUMPTION
2026-01-24 23:15:00,23,5,229.59,4.822,1018.57,0.92,49.967,HIGH_CONSUMPTION
2026-01-24 23:30:00,23,5,231.35,6.359,1366.78,0.929,50.007,HIGH_CONSUMPTION
2026-01-24 23:45:00,23,5,230.15,3.818,838.27,0.954,50.004,HIGH_CONSUMPTION
2026-01-25 00:00:00,0,6,227.34,1.602,345.59,0.949,49.953,HIGH_CONSUMPTION
2026-01-25 00:15:00,0,6,231.71,2.456,563.48,0.99,49.956,HIGH_CONSUMPTION
2026-01-25 00:30:00,0,6,231.57,1.37,292.23,0.921,49.944,HIGH_CONSUMPTION
2026-01-25 00:45:00,0,6,229.7,1.038,230.08,0.965,49.931,HIGH_CONSUMPTION
2026-01-25 01:00:00,1,6,230.38,1.353,301.2,0.966,49.979,HIGH_CONSUMPTION
2026-01-25 01:15:00,1,6,231.33,2.051,430.34,0.907,49.984,HIGH_CONSUMPTION
2026-01-25 01:30:00,1,6,227.5,1.491,328.76,0.969,49.999,HIGH_CONSUMPTION
2026-01-25 01:45:00,1,6,227.05,1.735,382.43,0.971,49.938,HIGH_CONSUMPTION
2026-01-25 02:00:00,2,6,229.71,0.888,190.69,0.935,49.998,HIGH_CONSUMPTION
2026-01-25 02:15:00,2,6,228.01,0.951,214.35,0.989,49.911,HIGH_CONSUMPTION
2026-01-25 02:30:00,2,6,227.94,1.448,297.94,0.903,50.062,HIGH_CONSUMPTION
2026-01-25 02:45:00,2,6,227.94,1.787,394.39,0.968,50.026,HIGH_CONSUMPTION
2026-01-25 03:00:00,3,6,231.99,1.272,274.14,0.929,49.944,HIGH_CONSUMPTION
2026-01-25 03:15:00,3,6,231.83,1.635,360.77,0.952,50.021,HIGH_CONSUMPTION
2026-01-25 03:30:00,3,6,228.88,2.038,423.16,0.907,50.039,HIGH_CONSUMPTION
2026-01-25 03:45:00,3,6,236.01,2.286,527.62,0.978,49.98,HIGH_CONSUMPTION
2026-01-25 04:00:00,4,6,231.59,1.926,433.92,0.973,50.023,HIGH_CONSUMPTION
2026-01-25 04:15:00,4,6,228.69,1.14,240.38,0.922,50.065,HIGH_CONSUMPTION
2026-01-25 04:30:00,4,6,229.6,1.508,341.11,0.985,49.949,HIGH_CONSUMPTION
2026-01-25 04:45:00,4,6,231.27,1.434,310.81,0.937,49.993,HIGH_CONSUMPTION
2026-01-25 05:00:00,5,6,227.22,1.5,335.03,0.983,49.951,HIGH_CONSUMPTION
2026-01-25 05:15:00,5,6,228.97,1.478,327.6,0.968,49.963,HIGH_CONSUMPTION
2026-01-25 05:30:00,5,6,230.36,1.197,260.59,0.945,50.054,HIGH_CONSUMPTION
2026-01-25 05:45:00,5,6,232.17,1.665,360.23,0.932,50.126,HIGH_CONSUMPTION
2026-01-25 06:00:00,6,6,228.82,6.278,1340.39,0.933,50.022,HIGH_CONSUMPTION
2026-01-25 06:15:00,6,6,233.09,5.998,1272.15,0.91,50.079,HIGH_CONSUMPTION
2026-01-25 06:30:00,6,6,232.5,7.811,1672.55,0.921,50.025,HIGH_CONSUMPTION
2026-01-25 06:45:00,6,6,228.9,4.48,952.62,0.929,50.08,HIGH_CONSUMPTION
2026-01-25 07:00:00,7,6,228.05,4.509,993.22,0.966,50.083,HIGH_CONSUMPTION
2026-01-25 07:15:00,7,6,230.39,7.411,1635.61,0.958,49.992,HIGH_CONSUMPTION
2026-01-25 07:30:00,7,6,232.01,4.096,877.14,0.923,49.966,HIGH_CONSUMPTION
2026-01-25 07:45:00,7,6,230.8,9.659,2086.59,0.936,49.971,HIGH_CONSUMPTION
2026-01-25 08:00:00,8,6,231.67,9.753,2207.54,0.977,49.963,HIGH_CONSUMPTION
2026-01-25 08:15:00,8,6,232.48,4.701,1026.25,0.939,50.025,HIGH_CONSUMPTION
2026-01-25 08:30:00,8,6,227.08,4.184,881.59,0.928,50.03,HIGH_CONSUMPTION
2026-01-25 08:45:00,8,6,230.67,3.813,807.39,0.918,49.9,HIGH_CONSUMPTION
2026-01-25 09:00:00,9,6,230.02,7.535,1565.09,0.903,50.065,HIGH_CONSUMPTION
2026-01-25 09:15:00,9,6,227.66,4.338,930.25,0.942,49.94,HIGH_CONSUMPTION
2026-01-25 09:30:00,9,6,230.25,5.243,1169.71,0.969,50.007,HIGH_CONSUMPTION
2026-01-25 09:45:00,9,6,231.42,6.351,1360.91,0.926,50.013,HIGH_CONSUMPTION
2026-01-25 10:00:00,10,6,231.39,3.023,643.47,0.92,49.958,HIGH_CONSUMPTION
2026-01-25 10:15:00,10,6,230.63,7.124,1621.68,0.987,49.959,HIGH_CONSUMPTION
2026-01-25 10:30:00,10,6,230.95,5.246,1149.73,0.949,49.989,HIGH_CONSUMPTION
2026-01-25 10:45:00,10,6,230.08,4.173,893.93,0.931,50.035,HIGH_CONSUMPTION
2026-01-25 11:00:00,11,6,228.02,5.575,1165.68,0.917,50.008,HIGH_CONSUMPTION
2026-01-25 11:15:00,11,6,231.27,5.26,1135.05,0.933,49.902,HIGH_CONSUMPTION
2026-01-25 11:30:00,11,6,232.12,4.602,1039.41,0.973,49.949,HIGH_CONSUMPTION
2026-01-25 11:45:00,11,6,227.8,4.898,1091.21,0.978,49.936,HIGH_CONSUMPTION
2026-01-25 12:00:00,12,6,229.99,7.411,1534.02,0.9,50.047,HIGH_CONSUMPTION
2026-01-25 12:15:00,12,6,228.27,4.583,980.21,0.937,50.041,HIGH_CONSUMPTION
2026-01-25 12:30:00,12,6,229.26,4.204,930.12,0.965,49.874,HIGH_CONSUMPTION
2026-01-25 12:45:00,12,6,229.16,6.677,1513.16,0.989,50.048,HIGH_CONSUMPTION
2026-01-25 13:00:00,13,6,231.39,3.96,858.61,0.937,49.989,HIGH_CONSUMPTION
2026-01-25 13:15:00,13,6,232.86,5.589,1173.9,0.902,49.974,HIGH_CONSUMPTION
2026-01-25 13:30:00,13,6,233.87,5.712,1215.58,0.91,50.114,HIGH_CONSUMPTION
2026-01-25 13:45:00,13,6,232.03,2.837,600.34,0.912,49.987,HIGH_CONSUMPTION
2026-01-25 14:00:00,14,6,229.94,4.11,882.59,0.934,50.051,HIGH_CONSUMPTION
2026-01-25 14:15:00,14,6,230.41,3.183,695.26,0.948,50.016,HIGH_CONSUMPTION
2026-01-25 14:30:00,14,6,231.75,5.736,1278.77,0.962,50.005,HIGH_CONSUMPTION
2026-01-25 14:45:00,14,6,231.59,4.227,964.31,0.985,49.996,HIGH_CONSUMPTION
2026-01-25 15:00:00,15,6,228.44,6.554,1441.88,0.963,49.971,HIGH_CONSUMPTION
2026-01-25 15:15:00,15,6,230.01,3.498,787.58,0.979,49.909,HIGH_CONSUMPTION
2026-01-25 15:30:00,15,6,230.62,4.633,1023.63,0.958,49.983,HIGH_CONSUMPTION
2026-01-25 15:45:00,15,6,227.13,5.395,1151.79,0.94,49.998,HIGH_CONSUMPTION
2026-01-25 16:00:00,16,6,227.8,5.382,1110.83,0.906,49.954,HIGH_CONSUMPTION
2026-01-25 16:15:00,16,6,227.52,6.144,1382.58,0.989,50.076,HIGH_CONSUMPTION
2026-01-25 16:30:00,16,6,231.39,5.04,1068.23,0.916,49.99,HIGH_CONSUMPTION
2026-01-25 16:45:00,16,6,228.23,7.706,1693.65,0.963,49.956,HIGH_CONSUMPTION
2026-01-25 17:00:00,17,6,227.61,6.526,1464.58,0.986,49.999,HIGH_CONSUMPTION
2026-01-25 17:15:00,17,6,230.59,14.833,3098.85,0.906,50.05,HIGH_CONSUMPTION
2026-01-25 17:30:00,17,6,231.17,9.27,2106.51,0.983,49.963,HIGH_CONSUMPTION
2026-01-25 17:45:00,17,6,230.12,5.981,1351.57,0.982,50.005,HIGH_CONSUMPTION
2026-01-25 18:00:00,18,6,228.78,13.031,2912.62,0.977,49.966,HIGH_CONSUMPTION
2026-01-25 18:15:00,18,6,230.63,10.975,2480.63,0.98,49.987,HIGH_CONSUMPTION
2026-01-25 18:30:00,18,6,226.76,6.473,1341.68,0.914,50.061,HIGH_CONSUMPTION
2026-01-25 18:45:00,18,6,231.57,5.897,1267.32,0.928,50.028,HIGH_CONSUMPTION
2026-01-25 19:00:00,19,6,225.26,12.11,2621.55,0.961,50.062,HIGH_CONSUMPTION
2026-01-25 19:15:00,19,6,230.59,8.144,1851.55,0.986,49.954,HIGH_CONSUMPTION
2026-01-25 19:30:00,19,6,229.61,6.13,1331.54,0.946,50.012,HIGH_CONSUMPTION
2026-01-25 19:45:00,19,6,228.7,9.56,2057.37,0.941,50.005,HIGH_CONSUMPTION
2026-01-25 20:00:00,20,6,232.81,9.926,2253.0,0.975,49.991,HIGH_CONSUMPTION
2026-01-25 20:15:00,20,6,229.74,6.941,1527.62,0.958,50.049,HIGH_CONSUMPTION
2026-01-25 20:30:00,20,6,230.76,11.673,2526.55,0.938,50.079,HIGH_CONSUMPTION
2026-01-25 20:45:00,20,6,230.39,7.424,1650.64,0.965,49.998,HIGH_CONSUMPTION
2026-01-25 21:00:00,21,6,229.81,9.435,2118.37,0.977,50.002,HIGH_CONSUMPTION
2026-01-25 21:15:00,21,6,232.2,10.737,2326.11,0.933,49.901,HIGH_CONSUMPTION
2026-01-25 21:30:00,21,6,228.26,7.971,1790.45,0.984,50.045,HIGH_CONSUMPTION
2026-01-25 21:45:00,21,6,226.58,8.899,1963.84,0.974,50.005,HIGH_CONSUMPTION
2026-01-25 22:00:00,22,6,232.93,3.053,648.52,0.912,50.04,HIGH_CONSUMPTION
2026-01-25 22:15:00,22,6,232.52,5.838,1251.51,0.922,50.002,HIGH_CONSUMPTION
2026-01-25 22:30:00,22,6,229.15,3.459,717.29,0.905,50.045,HIGH_CONSUMPTION
2026-01-25 22:45:00,22,6,231.68,2.939,665.99,0.978,50.043,HIGH_CONSUMPTION
2026-01-25 23:00:00,23,6,227.03,7.017,1438.59,0.903,50.111,HIGH_CONSUMPTION
2026-01-25 23:15:00,23,6,227.85,3.672,811.59,0.97,49.971,HIGH_CONSUMPTION
2026-01-25 23:30:00,23,6,227.73,4.101,855.5,0.916,49.997,HIGH_CONSUMPTION
2026-01-25 23:45:00,23,6,230.29,4.182,933.18,0.969,49.968,HIGH_CONSUMPTION
2026-01-26 00:00:00,0,0,232.33,2.416,541.65,0.965,49.984,HIGH_CONSUMPTION
2026-01-26 00:15:00,0,0,229.07,2.657,576.95,0.948,49.998,HIGH_CONSUMPTION
2026-01-26 00:30:00,0,0,232.18,1.462,319.47,0.941,49.994,HIGH_CONSUMPTION
2026-01-26 00:45:00,0,0,228.48,0.97,200.47,0.905,49.992,HIGH_CONSUMPTION
2026-01-26 01:00:00,1,0,229.03,1.191,262.6,0.963,49.975,HIGH_CONSUMPTION
2026-01-26 01:15:00,1,0,231.4,2.045,438.63,0.927,50.074,HIGH_CONSUMPTION
2026-01-26 01:30:00,1,0,230.45,1.854,416.12,0.974,50.024,HIGH_CONSUMPTION
2026-01-26 01:45:00,1,0,227.84,1.671,347.64,0.913,49.975,HIGH_CONSUMPTION
2026-01-26 02:00:00,2,0,226.05,1.308,280.28,0.948,50.005,HIGH_CONSUMPTION
2026-01-26 02:15:00,2,0,227.01,1.626,363.94,0.986,50.076,HIGH_CONSUMPTION
2026-01-26 02:30:00,2,0,229.57,1.508,327.82,0.947,49.942,HIGH_CONSUMPTION
2026-01-26 02:45:00,2,0,233.2,1.141,255.89,0.962,49.996,HIGH_CONSUMPTION
2026-01-26 03:00:00,3,0,226.68,2.053,436.54,0.938,50.006,HIGH_CONSUMPTION
2026-01-26 03:15:00,3,0,229.36,1.78,390.38,0.956,49.972,HIGH_CONSUMPTION
2026-01-26 03:30:00,3,0,229.2,1.07,230.14,0.938,49.97,HIGH_CONSUMPTION
2026-01-26 03:45:00,3,0,232.22,1.627,367.54,0.973,50.016,HIGH_CONSUMPTION
2026-01-26 04:00:00,4,0,230.07,1.973,441.58,0.973,49.957,HIGH_CONSUMPTION
2026-01-26 04:15:00,4,0,231.05,1.803,388.2,0.932,49.977,HIGH_CONSUMPTION
2026-01-26 04:30:00,4,0,226.29,2.307,494.35,0.947,50.003,HIGH_CONSUMPTION
2026-01-26 04:45:00,4,0,229.11,2.194,453.38,0.902,50.067,HIGH_CONSUMPTION
2026-01-26 05:00:00,5,0,231.34,1.564,335.48,0.927,49.979,HIGH_CONSUMPTION
2026-01-26 05:15:00,5,0,229.91,1.598,335.08,0.912,50.005,HIGH_CONSUMPTION
2026-01-26 05:30:00,5,0,231.16,1.579,330.06,0.904,50.053,HIGH_CONSUMPTION
2026-01-26 05:45:00,5,0,231.59,1.756,366.79,0.902,50.031,HIGH_CONSUMPTION
2026-01-26 06:00:00,6,0,227.19,7.286,1585.7,0.958,50.046,HIGH_CONSUMPTION
2026-01-26 06:15:00,6,0,233.16,8.24,1736.84,0.904,49.925,HIGH_CONSUMPTION
2026-01-26 06:30:00,6,0,228.86,7.003,1498.61,0.935,50.007,HIGH_CONSUMPTION
2026-01-26 06:45:00,6,0,230.84,7.028,1510.44,0.931,49.95,HIGH_CONSUMPTION
2026-01-26 07:00:00,7,0,228.42,3.621,771.69,0.933,50.096,HIGH_CONSUMPTION
2026-01-26 07:15:00,7,0,229.6,7.624,1666.53,0.952,49.917,HIGH_CONSUMPTION
2026-01-26 07:30:00,7,0,228.88,7.827,1623.01,0.906,50.009,HIGH_CONSUMPTION
2026-01-26 07:45:00,7,0,228.99,3.952,830.68,0.918,50.042,HIGH_CONSUMPTION
2026-01-26 08:00:00,8,0,232.4,5.89,1238.9,0.905,50.003,HIGH_CONSUMPTION
2026-01-26 08:15:00,8,0,226.06,4.265,907.25,0.941,49.974,HIGH_CONSUMPTION
2026-01-26 08:30:00,8,0,228.68,5.772,1300.12,0.985,49.968,HIGH_CONSUMPTION
2026-01-26 08:45:00,8,0,228.22,7.676,1662.52,0.949,49.988,HIGH_CONSUMPTION
2026-01-26 09:00:00,9,0,230.98,8.367,1758.73,0.91,50.008,HIGH_CONSUMPTION
2026-01-26 09:15:00,9,0,228.07,4.222,949.54,0.986,49.988,HIGH_CONSUMPTION
2026-01-26 09:30:00,9,0,232.68,6.665,1471.81,0.949,50.033,HIGH_CONSUMPTION
2026-01-26 09:45:00,9,0,228.58,2.744,596.45,0.951,50.149,HIGH_CONSUMPTION
2026-01-26 10:00:00,10,0,226.98,6.183,1376.69,0.981,49.961,HIGH_CONSUMPTION
2026-01-26 10:15:00,10,0,228.65,6.759,1486.74,0.962,50.092,HIGH_CONSUMPTION
2026-01-26 10:30:00,10,0,230.73,6.751,1538.92,0.988,49.973,HIGH_CONSUMPTION
2026-01-26 10:45:00,10,0,227.69,5.697,1210.2,0.933,50.011,HIGH_CONSUMPTION
2026-01-26 11:00:00,11,0,228.6,3.457,773.73,0.979,49.992,HIGH_CONSUMPTION
2026-01-26 11:15:00,11,0,227.69,3.587,745.6,0.913,49.987,HIGH_CONSUMPTION
2026-01-26 11:30:00,11,0,228.79,3.454,740.43,0.937,50.164,HIGH_CONSUMPTION
2026-01-26 11:45:00,11,0,227.65,3.105,693.38,0.981,50.015,HIGH_CONSUMPTION
2026-01-26 12:00:00,12,0,227.49,4.992,1073.15,0.945,49.947,HIGH_CONSUMPTION
2026-01-26 12:15:00,12,0,228.92,6.337,1324.36,0.913,50.054,HIGH_CONSUMPTION
2026-01-26 12:30:00,12,0,228.96,4.136,856.12,0.904,49.991,HIGH_CONSUMPTION
2026-01-26 12:45:00,12,0,227.93,5.406,1117.67,0.907,49.951,HIGH_CONSUMPTION
2026-01-26 13:00:00,13,0,231.44,4.715,1004.94,0.921,50.079,HIGH_CONSUMPTION
2026-01-26 13:15:00,13,0,230.31,4.855,1094.58,0.979,50.068,HIGH_CONSUMPTION
2026-01-26 13:30:00,13,0,231.15,5.104,1111.47,0.942,49.934,HIGH_CONSUMPTION
2026-01-26 13:45:00,13,0,229.14,4.948,1057.91,0.933,49.987,HIGH_CONSUMPTION
2026-01-26 14:00:00,14,0,232.78,5.26,1168.11,0.954,50.057,HIGH_CONSUMPTION
2026-01-26 14:15:00,14,0,231.96,6.5,1409.75,0.935,49.907,HIGH_CONSUMPTION
2026-01-26 14:30:00,14,0,230.41,3.305,718.18,0.943,49.947,HIGH_CONSUMPTION
2026-01-26 14:45:00,14,0,228.75,9.003,1906.97,0.926,49.935,HIGH_CONSUMPTION
2026-01-26 15:00:00,15,0,229.52,3.892,882.47,0.988,49.959,HIGH_CONSUMPTION
2026-01-26 15:15:00,15,0,228.88,4.531,966.52,0.932,49.965,HIGH_CONSUMPTION
2026-01-26 15:30:00,15,0,231.84,4.057,884.24,0.94,50.01,HIGH_CONSUMPTION
2026-01-26 15:45:00,15,0,232.11,5.619,1232.46,0.945,50.076,HIGH_CONSUMPTION
2026-01-26 16:00:00,16,0,232.09,6.425,1427.1,0.957,50.036,HIGH_CONSUMPTION
2026-01-26 16:15:00,16,0,230.88,5.284,1106.52,0.907,49.984,HIGH_CONSUMPTION
2026-01-26 16:30:00,16,0,231.9,6.225,1336.74,0.926,50.039,HIGH_CONSUMPTION
2026-01-26 16:45:00,16,0,228.0,9.921,2065.12,0.913,50.015,HIGH_CONSUMPTION
2026-01-26 17:00:00,17,0,231.93,10.642,2334.85,0.946,50.005,HIGH_CONSUMPTION
2026-01-26 17:15:00,17,0,224.1,10.421,2160.2,0.925,49.908,HIGH_CONSUMPTION
2026-01-26 17:30:00,17,0,227.82,8.126,1669.81,0.902,50.086,HIGH_CONSUMPTION
2026-01-26 17:45:00,17,0,227.87,13.066,2870.23,0.964,49.991,HIGH_CONSUMPTION
2026-01-26 18:00:00,18,0,231.14,12.611,2728.46,0.936,50.029,HIGH_CONSUMPTION
2026-01-26 18:15:00,18,0,230.13,13.669,3070.13,0.976,50.02,HIGH_CONSUMPTION
2026-01-26 18:30:00,18,0,232.28,11.878,2588.06,0.938,49.936,HIGH_CONSUMPTION
2026-01-26 18:45:00,18,0,230.43,6.336,1340.29,0.918,49.966,HIGH_CONSUMPTION
2026-01-26 19:00:00,19,0,227.47,13.583,2827.02,0.915,49.963,HIGH_CONSUMPTION
2026-01-26 19:15:00,19,0,230.59,8.863,1841.46,0.901,49.914,HIGH_CONSUMPTION
2026-01-26 19:30:00,19,0,225.19,14.394,3141.01,0.969,50.03,HIGH_CONSUMPTION
2026-01-26 19:45:00,19,0,230.05,13.531,3037.99,0.976,50.005,HIGH_CONSUMPTION
2026-01-26 20:00:00,20,0,229.46,8.71,1902.65,0.952,49.936,HIGH_CONSUMPTION
2026-01-26 20:15:00,20,0,234.74,8.573,1990.34,0.989,49.975,HIGH_CONSUMPTION
2026-01-26 20:30:00,20,0,228.49,9.357,1947.68,0.911,49.968,HIGH_CONSUMPTION
2026-01-26 20:45:00,20,0,228.95,8.748,1956.87,0.977,50.104,HIGH_CONSUMPTION
2026-01-26 21:00:00,21,0,230.32,6.56,1473.02,0.975,49.972,HIGH_CONSUMPTION
2026-01-26 21:15:00,21,0,230.67,8.047,1811.55,0.976,50.056,HIGH_CONSUMPTION
2026-01-26 21:30:00,21,0,229.84,11.846,2646.52,0.972,49.986,HIGH_CONSUMPTION
2026-01-26 21:45:00,21,0,227.56,8.901,1849.22,0.913,50.039,HIGH_CONSUMPTION
2026-01-26 22:00:00,22,0,229.03,6.068,1352.31,0.973,50.091,HIGH_CONSUMPTION
2026-01-26 22:15:00,22,0,228.81,3.599,762.47,0.926,50.005,HIGH_CONSUMPTION
2026-01-26 22:30:00,22,0,232.69,7.223,1539.55,0.916,49.973,HIGH_CONSUMPTION
2026-01-26 22:45:00,22,0,228.43,4.958,1089.43,0.962,50.054,HIGH_CONSUMPTION
2026-01-26 23:00:00,23,0,231.88,3.55,756.6,0.919,49.936,HIGH_CONSUMPTION
2026-01-26 23:15:00,23,0,228.7,4.355,952.09,0.956,49.936,HIGH_CONSUMPTION
2026-01-26 23:30:00,23,0,230.46,2.901,615.74,0.921,49.992,HIGH_CONSUMPTION
2026-01-26 23:45:00,23,0,229.83,3.899,874.55,0.976,49.969,HIGH_CONSUMPTION
2026-01-27 00:00:00,0,1,228.09,2.049,430.45,0.921,50.022,HIGH_CONSUMPTION
2026-01-27 00:15:00,0,1,234.04,1.568,330.2,0.9,49.916,HIGH_CONSUMPTION
2026-01-27 00:30:00,0,1,225.02,2.214,485.8,0.975,49.966,HIGH_CONSUMPTION
2026-01-27 00:45:00,0,1,228.15,0.64,137.73,0.943,49.999,HIGH_CONSUMPTION
2026-01-27 01:00:00,1,1,229.71,1.839,416.19,0.985,49.973,HIGH_CONSUMPTION
2026-01-27 01:15:00,1,1,228.37,0.964,216.72,0.984,50.008,HIGH_CONSUMPTION
2026-01-27 01:30:00,1,1,225.21,1.69,369.22,0.97,50.001,HIGH_CONSUMPTION
2026-01-27 01:45:00,1,1,229.64,1.642,362.06,0.96,49.984,HIGH_CONSUMPTION
2026-01-27 02:00:00,2,1,231.51,1.621,358.32,0.955,49.994,HIGH_CONSUMPTION
2026-01-27 02:15:00,2,1,228.8,1.478,311.52,0.921,50.009,HIGH_CONSUMPTION
2026-01-27 02:30:00,2,1,230.8,1.472,321.37,0.946,49.921,HIGH_CONSUMPTION
2026-01-27 02:45:00,2,1,227.6,0.977,216.08,0.972,50.056,HIGH_CONSUMPTION
2026-01-27 03:00:00,3,1,228.75,1.494,310.74,0.909,49.978,HIGH_CONSUMPTION
2026-01-27 03:15:00,3,1,229.41,2.429,548.79,0.985,50.027,HIGH_CONSUMPTION
2026-01-27 03:30:00,3,1,229.28,1.558,331.76,0.929,49.953,HIGH_CONSUMPTION
2026-01-27 03:45:00,3,1,230.92,2.271,489.35,0.933,49.968,HIGH_CONSUMPTION
2026-01-27 04:00:00,4,1,232.19,1.182,265.09,0.966,49.975,HIGH_CONSUMPTION
2026-01-27 04:15:00,4,1,234.36,1.22,267.1,0.934,50.049,HIGH_CONSUMPTION
2026-01-27 04:30:00,4,1,228.84,1.707,363.75,0.931,50.065,HIGH_CONSUMPTION
2026-01-27 04:45:00,4,1,229.43,1.221,266.72,0.952,49.94,HIGH_CONSUMPTION
2026-01-27 05:00:00,5,1,227.01,1.189,244.62,0.906,49.98,HIGH_CONSUMPTION
2026-01-27 05:15:00,5,1,227.92,1.421,315.5,0.974,49.941,HIGH_CONSUMPTION
2026-01-27 05:30:00,5,1,230.17,1.604,363.68,0.985,49.969,HIGH_CONSUMPTION
2026-01-27 05:45:00,5,1,233.59,1.629,370.67,0.974,49.96,HIGH_CONSUMPTION
2026-01-27 06:00:00,6,1,228.7,6.193,1314.34,0.928,50.013,HIGH_CONSUMPTION
2026-01-27 06:15:00,6,1,231.12,7.928,1658.27,0.905,49.89,HIGH_CONSUMPTION
2026-01-27 06:30:00,6,1,232.35,4.359,975.39,0.963,50.011,HIGH_CONSUMPTION
2026-01-27 06:45:00,6,1,231.75,8.008,1763.17,0.95,49.955,HIGH_CONSUMPTION
2026-01-27 07:00:00,7,1,229.46,4.577,966.17,0.92,49.953,HIGH_CONSUMPTION
2026-01-27 07:15:00,7,1,233.06,5.575,1234.38,0.95,50.085,HIGH_CONSUMPTION
2026-01-27 07:30:00,7,1,226.92,4.032,885.62,0.968,49.987,HIGH_CONSUMPTION
2026-01-27 07:45:00,7,1,231.5,7.838,1740.19,0.959,50.04,HIGH_CONSUMPTION
2026-01-27 08:00:00,8,1,227.35,6.719,1440.6,0.943,49.936,HIGH_CONSUMPTION
2026-01-27 08:15:00,8,1,229.33,8.785,1827.35,0.907,49.965,HIGH_CONSUMPTION
2026-01-27 08:30:00,8,1,229.59,10.856,2290.47,0.919,50.049,HIGH_CONSUMPTION
2026-01-27 08:45:00,8,1,227.93,10.564,2229.63,0.926,49.93,HIGH_CONSUMPTION
2026-01-27 09:00:00,9,1,228.03,4.137,902.87,0.957,49.835,HIGH_CONSUMPTION
2026-01-27 09:15:00,9,1,230.05,7.897,1720.43,0.947,50.01,HIGH_CONSUMPTION
2026-01-27 09:30:00,9,1,227.04,3.083,658.64,0.941,49.978,HIGH_CONSUMPTION
2026-01-27 09:45:00,9,1,228.17,3.721,827.73,0.975,50.032,HIGH_CONSUMPTION
2026-01-27 10:00:00,10,1,229.53,4.115,875.5,0.927,50.052,HIGH_CONSUMPTION
2026-01-27 10:15:00,10,1,231.56,6.694,1433.88,0.925,49.999,HIGH_CONSUMPTION
2026-01-27 10:30:00,10,1,229.19,5.392,1204.82,0.975,49.946,HIGH_CONSUMPTION
2026-01-27 10:45:00,10,1,230.18,2.848,597.13,0.911,49.954,HIGH_CONSUMPTION
2026-01-27 11:00:00,11,1,229.83,5.982,1304.73,0.949,49.978,HIGH_CONSUMPTION
2026-01-27 11:15:00,11,1,231.1,8.392,1892.83,0.976,49.94,HIGH_CONSUMPTION
2026-01-27 11:30:00,11,1,233.23,3.419,735.99,0.923,49.981,HIGH_CONSUMPTION
2026-01-27 11:45:00,11,1,231.89,4.154,948.81,0.985,49.984,HIGH_CONSUMPTION
2026-01-27 12:00:00,12,1,235.53,2.819,613.54,0.924,49.986,HIGH_CONSUMPTION
2026-01-27 12:15:00,12,1,229.8,8.285,1724.91,0.906,50.046,HIGH_CONSUMPTION
2026-01-27 12:30:00,12,1,232.13,2.881,640.68,0.958,49.929,HIGH_CONSUMPTION
2026-01-27 12:45:00,12,1,230.3,2.798,594.85,0.923,49.939,HIGH_CONSUMPTION
2026-01-27 13:00:00,13,1,228.38,6.309,1397.66,0.97,49.969,HIGH_CONSUMPTION
2026-01-27 13:15:00,13,1,228.39,5.132,1126.45,0.961,49.927,HIGH_CONSUMPTION
2026-01-27 13:30:00,13,1,230.35,5.158,1141.82,0.961,50.082,HIGH_CONSUMPTION
2026-01-27 13:45:00,13,1,226.64,5.639,1178.36,0.922,50.075,HIGH_CONSUMPTION
2026-01-27 14:00:00,14,1,227.13,6.991,1522.83,0.959,50.021,HIGH_CONSUMPTION
2026-01-27 14:15:00,14,1,230.68,4.298,896.35,0.904,50.023,HIGH_CONSUMPTION
2026-01-27 14:30:00,14,1,229.59,6.84,1537.38,0.979,50.007,HIGH_CONSUMPTION
2026-01-27 14:45:00,14,1,228.83,5.953,1277.71,0.938,50.07,HIGH_CONSUMPTION
2026-01-27 15:00:00,15,1,229.83,6.339,1404.46,0.964,49.915,HIGH_CONSUMPTION
2026-01-27 15:15:00,15,1,230.71,4.793,1085.83,0.982,49.974,HIGH_CONSUMPTION
2026-01-27 15:30:00,15,1,228.92,4.916,1046.51,0.93,50.005,HIGH_CONSUMPTION
2026-01-27 15:45:00,15,1,230.82,4.391,919.24,0.907,50.082,HIGH_CONSUMPTION
2026-01-27 16:00:00,16,1,228.82,8.471,1765.86,0.911,50.025,HIGH_CONSUMPTION
2026-01-27 16:15:00,16,1,231.64,6.057,1341.33,0.956,50.048,HIGH_CONSUMPTION
2026-01-27 16:30:00,16,1,230.75,4.684,1019.33,0.943,50.097,HIGH_CONSUMPTION
2026-01-27 16:45:00,16,1,228.96,3.784,795.36,0.918,49.931,HIGH_CONSUMPTION
2026-01-27 17:00:00,17,1,229.12,14.407,2974.15,0.901,49.969,HIGH_CONSUMPTION
2026-01-27 17:15:00,17,1,226.77,9.57,2007.4,0.925,50.124,HIGH_CONSUMPTION
2026-01-27 17:30:00,17,1,232.03,9.795,2140.95,0.942,50.003,HIGH_CONSUMPTION
2026-01-27 17:45:00,17,1,229.28,8.608,1871.03,0.948,49.979,HIGH_CONSUMPTION
2026-01-27 18:00:00,18,1,231.66,8.879,1939.71,0.943,50.045,HIGH_CONSUMPTION
2026-01-27 18:15:00,18,1,229.71,5.46,1150.08,0.917,50.062,HIGH_CONSUMPTION
2026-01-27 18:30:00,18,1,232.21,11.426,2517.98,0.949,49.989,HIGH_CONSUMPTION
2026-01-27 18:45:00,18,1,228.47,8.271,1838.75,0.973,50.071,HIGH_CONSUMPTION
2026-01-27 19:00:00,19,1,229.82,11.924,2573.17,0.939,49.968,HIGH_CONSUMPTION
2026-01-27 19:15:00,19,1,230.51,9.237,1935.44,0.909,50.051,HIGH_CONSUMPTION
2026-01-27 19:30:00,19,1,231.66,5.942,1284.24,0.933,49.998,HIGH_CONSUMPTION
2026-01-27 19:45:00,19,1,229.66,9.969,2186.37,0.955,50.07,HIGH_CONSUMPTION
2026-01-27 20:00:00,20,1,230.0,8.751,1960.38,0.974,49.929,HIGH_CONSUMPTION
2026-01-27 20:15:00,20,1,233.9,12.87,2805.63,0.932,49.923,HIGH_CONSUMPTION
2026-01-27 20:30:00,20,1,228.04,14.944,3332.86,0.978,50.021,HIGH_CONSUMPTION
2026-01-27 20:45:00,20,1,228.78,6.463,1357.33,0.918,49.952,HIGH_CONSUMPTION
2026-01-27 21:00:00,21,1,230.67,11.986,2562.99,0.927,49.982,HIGH_CONSUMPTION
2026-01-27 21:15:00,21,1,230.57,14.774,3232.64,0.949,49.92,HIGH_CONSUMPTION
2026-01-27 21:30:00,21,1,232.16,12.493,2842.42,0.98,50.049,HIGH_CONSUMPTION
2026-01-27 21:45:00,21,1,225.36,7.007,1509.69,0.956,50.009,HIGH_CONSUMPTION
2026-01-27 22:00:00,22,1,228.8,6.108,1331.79,0.953,49.976,HIGH_CONSUMPTION
2026-01-27 22:15:00,22,1,235.18,4.586,983.59,0.912,50.007,HIGH_CONSUMPTION
2026-01-27 22:30:00,22,1,229.38,4.526,981.08,0.945,49.925,HIGH_CONSUMPTION
2026-01-27 22:45:00,22,1,228.3,6.108,1369.34,0.982,49.995,HIGH_CONSUMPTION
2026-01-27 23:00:00,23,1,229.15,3.457,746.27,0.942,50.023,HIGH_CONSUMPTION
2026-01-27 23:15:00,23,1,227.32,3.368,702.73,0.918,50.075,HIGH_CONSUMPTION
2026-01-27 23:30:00,23,1,227.24,3.581,804.83,0.989,50.016,HIGH_CONSUMPTION
2026-01-27 23:45:00,23,1,230.84,5.187,1136.35,0.949,50.007,HIGH_CONSUMPTION
2026-01-28 00:00:00,0,2,229.12,1.288,277.47,0.94,49.979,HIGH_CONSUMPTION
2026-01-28 00:15:00,0,2,231.22,2.147,491.45,0.99,49.928,HIGH_CONSUMPTION
2026-01-28 00:30:00,0,2,230.64,1.989,423.45,0.923,50.051,HIGH_CONSUMPTION
2026-01-28 00:45:00,0,2,230.15,1.186,268.04,0.982,50.075,HIGH_CONSUMPTION
2026-01-28 01:00:00,1,2,231.24,2.355,527.66,0.969,49.993,HIGH_CONSUMPTION
2026-01-28 01:15:00,1,2,231.7,1.653,374.89,0.979,49.98,HIGH_CONSUMPTION
2026-01-28 01:30:00,1,2,233.0,1.193,259.26,0.933,50.022,HIGH_CONSUMPTION
2026-01-28 01:45:00,1,2,227.73,1.844,397.35,0.946,49.938,HIGH_CONSUMPTION
2026-01-28 02:00:00,2,2,232.7,1.007,215.84,0.921,50.083,HIGH_CONSUMPTION
2026-01-28 02:15:00,2,2,228.94,2.008,428.0,0.931,50.017,HIGH_CONSUMPTION
2026-01-28 02:30:00,2,2,231.23,1.914,437.66,0.989,49.973,HIGH_CONSUMPTION
2026-01-28 02:45:00,2,2,231.05,1.977,415.13,0.909,50.017,HIGH_CONSUMPTION
2026-01-28 03:00:00,3,2,230.29,2.399,502.74,0.91,50.05,HIGH_CONSUMPTION
2026-01-28 03:15:00,3,2,228.53,2.014,448.25,0.974,49.983,HIGH_CONSUMPTION
2026-01-28 03:30:00,3,2,226.77,0.974,205.63,0.931,49.917,HIGH_CONSUMPTION
2026-01-28 03:45:00,3,2,228.22,1.249,272.25,0.955,50.028,HIGH_CONSUMPTION
2026-01-28 04:00:00,4,2,231.06,2.695,563.53,0.905,50.043,HIGH_CONSUMPTION
2026-01-28 04:15:00,4,2,230.84,0.962,216.85,0.977,49.984,HIGH_CONSUMPTION
2026-01-28 04:30:00,4,2,227.04,2.064,452.13,0.965,50.02,HIGH_CONSUMPTION
2026-01-28 04:45:00,4,2,228.73,1.568,341.46,0.952,49.863,HIGH_CONSUMPTION
2026-01-28 05:00:00,5,2,230.33,1.101,243.4,0.96,49.858,HIGH_CONSUMPTION
2026-01-28 05:15:00,5,2,231.61,1.835,391.53,0.921,50.077,HIGH_CONSUMPTION
2026-01-28 05:30:00,5,2,228.73,1.496,329.93,0.964,50.009,HIGH_CONSUMPTION
2026-01-28 05:45:00,5,2,231.61,2.068,471.31,0.984,49.896,HIGH_CONSUMPTION
2026-01-28 06:00:00,6,2,230.28,7.208,1520.52,0.916,49.978,HIGH_CONSUMPTION
2026-01-28 06:15:00,6,2,228.91,5.248,1159.32,0.965,49.943,HIGH_CONSUMPTION
2026-01-28 06:30:00,6,2,226.89,6.543,1428.06,0.962,50.043,HIGH_CONSUMPTION
2026-01-28 06:45:00,6,2,229.38,4.052,895.07,0.963,49.962,HIGH_CONSUMPTION
2026-01-28 07:00:00,7,2,230.03,10.112,2239.91,0.963,50.022,HIGH_CONSUMPTION
2026-01-28 07:15:00,7,2,229.9,7.833,1710.68,0.95,49.952,HIGH_CONSUMPTION
2026-01-28 07:30:00,7,2,231.75,6.115,1343.49,0.948,50.045,HIGH_CONSUMPTION
2026-01-28 07:45:00,7,2,232.59,6.313,1374.33,0.936,50.05,HIGH_CONSUMPTION
2026-01-28 08:00:00,8,2,228.03,6.457,1428.18,0.97,50.007,HIGH_CONSUMPTION
2026-01-28 08:15:00,8,2,224.73,7.603,1679.54,0.983,50.046,HIGH_CONSUMPTION
2026-01-28 08:30:00,8,2,228.72,3.517,764.17,0.95,50.0,HIGH_CONSUMPTION
2026-01-28 08:45:00,8,2,231.62,3.657,766.66,0.905,49.961,HIGH_CONSUMPTION
2026-01-28 09:00:00,9,2,229.49,2.138,482.78,0.984,50.051,HIGH_CONSUMPTION
2026-01-28 09:15:00,9,2,228.18,3.039,658.86,0.95,49.944,HIGH_CONSUMPTION
2026-01-28 09:30:00,9,2,227.21,6.454,1451.79,0.99,50.014,HIGH_CONSUMPTION
2026-01-28 09:45:00,9,2,229.3,5.251,1106.48,0.919,50.076,HIGH_CONSUMPTION
2026-01-28 10:00:00,10,2,231.01,6.159,1320.27,0.928,49.937,HIGH_CONSUMPTION
2026-01-28 10:15:00,10,2,227.9,5.373,1132.74,0.925,50.049,HIGH_CONSUMPTION
2026-01-28 10:30:00,10,2,230.75,8.288,1849.25,0.967,49.93,HIGH_CONSUMPTION
2026-01-28 10:45:00,10,2,228.72,4.702,969.0,0.901,50.034,HIGH_CONSUMPTION
2026-01-28 11:00:00,11,2,227.96,6.894,1507.2,0.959,49.973,HIGH_CONSUMPTION
2026-01-28 11:15:00,11,2,235.63,5.815,1313.97,0.959,50.168,HIGH_CONSUMPTION
2026-01-28 11:30:00,11,2,229.17,3.422,766.15,0.977,49.994,HIGH_CONSUMPTION
2026-01-28 11:45:00,11,2,227.48,8.396,1781.96,0.933,49.941,HIGH_CONSUMPTION
2026-01-28 12:00:00,12,2,230.06,8.312,1742.12,0.911,49.915,HIGH_CONSUMPTION
2026-01-28 12:15:00,12,2,233.61,5.873,1341.79,0.978,50.082,HIGH_CONSUMPTION
2026-01-28 12:30:00,12,2,230.55,2.759,602.35,0.947,49.941,HIGH_CONSUMPTION
2026-01-28 12:45:00,12,2,227.15,6.598,1480.68,0.988,49.975,HIGH_CONSUMPTION
2026-01-28 13:00:00,13,2,234.16,2.841,622.69,0.936,50.041,HIGH_CONSUMPTION
2026-01-28 13:15:00,13,2,231.6,4.762,1062.14,0.963,49.989,HIGH_CONSUMPTION
2026-01-28 13:30:00,13,2,231.17,3.286,749.74,0.987,49.946,HIGH_CONSUMPTION
2026-01-28 13:45:00,13,2,229.7,6.473,1360.5,0.915,50.045,HIGH_CONSUMPTION
2026-01-28 14:00:00,14,2,230.05,5.304,1177.46,0.965,50.057,HIGH_CONSUMPTION
2026-01-28 14:15:00,14,2,232.0,6.229,1408.99,0.975,50.064,HIGH_CONSUMPTION
2026-01-28 14:30:00,14,2,228.15,4.454,1000.9,0.985,50.017,HIGH_CONSUMPTION
2026-01-28 14:45:00,14,2,228.93,6.706,1483.02,0.966,49.942,HIGH_CONSUMPTION
2026-01-28 15:00:00,15,2,224.26,4.153,908.91,0.976,49.961,HIGH_CONSUMPTION
2026-01-28 15:15:00,15,2,230.54,7.453,1627.11,0.947,49.896,HIGH_CONSUMPTION
2026-01-28 15:30:00,15,2,231.57,3.245,721.48,0.96,49.948,HIGH_CONSUMPTION
2026-01-28 15:45:00,15,2,230.45,4.582,1021.06,0.967,50.021,HIGH_CONSUMPTION
2026-01-28 16:00:00,16,2,227.71,3.169,676.14,0.937,49.926,HIGH_CONSUMPTION
2026-01-28 16:15:00,16,2,229.4,4.627,967.03,0.911,50.064,HIGH_CONSUMPTION
2026-01-28 16:30:00,16,2,232.26,3.565,759.35,0.917,50.088,HIGH_CONSUMPTION
2026-01-28 16:45:00,16,2,225.98,2.981,628.57,0.933,50.018,HIGH_CONSUMPTION
2026-01-28 17:00:00,17,2,227.61,9.613,2155.11,0.985,49.943,HIGH_CONSUMPTION
2026-01-28 17:15:00,17,2,229.25,9.083,1894.85,0.91,50.025,HIGH_CONSUMPTION
2026-01-28 17:30:00,17,2,227.94,7.123,1482.32,0.913,50.086,HIGH_CONSUMPTION
2026-01-28 17:45:00,17,2,232.62,10.461,2340.97,0.962,49.996,HIGH_CONSUMPTION
2026-01-28 18:00:00,18,2,228.65,7.58,1594.48,0.92,49.94,HIGH_CONSUMPTION
2026-01-28 18:15:00,18,2,235.0,6.422,1362.76,0.903,49.958,HIGH_CONSUMPTION
2026-01-28 18:30:00,18,2,231.15,8.239,1835.91,0.964,49.951,HIGH_CONSUMPTION
2026-01-28 18:45:00,18,2,229.73,11.045,2494.3,0.983,50.051,HIGH_CONSUMPTION
2026-01-28 19:00:00,19,2,234.22,10.403,2253.95,0.925,50.019,HIGH_CONSUMPTION
2026-01-28 19:15:00,19,2,230.3,8.85,1858.73,0.912,50.041,HIGH_CONSUMPTION
2026-01-28 19:30:00,19,2,232.35,9.485,2023.11,0.918,50.04,HIGH_CONSUMPTION
2026-01-28 19:45:00,19,2,232.73,10.887,2346.22,0.926,49.976,HIGH_CONSUMPTION
2026-01-28 20:00:00,20,2,227.21,8.795,1922.29,0.962,50.016,HIGH_CONSUMPTION
2026-01-28 20:15:00,20,2,233.65,7.074,1522.32,0.921,50.028,HIGH_CONSUMPTION
2026-01-28 20:30:00,20,2,228.39,10.751,2241.72,0.913,49.989,HIGH_CONSUMPTION
2026-01-28 20:45:00,20,2,232.36,9.888,2244.74,0.977,49.941,HIGH_CONSUMPTION
2026-01-28 21:00:00,21,2,229.04,12.189,2523.7,0.904,50.119,HIGH_CONSUMPTION
2026-01-28 21:15:00,21,2,230.54,12.326,2617.18,0.921,49.92,HIGH_CONSUMPTION
2026-01-28 21:30:00,21,2,231.44,13.896,3016.72,0.938,50.097,HIGH_CONSUMPTION
2026-01-28 21:45:00,21,2,230.14,9.173,1908.49,0.904,49.96,HIGH_CONSUMPTION
2026-01-28 22:00:00,22,2,231.11,5.442,1182.19,0.94,49.986,HIGH_CONSUMPTION
2026-01-28 22:15:00,22,2,230.44,4.816,1071.04,0.965,49.997,HIGH_CONSUMPTION
2026-01-28 22:30:00,22,2,229.9,3.351,754.89,0.98,49.99,HIGH_CONSUMPTION
2026-01-28 22:45:00,22,2,232.65,4.563,993.65,0.936,50.079,HIGH_CONSUMPTION
2026-01-28 23:00:00,23,2,231.35,5.616,1179.68,0.908,49.941,HIGH_CONSUMPTION
2026-01-28 23:15:00,23,2,229.65,4.032,851.95,0.92,50.034,HIGH_CONSUMPTION
2026-01-28 23:30:00,23,2,231.76,5.705,1236.18,0.935,50.023,HIGH_CONSUMPTION
2026-01-28 23:45:00,23,2,225.97,2.982,632.01,0.938,50.065,HIGH_CONSUMPTION
2026-01-29 00:00:00,0,3,234.64,1.812,389.52,0.916,49.999,HIGH_CONSUMPTION
2026-01-29 00:15:00,0,3,228.92,1.455,312.2,0.937,49.933,HIGH_CONSUMPTION
2026-01-29 00:30:00,0,3,228.71,1.94,437.57,0.986,50.035,HIGH_CONSUMPTION
2026-01-29 00:45:00,0,3,232.73,1.414,298.1,0.906,49.903,HIGH_CONSUMPTION
2026-01-29 01:00:00,1,3,231.49,1.741,381.31,0.946,49.907,HIGH_CONSUMPTION
2026-01-29 01:15:00,1,3,229.95,1.713,378.08,0.96,50.01,HIGH_CONSUMPTION
2026-01-29 01:30:00,1,3,229.51,1.577,336.86,0.931,50.039,HIGH_CONSUMPTION
2026-01-29 01:45:00,1,3,233.19,1.611,364.83,0.971,50.004,HIGH_CONSUMPTION
2026-01-29 02:00:00,2,3,226.25,2.019,414.26,0.907,49.993,HIGH_CONSUMPTION
2026-01-29 02:15:00,2,3,229.68,1.919,402.89,0.914,50.083,HIGH_CONSUMPTION
2026-01-29 02:30:00,2,3,229.05,2.322,502.05,0.944,50.002,HIGH_CONSUMPTION
2026-01-29 02:45:00,2,3,227.1,1.901,400.73,0.928,50.029,HIGH_CONSUMPTION
2026-01-29 03:00:00,3,3,228.8,1.271,269.96,0.928,49.962,HIGH_CONSUMPTION
2026-01-29 03:15:00,3,3,229.51,1.159,249.29,0.937,50.015,HIGH_CONSUMPTION
2026-01-29 03:30:00,3,3,232.16,1.203,272.76,0.977,49.996,HIGH_CONSUMPTION
2026-01-29 03:45:00,3,3,228.17,1.227,274.69,0.981,50.087,HIGH_CONSUMPTION
2026-01-29 04:00:00,4,3,229.39,1.573,332.64,0.922,49.935,HIGH_CONSUMPTION
2026-01-29 04:15:00,4,3,230.13,1.281,282.22,0.957,49.949,HIGH_CONSUMPTION
2026-01-29 04:30:00,4,3,231.92,0.728,163.37,0.968,49.886,HIGH_CONSUMPTION
2026-01-29 04:45:00,4,3,226.92,1.017,209.13,0.906,49.993,HIGH_CONSUMPTION
2026-01-29 05:00:00,5,3,231.55,2.253,507.68,0.973,49.994,HIGH_CONSUMPTION
2026-01-29 05:15:00,5,3,230.65,2.624,581.62,0.961,50.037,HIGH_CONSUMPTION
2026-01-29 05:30:00,5,3,227.64,1.045,225.02,0.946,49.997,HIGH_CONSUMPTION
2026-01-29 05:45:00,5,3,227.45,2.279,510.09,0.984,49.93,HIGH_CONSUMPTION
2026-01-29 06:00:00,6,3,229.78,6.385,1358.53,0.926,49.987,HIGH_CONSUMPTION
2026-01-29 06:15:00,6,3,229.75,8.114,1687.0,0.905,50.063,HIGH_CONSUMPTION
2026-01-29 06:30:00,6,3,230.08,7.977,1811.58,0.987,50.048,HIGH_CONSUMPTION
2026-01-29 06:45:00,6,3,233.54,4.545,1038.13,0.978,50.019,HIGH_CONSUMPTION
2026-01-29 07:00:00,7,3,227.63,6.935,1423.89,0.902,49.909,HIGH_CONSUMPTION
2026-01-29 07:15:00,7,3,229.37,6.366,1409.13,0.965,50.045,HIGH_CONSUMPTION
2026-01-29 07:30:00,7,3,230.49,5.341,1118.94,0.909,49.988,HIGH_CONSUMPTION
2026-01-29 07:45:00,7,3,230.2,10.098,2099.05,0.903,50.019,HIGH_CONSUMPTION
2026-01-29 08:00:00,8,3,229.63,8.681,1861.85,0.934,50.012,HIGH_CONSUMPTION
2026-01-29 08:15:00,8,3,230.7,6.243,1362.52,0.946,49.952,HIGH_CONSUMPTION
2026-01-29 08:30:00,8,3,230.24,7.749,1618.18,0.907,49.958,HIGH_CONSUMPTION
2026-01-29 08:45:00,8,3,231.76,3.894,844.72,0.936,49.976,HIGH_CONSUMPTION
2026-01-29 09:00:00,9,3,230.64,3.358,765.17,0.988,50.068,HIGH_CONSUMPTION
2026-01-29 09:15:00,9,3,229.35,7.757,1693.64,0.952,49.936,HIGH_CONSUMPTION
2026-01-29 09:30:00,9,3,229.09,5.539,1144.51,0.902,49.973,HIGH_CONSUMPTION
2026-01-29 09:45:00,9,3,229.86,5.157,1173.48,0.99,50.036,HIGH_CONSUMPTION
2026-01-29 10:00:00,10,3,231.55,7.59,1695.95,0.965,49.953,HIGH_CONSUMPTION
2026-01-29 10:15:00,10,3,229.49,5.77,1255.25,0.948,49.926,HIGH_CONSUMPTION
2026-01-29 10:30:00,10,3,228.86,5.137,1061.69,0.903,50.04,HIGH_CONSUMPTION
2026-01-29 10:45:00,10,3,229.0,3.359,699.91,0.91,49.996,HIGH_CONSUMPTION
2026-01-29 11:00:00,11,3,230.09,3.45,744.52,0.938,50.095,HIGH_CONSUMPTION
2026-01-29 11:15:00,11,3,231.99,4.199,917.53,0.942,49.959,HIGH_CONSUMPTION
2026-01-29 11:30:00,11,3,232.95,4.183,881.91,0.905,50.059,HIGH_CONSUMPTION
2026-01-29 11:45:00,11,3,231.14,5.346,1123.25,0.909,50.048,HIGH_CONSUMPTION
2026-01-29 12:00:00,12,3,231.37,6.68,1432.69,0.927,50.046,HIGH_CONSUMPTION
2026-01-29 12:15:00,12,3,232.58,2.808,605.32,0.927,50.01,HIGH_CONSUMPTION
2026-01-29 12:30:00,12,3,228.57,5.228,1178.27,0.986,49.945,HIGH_CONSUMPTION
2026-01-29 12:45:00,12,3,229.92,9.559,2079.23,0.946,50.089,HIGH_CONSUMPTION
2026-01-29 13:00:00,13,3,232.39,4.919,1115.63,0.976,49.971,HIGH_CONSUMPTION
2026-01-29 13:15:00,13,3,232.17,4.673,1029.58,0.949,49.882,HIGH_CONSUMPTION
2026-01-29 13:30:00,13,3,234.5,4.205,920.93,0.934,50.053,HIGH_CONSUMPTION
2026-01-29 13:45:00,13,3,231.78,5.125,1133.25,0.954,50.004,HIGH_CONSUMPTION
2026-01-29 14:00:00,14,3,231.93,5.969,1340.17,0.968,50.009,HIGH_CONSUMPTION
2026-01-29 14:15:00,14,3,230.46,4.212,911.58,0.939,50.025,HIGH_CONSUMPTION
2026-01-29 14:30:00,14,3,231.55,5.659,1196.34,0.913,50.092,HIGH_CONSUMPTION
2026-01-29 14:45:00,14,3,232.79,5.24,1101.49,0.903,49.994,HIGH_CONSUMPTION
2026-01-29 15:00:00,15,3,228.67,8.309,1825.99,0.961,50.028,HIGH_CONSUMPTION
2026-01-29 15:15:00,15,3,228.54,5.466,1143.02,0.915,49.981,HIGH_CONSUMPTION
2026-01-29 15:30:00,15,3,229.44,6.181,1355.84,0.956,50.023,HIGH_CONSUMPTION
2026-01-29 15:45:00,15,3,225.37,6.239,1283.68,0.913,50.012,HIGH_CONSUMPTION
2026-01-29 16:00:00,16,3,228.89,7.821,1612.87,0.901,50.0,HIGH_CONSUMPTION
2026-01-29 16:15:00,16,3,233.29,4.803,1095.81,0.978,50.005,HIGH_CONSUMPTION
2026-01-29 16:30:00,16,3,229.55,8.027,1702.61,0.924,49.971,HIGH_CONSUMPTION
2026-01-29 16:45:00,16,3,232.56,5.505,1153.44,0.901,49.959,HIGH_CONSUMPTION
2026-01-29 17:00:00,17,3,230.19,9.624,2151.02,0.971,50.029,HIGH_CONSUMPTION
2026-01-29 17:15:00,17,3,227.31,12.383,2603.6,0.925,49.98,HIGH_CONSUMPTION
2026-01-29 17:30:00,17,3,229.79,10.955,2313.37,0.919,50.06,HIGH_CONSUMPTION
2026-01-29 17:45:00,17,3,230.76,11.38,2552.53,0.972,49.998,HIGH_CONSUMPTION
2026-01-29 18:00:00,18,3,230.15,9.308,2007.21,0.937,49.918,HIGH_CONSUMPTION
2026-01-29 18:15:00,18,3,227.68,8.845,1816.39,0.902,50.026,HIGH_CONSUMPTION
2026-01-29 18:30:00,18,3,230.11,12.901,2900.43,0.977,50.011,HIGH_CONSUMPTION
2026-01-29 18:45:00,18,3,230.35,5.647,1283.93,0.987,50.042,HIGH_CONSUMPTION
2026-01-29 19:00:00,19,3,231.28,13.257,2827.02,0.922,50.009,HIGH_CONSUMPTION
2026-01-29 19:15:00,19,3,234.11,12.045,2681.78,0.951,50.048,HIGH_CONSUMPTION
2026-01-29 19:30:00,19,3,228.62,11.853,2677.36,0.988,50.031,HIGH_CONSUMPTION
2026-01-29 19:45:00,19,3,226.4,9.873,2029.59,0.908,50.043,HIGH_CONSUMPTION
2026-01-29 20:00:00,20,3,229.67,8.99,2029.65,0.983,50.044,HIGH_CONSUMPTION
2026-01-29 20:15:00,20,3,230.11,11.152,2363.38,0.921,49.955,HIGH_CONSUMPTION
2026-01-29 20:30:00,20,3,230.3,10.233,2132.75,0.905,50.016,HIGH_CONSUMPTION
2026-01-29 20:45:00,20,3,227.68,8.301,1865.47,0.987,49.97,HIGH_CONSUMPTION
2026-01-29 21:00:00,21,3,231.62,7.006,1462.03,0.901,49.945,HIGH_CONSUMPTION
2026-01-29 21:15:00,21,3,230.83,12.976,2854.49,0.953,50.031,HIGH_CONSUMPTION
2026-01-29 21:30:00,21,3,229.33,9.59,2111.37,0.96,49.864,HIGH_CONSUMPTION
2026-01-29 21:45:00,21,3,230.81,7.269,1583.82,0.944,50.006,HIGH_CONSUMPTION
2026-01-29 22:00:00,22,3,230.3,4.928,1054.32,0.929,49.933,HIGH_CONSUMPTION
2026-01-29 22:15:00,22,3,232.05,2.515,572.5,0.981,49.943,HIGH_CONSUMPTION
2026-01-29 22:30:00,22,3,226.22,5.494,1186.96,0.955,49.907,HIGH_CONSUMPTION
2026-01-29 22:45:00,22,3,229.12,5.759,1206.12,0.914,50.055,HIGH_CONSUMPTION
2026-01-29 23:00:00,23,3,230.15,6.875,1547.56,0.978,49.997,HIGH_CONSUMPTION
2026-01-29 23:15:00,23,3,230.78,5.474,1198.96,0.949,49.982,HIGH_CONSUMPTION
2026-01-29 23:30:00,23,3,230.11,5.413,1229.49,0.987,50.02,HIGH_CONSUMPTION
2026-01-29 23:45:00,23,3,228.93,4.432,987.29,0.973,50.021,HIGH_CONSUMPTION
2026-01-30 00:00:00,0,4,231.67,2.146,466.86,0.939,49.968,HIGH_CONSUMPTION
2026-01-30 00:15:00,0,4,229.58,1.528,316.35,0.902,50.003,HIGH_CONSUMPTION
2026-01-30 00:30:00,0,4,227.9,2.414,500.56,0.91,50.054,HIGH_CONSUMPTION
2026-01-30 00:45:00,0,4,230.31,1.332,300.24,0.979,49.972,HIGH_CONSUMPTION
2026-01-30 01:00:00,1,4,228.34,1.525,330.13,0.948,49.946,HIGH_CONSUMPTION
2026-01-30 01:15:00,1,4,229.09,1.603,347.83,0.947,49.986,HIGH_CONSUMPTION
2026-01-30 01:30:00,1,4,232.21,1.803,388.43,0.928,50.065,HIGH_CONSUMPTION
2026-01-30 01:45:00,1,4,225.82,2.11,450.3,0.945,50.037,HIGH_CONSUMPTION
2026-01-30 02:00:00,2,4,229.97,1.77,377.0,0.926,50.079,HIGH_CONSUMPTION
2026-01-30 02:15:00,2,4,227.87,2.259,493.67,0.959,50.065,HIGH_CONSUMPTION
2026-01-30 02:30:00,2,4,229.39,2.305,516.02,0.976,49.958,HIGH_CONSUMPTION
2026-01-30 02:45:00,2,4,231.01,1.168,251.92,0.934,49.983,HIGH_CONSUMPTION
2026-01-30 03:00:00,3,4,231.31,1.452,330.9,0.985,49.996,HIGH_CONSUMPTION
2026-01-30 03:15:00,3,4,228.59,2.014,439.25,0.954,49.993,HIGH_CONSUMPTION
2026-01-30 03:30:00,3,4,232.12,1.321,296.53,0.967,50.087,HIGH_CONSUMPTION
2026-01-30 03:45:00,3,4,225.63,1.299,266.42,0.909,50.07,HIGH_CONSUMPTION
2026-01-30 04:00:00,4,4,231.69,1.904,416.08,0.943,49.912,HIGH_CONSUMPTION
2026-01-30 04:15:00,4,4,229.25,1.739,390.65,0.98,50.014,HIGH_CONSUMPTION
2026-01-30 04:30:00,4,4,226.3,0.989,206.4,0.922,49.993,HIGH_CONSUMPTION
2026-01-30 04:45:00,4,4,228.52,1.714,372.04,0.95,49.947,HIGH_CONSUMPTION
2026-01-30 05:00:00,5,4,226.67,1.543,341.01,0.975,49.963,HIGH_CONSUMPTION
2026-01-30 05:15:00,5,4,229.83,1.557,348.55,0.974,50.028,HIGH_CONSUMPTION
2026-01-30 05:30:00,5,4,230.82,1.757,393.85,0.971,50.036,HIGH_CONSUMPTION
2026-01-30 05:45:00,5,4,232.82,1.502,334.6,0.957,50.001,HIGH_CONSUMPTION
2026-01-30 06:00:00,6,4,229.51,4.141,901.92,0.949,49.872,HIGH_CONSUMPTION
2026-01-30 06:15:00,6,4,229.7,10.159,2177.16,0.933,49.957,HIGH_CONSUMPTION
2026-01-30 06:30:00,6,4,232.73,9.025,1970.16,0.938,50.078,HIGH_CONSUMPTION
2026-01-30 06:45:00,6,4,227.76,6.351,1369.8,0.947,49.984,HIGH_CONSUMPTION
2026-01-30 07:00:00,7,4,231.39,4.688,999.07,0.921,50.033,HIGH_CONSUMPTION
2026-01-30 07:15:00,7,4,230.56,4.364,980.97,0.975,49.98,HIGH_CONSUMPTION
2026-01-30 07:30:00,7,4,229.81,4.397,982.2,0.972,50.02,HIGH_CONSUMPTION
2026-01-30 07:45:00,7,4,227.56,8.626,1790.29,0.912,49.974,HIGH_CONSUMPTION
2026-01-30 08:00:00,8,4,231.58,5.861,1247.4,0.919,49.974,HIGH_CONSUMPTION
2026-01-30 08:15:00,8,4,229.44,6.485,1400.22,0.941,49.961,HIGH_CONSUMPTION
2026-01-30 08:30:00,8,4,226.4,5.966,1308.83,0.969,50.06,HIGH_CONSUMPTION
2026-01-30 08:45:00,8,4,227.08,7.021,1463.51,0.918,49.973,HIGH_CONSUMPTION
2026-01-30 09:00:00,9,4,230.28,2.947,654.23,0.964,49.932,HIGH_CONSUMPTION
2026-01-30 09:15:00,9,4,227.13,4.869,1004.07,0.908,50.011,HIGH_CONSUMPTION
2026-01-30 09:30:00,9,4,230.62,6.52,1390.82,0.925,49.968,HIGH_CONSUMPTION
2026-01-30 09:45:00,9,4,231.04,3.395,733.42,0.935,50.005,HIGH_CONSUMPTION
2026-01-30 10:00:00,10,4,228.36,5.5,1166.82,0.929,50.068,HIGH_CONSUMPTION
2026-01-30 10:15:00,10,4,228.95,5.179,1071.87,0.904,50.014,HIGH_CONSUMPTION
2026-01-30 10:30:00,10,4,229.41,7.624,1626.55,0.93,50.012,HIGH_CONSUMPTION
2026-01-30 10:45:00,10,4,229.16,5.819,1300.2,0.975,49.971,HIGH_CONSUMPTION
2026-01-30 11:00:00,11,4,226.81,7.169,1601.58,0.985,49.958,HIGH_CONSUMPTION
2026-01-30 11:15:00,11,4,228.58,8.829,1818.39,0.901,49.956,HIGH_CONSUMPTION
2026-01-30 11:30:00,11,4,231.87,6.174,1384.31,0.967,50.038,HIGH_CONSUMPTION
2026-01-30 11:45:00,11,4,230.39,7.173,1568.41,0.949,50.01,HIGH_CONSUMPTION
2026-01-30 12:00:00,12,4,228.02,3.485,729.58,0.918,49.981,HIGH_CONSUMPTION
2026-01-30 12:15:00,12,4,229.8,4.029,900.05,0.972,49.924,HIGH_CONSUMPTION
2026-01-30 12:30:00,12,4,227.26,4.798,1046.88,0.96,49.991,HIGH_CONSUMPTION
2026-01-30 12:45:00,12,4,230.43,7.277,1638.38,0.977,50.009,HIGH_CONSUMPTION
2026-01-30 13:00:00,13,4,231.94,5.215,1184.25,0.979,49.989,HIGH_CONSUMPTION
2026-01-30 13:15:00,13,4,228.88,7.372,1668.65,0.989,49.955,HIGH_CONSUMPTION
2026-01-30 13:30:00,13,4,230.37,4.074,902.94,0.962,50.032,HIGH_CONSUMPTION
2026-01-30 13:45:00,13,4,228.88,6.27,1387.61,0.967,50.025,HIGH_CONSUMPTION
2026-01-30 14:00:00,14,4,229.27,4.502,976.45,0.946,50.047,HIGH_CONSUMPTION
2026-01-30 14:15:00,14,4,230.62,4.596,1005.97,0.949,50.016,HIGH_CONSUMPTION
2026-01-30 14:30:00,14,4,227.8,7.501,1672.76,0.979,49.989,HIGH_CONSUMPTION
2026-01-30 14:45:00,14,4,227.1,4.058,838.73,0.91,50.053,HIGH_CONSUMPTION
2026-01-30 15:00:00,15,4,232.88,3.644,764.54,0.901,49.948,HIGH_CONSUMPTION
2026-01-30 15:15:00,15,4,231.34,4.832,1057.51,0.946,50.052,HIGH_CONSUMPTION
2026-01-30 15:30:00,15,4,228.19,7.055,1518.04,0.943,50.031,HIGH_CONSUMPTION
2026-01-30 15:45:00,15,4,228.6,3.315,693.43,0.915,50.008,HIGH_CONSUMPTION
2026-01-30 16:00:00,16,4,234.27,6.996,1566.85,0.956,50.002,HIGH_CONSUMPTION
2026-01-30 16:15:00,16,4,230.74,4.996,1066.26,0.925,49.965,HIGH_CONSUMPTION
2026-01-30 16:30:00,16,4,232.94,4.884,1121.75,0.986,50.014,HIGH_CONSUMPTION
2026-01-30 16:45:00,16,4,230.53,7.833,1670.23,0.925,49.97,HIGH_CONSUMPTION
2026-01-30 17:00:00,17,4,231.48,7.341,1597.26,0.94,49.928,HIGH_CONSUMPTION
2026-01-30 17:15:00,17,4,230.4,14.571,3091.94,0.921,50.047,HIGH_CONSUMPTION
2026-01-30 17:30:00,17,4,229.27,9.05,2047.85,0.987,50.099,HIGH_CONSUMPTION
2026-01-30 17:45:00,17,4,227.2,10.615,2238.04,0.928,50.005,HIGH_CONSUMPTION
2026-01-30 18:00:00,18,4,231.8,9.124,2040.98,0.965,49.995,HIGH_CONSUMPTION
2026-01-30 18:15:00,18,4,233.42,10.497,2359.55,0.963,49.949,HIGH_CONSUMPTION
2026-01-30 18:30:00,18,4,228.36,8.56,1919.57,0.982,50.023,HIGH_CONSUMPTION
2026-01-30 18:45:00,18,4,228.2,7.177,1503.49,0.918,49.983,HIGH_CONSUMPTION
2026-01-30 19:00:00,19,4,230.75,8.328,1862.2,0.969,49.988,HIGH_CONSUMPTION
2026-01-30 19:15:00,19,4,231.5,8.319,1881.66,0.977,49.999,HIGH_CONSUMPTION
2026-01-30 19:30:00,19,4,227.48,11.368,2335.09,0.903,50.044,HIGH_CONSUMPTION
2026-01-30 19:45:00,19,4,229.13,8.362,1791.44,0.935,49.993,HIGH_CONSUMPTION
2026-01-30 20:00:00,20,4,228.11,15.72,3281.16,0.915,49.993,HIGH_CONSUMPTION
2026-01-30 20:15:00,20,4,227.59,9.154,2008.46,0.964,49.993,HIGH_CONSUMPTION
2026-01-30 20:30:00,20,4,229.09,8.186,1777.88,0.948,50.065,HIGH_CONSUMPTION
2026-01-30 20:45:00,20,4,230.61,11.736,2489.86,0.92,49.95,HIGH_CONSUMPTION
2026-01-30 21:00:00,21,4,230.15,10.694,2335.79,0.949,50.009,HIGH_CONSUMPTION
2026-01-30 21:15:00,21,4,228.1,9.356,1935.71,0.907,50.038,HIGH_CONSUMPTION
2026-01-30 21:30:00,21,4,231.37,5.466,1250.74,0.989,50.009,HIGH_CONSUMPTION
2026-01-30 21:45:00,21,4,231.5,14.312,3140.98,0.948,50.02,HIGH_CONSUMPTION
2026-01-30 22:00:00,22,4,226.89,5.393,1160.08,0.948,49.963,HIGH_CONSUMPTION
2026-01-30 22:15:00,22,4,228.72,6.324,1401.69,0.969,50.019,HIGH_CONSUMPTION
2026-01-30 22:30:00,22,4,228.29,3.306,736.54,0.976,49.994,HIGH_CONSUMPTION
2026-01-30 22:45:00,22,4,230.4,2.722,614.68,0.98,50.014,HIGH_CONSUMPTION
2026-01-30 23:00:00,23,4,226.85,3.749,806.19,0.948,49.984,HIGH_CONSUMPTION
2026-01-30 23:15:00,23,4,231.04,3.897,859.88,0.955,49.955,HIGH_CONSUMPTION
2026-01-30 23:30:00,23,4,231.49,3.274,741.27,0.978,50.096,HIGH_CONSUMPTION
2026-01-30 23:45:00,23,4,230.25,4.512,967.13,0.931,49.964,HIGH_CONSUMPTION
2026-01-31 00:00:00,0,5,232.53,1.283,278.73,0.934,50.017,HIGH_CONSUMPTION
2026-01-31 00:15:00,0,5,230.27,1.638,355.26,0.942,50.073,HIGH_CONSUMPTION
2026-01-31 00:30:00,0,5,229.64,1.683,380.32,0.984,50.005,HIGH_CONSUMPTION
2026-01-31 00:45:00,0,5,226.69,1.526,314.52,0.909,50.001,HIGH_CONSUMPTION
2026-01-31 01:00:00,1,5,230.79,1.048,222.43,0.92,50.015,HIGH_CONSUMPTION
2026-01-31 01:15:00,1,5,228.57,1.625,357.74,0.963,50.033,HIGH_CONSUMPTION
2026-01-31 01:30:00,1,5,228.53,1.342,278.74,0.909,50.01,HIGH_CONSUMPTION
2026-01-31 01:45:00,1,5,232.06,1.561,353.6,0.976,50.007,HIGH_CONSUMPTION
2026-01-31 02:00:00,2,5,231.3,1.785,388.08,0.94,50.059,HIGH_CONSUMPTION
2026-01-31 02:15:00,2,5,227.15,0.967,199.71,0.909,49.968,HIGH_CONSUMPTION
2026-01-31 02:30:00,2,5,232.29,1.32,278.47,0.908,49.94,HIGH_CONSUMPTION
2026-01-31 02:45:00,2,5,231.12,2.141,475.5,0.961,50.035,HIGH_CONSUMPTION
2026-01-31 03:00:00,3,5,228.32,1.566,344.35,0.963,49.954,HIGH_CONSUMPTION
2026-01-31 03:15:00,3,5,231.41,1.078,233.39,0.936,49.916,HIGH_CONSUMPTION
2026-01-31 03:30:00,3,5,232.38,1.594,354.42,0.957,50.067,HIGH_CONSUMPTION
2026-01-31 03:45:00,3,5,230.63,2.319,507.47,0.949,49.978,HIGH_CONSUMPTION
2026-01-31 04:00:00,4,5,229.1,1.578,336.19,0.93,49.945,HIGH_CONSUMPTION
2026-01-31 04:15:00,4,5,226.28,1.878,411.79,0.969,50.049,HIGH_CONSUMPTION
2026-01-31 04:30:00,4,5,227.77,2.283,471.59,0.907,50.017,HIGH_CONSUMPTION
2026-01-31 04:45:00,4,5,228.8,1.282,267.48,0.912,49.992,HIGH_CONSUMPTION
2026-01-31 05:00:00,5,5,229.88,1.848,418.94,0.986,50.047,HIGH_CONSUMPTION
2026-01-31 05:15:00,5,5,228.93,1.807,409.51,0.99,49.97,HIGH_CONSUMPTION
2026-01-31 05:30:00,5,5,227.78,1.523,333.71,0.962,49.945,HIGH_CONSUMPTION
2026-01-31 05:45:00,5,5,227.75,2.473,517.6,0.919,49.974,HIGH_CONSUMPTION
2026-01-31 06:00:00,6,5,230.61,5.27,1194.61,0.983,50.021,HIGH_CONSUMPTION
2026-01-31 06:15:00,6,5,231.23,7.328,1552.05,0.916,49.925,HIGH_CONSUMPTION
2026-01-31 06:30:00,6,5,227.65,5.028,1065.68,0.931,49.931,HIGH_CONSUMPTION
2026-01-31 06:45:00,6,5,229.53,6.466,1353.63,0.912,50.056,HIGH_CONSUMPTION
2026-01-31 07:00:00,7,5,231.46,7.36,1545.22,0.907,49.918,HIGH_CONSUMPTION
2026-01-31 07:15:00,7,5,231.23,4.472,1001.0,0.968,49.994,HIGH_CONSUMPTION
2026-01-31 07:30:00,7,5,231.0,6.29,1373.11,0.945,50.012,HIGH_CONSUMPTION
2026-01-31 07:45:00,7,5,226.94,3.179,714.2,0.99,49.945,HIGH_CONSUMPTION
2026-01-31 08:00:00,8,5,229.18,8.322,1861.49,0.976,49.909,HIGH_CONSUMPTION
2026-01-31 08:15:00,8,5,231.74,6.212,1406.44,0.977,50.063,HIGH_CONSUMPTION
2026-01-31 08:30:00,8,5,230.57,3.581,815.74,0.988,50.002,HIGH_CONSUMPTION
2026-01-31 08:45:00,8,5,230.72,6.737,1478.26,0.951,49.953,HIGH_CONSUMPTION
2026-01-31 09:00:00,9,5,224.38,4.092,860.27,0.937,50.001,HIGH_CONSUMPTION
2026-01-31 09:15:00,9,5,229.15,4.772,1043.12,0.954,49.982,HIGH_CONSUMPTION
2026-01-31 09:30:00,9,5,226.75,3.745,770.19,0.907,49.908,HIGH_CONSUMPTION
2026-01-31 09:45:00,9,5,230.98,4.718,1070.26,0.982,49.914,HIGH_CONSUMPTION
2026-01-31 10:00:00,10,5,229.0,4.347,906.81,0.911,50.006,HIGH_CONSUMPTION
2026-01-31 10:15:00,10,5,229.78,5.254,1105.79,0.916,49.965,HIGH_CONSUMPTION
2026-01-31 10:30:00,10,5,233.89,5.464,1159.06,0.907,49.95,HIGH_CONSUMPTION
2026-01-31 10:45:00,10,5,230.89,3.971,862.86,0.941,49.997,HIGH_CONSUMPTION
2026-01-31 11:00:00,11,5,228.11,7.178,1529.3,0.934,49.953,HIGH_CONSUMPTION
2026-01-31 11:15:00,11,5,230.97,2.932,624.48,0.922,50.044,HIGH_CONSUMPTION
2026-01-31 11:30:00,11,5,231.58,5.877,1296.98,0.953,50.04,HIGH_CONSUMPTION
2026-01-31 11:45:00,11,5,232.55,8.005,1682.88,0.904,50.031,HIGH_CONSUMPTION
2026-01-31 12:00:00,12,5,227.55,3.153,665.89,0.928,50.072,HIGH_CONSUMPTION
2026-01-31 12:15:00,12,5,228.27,3.657,819.7,0.982,50.029,HIGH_CONSUMPTION
2026-01-31 12:30:00,12,5,228.64,6.378,1418.88,0.973,50.004,HIGH_CONSUMPTION
2026-01-31 12:45:00,12,5,229.15,2.476,552.14,0.973,50.003,HIGH_CONSUMPTION
2026-01-31 13:00:00,13,5,228.72,5.247,1178.47,0.982,49.949,HIGH_CONSUMPTION
2026-01-31 13:15:00,13,5,232.67,4.481,1021.82,0.98,50.029,HIGH_CONSUMPTION
2026-01-31 13:30:00,13,5,232.82,6.196,1348.84,0.935,49.961,HIGH_CONSUMPTION
2026-01-31 13:45:00,13,5,232.41,5.219,1174.17,0.968,50.026,HIGH_CONSUMPTION
2026-01-31 14:00:00,14,5,229.15,5.488,1221.08,0.971,49.98,HIGH_CONSUMPTION
2026-01-31 14:15:00,14,5,229.87,4.166,930.88,0.972,50.028,HIGH_CONSUMPTION
2026-01-31 14:30:00,14,5,229.56,4.702,1010.32,0.936,49.981,HIGH_CONSUMPTION
2026-01-31 14:45:00,14,5,231.01,4.749,998.34,0.91,49.997,HIGH_CONSUMPTION
2026-01-31 15:00:00,15,5,233.82,5.415,1145.78,0.905,49.966,HIGH_CONSUMPTION
2026-01-31 15:15:00,15,5,229.13,4.228,874.74,0.903,50.091,HIGH_CONSUMPTION
2026-01-31 15:30:00,15,5,231.26,2.867,653.04,0.985,50.002,HIGH_CONSUMPTION
2026-01-31 15:45:00,15,5,232.12,3.828,815.74,0.918,50.06,HIGH_CONSUMPTION
2026-01-31 16:00:00,16,5,229.35,8.98,1985.45,0.964,49.937,HIGH_CONSUMPTION
2026-01-31 16:15:00,16,5,227.63,6.772,1395.07,0.905,50.022,HIGH_CONSUMPTION
2026-01-31 16:30:00,16,5,231.44,8.364,1800.17,0.93,49.995,HIGH_CONSUMPTION
2026-01-31 16:45:00,16,5,233.11,3.649,803.04,0.944,49.976,HIGH_CONSUMPTION
2026-01-31 17:00:00,17,5,232.23,9.849,2262.18,0.989,49.982,HIGH_CONSUMPTION
2026-01-31 17:15:00,17,5,228.41,6.434,1434.21,0.976,49.976,HIGH_CONSUMPTION
2026-01-31 17:30:00,17,5,232.33,10.09,2203.6,0.94,49.94,HIGH_CONSUMPTION
2026-01-31 17:45:00,17,5,229.26,10.201,2132.96,0.912,49.972,HIGH_CONSUMPTION
2026-01-31 18:00:00,18,5,233.69,8.419,1784.5,0.907,50.026,HIGH_CONSUMPTION
2026-01-31 18:15:00,18,5,227.24,8.816,1871.08,0.934,50.017,HIGH_CONSUMPTION
2026-01-31 18:30:00,18,5,229.55,8.844,1867.67,0.92,49.986,HIGH_CONSUMPTION
2026-01-31 18:45:00,18,5,228.57,11.359,2352.28,0.906,50.09,HIGH_CONSUMPTION
2026-01-31 19:00:00,19,5,228.96,7.996,1772.15,0.968,50.087,HIGH_CONSUMPTION
2026-01-31 19:15:00,19,5,232.64,6.193,1393.24,0.967,50.047,HIGH_CONSUMPTION
2026-01-31 19:30:00,19,5,229.96,13.038,2797.25,0.933,49.941,HIGH_CONSUMPTION
2026-01-31 19:45:00,19,5,228.4,12.768,2770.36,0.95,50.021,HIGH_CONSUMPTION
2026-01-31 20:00:00,20,5,232.01,14.123,3214.32,0.981,49.995,HIGH_CONSUMPTION
2026-01-31 20:15:00,20,5,230.07,7.767,1636.79,0.916,49.963,HIGH_CONSUMPTION
2026-01-31 20:30:00,20,5,229.81,7.695,1733.12,0.98,50.002,HIGH_CONSUMPTION
2026-01-31 20:45:00,20,5,232.15,11.491,2616.88,0.981,50.052,HIGH_CONSUMPTION
2026-01-31 21:00:00,21,5,229.84,5.791,1243.07,0.934,50.037,HIGH_CONSUMPTION
2026-01-31 21:15:00,21,5,231.5,6.933,1572.96,0.98,50.119,HIGH_CONSUMPTION
2026-01-31 21:30:00,21,5,231.84,7.479,1685.41,0.972,49.98,HIGH_CONSUMPTION
2026-01-31 21:45:00,21,5,227.35,11.322,2535.41,0.985,50.004,HIGH_CONSUMPTION
2026-01-31 22:00:00,22,5,231.46,3.789,832.18,0.949,50.02,HIGH_CONSUMPTION
2026-01-31 22:15:00,22,5,230.03,5.335,1207.52,0.984,50.018,HIGH_CONSUMPTION
2026-01-31 22:30:00,22,5,231.91,4.91,1091.98,0.959,50.022,HIGH_CONSUMPTION
2026-01-31 22:45:00,22,5,228.32,3.077,646.25,0.92,50.035,HIGH_CONSUMPTION
2026-01-31 23:00:00,23,5,231.77,3.531,804.51,0.983,49.992,HIGH_CONSUMPTION
2026-01-31 23:15:00,23,5,229.22,4.013,894.07,0.972,49.984,HIGH_CONSUMPTION
2026-01-31 23:30:00,23,5,234.09,2.711,606.76,0.956,49.943,HIGH_CONSUMPTION
2026-01-31 23:45:00,23,5,231.41,2.342,499.73,0.922,50.101,HIGH_CONSUMPTION
2026-02-01 00:00:00,0,6,232.78,1.99,437.82,0.945,49.954,HIGH_CONSUMPTION
2026-02-01 00:15:00,0,6,231.62,2.015,420.13,0.9,49.997,HIGH_CONSUMPTION
2026-02-01 00:30:00,0,6,229.74,2.176,461.33,0.923,50.037,HIGH_CONSUMPTION
2026-02-01 00:45:00,0,6,227.26,1.364,306.23,0.988,49.875,HIGH_CONSUMPTION
2026-02-01 01:00:00,1,6,233.14,1.485,318.24,0.919,50.013,HIGH_CONSUMPTION
2026-02-01 01:15:00,1,6,228.4,1.244,267.14,0.94,49.996,HIGH_CONSUMPTION
2026-02-01 01:30:00,1,6,228.11,1.393,305.13,0.96,50.036,HIGH_CONSUMPTION
2026-02-01 01:45:00,1,6,231.61,1.706,386.87,0.979,50.036,HIGH_CONSUMPTION
2026-02-01 02:00:00,2,6,232.04,2.154,485.31,0.971,49.997,HIGH_CONSUMPTION
2026-02-01 02:15:00,2,6,228.41,2.063,427.32,0.907,49.939,HIGH_CONSUMPTION
2026-02-01 02:30:00,2,6,226.37,2.04,444.15,0.962,50.012,HIGH_CONSUMPTION
2026-02-01 02:45:00,2,6,229.29,1.977,417.05,0.92,49.985,HIGH_CONSUMPTION
2026-02-01 03:00:00,3,6,230.58,1.016,221.3,0.945,49.982,HIGH_CONSUMPTION
2026-02-01 03:15:00,3,6,229.39,1.998,424.94,0.927,50.032,HIGH_CONSUMPTION
2026-02-01 03:30:00,3,6,226.98,2.863,591.36,0.91,50.029,HIGH_CONSUMPTION
2026-02-01 03:45:00,3,6,228.5,1.396,295.7,0.927,49.986,HIGH_CONSUMPTION
2026-02-01 04:00:00,4,6,230.2,2.204,474.35,0.935,49.926,HIGH_CONSUMPTION
2026-02-01 04:15:00,4,6,230.47,1.198,270.69,0.98,50.023,HIGH_CONSUMPTION
2026-02-01 04:30:00,4,6,230.0,2.032,460.84,0.986,50.019,HIGH_CONSUMPTION
2026-02-01 04:45:00,4,6,231.58,1.118,251.07,0.97,50.018,HIGH_CONSUMPTION
2026-02-01 05:00:00,5,6,229.7,0.979,216.19,0.961,50.052,HIGH_CONSUMPTION
2026-02-01 05:15:00,5,6,229.76,1.667,365.06,0.953,49.952,HIGH_CONSUMPTION
2026-02-01 05:30:00,5,6,233.84,2.262,520.56,0.984,49.877,HIGH_CONSUMPTION
2026-02-01 05:45:00,5,6,231.41,1.638,344.96,0.91,49.914,HIGH_CONSUMPTION
2026-02-01 06:00:00,6,6,226.24,3.074,456.86,0.657,50.081,LOW_POWER_FACTOR
2026-02-01 06:15:00,6,6,232.36,2.498,308.21,0.531,50.034,LOW_POWER_FACTOR
2026-02-01 06:30:00,6,6,231.66,2.403,349.01,0.627,49.976,LOW_POWER_FACTOR
2026-02-01 06:45:00,6,6,229.62,2.613,313.23,0.522,49.964,LOW_POWER_FACTOR
2026-02-01 07:00:00,7,6,231.57,2.998,376.34,0.542,50.029,LOW_POWER_FACTOR
2026-02-01 07:15:00,7,6,227.07,2.568,338.27,0.58,49.9,LOW_POWER_FACTOR
2026-02-01 07:30:00,7,6,228.62,5.839,622.1,0.466,50.146,LOW_POWER_FACTOR
2026-02-01 07:45:00,7,6,228.32,4.786,674.21,0.617,50.063,LOW_POWER_FACTOR
2026-02-01 08:00:00,8,6,230.77,2.497,391.23,0.679,49.98,LOW_POWER_FACTOR
2026-02-01 08:15:00,8,6,226.68,4.396,587.96,0.59,50.058,LOW_POWER_FACTOR
2026-02-01 08:30:00,8,6,226.51,2.834,444.14,0.692,49.949,LOW_POWER_FACTOR
2026-02-01 08:45:00,8,6,228.19,5.709,681.32,0.523,49.933,LOW_POWER_FACTOR
2026-02-01 09:00:00,9,6,226.81,3.264,504.93,0.682,49.819,LOW_POWER_FACTOR
2026-02-01 09:15:00,9,6,230.13,3.957,469.01,0.515,49.972,LOW_POWER_FACTOR
2026-02-01 09:30:00,9,6,230.04,4.096,531.42,0.564,50.042,LOW_POWER_FACTOR
2026-02-01 09:45:00,9,6,232.93,1.779,277.67,0.67,50.034,LOW_POWER_FACTOR
2026-02-01 10:00:00,10,6,228.21,4.116,535.47,0.57,50.062,LOW_POWER_FACTOR
2026-02-01 10:15:00,10,6,231.21,2.103,334.6,0.688,50.072,LOW_POWER_FACTOR
2026-02-01 10:30:00,10,6,232.96,3.518,454.79,0.555,50.005,LOW_POWER_FACTOR
2026-02-01 10:45:00,10,6,231.11,2.642,284.55,0.466,49.992,LOW_POWER_FACTOR
2026-02-01 11:00:00,11,6,231.12,2.882,458.9,0.689,50.023,LOW_POWER_FACTOR
2026-02-01 11:15:00,11,6,228.71,2.343,313.48,0.585,49.898,LOW_POWER_FACTOR
2026-02-01 11:30:00,11,6,231.16,5.565,593.05,0.461,49.986,LOW_POWER_FACTOR
2026-02-01 11:45:00,11,6,232.74,5.386,569.09,0.454,50.047,LOW_POWER_FACTOR
2026-02-01 12:00:00,12,6,226.74,3.211,346.55,0.476,49.998,LOW_POWER_FACTOR
2026-02-01 12:15:00,12,6,229.61,2.558,351.23,0.598,49.946,LOW_POWER_FACTOR
2026-02-01 12:30:00,12,6,227.96,3.259,459.86,0.619,49.998,LOW_POWER_FACTOR
2026-02-01 12:45:00,12,6,227.91,2.756,435.85,0.694,50.044,LOW_POWER_FACTOR
2026-02-01 13:00:00,13,6,232.25,4.201,470.29,0.482,50.008,LOW_POWER_FACTOR
2026-02-01 13:15:00,13,6,236.43,3.557,552.53,0.657,49.981,LOW_POWER_FACTOR
2026-02-01 13:30:00,13,6,226.47,2.705,420.21,0.686,50.096,LOW_POWER_FACTOR
2026-02-01 13:45:00,13,6,230.59,3.94,464.25,0.511,50.016,LOW_POWER_FACTOR
2026-02-01 14:00:00,14,6,226.32,3.982,441.55,0.49,50.007,LOW_POWER_FACTOR
2026-02-01 14:15:00,14,6,228.64,3.142,367.1,0.511,50.076,LOW_POWER_FACTOR
2026-02-01 14:30:00,14,6,229.31,4.588,588.16,0.559,49.996,LOW_POWER_FACTOR
2026-02-01 14:45:00,14,6,229.39,1.796,260.36,0.632,50.055,LOW_POWER_FACTOR
2026-02-01 15:00:00,15,6,228.69,2.978,453.56,0.666,50.049,LOW_POWER_FACTOR
2026-02-01 15:15:00,15,6,230.12,4.926,544.06,0.48,50.054,LOW_POWER_FACTOR
2026-02-01 15:30:00,15,6,230.48,1.831,281.0,0.666,50.018,LOW_POWER_FACTOR
2026-02-01 15:45:00,15,6,230.73,5.023,580.67,0.501,49.998,LOW_POWER_FACTOR
2026-02-01 16:00:00,16,6,225.57,4.388,571.13,0.577,49.966,LOW_POWER_FACTOR
2026-02-01 16:15:00,16,6,231.21,3.391,453.9,0.579,49.991,LOW_POWER_FACTOR
2026-02-01 16:30:00,16,6,232.19,2.724,409.29,0.647,49.991,LOW_POWER_FACTOR
2026-02-01 16:45:00,16,6,228.67,2.674,313.1,0.512,49.953,LOW_POWER_FACTOR
2026-02-01 17:00:00,17,6,231.53,4.698,527.51,0.485,49.99,LOW_POWER_FACTOR
2026-02-01 17:15:00,17,6,230.54,7.402,892.5,0.523,50.109,LOW_POWER_FACTOR
2026-02-01 17:30:00,17,6,231.49,4.87,677.55,0.601,49.949,LOW_POWER_FACTOR
2026-02-01 17:45:00,17,6,232.31,4.933,794.09,0.693,50.043,LOW_POWER_FACTOR
2026-02-01 18:00:00,18,6,225.66,7.578,803.73,0.47,49.989,LOW_POWER_FACTOR
2026-02-01 18:15:00,18,6,231.73,9.029,954.09,0.456,50.002,LOW_POWER_FACTOR
2026-02-01 18:30:00,18,6,229.39,7.731,913.35,0.515,49.952,LOW_POWER_FACTOR
2026-02-01 18:45:00,18,6,230.05,6.524,936.56,0.624,49.985,LOW_POWER_FACTOR
2026-02-01 19:00:00,19,6,232.43,7.797,889.83,0.491,49.937,LOW_POWER_FACTOR
2026-02-01 19:15:00,19,6,230.0,4.653,590.69,0.552,49.949,LOW_POWER_FACTOR
2026-02-01 19:30:00,19,6,228.93,6.269,773.5,0.539,50.024,LOW_POWER_FACTOR
2026-02-01 19:45:00,19,6,226.4,4.694,535.66,0.504,50.033,LOW_POWER_FACTOR
2026-02-01 20:00:00,20,6,227.98,4.828,730.79,0.664,49.936,LOW_POWER_FACTOR
2026-02-01 20:15:00,20,6,228.86,4.947,562.65,0.497,49.973,LOW_POWER_FACTOR
2026-02-01 20:30:00,20,6,229.03,7.126,740.95,0.454,49.954,LOW_POWER_FACTOR
2026-02-01 20:45:00,20,6,230.55,6.423,842.53,0.569,49.97,LOW_POWER_FACTOR
2026-02-01 21:00:00,21,6,230.15,4.94,725.3,0.638,49.887,LOW_POWER_FACTOR
2026-02-01 21:15:00,21,6,236.26,4.148,612.48,0.625,49.998,LOW_POWER_FACTOR
2026-02-01 21:30:00,21,6,230.6,8.113,974.73,0.521,49.97,LOW_POWER_FACTOR
2026-02-01 21:45:00,21,6,232.03,5.796,720.78,0.536,50.023,LOW_POWER_FACTOR
2026-02-01 22:00:00,22,6,227.05,1.632,232.76,0.628,50.005,LOW_POWER_FACTOR
2026-02-01 22:15:00,22,6,229.31,3.971,472.64,0.519,50.039,LOW_POWER_FACTOR
2026-02-01 22:30:00,22,6,230.93,1.946,275.95,0.614,50.038,LOW_POWER_FACTOR
2026-02-01 22:45:00,22,6,232.13,2.655,375.29,0.609,50.057,LOW_POWER_FACTOR
2026-02-01 23:00:00,23,6,230.25,2.471,350.51,0.616,49.971,LOW_POWER_FACTOR
2026-02-01 23:15:00,23,6,231.26,1.925,284.92,0.64,49.914,LOW_POWER_FACTOR
2026-02-01 23:30:00,23,6,230.41,2.385,313.26,0.57,50.01,LOW_POWER_FACTOR
2026-02-01 23:45:00,23,6,231.85,3.794,479.45,0.545,49.983,LOW_POWER_FACTOR
2026-02-02 00:00:00,0,0,231.72,0.809,112.5,0.6,50.021,LOW_POWER_FACTOR
2026-02-02 00:15:00,0,0,229.1,1.277,175.85,0.601,50.135,LOW_POWER_FACTOR
2026-02-02 00:30:00,0,0,232.17,1.11,149.0,0.578,49.958,LOW_POWER_FACTOR
2026-02-02 00:45:00,0,0,227.23,1.168,133.81,0.504,50.038,LOW_POWER_FACTOR
2026-02-02 01:00:00,1,0,232.12,1.447,185.06,0.551,49.997,LOW_POWER_FACTOR
2026-02-02 01:15:00,1,0,232.09,0.824,90.67,0.474,49.996,LOW_POWER_FACTOR
2026-02-02 01:30:00,1,0,230.85,1.152,157.22,0.591,50.07,LOW_POWER_FACTOR
2026-02-02 01:45:00,1,0,229.84,1.211,140.85,0.506,50.023,LOW_POWER_FACTOR
2026-02-02 02:00:00,2,0,236.34,0.967,154.44,0.676,50.012,LOW_POWER_FACTOR
2026-02-02 02:15:00,2,0,228.75,0.611,69.86,0.5,49.999,LOW_POWER_FACTOR
2026-02-02 02:30:00,2,0,228.6,0.882,113.86,0.565,50.066,LOW_POWER_FACTOR
2026-02-02 02:45:00,2,0,228.04,1.431,171.6,0.526,50.042,LOW_POWER_FACTOR
2026-02-02 03:00:00,3,0,231.06,1.276,169.25,0.574,50.072,LOW_POWER_FACTOR
2026-02-02 03:15:00,3,0,229.18,0.815,117.28,0.628,50.043,LOW_POWER_FACTOR
2026-02-02 03:30:00,3,0,229.46,1.481,170.96,0.503,50.006,LOW_POWER_FACTOR
2026-02-02 03:45:00,3,0,229.85,0.479,71.39,0.648,49.952,LOW_POWER_FACTOR
2026-02-02 04:00:00,4,0,230.79,1.461,155.76,0.462,49.923,LOW_POWER_FACTOR
2026-02-02 04:15:00,4,0,231.84,1.049,135.24,0.556,50.006,LOW_POWER_FACTOR
2026-02-02 04:30:00,4,0,228.79,1.073,117.87,0.48,50.002,LOW_POWER_FACTOR
2026-02-02 04:45:00,4,0,231.55,1.031,133.68,0.56,50.024,LOW_POWER_FACTOR
2026-02-02 05:00:00,5,0,233.89,1.114,120.65,0.463,50.01,LOW_POWER_FACTOR
2026-02-02 05:15:00,5,0,230.83,0.739,77.63,0.455,49.963,LOW_POWER_FACTOR
2026-02-02 05:30:00,5,0,231.72,1.124,180.3,0.692,50.03,LOW_POWER_FACTOR
2026-02-02 05:45:00,5,0,227.23,0.902,137.94,0.673,49.935,LOW_POWER_FACTOR
2026-02-02 06:00:00,6,0,228.85,5.467,669.29,0.535,50.104,LOW_POWER_FACTOR
2026-02-02 06:15:00,6,0,230.38,3.377,446.55,0.574,49.969,LOW_POWER_FACTOR
2026-02-02 06:30:00,6,0,232.4,3.256,389.64,0.515,50.02,LOW_POWER_FACTOR
2026-02-02 06:45:00,6,0,234.57,2.682,430.38,0.684,49.965,LOW_POWER_FACTOR
2026-02-02 07:00:00,7,0,228.66,2.497,393.36,0.689,49.998,LOW_POWER_FACTOR
2026-02-02 07:15:00,7,0,228.26,3.705,584.43,0.691,50.028,LOW_POWER_FACTOR
2026-02-02 07:30:00,7,0,229.72,4.663,627.76,0.586,50.03,LOW_POWER_FACTOR
2026-02-02 07:45:00,7,0,230.43,4.465,625.56,0.608,49.978,LOW_POWER_FACTOR
2026-02-02 08:00:00,8,0,232.25,3.452,556.42,0.694,49.905,LOW_POWER_FACTOR
2026-02-02 08:15:00,8,0,231.76,4.482,537.08,0.517,49.961,LOW_POWER_FACTOR
2026-02-02 08:30:00,8,0,228.12,2.752,439.38,0.7,50.115,LOW_POWER_FACTOR
2026-02-02 08:45:00,8,0,230.28,4.302,673.68,0.68,49.869,LOW_POWER_FACTOR
2026-02-02 09:00:00,9,0,230.18,3.623,565.46,0.678,50.115,LOW_POWER_FACTOR
2026-02-02 09:15:00,9,0,230.87,3.29,489.88,0.645,50.061,LOW_POWER_FACTOR
2026-02-02 09:30:00,9,0,226.0,3.246,462.23,0.63,50.006,LOW_POWER_FACTOR
2026-02-02 09:45:00,9,0,228.26,2.112,293.62,0.609,50.02,LOW_POWER_FACTOR
2026-02-02 10:00:00,10,0,226.58,3.712,436.5,0.519,49.96,LOW_POWER_FACTOR
2026-02-02 10:15:00,10,0,230.11,2.607,369.48,0.616,49.994,LOW_POWER_FACTOR
2026-02-02 10:30:00,10,0,232.5,3.529,430.77,0.525,49.912,LOW_POWER_FACTOR
2026-02-02 10:45:00,10,0,232.36,3.109,325.82,0.451,50.001,LOW_POWER_FACTOR
2026-02-02 11:00:00,11,0,228.19,4.482,475.54,0.465,50.089,LOW_POWER_FACTOR
2026-02-02 11:15:00,11,0,230.63,2.567,267.58,0.452,50.007,LOW_POWER_FACTOR
2026-02-02 11:30:00,11,0,231.73,5.072,541.85,0.461,50.057,LOW_POWER_FACTOR
2026-02-02 11:45:00,11,0,229.9,3.332,533.99,0.697,49.989,LOW_POWER_FACTOR
2026-02-02 12:00:00,12,0,232.13,3.611,395.64,0.472,50.003,LOW_POWER_FACTOR
2026-02-02 12:15:00,12,0,232.67,2.405,311.7,0.557,49.971,LOW_POWER_FACTOR
2026-02-02 12:30:00,12,0,231.38,3.829,558.11,0.63,49.962,LOW_POWER_FACTOR
2026-02-02 12:45:00,12,0,229.0,4.112,492.44,0.523,50.033,LOW_POWER_FACTOR
2026-02-02 13:00:00,13,0,228.39,2.635,368.94,0.613,50.032,LOW_POWER_FACTOR
2026-02-02 13:15:00,13,0,228.64,4.306,446.94,0.454,49.993,LOW_POWER_FACTOR
2026-02-02 13:30:00,13,0,230.65,1.691,270.3,0.693,50.044,LOW_POWER_FACTOR
2026-02-02 13:45:00,13,0,227.92,3.583,476.12,0.583,50.086,LOW_POWER_FACTOR
2026-02-02 14:00:00,14,0,230.44,4.001,487.76,0.529,50.001,LOW_POWER_FACTOR
2026-02-02 14:15:00,14,0,232.2,1.827,269.78,0.636,49.943,LOW_POWER_FACTOR
2026-02-02 14:30:00,14,0,228.61,2.743,311.68,0.497,49.945,LOW_POWER_FACTOR
2026-02-02 14:45:00,14,0,230.18,2.066,301.98,0.635,49.99,LOW_POWER_FACTOR
2026-02-02 15:00:00,15,0,229.24,2.857,420.4,0.642,50.011,LOW_POWER_FACTOR
2026-02-02 15:15:00,15,0,233.26,3.16,476.12,0.646,49.995,LOW_POWER_FACTOR
2026-02-02 15:30:00,15,0,228.4,3.089,388.77,0.551,50.052,LOW_POWER_FACTOR
2026-02-02 15:45:00,15,0,229.66,1.915,258.54,0.588,50.023,LOW_POWER_FACTOR
2026-02-02 16:00:00,16,0,232.27,3.062,362.77,0.51,50.021,LOW_POWER_FACTOR
2026-02-02 16:15:00,16,0,230.2,2.569,385.01,0.651,50.001,LOW_POWER_FACTOR
2026-02-02 16:30:00,16,0,231.82,2.253,356.16,0.682,49.999,LOW_POWER_FACTOR
2026-02-02 16:45:00,16,0,227.84,2.457,311.24,0.556,49.878,LOW_POWER_FACTOR
2026-02-02 17:00:00,17,0,229.35,5.744,687.64,0.522,50.011,LOW_POWER_FACTOR
2026-02-02 17:15:00,17,0,232.99,7.432,947.18,0.547,49.963,LOW_POWER_FACTOR
2026-02-02 17:30:00,17,0,230.07,7.02,773.67,0.479,50.013,LOW_POWER_FACTOR
2026-02-02 17:45:00,17,0,227.22,7.497,771.68,0.453,50.056,LOW_POWER_FACTOR
2026-02-02 18:00:00,18,0,230.38,5.245,571.6,0.473,49.995,LOW_POWER_FACTOR
2026-02-02 18:15:00,18,0,227.5,6.705,944.16,0.619,49.984,LOW_POWER_FACTOR
2026-02-02 18:30:00,18,0,229.59,4.616,692.05,0.653,49.935,LOW_POWER_FACTOR
2026-02-02 18:45:00,18,0,231.24,6.087,874.15,0.621,49.927,LOW_POWER_FACTOR
2026-02-02 19:00:00,19,0,230.32,6.29,973.57,0.672,49.937,LOW_POWER_FACTOR
2026-02-02 19:15:00,19,0,229.15,6.193,949.38,0.669,49.96,LOW_POWER_FACTOR
2026-02-02 19:30:00,19,0,232.07,4.271,572.93,0.578,50.046,LOW_POWER_FACTOR
2026-02-02 19:45:00,19,0,232.65,4.8,648.88,0.581,49.908,LOW_POWER_FACTOR
2026-02-02 20:00:00,20,0,226.37,6.109,838.06,0.606,49.89,LOW_POWER_FACTOR
2026-02-02 20:15:00,20,0,232.57,7.204,765.65,0.457,50.025,LOW_POWER_FACTOR
2026-02-02 20:30:00,20,0,230.87,6.473,938.53,0.628,50.032,LOW_POWER_FACTOR
2026-02-02 20:45:00,20,0,235.85,8.507,914.96,0.456,50.072,LOW_POWER_FACTOR
2026-02-02 21:00:00,21,0,232.22,8.425,925.36,0.473,49.991,LOW_POWER_FACTOR
2026-02-02 21:15:00,21,0,234.9,9.332,986.48,0.45,49.934,LOW_POWER_FACTOR
2026-02-02 21:30:00,21,0,231.07,4.744,761.91,0.695,50.073,LOW_POWER_FACTOR
2026-02-02 21:45:00,21,0,230.84,7.663,826.1,0.467,50.007,LOW_POWER_FACTOR
2026-02-02 22:00:00,22,0,228.52,2.212,321.52,0.636,49.999,LOW_POWER_FACTOR
2026-02-02 22:15:00,22,0,231.64,2.479,392.17,0.683,49.923,LOW_POWER_FACTOR
2026-02-02 22:30:00,22,0,231.03,4.224,440.13,0.451,49.977,LOW_POWER_FACTOR
2026-02-02 22:45:00,22,0,231.43,3.311,445.14,0.581,50.052,LOW_POWER_FACTOR
2026-02-02 23:00:00,23,0,230.42,3.021,354.27,0.509,50.062,LOW_POWER_FACTOR
2026-02-02 23:15:00,23,0,228.74,2.662,322.08,0.529,50.006,LOW_POWER_FACTOR
2026-02-02 23:30:00,23,0,229.73,3.474,379.87,0.476,50.005,LOW_POWER_FACTOR
2026-02-02 23:45:00,23,0,231.66,2.78,290.5,0.451,49.982,LOW_POWER_FACTOR
2026-02-03 00:00:00,0,1,229.02,0.847,119.9,0.618,50.002,LOW_POWER_FACTOR
2026-02-03 00:15:00,0,1,229.31,1.15,148.25,0.562,50.026,LOW_POWER_FACTOR
2026-02-03 00:30:00,0,1,229.39,0.949,131.74,0.605,49.84,LOW_POWER_FACTOR
2026-02-03 00:45:00,0,1,230.68,0.573,82.0,0.62,49.915,LOW_POWER_FACTOR
2026-02-03 01:00:00,1,1,226.38,1.1,147.71,0.593,50.012,LOW_POWER_FACTOR
2026-02-03 01:15:00,1,1,228.68,0.973,122.42,0.55,49.949,LOW_POWER_FACTOR
2026-02-03 01:30:00,1,1,229.5,1.017,117.61,0.504,49.926,LOW_POWER_FACTOR
2026-02-03 01:45:00,1,1,232.43,1.512,170.07,0.484,50.02,LOW_POWER_FACTOR
2026-02-03 02:00:00,2,1,230.92,1.022,134.71,0.571,50.022,LOW_POWER_FACTOR
2026-02-03 02:15:00,2,1,229.76,1.016,142.67,0.611,50.034,LOW_POWER_FACTOR
2026-02-03 02:30:00,2,1,225.58,0.59,90.9,0.683,50.012,LOW_POWER_FACTOR
2026-02-03 02:45:00,2,1,233.33,0.882,119.71,0.582,50.028,LOW_POWER_FACTOR
2026-02-03 03:00:00,3,1,227.97,1.196,136.27,0.5,49.999,LOW_POWER_FACTOR
2026-02-03 03:15:00,3,1,232.01,0.662,100.94,0.657,50.03,LOW_POWER_FACTOR
2026-02-03 03:30:00,3,1,230.23,1.754,191.02,0.473,49.952,LOW_POWER_FACTOR
2026-02-03 03:45:00,3,1,229.73,0.639,79.36,0.541,50.135,LOW_POWER_FACTOR
2026-02-03 04:00:00,4,1,230.04,1.23,140.61,0.497,49.973,LOW_POWER_FACTOR
2026-02-03 04:15:00,4,1,232.74,0.466,69.9,0.645,49.981,LOW_POWER_FACTOR
2026-02-03 04:30:00,4,1,227.42,1.235,160.64,0.572,50.096,LOW_POWER_FACTOR
2026-02-03 04:45:00,4,1,228.35,1.341,176.39,0.576,50.124,LOW_POWER_FACTOR
2026-02-03 05:00:00,5,1,226.4,1.093,135.83,0.549,50.061,LOW_POWER_FACTOR
2026-02-03 05:15:00,5,1,230.17,1.262,164.64,0.567,49.959,LOW_POWER_FACTOR
2026-02-03 05:30:00,5,1,230.91,0.699,109.21,0.677,50.114,LOW_POWER_FACTOR
2026-02-03 05:45:00,5,1,232.12,1.22,179.56,0.634,50.036,LOW_POWER_FACTOR
2026-02-03 06:00:00,6,1,229.03,4.396,611.11,0.607,49.976,LOW_POWER_FACTOR
2026-02-03 06:15:00,6,1,231.46,4.297,608.75,0.612,50.1,LOW_POWER_FACTOR
2026-02-03 06:30:00,6,1,230.57,4.193,603.3,0.624,49.893,LOW_POWER_FACTOR
2026-02-03 06:45:00,6,1,228.98,2.781,398.59,0.626,49.883,LOW_POWER_FACTOR
2026-02-03 07:00:00,7,1,232.55,4.418,606.11,0.59,50.0,LOW_POWER_FACTOR
2026-02-03 07:15:00,7,1,230.06,3.643,546.49,0.652,50.028,LOW_POWER_FACTOR
2026-02-03 07:30:00,7,1,232.97,2.942,377.01,0.55,49.967,LOW_POWER_FACTOR
2026-02-03 07:45:00,7,1,229.73,2.871,425.4,0.645,49.983,LOW_POWER_FACTOR
2026-02-03 08:00:00,8,1,224.61,2.766,414.39,0.667,49.99,LOW_POWER_FACTOR
2026-02-03 08:15:00,8,1,230.06,3.061,367.64,0.522,49.985,LOW_POWER_FACTOR
2026-02-03 08:30:00,8,1,227.72,3.165,490.14,0.68,49.863,LOW_POWER_FACTOR
2026-02-03 08:45:00,8,1,226.44,4.141,575.68,0.614,49.976,LOW_POWER_FACTOR
2026-02-03 09:00:00,9,1,227.54,3.873,508.46,0.577,50.093,LOW_POWER_FACTOR
2026-02-03 09:15:00,9,1,227.06,3.244,482.46,0.655,50.022,LOW_POWER_FACTOR
2026-02-03 09:30:00,9,1,226.38,4.424,550.78,0.55,49.977,LOW_POWER_FACTOR
2026-02-03 09:45:00,9,1,230.29,3.693,383.6,0.451,49.981,LOW_POWER_FACTOR
2026-02-03 10:00:00,10,1,231.57,1.725,278.84,0.698,49.949,LOW_POWER_FACTOR
2026-02-03 10:15:00,10,1,234.02,2.567,345.36,0.575,49.979,LOW_POWER_FACTOR
2026-02-03 10:30:00,10,1,230.27,5.013,532.12,0.461,49.994,LOW_POWER_FACTOR
2026-02-03 10:45:00,10,1,227.86,4.323,553.63,0.562,50.048,LOW_POWER_FACTOR
2026-02-03 11:00:00,11,1,226.23,2.691,347.04,0.57,49.939,LOW_POWER_FACTOR
2026-02-03 11:15:00,11,1,228.28,4.097,424.61,0.454,50.077,LOW_POWER_FACTOR
2026-02-03 11:30:00,11,1,232.15,1.986,277.49,0.602,49.853,LOW_POWER_FACTOR
2026-02-03 11:45:00,11,1,230.21,3.294,482.35,0.636,49.923,LOW_POWER_FACTOR
2026-02-03 12:00:00,12,1,227.61,2.587,319.71,0.543,50.036,LOW_POWER_FACTOR
2026-02-03 12:15:00,12,1,229.35,2.082,322.78,0.676,49.951,LOW_POWER_FACTOR
2026-02-03 12:30:00,12,1,228.85,2.539,394.46,0.679,50.001,LOW_POWER_FACTOR
2026-02-03 12:45:00,12,1,232.43,3.735,530.42,0.611,50.022,LOW_POWER_FACTOR
2026-02-03 13:00:00,13,1,231.12,5.641,601.06,0.461,50.033,LOW_POWER_FACTOR
2026-02-03 13:15:00,13,1,229.37,5.07,562.88,0.484,49.964,LOW_POWER_FACTOR
2026-02-03 13:30:00,13,1,229.31,2.245,336.22,0.653,49.986,LOW_POWER_FACTOR
2026-02-03 13:45:00,13,1,231.3,4.081,491.85,0.521,50.08,LOW_POWER_FACTOR
2026-02-03 14:00:00,14,1,231.81,3.279,371.68,0.489,50.019,LOW_POWER_FACTOR
2026-02-03 14:15:00,14,1,232.7,3.333,467.63,0.603,50.024,LOW_POWER_FACTOR
2026-02-03 14:30:00,14,1,227.6,4.848,582.6,0.528,50.037,LOW_POWER_FACTOR
2026-02-03 14:45:00,14,1,231.4,2.755,443.74,0.696,49.944,LOW_POWER_FACTOR
2026-02-03 15:00:00,15,1,225.86,2.588,296.32,0.507,49.905,LOW_POWER_FACTOR
2026-02-03 15:15:00,15,1,231.66,3.269,411.18,0.543,50.047,LOW_POWER_FACTOR
2026-02-03 15:30:00,15,1,230.52,2.229,353.56,0.688,49.995,LOW_POWER_FACTOR
2026-02-03 15:45:00,15,1,228.91,3.133,339.96,0.474,49.962,LOW_POWER_FACTOR
2026-02-03 16:00:00,16,1,229.67,4.272,530.75,0.541,49.98,LOW_POWER_FACTOR
2026-02-03 16:15:00,16,1,226.86,4.125,525.96,0.562,50.021,LOW_POWER_FACTOR
2026-02-03 16:30:00,16,1,228.12,3.901,566.92,0.637,49.935,LOW_POWER_FACTOR
2026-02-03 16:45:00,16,1,233.35,3.56,407.89,0.491,49.994,LOW_POWER_FACTOR
2026-02-03 17:00:00,17,1,225.09,6.933,722.58,0.463,49.868,LOW_POWER_FACTOR
2026-02-03 17:15:00,17,1,227.59,3.788,559.44,0.649,49.972,LOW_POWER_FACTOR
2026-02-03 17:30:00,17,1,227.11,5.786,737.23,0.561,50.061,LOW_POWER_FACTOR
2026-02-03 17:45:00,17,1,229.1,6.229,853.42,0.598,50.002,LOW_POWER_FACTOR
2026-02-03 18:00:00,18,1,229.22,3.867,571.71,0.645,49.962,LOW_POWER_FACTOR
2026-02-03 18:15:00,18,1,232.95,4.219,655.51,0.667,49.976,LOW_POWER_FACTOR
2026-02-03 18:30:00,18,1,229.06,4.683,562.07,0.524,49.936,LOW_POWER_FACTOR
2026-02-03 18:45:00,18,1,228.61,6.695,805.05,0.526,49.992,LOW_POWER_FACTOR
2026-02-03 19:00:00,19,1,230.09,4.412,618.27,0.609,50.038,LOW_POWER_FACTOR
2026-02-03 19:15:00,19,1,230.59,3.979,585.35,0.638,49.936,LOW_POWER_FACTOR
2026-02-03 19:30:00,19,1,229.93,6.049,663.4,0.477,49.995,LOW_POWER_FACTOR
2026-02-03 19:45:00,19,1,229.11,7.037,931.93,0.578,50.027,LOW_POWER_FACTOR
2026-02-03 20:00:00,20,1,230.57,5.323,624.67,0.509,50.007,LOW_POWER_FACTOR
2026-02-03 20:15:00,20,1,233.46,6.78,829.37,0.524,49.918,LOW_POWER_FACTOR
2026-02-03 20:30:00,20,1,225.75,8.716,971.97,0.494,49.988,LOW_POWER_FACTOR
2026-02-03 20:45:00,20,1,229.59,6.642,928.67,0.609,49.964,LOW_POWER_FACTOR
2026-02-03 21:00:00,21,1,229.74,3.73,593.01,0.692,50.027,LOW_POWER_FACTOR
2026-02-03 21:15:00,21,1,229.1,5.627,660.03,0.512,50.035,LOW_POWER_FACTOR
2026-02-03 21:30:00,21,1,228.67,7.159,869.27,0.531,49.97,LOW_POWER_FACTOR
2026-02-03 21:45:00,21,1,231.05,7.423,852.41,0.497,50.1,LOW_POWER_FACTOR
2026-02-03 22:00:00,22,1,231.18,1.927,265.95,0.597,50.0,LOW_POWER_FACTOR
2026-02-03 22:15:00,22,1,227.41,1.987,240.36,0.532,49.972,LOW_POWER_FACTOR
2026-02-03 22:30:00,22,1,229.95,2.11,236.8,0.488,49.998,LOW_POWER_FACTOR
2026-02-03 22:45:00,22,1,228.98,1.751,275.78,0.688,49.836,LOW_POWER_FACTOR
2026-02-03 23:00:00,23,1,229.78,2.753,399.14,0.631,49.984,LOW_POWER_FACTOR
2026-02-03 23:15:00,23,1,231.63,3.902,418.45,0.463,49.938,LOW_POWER_FACTOR
2026-02-03 23:30:00,23,1,229.92,3.178,410.6,0.562,50.031,LOW_POWER_FACTOR
2026-02-03 23:45:00,23,1,231.68,1.653,265.02,0.692,49.964,LOW_POWER_FACTOR
2026-02-04 00:00:00,0,2,233.41,0.719,98.11,0.585,49.965,LOW_POWER_FACTOR
2026-02-04 00:15:00,0,2,231.22,1.272,166.21,0.565,49.992,LOW_POWER_FACTOR
2026-02-04 00:30:00,0,2,228.59,1.561,162.67,0.456,50.093,LOW_POWER_FACTOR
2026-02-04 00:45:00,0,2,231.65,0.751,107.64,0.619,49.982,LOW_POWER_FACTOR
2026-02-04 01:00:00,1,2,232.05,1.118,118.28,0.456,50.005,LOW_POWER_FACTOR
2026-02-04 01:15:00,1,2,226.98,1.228,183.99,0.66,50.129,LOW_POWER_FACTOR
2026-02-04 01:30:00,1,2,229.11,1.014,134.56,0.579,50.108,LOW_POWER_FACTOR
2026-02-04 01:45:00,1,2,231.97,0.784,118.99,0.654,50.034,LOW_POWER_FACTOR
2026-02-04 02:00:00,2,2,231.05,0.767,99.0,0.559,49.978,LOW_POWER_FACTOR
2026-02-04 02:15:00,2,2,229.04,0.804,104.1,0.565,49.903,LOW_POWER_FACTOR
2026-02-04 02:30:00,2,2,227.37,1.029,124.69,0.533,50.009,LOW_POWER_FACTOR
2026-02-04 02:45:00,2,2,227.95,0.898,139.59,0.682,50.034,LOW_POWER_FACTOR
2026-02-04 03:00:00,3,2,234.26,0.908,103.17,0.485,50.03,LOW_POWER_FACTOR
2026-02-04 03:15:00,3,2,229.96,1.272,158.2,0.541,50.079,LOW_POWER_FACTOR
2026-02-04 03:30:00,3,2,227.65,1.407,163.65,0.511,49.935,LOW_POWER_FACTOR
2026-02-04 03:45:00,3,2,233.22,0.98,115.15,0.504,50.03,LOW_POWER_FACTOR
2026-02-04 04:00:00,4,2,230.93,1.489,174.33,0.507,49.995,LOW_POWER_FACTOR
2026-02-04 04:15:00,4,2,230.6,0.767,122.88,0.695,49.9,LOW_POWER_FACTOR
2026-02-04 04:30:00,4,2,232.26,1.117,160.78,0.62,49.966,LOW_POWER_FACTOR
2026-02-04 04:45:00,4,2,230.54,0.929,105.55,0.493,50.029,LOW_POWER_FACTOR
2026-02-04 05:00:00,5,2,230.3,1.571,179.44,0.496,49.997,LOW_POWER_FACTOR
2026-02-04 05:15:00,5,2,230.95,1.138,167.22,0.636,50.037,LOW_POWER_FACTOR
2026-02-04 05:30:00,5,2,227.18,0.779,105.28,0.595,49.944,LOW_POWER_FACTOR
2026-02-04 05:45:00,5,2,231.17,0.825,111.76,0.586,49.935,LOW_POWER_FACTOR
2026-02-04 06:00:00,6,2,230.35,2.994,439.3,0.637,50.029,LOW_POWER_FACTOR
2026-02-04 06:15:00,6,2,231.97,3.244,439.5,0.584,50.017,LOW_POWER_FACTOR
2026-02-04 06:30:00,6,2,229.84,3.878,615.02,0.69,49.963,LOW_POWER_FACTOR
2026-02-04 06:45:00,6,2,229.61,5.519,609.49,0.481,50.013,LOW_POWER_FACTOR
2026-02-04 07:00:00,7,2,227.04,4.637,567.39,0.539,49.962,LOW_POWER_FACTOR
2026-02-04 07:15:00,7,2,231.91,4.782,533.41,0.481,49.935,LOW_POWER_FACTOR
2026-02-04 07:30:00,7,2,231.66,4.201,602.48,0.619,50.012,LOW_POWER_FACTOR
2026-02-04 07:45:00,7,2,228.45,5.158,628.11,0.533,49.969,LOW_POWER_FACTOR
2026-02-04 08:00:00,8,2,227.64,4.563,502.79,0.484,50.017,LOW_POWER_FACTOR
2026-02-04 08:15:00,8,2,234.17,5.615,612.74,0.466,50.0,LOW_POWER_FACTOR
2026-02-04 08:30:00,8,2,229.36,4.694,656.72,0.61,49.983,LOW_POWER_FACTOR
2026-02-04 08:45:00,8,2,232.14,2.187,321.91,0.634,50.032,LOW_POWER_FACTOR
2026-02-04 09:00:00,9,2,229.15,1.784,256.3,0.627,49.96,LOW_POWER_FACTOR
2026-02-04 09:15:00,9,2,227.43,3.584,429.62,0.527,49.988,LOW_POWER_FACTOR
2026-02-04 09:30:00,9,2,231.68,3.124,434.98,0.601,50.087,LOW_POWER_FACTOR
2026-02-04 09:45:00,9,2,230.9,3.681,382.45,0.45,50.027,LOW_POWER_FACTOR
2026-02-04 10:00:00,10,2,232.43,3.412,506.83,0.639,50.038,LOW_POWER_FACTOR
2026-02-04 10:15:00,10,2,231.5,3.367,501.95,0.644,50.023,LOW_POWER_FACTOR
2026-02-04 10:30:00,10,2,228.26,2.713,416.75,0.673,49.992,LOW_POWER_FACTOR
2026-02-04 10:45:00,10,2,223.44,3.088,458.08,0.664,50.025,LOW_POWER_FACTOR
2026-02-04 11:00:00,11,2,230.41,3.328,436.35,0.569,49.987,LOW_POWER_FACTOR
2026-02-04 11:15:00,11,2,231.5,1.929,266.53,0.597,50.0,LOW_POWER_FACTOR
2026-02-04 11:30:00,11,2,227.74,2.462,389.15,0.694,50.07,LOW_POWER_FACTOR
2026-02-04 11:45:00,11,2,229.9,4.007,544.46,0.591,49.984,LOW_POWER_FACTOR
2026-02-04 12:00:00,12,2,228.2,3.198,378.8,0.519,50.058,LOW_POWER_FACTOR
2026-02-04 12:15:00,12,2,228.32,4.441,549.54,0.542,49.934,LOW_POWER_FACTOR
2026-02-04 12:30:00,12,2,232.56,3.141,487.99,0.668,49.996,LOW_POWER_FACTOR
2026-02-04 12:45:00,12,2,230.77,2.436,315.43,0.561,50.018,LOW_POWER_FACTOR
2026-02-04 13:00:00,13,2,229.26,2.147,298.82,0.607,49.993,LOW_POWER_FACTOR
2026-02-04 13:15:00,13,2,230.82,2.791,325.32,0.505,49.951,LOW_POWER_FACTOR
2026-02-04 13:30:00,13,2,232.99,3.814,446.92,0.503,50.133,LOW_POWER_FACTOR
2026-02-04 13:45:00,13,2,231.84,3.296,391.27,0.512,50.057,LOW_POWER_FACTOR
2026-02-04 14:00:00,14,2,229.0,3.534,460.5,0.569,50.014,LOW_POWER_FACTOR
2026-02-04 14:15:00,14,2,226.84,2.073,321.68,0.684,49.994,LOW_POWER_FACTOR
2026-02-04 14:30:00,14,2,229.69,2.144,250.61,0.509,50.033,LOW_POWER_FACTOR
2026-02-04 14:45:00,14,2,228.76,2.32,292.91,0.552,49.956,LOW_POWER_FACTOR
2026-02-04 15:00:00,15,2,232.1,2.132,263.76,0.533,49.996,LOW_POWER_FACTOR
2026-02-04 15:15:00,15,2,227.8,3.584,462.97,0.567,50.028,LOW_POWER_FACTOR
2026-02-04 15:30:00,15,2,228.33,3.555,526.05,0.648,50.093,LOW_POWER_FACTOR
2026-02-04 15:45:00,15,2,228.06,3.459,395.99,0.502,50.015,LOW_POWER_FACTOR
2026-02-04 16:00:00,16,2,229.05,4.133,567.93,0.6,50.042,LOW_POWER_FACTOR
2026-02-04 16:15:00,16,2,230.1,2.295,265.66,0.503,49.958,LOW_POWER_FACTOR
2026-02-04 16:30:00,16,2,228.58,2.687,338.43,0.551,49.962,LOW_POWER_FACTOR
2026-02-04 16:45:00,16,2,231.93,3.991,522.12,0.564,49.934,LOW_POWER_FACTOR
2026-02-04 17:00:00,17,2,232.11,5.089,757.17,0.641,50.022,LOW_POWER_FACTOR
2026-02-04 17:15:00,17,2,232.22,5.592,890.82,0.686,50.064,LOW_POWER_FACTOR
2026-02-04 17:30:00,17,2,234.32,4.751,572.22,0.514,49.944,LOW_POWER_FACTOR
2026-02-04 17:45:00,17,2,229.82,5.048,678.71,0.585,50.025,LOW_POWER_FACTOR
2026-02-04 18:00:00,18,2,227.74,4.006,530.06,0.581,50.006,LOW_POWER_FACTOR
2026-02-04 18:15:00,18,2,228.23,7.382,882.79,0.524,49.974,LOW_POWER_FACTOR
2026-02-04 18:30:00,18,2,231.84,5.335,665.45,0.538,50.088,LOW_POWER_FACTOR
2026-02-04 18:45:00,18,2,230.37,4.365,581.22,0.578,50.03,LOW_POWER_FACTOR
2026-02-04 19:00:00,19,2,225.58,3.871,556.27,0.637,49.983,LOW_POWER_FACTOR
2026-02-04 19:15:00,19,2,227.2,5.647,735.21,0.573,50.022,LOW_POWER_FACTOR
2026-02-04 19:30:00,19,2,230.02,5.331,674.45,0.55,49.998,LOW_POWER_FACTOR
2026-02-04 19:45:00,19,2,230.53,6.499,961.8,0.642,50.022,LOW_POWER_FACTOR
2026-02-04 20:00:00,20,2,229.56,6.516,807.7,0.54,49.978,LOW_POWER_FACTOR
2026-02-04 20:15:00,20,2,229.33,7.795,827.63,0.463,50.0,LOW_POWER_FACTOR
2026-02-04 20:30:00,20,2,230.1,7.661,837.3,0.475,49.944,LOW_POWER_FACTOR
2026-02-04 20:45:00,20,2,228.44,4.816,521.45,0.474,49.988,LOW_POWER_FACTOR
2026-02-04 21:00:00,21,2,229.0,7.335,824.7,0.491,49.971,LOW_POWER_FACTOR
2026-02-04 21:15:00,21,2,228.0,3.974,527.29,0.582,49.972,LOW_POWER_FACTOR
2026-02-04 21:30:00,21,2,230.64,4.478,712.6,0.69,50.017,LOW_POWER_FACTOR
2026-02-04 21:45:00,21,2,227.81,5.948,863.17,0.637,49.979,LOW_POWER_FACTOR
2026-02-04 22:00:00,22,2,229.08,3.714,425.38,0.5,49.964,LOW_POWER_FACTOR
2026-02-04 22:15:00,22,2,228.28,2.141,294.2,0.602,49.985,LOW_POWER_FACTOR
2026-02-04 22:30:00,22,2,227.37,3.437,370.45,0.474,50.043,LOW_POWER_FACTOR
2026-02-04 22:45:00,22,2,228.96,2.092,329.99,0.689,50.005,LOW_POWER_FACTOR
2026-02-04 23:00:00,23,2,231.98,1.929,204.93,0.458,50.037,LOW_POWER_FACTOR
2026-02-04 23:15:00,23,2,227.73,3.32,460.38,0.609,49.983,LOW_POWER_FACTOR
2026-02-04 23:30:00,23,2,231.8,1.696,222.92,0.567,50.013,LOW_POWER_FACTOR
2026-02-04 23:45:00,23,2,229.52,1.766,273.18,0.674,50.029,LOW_POWER_FACTOR
2026-02-05 00:00:00,0,3,228.1,1.228,146.18,0.522,50.016,LOW_POWER_FACTOR
2026-02-05 00:15:00,0,3,231.86,0.838,116.39,0.599,49.916,LOW_POWER_FACTOR
2026-02-05 00:30:00,0,3,230.25,0.924,109.35,0.514,49.982,LOW_POWER_FACTOR
2026-02-05 00:45:00,0,3,232.06,0.77,106.29,0.595,49.998,LOW_POWER_FACTOR
2026-02-05 01:00:00,1,3,230.72,0.498,76.9,0.669,50.011,LOW_POWER_FACTOR
2026-02-05 01:15:00,1,3,231.49,0.492,77.83,0.683,49.925,LOW_POWER_FACTOR
2026-02-05 01:30:00,1,3,232.19,0.894,99.61,0.48,49.962,LOW_POWER_FACTOR
2026-02-05 01:45:00,1,3,229.11,1.037,135.62,0.571,50.001,LOW_POWER_FACTOR
2026-02-05 02:00:00,2,3,234.42,1.352,200.95,0.634,49.98,LOW_POWER_FACTOR
2026-02-05 02:15:00,2,3,231.74,0.893,118.21,0.571,49.954,LOW_POWER_FACTOR
2026-02-05 02:30:00,2,3,228.9,1.005,119.61,0.52,49.955,LOW_POWER_FACTOR
2026-02-05 02:45:00,2,3,231.11,0.711,98.3,0.598,49.984,LOW_POWER_FACTOR
2026-02-05 03:00:00,3,3,231.13,1.024,160.23,0.677,50.065,LOW_POWER_FACTOR
2026-02-05 03:15:00,3,3,228.73,1.278,168.96,0.578,49.972,LOW_POWER_FACTOR
2026-02-05 03:30:00,3,3,231.09,0.766,99.01,0.559,49.999,LOW_POWER_FACTOR
2026-02-05 03:45:00,3,3,229.25,0.798,104.63,0.572,49.909,LOW_POWER_FACTOR
2026-02-05 04:00:00,4,3,231.62,0.979,158.08,0.697,49.958,LOW_POWER_FACTOR
2026-02-05 04:15:00,4,3,233.91,0.67,99.37,0.634,50.025,LOW_POWER_FACTOR
2026-02-05 04:30:00,4,3,230.21,1.589,168.97,0.462,49.929,LOW_POWER_FACTOR
2026-02-05 04:45:00,4,3,231.84,1.234,166.54,0.582,50.046,LOW_POWER_FACTOR
2026-02-05 05:00:00,5,3,233.89,0.729,88.33,0.518,50.01,LOW_POWER_FACTOR
2026-02-05 05:15:00,5,3,227.01,1.387,151.49,0.481,49.952,LOW_POWER_FACTOR
2026-02-05 05:30:00,5,3,226.15,0.802,119.12,0.657,49.982,LOW_POWER_FACTOR
2026-02-05 05:45:00,5,3,230.0,1.039,112.58,0.471,50.082,LOW_POWER_FACTOR
2026-02-05 06:00:00,6,3,232.47,3.374,508.29,0.648,50.017,LOW_POWER_FACTOR
2026-02-05 06:15:00,6,3,227.76,3.745,422.2,0.495,50.1,LOW_POWER_FACTOR
2026-02-05 06:30:00,6,3,226.41,4.72,552.53,0.517,49.983,LOW_POWER_FACTOR
2026-02-05 06:45:00,6,3,228.77,4.32,464.51,0.47,50.05,LOW_POWER_FACTOR
2026-02-05 07:00:00,7,3,228.0,3.063,409.21,0.586,49.948,LOW_POWER_FACTOR
2026-02-05 07:15:00,7,3,229.8,2.938,381.46,0.565,49.968,LOW_POWER_FACTOR
2026-02-05 07:30:00,7,3,228.01,3.283,491.08,0.656,49.966,LOW_POWER_FACTOR
2026-02-05 07:45:00,7,3,230.98,5.319,583.63,0.475,49.998,LOW_POWER_FACTOR
2026-02-05 08:00:00,8,3,234.62,2.816,401.03,0.607,49.987,LOW_POWER_FACTOR
2026-02-05 08:15:00,8,3,234.07,4.412,682.56,0.661,49.952,LOW_POWER_FACTOR
2026-02-05 08:30:00,8,3,231.09,4.174,514.13,0.533,50.055,LOW_POWER_FACTOR
2026-02-05 08:45:00,8,3,231.08,3.934,584.49,0.643,50.044,LOW_POWER_FACTOR
2026-02-05 09:00:00,9,3,230.98,4.426,498.85,0.488,50.045,LOW_POWER_FACTOR
2026-02-05 09:15:00,9,3,230.81,2.304,244.62,0.46,50.013,LOW_POWER_FACTOR
2026-02-05 09:30:00,9,3,230.19,3.901,573.81,0.639,49.981,LOW_POWER_FACTOR
2026-02-05 09:45:00,9,3,230.71,2.108,257.25,0.529,50.041,LOW_POWER_FACTOR
2026-02-05 10:00:00,10,3,234.13,1.717,271.8,0.676,50.01,LOW_POWER_FACTOR
2026-02-05 10:15:00,10,3,229.27,2.344,362.18,0.674,49.992,LOW_POWER_FACTOR
2026-02-05 10:30:00,10,3,229.76,3.123,490.14,0.683,50.097,LOW_POWER_FACTOR
2026-02-05 10:45:00,10,3,229.11,3.579,548.55,0.669,50.09,LOW_POWER_FACTOR
2026-02-05 11:00:00,11,3,232.73,5.177,544.55,0.452,49.978,LOW_POWER_FACTOR
2026-02-05 11:15:00,11,3,228.67,2.569,353.08,0.601,50.039,LOW_POWER_FACTOR
2026-02-05 11:30:00,11,3,231.3,4.216,525.66,0.539,49.998,LOW_POWER_FACTOR
2026-02-05 11:45:00,11,3,229.85,3.385,428.73,0.551,49.967,LOW_POWER_FACTOR
2026-02-05 12:00:00,12,3,223.24,3.528,508.83,0.646,49.998,LOW_POWER_FACTOR
2026-02-05 12:15:00,12,3,230.62,2.913,383.55,0.571,50.025,LOW_POWER_FACTOR
2026-02-05 12:30:00,12,3,232.68,3.824,479.64,0.539,49.968,LOW_POWER_FACTOR
2026-02-05 12:45:00,12,3,227.82,1.679,263.52,0.689,50.022,LOW_POWER_FACTOR
2026-02-05 13:00:00,13,3,232.99,2.11,279.3,0.568,50.011,LOW_POWER_FACTOR
2026-02-05 13:15:00,13,3,230.5,2.591,373.2,0.625,49.979,LOW_POWER_FACTOR
2026-02-05 13:30:00,13,3,226.31,2.257,314.18,0.615,50.006,LOW_POWER_FACTOR
2026-02-05 13:45:00,13,3,231.69,4.135,539.35,0.563,50.063,LOW_POWER_FACTOR
2026-02-05 14:00:00,14,3,226.79,2.162,310.83,0.634,50.086,LOW_POWER_FACTOR
2026-02-05 14:15:00,14,3,228.68,2.658,344.66,0.567,49.985,LOW_POWER_FACTOR
2026-02-05 14:30:00,14,3,229.62,1.753,272.92,0.678,50.061,LOW_POWER_FACTOR
2026-02-05 14:45:00,14,3,231.03,3.698,584.44,0.684,50.044,LOW_POWER_FACTOR
2026-02-05 15:00:00,15,3,230.33,2.905,330.56,0.494,50.048,LOW_POWER_FACTOR
2026-02-05 15:15:00,15,3,227.86,2.981,334.23,0.492,49.953,LOW_POWER_FACTOR
2026-02-05 15:30:00,15,3,229.7,3.498,412.2,0.513,49.943,LOW_POWER_FACTOR
2026-02-05 15:45:00,15,3,232.96,2.166,318.96,0.632,49.946,LOW_POWER_FACTOR
2026-02-05 16:00:00,16,3,230.29,2.732,334.11,0.531,49.996,LOW_POWER_FACTOR
2026-02-05 16:15:00,16,3,231.05,4.737,524.21,0.479,49.969,LOW_POWER_FACTOR
2026-02-05 16:30:00,16,3,230.83,3.583,379.59,0.459,49.902,LOW_POWER_FACTOR
2026-02-05 16:45:00,16,3,232.9,3.244,488.06,0.646,50.07,LOW_POWER_FACTOR
2026-02-05 17:00:00,17,3,231.64,4.939,586.87,0.513,50.091,LOW_POWER_FACTOR
2026-02-05 17:15:00,17,3,231.97,5.953,712.53,0.516,50.059,LOW_POWER_FACTOR
2026-02-05 17:30:00,17,3,230.38,4.513,688.32,0.662,49.956,LOW_POWER_FACTOR
2026-02-05 17:45:00,17,3,233.61,5.438,645.35,0.508,49.998,LOW_POWER_FACTOR
2026-02-05 18:00:00,18,3,228.45,4.001,602.31,0.659,49.991,LOW_POWER_FACTOR
2026-02-05 18:15:00,18,3,228.5,7.457,894.51,0.525,50.032,LOW_POWER_FACTOR
2026-02-05 18:30:00,18,3,228.87,7.118,949.82,0.583,49.969,LOW_POWER_FACTOR
2026-02-05 18:45:00,18,3,228.37,8.302,978.32,0.516,50.044,LOW_POWER_FACTOR
2026-02-05 19:00:00,19,3,233.52,6.707,850.44,0.543,49.945,LOW_POWER_FACTOR
2026-02-05 19:15:00,19,3,232.7,6.517,784.02,0.517,49.98,LOW_POWER_FACTOR
2026-02-05 19:30:00,19,3,229.69,3.89,577.21,0.646,49.986,LOW_POWER_FACTOR
2026-02-05 19:45:00,19,3,229.17,4.149,516.33,0.543,50.034,LOW_POWER_FACTOR
2026-02-05 20:00:00,20,3,232.29,5.789,642.82,0.478,49.986,LOW_POWER_FACTOR
2026-02-05 20:15:00,20,3,230.44,6.016,962.16,0.694,50.019,LOW_POWER_FACTOR
2026-02-05 20:30:00,20,3,232.77,7.248,828.41,0.491,49.982,LOW_POWER_FACTOR
2026-02-05 20:45:00,20,3,230.45,7.977,917.33,0.499,50.027,LOW_POWER_FACTOR
2026-02-05 21:00:00,21,3,231.33,6.484,923.95,0.616,49.992,LOW_POWER_FACTOR
2026-02-05 21:15:00,21,3,229.22,7.408,784.52,0.462,50.049,LOW_POWER_FACTOR
2026-02-05 21:30:00,21,3,229.21,6.231,918.29,0.643,50.0,LOW_POWER_FACTOR
2026-02-05 21:45:00,21,3,229.07,3.553,535.54,0.658,50.019,LOW_POWER_FACTOR
2026-02-05 22:00:00,22,3,228.81,2.522,393.49,0.682,50.021,LOW_POWER_FACTOR
2026-02-05 22:15:00,22,3,229.51,2.866,351.96,0.535,50.057,LOW_POWER_FACTOR
2026-02-05 22:30:00,22,3,229.35,2.213,350.19,0.69,50.009,LOW_POWER_FACTOR
2026-02-05 22:45:00,22,3,228.86,2.345,371.4,0.692,49.94,LOW_POWER_FACTOR
2026-02-05 23:00:00,23,3,228.79,2.647,337.92,0.558,50.035,LOW_POWER_FACTOR
2026-02-05 23:15:00,23,3,229.2,1.998,273.87,0.598,49.991,LOW_POWER_FACTOR
2026-02-05 23:30:00,23,3,231.14,2.683,287.15,0.463,49.94,LOW_POWER_FACTOR
2026-02-05 23:45:00,23,3,230.95,3.563,385.91,0.469,49.979,LOW_POWER_FACTOR
2026-02-06 00:00:00,0,4,229.3,0.767,117.71,0.669,50.098,LOW_POWER_FACTOR
2026-02-06 00:15:00,0,4,228.22,1.014,147.25,0.636,49.986,LOW_POWER_FACTOR
2026-02-06 00:30:00,0,4,231.83,0.799,98.13,0.53,50.068,LOW_POWER_FACTOR
2026-02-06 00:45:00,0,4,231.17,0.747,117.99,0.683,49.996,LOW_POWER_FACTOR
2026-02-06 01:00:00,1,4,226.09,0.89,137.67,0.684,49.912,LOW_POWER_FACTOR
2026-02-06 01:15:00,1,4,228.09,1.283,160.92,0.55,49.997,LOW_POWER_FACTOR
2026-02-06 01:30:00,1,4,229.97,0.999,141.77,0.617,49.984,LOW_POWER_FACTOR
2026-02-06 01:45:00,1,4,229.32,1.184,185.43,0.683,50.024,LOW_POWER_FACTOR
2026-02-06 02:00:00,2,4,231.65,0.562,82.28,0.632,49.989,LOW_POWER_FACTOR
2026-02-06 02:15:00,2,4,231.55,1.034,150.55,0.629,49.946,LOW_POWER_FACTOR
2026-02-06 02:30:00,2,4,229.83,0.852,97.18,0.496,50.038,LOW_POWER_FACTOR
2026-02-06 02:45:00,2,4,228.05,0.615,85.84,0.612,49.906,LOW_POWER_FACTOR
2026-02-06 03:00:00,3,4,229.73,0.983,106.34,0.471,49.936,LOW_POWER_FACTOR
2026-02-06 03:15:00,3,4,228.12,0.796,111.83,0.616,49.976,LOW_POWER_FACTOR
2026-02-06 03:30:00,3,4,234.13,0.709,103.96,0.626,49.924,LOW_POWER_FACTOR
2026-02-06 03:45:00,3,4,228.31,0.98,126.69,0.566,50.0,LOW_POWER_FACTOR
2026-02-06 04:00:00,4,4,231.64,0.925,109.44,0.511,49.997,LOW_POWER_FACTOR
2026-02-06 04:15:00,4,4,233.86,0.775,112.95,0.623,50.019,LOW_POWER_FACTOR
2026-02-06 04:30:00,4,4,228.82,1.077,155.03,0.629,49.978,LOW_POWER_FACTOR
2026-02-06 04:45:00,4,4,230.65,1.196,132.69,0.481,50.046,LOW_POWER_FACTOR
2026-02-06 05:00:00,5,4,230.72,0.887,139.0,0.679,50.077,LOW_POWER_FACTOR
2026-02-06 05:15:00,5,4,227.97,0.579,69.85,0.529,49.995,LOW_POWER_FACTOR
2026-02-06 05:30:00,5,4,226.93,0.751,76.99,0.452,49.938,LOW_POWER_FACTOR
2026-02-06 05:45:00,5,4,230.64,1.172,128.97,0.477,50.021,LOW_POWER_FACTOR
2026-02-06 06:00:00,6,4,228.86,5.718,637.34,0.487,49.954,LOW_POWER_FACTOR
2026-02-06 06:15:00,6,4,230.74,5.077,592.75,0.506,50.078,LOW_POWER_FACTOR
2026-02-06 06:30:00,6,4,231.04,4.939,619.59,0.543,49.946,LOW_POWER_FACTOR
2026-02-06 06:45:00,6,4,230.51,3.373,525.54,0.676,50.01,LOW_POWER_FACTOR
2026-02-06 07:00:00,7,4,228.34,4.223,662.45,0.687,49.803,LOW_POWER_FACTOR
2026-02-06 07:15:00,7,4,230.92,3.418,483.02,0.612,50.019,LOW_POWER_FACTOR
2026-02-06 07:30:00,7,4,228.72,2.488,343.66,0.604,49.995,LOW_POWER_FACTOR
2026-02-06 07:45:00,7,4,232.85,6.241,658.28,0.453,50.027,LOW_POWER_FACTOR
2026-02-06 08:00:00,8,4,227.98,2.66,354.74,0.585,50.03,LOW_POWER_FACTOR
2026-02-06 08:15:00,8,4,232.7,4.347,461.31,0.456,49.968,LOW_POWER_FACTOR
2026-02-06 08:30:00,8,4,228.94,5.565,675.2,0.53,49.987,LOW_POWER_FACTOR
2026-02-06 08:45:00,8,4,234.4,3.31,424.37,0.547,49.963,LOW_POWER_FACTOR
2026-02-06 09:00:00,9,4,232.01,2.566,317.31,0.533,49.981,LOW_POWER_FACTOR
2026-02-06 09:15:00,9,4,228.68,3.676,542.18,0.645,50.003,LOW_POWER_FACTOR
2026-02-06 09:30:00,9,4,231.42,3.898,571.93,0.634,49.975,LOW_POWER_FACTOR
2026-02-06 09:45:00,9,4,229.86,3.962,484.51,0.532,49.966,LOW_POWER_FACTOR
2026-02-06 10:00:00,10,4,229.16,3.773,550.81,0.637,50.089,LOW_POWER_FACTOR
2026-02-06 10:15:00,10,4,231.46,3.721,593.42,0.689,50.021,LOW_POWER_FACTOR
2026-02-06 10:30:00,10,4,232.23,4.429,473.17,0.46,50.007,LOW_POWER_FACTOR
2026-02-06 10:45:00,10,4,227.47,4.905,591.3,0.53,49.964,LOW_POWER_FACTOR
2026-02-06 11:00:00,11,4,230.13,2.749,389.66,0.616,50.035,LOW_POWER_FACTOR
2026-02-06 11:15:00,11,4,234.09,3.711,433.44,0.499,50.001,LOW_POWER_FACTOR
2026-02-06 11:30:00,11,4,226.82,4.804,574.24,0.527,49.968,LOW_POWER_FACTOR
2026-02-06 11:45:00,11,4,231.91,2.212,320.14,0.624,50.07,LOW_POWER_FACTOR
2026-02-06 12:00:00,12,4,230.19,2.336,308.14,0.573,50.025,LOW_POWER_FACTOR
2026-02-06 12:15:00,12,4,231.5,2.83,408.18,0.623,49.972,LOW_POWER_FACTOR
2026-02-06 12:30:00,12,4,231.99,3.121,381.63,0.527,50.041,LOW_POWER_FACTOR
2026-02-06 12:45:00,12,4,234.14,2.174,339.47,0.667,50.015,LOW_POWER_FACTOR
2026-02-06 13:00:00,13,4,230.83,2.276,340.92,0.649,50.013,LOW_POWER_FACTOR
2026-02-06 13:15:00,13,4,230.46,2.657,320.84,0.524,49.974,LOW_POWER_FACTOR
2026-02-06 13:30:00,13,4,231.56,3.057,477.77,0.675,49.956,LOW_POWER_FACTOR
2026-02-06 13:45:00,13,4,229.86,3.365,360.43,0.466,50.051,LOW_POWER_FACTOR
2026-02-06 14:00:00,14,4,232.48,2.893,466.82,0.694,50.016,LOW_POWER_FACTOR
2026-02-06 14:15:00,14,4,231.9,3.589,437.83,0.526,49.996,LOW_POWER_FACTOR
2026-02-06 14:30:00,14,4,225.92,4.27,543.07,0.563,49.971,LOW_POWER_FACTOR
2026-02-06 14:45:00,14,4,227.62,5.534,568.11,0.451,49.968,LOW_POWER_FACTOR
2026-02-06 15:00:00,15,4,231.13,2.725,439.65,0.698,50.057,LOW_POWER_FACTOR
2026-02-06 15:15:00,15,4,228.62,4.891,519.98,0.465,49.932,LOW_POWER_FACTOR
2026-02-06 15:30:00,15,4,227.21,3.513,502.09,0.629,49.952,LOW_POWER_FACTOR
2026-02-06 15:45:00,15,4,225.99,5.338,571.81,0.474,50.033,LOW_POWER_FACTOR
2026-02-06 16:00:00,16,4,230.85,3.53,558.13,0.685,49.962,LOW_POWER_FACTOR
2026-02-06 16:15:00,16,4,232.92,3.947,506.6,0.551,49.91,LOW_POWER_FACTOR
2026-02-06 16:30:00,16,4,231.67,2.601,383.78,0.637,50.044,LOW_POWER_FACTOR
2026-02-06 16:45:00,16,4,228.08,3.957,560.5,0.621,50.021,LOW_POWER_FACTOR
2026-02-06 17:00:00,17,4,227.9,4.696,674.3,0.63,49.966,LOW_POWER_FACTOR
2026-02-06 17:15:00,17,4,228.85,5.328,842.51,0.691,50.029,LOW_POWER_FACTOR
2026-02-06 17:30:00,17,4,230.58,7.402,955.77,0.56,50.052,LOW_POWER_FACTOR
2026-02-06 17:45:00,17,4,228.49,6.639,750.87,0.495,49.885,LOW_POWER_FACTOR
2026-02-06 18:00:00,18,4,228.05,6.053,814.44,0.59,50.013,LOW_POWER_FACTOR
2026-02-06 18:15:00,18,4,228.71,7.309,768.94,0.46,49.969,LOW_POWER_FACTOR
2026-02-06 18:30:00,18,4,229.81,5.173,645.51,0.543,49.984,LOW_POWER_FACTOR
2026-02-06 18:45:00,18,4,229.85,3.991,616.4,0.672,49.987,LOW_POWER_FACTOR
2026-02-06 19:00:00,19,4,229.84,8.542,1009.17,0.514,49.994,LOW_POWER_FACTOR
2026-02-06 19:15:00,19,4,227.66,6.502,871.84,0.589,50.038,LOW_POWER_FACTOR
2026-02-06 19:30:00,19,4,229.73,4.552,515.55,0.493,49.947,LOW_POWER_FACTOR
2026-02-06 19:45:00,19,4,226.49,7.949,941.54,0.523,50.068,LOW_POWER_FACTOR
2026-02-06 20:00:00,20,4,229.71,5.242,579.17,0.481,50.0,LOW_POWER_FACTOR
2026-02-06 20:15:00,20,4,229.4,4.913,783.34,0.695,50.007,LOW_POWER_FACTOR
2026-02-06 20:30:00,20,4,227.29,4.602,687.15,0.657,50.004,LOW_POWER_FACTOR
2026-02-06 20:45:00,20,4,230.26,5.946,941.92,0.688,50.055,LOW_POWER_FACTOR
2026-02-06 21:00:00,21,4,228.52,5.22,592.83,0.497,49.918,LOW_POWER_FACTOR
2026-02-06 21:15:00,21,4,228.61,5.658,826.5,0.639,50.038,LOW_POWER_FACTOR
2026-02-06 21:30:00,21,4,232.89,6.648,784.92,0.507,49.963,LOW_POWER_FACTOR
2026-02-06 21:45:00,21,4,226.75,6.257,950.51,0.67,50.029,LOW_POWER_FACTOR
2026-02-06 22:00:00,22,4,232.84,2.376,351.88,0.636,50.003,LOW_POWER_FACTOR
2026-02-06 22:15:00,22,4,233.47,3.212,417.74,0.557,50.013,LOW_POWER_FACTOR
2026-02-06 22:30:00,22,4,229.17,3.387,504.5,0.65,49.932,LOW_POWER_FACTOR
2026-02-06 22:45:00,22,4,228.73,2.323,361.29,0.68,50.056,LOW_POWER_FACTOR
2026-02-06 23:00:00,23,4,231.79,2.599,412.58,0.685,50.033,LOW_POWER_FACTOR
2026-02-06 23:15:00,23,4,230.0,3.377,447.41,0.576,50.04,LOW_POWER_FACTOR
2026-02-06 23:30:00,23,4,230.77,2.177,319.45,0.636,50.054,LOW_POWER_FACTOR
2026-02-06 23:45:00,23,4,231.91,1.859,295.69,0.686,49.964,LOW_POWER_FACTOR
2026-02-07 00:00:00,0,5,230.6,0.535,68.79,0.558,50.06,LOW_POWER_FACTOR
2026-02-07 00:15:00,0,5,230.8,1.015,137.04,0.585,50.057,LOW_POWER_FACTOR
2026-02-07 00:30:00,0,5,227.97,1.132,172.15,0.667,49.925,LOW_POWER_FACTOR
2026-02-07 00:45:00,0,5,230.69,1.185,164.51,0.602,49.911,LOW_POWER_FACTOR
2026-02-07 01:00:00,1,5,233.16,0.713,93.88,0.565,49.94,LOW_POWER_FACTOR
2026-02-07 01:15:00,1,5,231.06,0.607,83.35,0.594,49.915,LOW_POWER_FACTOR
2026-02-07 01:30:00,1,5,234.08,0.99,144.14,0.622,50.024,LOW_POWER_FACTOR
2026-02-07 01:45:00,1,5,232.25,0.586,93.77,0.689,50.003,LOW_POWER_FACTOR
2026-02-07 02:00:00,2,5,230.12,1.094,173.64,0.69,49.956,LOW_POWER_FACTOR
2026-02-07 02:15:00,2,5,229.76,0.882,119.01,0.587,49.974,LOW_POWER_FACTOR
2026-02-07 02:30:00,2,5,233.54,1.336,165.63,0.531,50.009,LOW_POWER_FACTOR
2026-02-07 02:45:00,2,5,228.48,0.73,114.87,0.689,50.015,LOW_POWER_FACTOR
2026-02-07 03:00:00,3,5,229.29,1.469,180.48,0.536,50.039,LOW_POWER_FACTOR
2026-02-07 03:15:00,3,5,230.79,1.25,177.15,0.614,50.063,LOW_POWER_FACTOR
2026-02-07 03:30:00,3,5,232.5,1.289,159.11,0.531,50.006,LOW_POWER_FACTOR
2026-02-07 03:45:00,3,5,233.56,1.087,160.95,0.634,49.849,LOW_POWER_FACTOR
2026-02-07 04:00:00,4,5,230.51,0.574,67.39,0.509,50.029,LOW_POWER_FACTOR
2026-02-07 04:15:00,4,5,231.04,0.998,131.49,0.57,49.954,LOW_POWER_FACTOR
2026-02-07 04:30:00,4,5,232.12,0.997,161.73,0.699,50.055,LOW_POWER_FACTOR
2026-02-07 04:45:00,4,5,230.68,0.856,118.07,0.598,49.958,LOW_POWER_FACTOR
2026-02-07 05:00:00,5,5,229.62,0.875,120.96,0.602,49.975,LOW_POWER_FACTOR
2026-02-07 05:15:00,5,5,230.39,1.017,124.0,0.529,50.035,LOW_POWER_FACTOR
2026-02-07 05:30:00,5,5,231.36,0.632,89.11,0.609,49.953,LOW_POWER_FACTOR
2026-02-07 05:45:00,5,5,231.24,0.971,138.32,0.616,50.007,LOW_POWER_FACTOR
2026-02-07 06:00:00,6,5,230.09,3.256,448.0,0.598,50.082,LOW_POWER_FACTOR
2026-02-07 06:15:00,6,5,229.44,4.501,683.64,0.662,49.91,LOW_POWER_FACTOR
2026-02-07 06:30:00,6,5,231.62,3.969,546.11,0.594,49.949,LOW_POWER_FACTOR
2026-02-07 06:45:00,6,5,228.91,3.484,555.09,0.696,49.938,LOW_POWER_FACTOR
2026-02-07 07:00:00,7,5,228.91,3.838,506.1,0.576,50.084,LOW_POWER_FACTOR
2026-02-07 07:15:00,7,5,232.31,2.224,360.56,0.698,49.999,LOW_POWER_FACTOR
2026-02-07 07:30:00,7,5,231.88,3.519,420.25,0.515,50.022,LOW_POWER_FACTOR
2026-02-07 07:45:00,7,5,230.42,5.773,669.11,0.503,50.02,LOW_POWER_FACTOR
2026-02-07 08:00:00,8,5,228.55,3.708,492.44,0.581,49.996,LOW_POWER_FACTOR
2026-02-07 08:15:00,8,5,230.47,4.52,603.21,0.579,50.028,LOW_POWER_FACTOR
2026-02-07 08:30:00,8,5,231.1,6.138,658.23,0.464,49.855,LOW_POWER_FACTOR
2026-02-07 08:45:00,8,5,228.04,5.103,555.13,0.477,49.972,LOW_POWER_FACTOR
2026-02-07 09:00:00,9,5,230.94,3.569,524.98,0.637,49.898,LOW_POWER_FACTOR
2026-02-07 09:15:00,9,5,227.38,2.54,318.29,0.551,49.943,LOW_POWER_FACTOR
2026-02-07 09:30:00,9,5,229.78,4.493,590.48,0.572,50.029,LOW_POWER_FACTOR
2026-02-07 09:45:00,9,5,229.69,4.113,530.98,0.562,49.995,LOW_POWER_FACTOR
2026-02-07 10:00:00,10,5,229.36,3.384,461.03,0.594,49.969,LOW_POWER_FACTOR
2026-02-07 10:15:00,10,5,230.53,4.411,511.5,0.503,50.054,LOW_POWER_FACTOR
2026-02-07 10:30:00,10,5,230.3,2.115,306.85,0.63,49.908,LOW_POWER_FACTOR
2026-02-07 10:45:00,10,5,227.09,3.515,531.59,0.666,50.104,LOW_POWER_FACTOR
2026-02-07 11:00:00,11,5,231.61,3.729,507.04,0.587,49.971,LOW_POWER_FACTOR
2026-02-07 11:15:00,11,5,227.94,3.504,558.25,0.699,50.005,LOW_POWER_FACTOR
2026-02-07 11:30:00,11,5,228.55,3.619,543.41,0.657,49.968,LOW_POWER_FACTOR
2026-02-07 11:45:00,11,5,229.68,1.946,303.98,0.68,50.051,LOW_POWER_FACTOR
2026-02-07 12:00:00,12,5,229.74,4.595,532.07,0.504,49.989,LOW_POWER_FACTOR
2026-02-07 12:15:00,12,5,229.34,3.819,449.26,0.513,50.09,LOW_POWER_FACTOR
2026-02-07 12:30:00,12,5,230.09,4.719,519.05,0.478,49.99,LOW_POWER_FACTOR
2026-02-07 12:45:00,12,5,232.09,3.698,539.9,0.629,49.981,LOW_POWER_FACTOR
2026-02-07 13:00:00,13,5,231.08,2.992,440.41,0.637,49.96,LOW_POWER_FACTOR
2026-02-07 13:15:00,13,5,232.21,2.878,306.74,0.459,50.037,LOW_POWER_FACTOR
2026-02-07 13:30:00,13,5,230.83,1.827,249.21,0.591,50.046,LOW_POWER_FACTOR
2026-02-07 13:45:00,13,5,229.94,1.891,300.84,0.692,50.022,LOW_POWER_FACTOR
2026-02-07 14:00:00,14,5,232.68,2.294,290.92,0.545,49.943,LOW_POWER_FACTOR
2026-02-07 14:15:00,14,5,231.75,2.036,328.94,0.697,49.998,LOW_POWER_FACTOR
2026-02-07 14:30:00,14,5,231.31,4.302,496.61,0.499,50.068,LOW_POWER_FACTOR
2026-02-07 14:45:00,14,5,232.01,3.116,369.43,0.511,50.067,LOW_POWER_FACTOR
2026-02-07 15:00:00,15,5,232.02,2.394,293.81,0.529,50.019,LOW_POWER_FACTOR
2026-02-07 15:15:00,15,5,232.71,4.314,479.83,0.478,49.944,LOW_POWER_FACTOR
2026-02-07 15:30:00,15,5,231.32,2.496,382.82,0.663,50.033,LOW_POWER_FACTOR
2026-02-07 15:45:00,15,5,229.31,3.656,458.62,0.547,49.958,LOW_POWER_FACTOR
2026-02-07 16:00:00,16,5,228.16,2.127,267.87,0.552,49.983,LOW_POWER_FACTOR
2026-02-07 16:15:00,16,5,229.86,1.748,274.76,0.684,50.023,LOW_POWER_FACTOR
2026-02-07 16:30:00,16,5,232.92,4.246,547.85,0.554,50.122,LOW_POWER_FACTOR
2026-02-07 16:45:00,16,5,230.82,2.665,391.24,0.636,50.057,LOW_POWER_FACTOR
2026-02-07 17:00:00,17,5,229.04,5.136,765.85,0.651,50.074,LOW_POWER_FACTOR
2026-02-07 17:15:00,17,5,228.95,6.133,819.99,0.584,49.952,LOW_POWER_FACTOR
2026-02-07 17:30:00,17,5,231.14,7.341,870.4,0.513,50.063,LOW_POWER_FACTOR
2026-02-07 17:45:00,17,5,230.23,4.099,523.82,0.555,49.965,LOW_POWER_FACTOR
2026-02-07 18:00:00,18,5,230.79,5.11,589.69,0.5,50.034,LOW_POWER_FACTOR
2026-02-07 18:15:00,18,5,228.7,4.099,524.08,0.559,50.014,LOW_POWER_FACTOR
2026-02-07 18:30:00,18,5,229.38,6.094,756.25,0.541,50.03,LOW_POWER_FACTOR
2026-02-07 18:45:00,18,5,229.81,6.255,915.65,0.637,50.047,LOW_POWER_FACTOR
2026-02-07 19:00:00,19,5,231.65,3.766,603.69,0.692,49.968,LOW_POWER_FACTOR
2026-02-07 19:15:00,19,5,230.4,6.667,849.45,0.553,50.025,LOW_POWER_FACTOR
2026-02-07 19:30:00,19,5,229.06,3.64,504.48,0.605,49.985,LOW_POWER_FACTOR
2026-02-07 19:45:00,19,5,230.58,6.527,907.57,0.603,50.026,LOW_POWER_FACTOR
2026-02-07 20:00:00,20,5,229.32,5.469,841.57,0.671,49.959,LOW_POWER_FACTOR
2026-02-07 20:15:00,20,5,230.14,4.726,530.79,0.488,49.952,LOW_POWER_FACTOR
2026-02-07 20:30:00,20,5,227.55,4.38,659.82,0.662,49.936,LOW_POWER_FACTOR
2026-02-07 20:45:00,20,5,228.94,7.6,795.15,0.457,50.016,LOW_POWER_FACTOR
2026-02-07 21:00:00,21,5,230.52,8.63,976.74,0.491,50.033,LOW_POWER_FACTOR
2026-02-07 21:15:00,21,5,226.56,5.077,700.48,0.609,49.968,LOW_POWER_FACTOR
2026-02-07 21:30:00,21,5,232.89,5.808,761.58,0.563,50.079,LOW_POWER_FACTOR
2026-02-07 21:45:00,21,5,226.0,5.267,714.16,0.6,50.028,LOW_POWER_FACTOR
2026-02-07 22:00:00,22,5,229.96,3.972,451.2,0.494,49.981,LOW_POWER_FACTOR
2026-02-07 22:15:00,22,5,230.8,3.073,417.02,0.588,49.975,LOW_POWER_FACTOR
2026-02-07 22:30:00,22,5,233.25,1.583,215.61,0.584,50.026,LOW_POWER_FACTOR
2026-02-07 22:45:00,22,5,233.11,2.572,324.94,0.542,49.941,LOW_POWER_FACTOR
2026-02-07 23:00:00,23,5,228.98,3.926,471.08,0.524,50.021,LOW_POWER_FACTOR
2026-02-07 23:15:00,23,5,228.92,2.248,352.05,0.684,50.038,LOW_POWER_FACTOR
2026-02-07 23:30:00,23,5,234.2,2.072,269.37,0.555,50.031,LOW_POWER_FACTOR
2026-02-07 23:45:00,23,5,226.45,3.172,395.75,0.551,49.947,LOW_POWER_FACTOR
2026-02-08 00:00:00,0,6,230.29,1.458,165.53,0.493,50.038,LOW_POWER_FACTOR
2026-02-08 00:15:00,0,6,232.53,0.889,130.44,0.631,50.077,LOW_POWER_FACTOR
2026-02-08 00:30:00,0,6,229.0,1.436,158.84,0.483,49.955,LOW_POWER_FACTOR
2026-02-08 00:45:00,0,6,229.85,0.803,126.56,0.686,49.984,LOW_POWER_FACTOR
2026-02-08 01:00:00,1,6,228.48,0.818,98.12,0.525,50.037,LOW_POWER_FACTOR
2026-02-08 01:15:00,1,6,229.22,0.684,75.21,0.48,49.949,LOW_POWER_FACTOR
2026-02-08 01:30:00,1,6,228.98,1.64,173.84,0.463,50.013,LOW_POWER_FACTOR
2026-02-08 01:45:00,1,6,225.2,0.869,108.6,0.555,50.03,LOW_POWER_FACTOR
2026-02-08 02:00:00,2,6,230.73,1.105,174.62,0.685,50.015,LOW_POWER_FACTOR
2026-02-08 02:15:00,2,6,231.59,1.229,151.7,0.533,49.992,LOW_POWER_FACTOR
2026-02-08 02:30:00,2,6,230.35,0.464,74.67,0.698,49.993,LOW_POWER_FACTOR
2026-02-08 02:45:00,2,6,229.01,0.811,98.4,0.53,49.961,LOW_POWER_FACTOR
2026-02-08 03:00:00,3,6,224.7,1.671,188.53,0.502,49.984,LOW_POWER_FACTOR
2026-02-08 03:15:00,3,6,229.79,1.268,173.9,0.597,49.917,LOW_POWER_FACTOR
2026-02-08 03:30:00,3,6,232.96,0.826,128.27,0.667,50.046,LOW_POWER_FACTOR
2026-02-08 03:45:00,3,6,229.34,1.068,153.36,0.626,49.969,LOW_POWER_FACTOR
2026-02-08 04:00:00,4,6,231.45,0.746,90.95,0.527,50.032,LOW_POWER_FACTOR
2026-02-08 04:15:00,4,6,228.87,0.867,136.3,0.687,50.032,LOW_POWER_FACTOR
2026-02-08 04:30:00,4,6,231.25,0.982,135.08,0.595,50.057,LOW_POWER_FACTOR
2026-02-08 04:45:00,4,6,229.86,0.935,129.97,0.605,49.954,LOW_POWER_FACTOR
2026-02-08 05:00:00,5,6,226.29,1.043,152.87,0.648,49.982,LOW_POWER_FACTOR
2026-02-08 05:15:00,5,6,230.2,0.947,117.29,0.538,50.043,LOW_POWER_FACTOR
2026-02-08 05:30:00,5,6,229.19,0.884,107.39,0.53,49.96,LOW_POWER_FACTOR
2026-02-08 05:45:00,5,6,232.05,0.641,96.85,0.651,50.046,LOW_POWER_FACTOR
2026-02-08 06:00:00,6,6,229.49,3.573,530.53,0.647,50.079,LOW_POWER_FACTOR
2026-02-08 06:15:00,6,6,232.2,5.816,611.81,0.453,50.037,LOW_POWER_FACTOR
2026-02-08 06:30:00,6,6,229.46,2.545,388.27,0.665,49.998,LOW_POWER_FACTOR
2026-02-08 06:45:00,6,6,231.65,5.286,625.77,0.511,50.025,LOW_POWER_FACTOR
2026-02-08 07:00:00,7,6,229.77,4.336,657.6,0.66,49.947,LOW_POWER_FACTOR
2026-02-08 07:15:00,7,6,226.4,4.522,693.07,0.677,50.053,LOW_POWER_FACTOR
2026-02-08 07:30:00,7,6,232.83,5.74,624.16,0.467,50.013,LOW_POWER_FACTOR
2026-02-08 07:45:00,7,6,228.86,4.146,559.89,0.59,50.065,LOW_POWER_FACTOR
2026-02-08 08:00:00,8,6,233.36,3.486,372.55,0.458,50.035,LOW_POWER_FACTOR
2026-02-08 08:15:00,8,6,227.51,2.594,407.73,0.691,50.027,LOW_POWER_FACTOR
2026-02-08 08:30:00,8,6,230.26,2.889,452.28,0.68,50.006,LOW_POWER_FACTOR
2026-02-08 08:45:00,8,6,232.41,4.204,512.91,0.525,49.986,LOW_POWER_FACTOR
2026-02-08 09:00:00,9,6,232.37,5.091,586.74,0.496,50.039,LOW_POWER_FACTOR
2026-02-08 09:15:00,9,6,230.81,4.949,543.76,0.476,49.934,LOW_POWER_FACTOR
2026-02-08 09:30:00,9,6,232.6,3.413,522.3,0.658,49.988,LOW_POWER_FACTOR
2026-02-08 09:45:00,9,6,233.29,2.414,320.49,0.569,50.058,LOW_POWER_FACTOR
2026-02-08 10:00:00,10,6,228.9,2.042,273.43,0.585,49.979,LOW_POWER_FACTOR
2026-02-08 10:15:00,10,6,223.99,3.286,509.38,0.692,50.08,LOW_POWER_FACTOR
2026-02-08 10:30:00,10,6,229.62,2.122,295.75,0.607,50.042,LOW_POWER_FACTOR
2026-02-08 10:45:00,10,6,233.64,3.188,484.18,0.65,50.082,LOW_POWER_FACTOR
2026-02-08 11:00:00,11,6,231.41,3.12,486.61,0.674,50.0,LOW_POWER_FACTOR
2026-02-08 11:15:00,11,6,230.69,3.722,531.48,0.619,50.026,LOW_POWER_FACTOR
2026-02-08 11:30:00,11,6,229.21,2.903,407.19,0.612,50.005,LOW_POWER_FACTOR
2026-02-08 11:45:00,11,6,229.05,2.073,277.77,0.585,50.074,LOW_POWER_FACTOR
2026-02-08 12:00:00,12,6,228.15,4.276,557.01,0.571,49.963,LOW_POWER_FACTOR
2026-02-08 12:15:00,12,6,231.22,2.955,377.88,0.553,49.928,LOW_POWER_FACTOR
2026-02-08 12:30:00,12,6,230.63,3.424,498.35,0.631,49.984,LOW_POWER_FACTOR
2026-02-08 12:45:00,12,6,229.05,1.892,271.32,0.626,49.991,LOW_POWER_FACTOR
2026-02-08 13:00:00,13,6,231.23,5.245,559.08,0.461,49.995,LOW_POWER_FACTOR
2026-02-08 13:15:00,13,6,229.49,3.575,498.83,0.608,50.025,LOW_POWER_FACTOR
2026-02-08 13:30:00,13,6,229.52,2.05,274.35,0.583,49.969,LOW_POWER_FACTOR
2026-02-08 13:45:00,13,6,229.04,3.762,449.8,0.522,49.97,LOW_POWER_FACTOR
2026-02-08 14:00:00,14,6,227.3,2.922,410.48,0.618,50.018,LOW_POWER_FACTOR
2026-02-08 14:15:00,14,6,229.29,2.401,366.62,0.666,50.022,LOW_POWER_FACTOR
2026-02-08 14:30:00,14,6,229.15,3.345,480.54,0.627,49.992,LOW_POWER_FACTOR
2026-02-08 14:45:00,14,6,232.46,3.931,487.08,0.533,49.97,LOW_POWER_FACTOR
2026-02-08 15:00:00,15,6,233.49,4.07,595.86,0.627,49.98,LOW_POWER_FACTOR
2026-02-08 15:15:00,15,6,231.96,3.694,544.11,0.635,49.974,LOW_POWER_FACTOR
2026-02-08 15:30:00,15,6,230.58,4.027,478.25,0.515,49.938,LOW_POWER_FACTOR
2026-02-08 15:45:00,15,6,227.45,5.785,602.63,0.458,49.959,LOW_POWER_FACTOR
2026-02-08 16:00:00,16,6,231.17,2.806,443.11,0.683,50.027,LOW_POWER_FACTOR
2026-02-08 16:15:00,16,6,230.18,1.618,255.19,0.685,50.014,LOW_POWER_FACTOR
2026-02-08 16:30:00,16,6,229.64,4.438,533.06,0.523,49.99,LOW_POWER_FACTOR
2026-02-08 16:45:00,16,6,227.61,1.994,312.77,0.689,50.043,LOW_POWER_FACTOR
2026-02-08 17:00:00,17,6,231.65,3.559,494.68,0.6,50.023,LOW_POWER_FACTOR
2026-02-08 17:15:00,17,6,228.99,5.856,866.25,0.646,50.004,LOW_POWER_FACTOR
2026-02-08 17:30:00,17,6,229.82,5.64,688.29,0.531,50.004,LOW_POWER_FACTOR
2026-02-08 17:45:00,17,6,231.69,6.746,817.43,0.523,49.989,LOW_POWER_FACTOR
2026-02-08 18:00:00,18,6,227.59,4.941,577.97,0.514,50.02,LOW_POWER_FACTOR
2026-02-08 18:15:00,18,6,232.29,7.414,890.34,0.517,49.947,LOW_POWER_FACTOR
2026-02-08 18:30:00,18,6,225.12,3.595,538.26,0.665,50.046,LOW_POWER_FACTOR
2026-02-08 18:45:00,18,6,231.65,5.637,742.96,0.569,50.01,LOW_POWER_FACTOR
2026-02-08 19:00:00,19,6,230.8,5.21,797.26,0.663,49.939,LOW_POWER_FACTOR
2026-02-08 19:15:00,19,6,230.31,4.243,569.66,0.583,49.952,LOW_POWER_FACTOR
2026-02-08 19:30:00,19,6,227.96,4.267,649.81,0.668,49.99,LOW_POWER_FACTOR
2026-02-08 19:45:00,19,6,232.24,6.813,949.36,0.6,50.035,LOW_POWER_FACTOR
2026-02-08 20:00:00,20,6,229.24,5.383,556.55,0.451,50.006,LOW_POWER_FACTOR
2026-02-08 20:15:00,20,6,229.16,6.392,678.25,0.463,50.073,LOW_POWER_FACTOR
2026-02-08 20:30:00,20,6,229.85,6.104,861.39,0.614,50.055,LOW_POWER_FACTOR
2026-02-08 20:45:00,20,6,227.79,6.661,949.77,0.626,49.945,LOW_POWER_FACTOR
2026-02-08 21:00:00,21,6,234.3,5.246,591.27,0.481,50.048,LOW_POWER_FACTOR
2026-02-08 21:15:00,21,6,228.09,6.789,975.5,0.63,50.053,LOW_POWER_FACTOR
2026-02-08 21:30:00,21,6,230.16,4.743,616.73,0.565,50.051,LOW_POWER_FACTOR
2026-02-08 21:45:00,21,6,233.0,4.001,582.7,0.625,50.059,LOW_POWER_FACTOR
2026-02-08 22:00:00,22,6,228.25,2.784,379.31,0.597,49.962,LOW_POWER_FACTOR
2026-02-08 22:15:00,22,6,230.56,1.933,311.9,0.7,50.053,LOW_POWER_FACTOR
2026-02-08 22:30:00,22,6,235.29,2.434,310.92,0.543,50.068,LOW_POWER_FACTOR
2026-02-08 22:45:00,22,6,231.0,2.428,387.62,0.691,50.029,LOW_POWER_FACTOR
2026-02-08 23:00:00,23,6,228.57,2.423,286.29,0.517,49.926,LOW_POWER_FACTOR
2026-02-08 23:15:00,23,6,232.81,4.189,485.68,0.498,50.068,LOW_POWER_FACTOR
2026-02-08 23:30:00,23,6,228.43,1.921,295.27,0.673,50.023,LOW_POWER_FACTOR
2026-02-08 23:45:00,23,6,228.47,1.87,268.71,0.629,50.044,LOW_POWER_FACTOR
2026-02-09 00:00:00,0,0,229.42,1.54,191.12,0.541,50.003,LOW_POWER_FACTOR
2026-02-09 00:15:00,0,0,228.31,0.668,100.05,0.656,50.132,LOW_POWER_FACTOR
2026-02-09 00:30:00,0,0,230.82,0.58,85.05,0.635,49.984,LOW_POWER_FACTOR
2026-02-09 00:45:00,0,0,233.82,0.976,105.25,0.461,49.981,LOW_POWER_FACTOR
2026-02-09 01:00:00,1,0,228.01,0.862,107.07,0.545,50.087,LOW_POWER_FACTOR
2026-02-09 01:15:00,1,0,229.22,1.535,159.43,0.453,50.006,LOW_POWER_FACTOR
2026-02-09 01:30:00,1,0,229.89,1.231,139.54,0.493,49.988,LOW_POWER_FACTOR
2026-02-09 01:45:00,1,0,228.94,1.041,119.22,0.5,50.007,LOW_POWER_FACTOR
2026-02-09 02:00:00,2,0,226.12,0.958,144.98,0.669,49.934,LOW_POWER_FACTOR
2026-02-09 02:15:00,2,0,233.07,0.885,112.06,0.543,50.027,LOW_POWER_FACTOR
2026-02-09 02:30:00,2,0,229.38,0.702,109.41,0.679,50.058,LOW_POWER_FACTOR
2026-02-09 02:45:00,2,0,230.85,1.243,130.86,0.456,50.069,LOW_POWER_FACTOR
2026-02-09 03:00:00,3,0,228.39,1.171,159.13,0.595,49.99,LOW_POWER_FACTOR
2026-02-09 03:15:00,3,0,231.95,1.138,162.62,0.616,50.056,LOW_POWER_FACTOR
2026-02-09 03:30:00,3,0,229.92,1.239,150.18,0.527,49.996,LOW_POWER_FACTOR
2026-02-09 03:45:00,3,0,229.99,1.303,170.8,0.57,49.97,LOW_POWER_FACTOR
2026-02-09 04:00:00,4,0,227.71,0.612,91.55,0.657,49.961,LOW_POWER_FACTOR
2026-02-09 04:15:00,4,0,229.26,1.056,130.06,0.537,50.003,LOW_POWER_FACTOR
2026-02-09 04:30:00,4,0,229.04,1.031,113.77,0.482,50.113,LOW_POWER_FACTOR
2026-02-09 04:45:00,4,0,225.14,1.026,133.26,0.577,50.007,LOW_POWER_FACTOR
2026-02-09 05:00:00,5,0,231.15,0.757,90.46,0.517,50.032,LOW_POWER_FACTOR
2026-02-09 05:15:00,5,0,231.41,0.837,94.88,0.49,49.953,LOW_POWER_FACTOR
2026-02-09 05:30:00,5,0,229.63,1.082,168.38,0.678,50.013,LOW_POWER_FACTOR
2026-02-09 05:45:00,5,0,231.63,1.276,188.32,0.637,50.132,LOW_POWER_FACTOR
2026-02-09 06:00:00,6,0,227.75,4.073,597.41,0.644,49.991,LOW_POWER_FACTOR
2026-02-09 06:15:00,6,0,233.61,3.195,375.38,0.503,50.028,LOW_POWER_FACTOR
2026-02-09 06:30:00,6,0,225.19,5.641,605.88,0.477,50.004,LOW_POWER_FACTOR
2026-02-09 06:45:00,6,0,229.88,3.013,433.65,0.626,50.091,LOW_POWER_FACTOR
2026-02-09 07:00:00,7,0,232.76,3.824,424.57,0.477,50.071,LOW_POWER_FACTOR
2026-02-09 07:15:00,7,0,231.15,3.606,446.79,0.536,50.018,LOW_POWER_FACTOR
2026-02-09 07:30:00,7,0,229.93,4.203,536.29,0.555,49.965,LOW_POWER_FACTOR
2026-02-09 07:45:00,7,0,231.63,2.97,326.12,0.474,49.932,LOW_POWER_FACTOR
2026-02-09 08:00:00,8,0,231.93,3.828,619.77,0.698,50.032,LOW_POWER_FACTOR
2026-02-09 08:15:00,8,0,229.14,2.739,423.04,0.674,50.014,LOW_POWER_FACTOR
2026-02-09 08:30:00,8,0,233.36,2.573,342.21,0.57,50.04,LOW_POWER_FACTOR
2026-02-09 08:45:00,8,0,226.45,2.564,377.34,0.65,50.012,LOW_POWER_FACTOR
2026-02-09 09:00:00,9,0,228.37,4.318,555.22,0.563,49.946,LOW_POWER_FACTOR
2026-02-09 09:15:00,9,0,228.67,2.049,327.95,0.7,50.112,LOW_POWER_FACTOR
2026-02-09 09:30:00,9,0,231.59,2.764,420.52,0.657,50.019,LOW_POWER_FACTOR
2026-02-09 09:45:00,9,0,227.05,3.363,413.89,0.542,49.989,LOW_POWER_FACTOR
2026-02-09 10:00:00,10,0,228.59,3.074,411.1,0.585,49.971,LOW_POWER_FACTOR
2026-02-09 10:15:00,10,0,229.88,3.219,433.65,0.586,50.008,LOW_POWER_FACTOR
2026-02-09 10:30:00,10,0,232.15,4.128,571.17,0.596,49.957,LOW_POWER_FACTOR
2026-02-09 10:45:00,10,0,231.21,2.836,367.19,0.56,49.96,LOW_POWER_FACTOR
2026-02-09 11:00:00,11,0,230.11,4.837,555.44,0.499,49.984,LOW_POWER_FACTOR
2026-02-09 11:15:00,11,0,230.85,1.642,246.07,0.649,50.044,LOW_POWER_FACTOR
2026-02-09 11:30:00,11,0,229.3,2.382,311.9,0.571,49.981,LOW_POWER_FACTOR
2026-02-09 11:45:00,11,0,228.93,2.32,351.64,0.662,49.99,LOW_POWER_FACTOR
2026-02-09 12:00:00,12,0,227.51,3.411,520.78,0.671,49.953,LOW_POWER_FACTOR
2026-02-09 12:15:00,12,0,232.44,3.68,425.14,0.497,49.923,LOW_POWER_FACTOR
2026-02-09 12:30:00,12,0,234.25,4.361,543.52,0.532,49.994,LOW_POWER_FACTOR
2026-02-09 12:45:00,12,0,231.94,2.787,391.12,0.605,49.927,LOW_POWER_FACTOR
2026-02-09 13:00:00,13,0,226.82,3.815,445.67,0.515,50.078,LOW_POWER_FACTOR
2026-02-09 13:15:00,13,0,228.58,3.833,488.06,0.557,49.993,LOW_POWER_FACTOR
2026-02-09 13:30:00,13,0,229.41,5.409,585.66,0.472,49.937,LOW_POWER_FACTOR
2026-02-09 13:45:00,13,0,226.29,2.602,364.46,0.619,49.928,LOW_POWER_FACTOR
2026-02-09 14:00:00,14,0,230.95,4.161,510.23,0.531,49.945,LOW_POWER_FACTOR
2026-02-09 14:15:00,14,0,229.26,2.992,347.74,0.507,50.028,LOW_POWER_FACTOR
2026-02-09 14:30:00,14,0,232.4,4.954,583.76,0.507,50.075,LOW_POWER_FACTOR
2026-02-09 14:45:00,14,0,226.85,3.123,432.88,0.611,49.872,LOW_POWER_FACTOR
2026-02-09 15:00:00,15,0,231.3,2.73,319.53,0.506,49.992,LOW_POWER_FACTOR
2026-02-09 15:15:00,15,0,231.62,1.871,269.14,0.621,49.973,LOW_POWER_FACTOR
2026-02-09 15:30:00,15,0,227.46,2.239,309.17,0.607,49.932,LOW_POWER_FACTOR
2026-02-09 15:45:00,15,0,229.86,4.051,541.93,0.582,50.071,LOW_POWER_FACTOR
2026-02-09 16:00:00,16,0,230.87,4.394,572.12,0.564,49.956,LOW_POWER_FACTOR
2026-02-09 16:15:00,16,0,228.62,3.86,480.01,0.544,49.98,LOW_POWER_FACTOR
2026-02-09 16:30:00,16,0,226.61,3.417,540.49,0.698,50.04,LOW_POWER_FACTOR
2026-02-09 16:45:00,16,0,228.6,2.699,301.12,0.488,50.061,LOW_POWER_FACTOR
2026-02-09 17:00:00,17,0,234.06,4.717,709.84,0.643,50.026,LOW_POWER_FACTOR
2026-02-09 17:15:00,17,0,230.67,5.461,827.64,0.657,50.09,LOW_POWER_FACTOR
2026-02-09 17:30:00,17,0,231.32,7.095,960.08,0.585,50.057,LOW_POWER_FACTOR
2026-02-09 17:45:00,17,0,231.65,6.057,965.32,0.688,49.984,LOW_POWER_FACTOR
2026-02-09 18:00:00,18,0,230.36,8.363,997.93,0.518,49.93,LOW_POWER_FACTOR
2026-02-09 18:15:00,18,0,232.38,8.327,942.36,0.487,50.046,LOW_POWER_FACTOR
2026-02-09 18:30:00,18,0,227.82,5.38,769.78,0.628,49.916,LOW_POWER_FACTOR
2026-02-09 18:45:00,18,0,229.03,5.983,890.7,0.65,49.952,LOW_POWER_FACTOR
2026-02-09 19:00:00,19,0,228.47,5.8,755.27,0.57,49.973,LOW_POWER_FACTOR
2026-02-09 19:15:00,19,0,230.21,5.03,757.27,0.654,49.974,LOW_POWER_FACTOR
2026-02-09 19:30:00,19,0,229.31,8.1,874.81,0.471,49.996,LOW_POWER_FACTOR
2026-02-09 19:45:00,19,0,229.78,8.129,857.36,0.459,50.014,LOW_POWER_FACTOR
2026-02-09 20:00:00,20,0,229.76,4.602,615.4,0.582,49.973,LOW_POWER_FACTOR
2026-02-09 20:15:00,20,0,227.57,4.78,741.88,0.682,50.014,LOW_POWER_FACTOR
2026-02-09 20:30:00,20,0,228.24,4.807,582.57,0.531,49.99,LOW_POWER_FACTOR
2026-02-09 20:45:00,20,0,231.8,6.512,867.96,0.575,50.026,LOW_POWER_FACTOR
2026-02-09 21:00:00,21,0,230.68,4.732,727.0,0.666,50.007,LOW_POWER_FACTOR
2026-02-09 21:15:00,21,0,228.53,4.918,784.46,0.698,50.035,LOW_POWER_FACTOR
2026-02-09 21:30:00,21,0,230.53,5.909,870.38,0.639,49.999,LOW_POWER_FACTOR
2026-02-09 21:45:00,21,0,230.77,4.724,710.76,0.652,49.973,LOW_POWER_FACTOR
2026-02-09 22:00:00,22,0,233.04,4.021,513.55,0.548,50.04,LOW_POWER_FACTOR
2026-02-09 22:15:00,22,0,235.79,2.328,294.16,0.536,49.957,LOW_POWER_FACTOR
2026-02-09 22:30:00,22,0,231.62,2.419,287.43,0.513,50.001,LOW_POWER_FACTOR
2026-02-09 22:45:00,22,0,229.79,1.699,221.72,0.568,49.999,LOW_POWER_FACTOR
2026-02-09 23:00:00,23,0,228.79,2.435,327.63,0.588,50.014,LOW_POWER_FACTOR
2026-02-09 23:15:00,23,0,229.24,2.462,313.82,0.556,50.04,LOW_POWER_FACTOR
2026-02-09 23:30:00,23,0,232.52,2.157,252.73,0.504,50.011,LOW_POWER_FACTOR
2026-02-09 23:45:00,23,0,229.6,2.957,414.89,0.611,50.008,LOW_POWER_FACTOR
2026-02-10 00:00:00,0,1,229.28,0.856,132.92,0.677,49.967,LOW_POWER_FACTOR
2026-02-10 00:15:00,0,1,230.04,1.018,128.38,0.548,49.925,LOW_POWER_FACTOR
2026-02-10 00:30:00,0,1,230.41,0.702,104.81,0.648,49.972,LOW_POWER_FACTOR
2026-02-10 00:45:00,0,1,230.66,1.143,135.24,0.513,50.008,LOW_POWER_FACTOR
2026-02-10 01:00:00,1,1,228.16,1.324,149.53,0.495,50.012,LOW_POWER_FACTOR
2026-02-10 01:15:00,1,1,229.8,0.99,148.58,0.653,49.905,LOW_POWER_FACTOR
2026-02-10 01:30:00,1,1,231.19,0.651,70.45,0.468,50.011,LOW_POWER_FACTOR
2026-02-10 01:45:00,1,1,232.71,0.672,72.86,0.466,50.03,LOW_POWER_FACTOR
2026-02-10 02:00:00,2,1,227.54,0.87,110.63,0.559,50.054,LOW_POWER_FACTOR
2026-02-10 02:15:00,2,1,229.03,0.599,84.18,0.614,49.987,LOW_POWER_FACTOR
2026-02-10 02:30:00,2,1,230.05,1.079,125.65,0.506,50.054,LOW_POWER_FACTOR
2026-02-10 02:45:00,2,1,230.68,1.212,144.31,0.516,50.022,LOW_POWER_FACTOR
2026-02-10 03:00:00,3,1,229.3,1.171,167.52,0.624,49.97,LOW_POWER_FACTOR
2026-02-10 03:15:00,3,1,229.56,0.977,134.41,0.599,50.002,LOW_POWER_FACTOR
2026-02-10 03:30:00,3,1,233.6,0.632,88.53,0.6,49.983,LOW_POWER_FACTOR
2026-02-10 03:45:00,3,1,226.06,1.358,177.12,0.577,49.949,LOW_POWER_FACTOR
2026-02-10 04:00:00,4,1,228.44,0.935,113.84,0.533,49.92,LOW_POWER_FACTOR
2026-02-10 04:15:00,4,1,230.45,0.961,133.37,0.602,49.888,LOW_POWER_FACTOR
2026-02-10 04:30:00,4,1,230.23,0.874,108.6,0.54,50.097,LOW_POWER_FACTOR
2026-02-10 04:45:00,4,1,228.67,0.753,100.19,0.582,49.933,LOW_POWER_FACTOR
2026-02-10 05:00:00,5,1,229.85,0.651,100.18,0.67,50.024,LOW_POWER_FACTOR
2026-02-10 05:15:00,5,1,230.25,1.383,157.66,0.495,49.921,LOW_POWER_FACTOR
2026-02-10 05:30:00,5,1,232.71,1.331,156.68,0.506,49.996,LOW_POWER_FACTOR
2026-02-10 05:45:00,5,1,230.68,1.504,157.81,0.455,50.021,LOW_POWER_FACTOR
2026-02-10 06:00:00,6,1,231.18,2.792,322.78,0.5,49.929,LOW_POWER_FACTOR
2026-02-10 06:15:00,6,1,230.42,4.575,685.28,0.65,50.067,LOW_POWER_FACTOR
2026-02-10 06:30:00,6,1,229.69,4.189,460.91,0.479,50.04,LOW_POWER_FACTOR
2026-02-10 06:45:00,6,1,231.72,3.404,513.43,0.651,50.024,LOW_POWER_FACTOR
2026-02-10 07:00:00,7,1,228.4,3.189,421.04,0.578,50.02,LOW_POWER_FACTOR
2026-02-10 07:15:00,7,1,228.11,3.257,421.99,0.568,49.944,LOW_POWER_FACTOR
2026-02-10 07:30:00,7,1,230.25,4.338,588.35,0.589,50.155,LOW_POWER_FACTOR
2026-02-10 07:45:00,7,1,231.03,5.802,611.26,0.456,49.973,LOW_POWER_FACTOR
2026-02-10 08:00:00,8,1,226.39,4.096,492.45,0.531,50.043,LOW_POWER_FACTOR
2026-02-10 08:15:00,8,1,227.62,2.927,391.14,0.587,49.993,LOW_POWER_FACTOR
2026-02-10 08:30:00,8,1,228.38,5.803,599.02,0.452,49.987,LOW_POWER_FACTOR
2026-02-10 08:45:00,8,1,227.89,3.352,527.79,0.691,49.977,LOW_POWER_FACTOR
2026-02-10 09:00:00,9,1,227.56,5.027,597.14,0.522,50.026,LOW_POWER_FACTOR
2026-02-10 09:15:00,9,1,228.88,3.521,520.64,0.646,50.007,LOW_POWER_FACTOR
2026-02-10 09:30:00,9,1,228.95,2.803,351.03,0.547,49.961,LOW_POWER_FACTOR
2026-02-10 09:45:00,9,1,232.89,2.251,286.77,0.547,50.013,LOW_POWER_FACTOR
2026-02-10 10:00:00,10,1,226.48,4.535,485.82,0.473,50.032,LOW_POWER_FACTOR
2026-02-10 10:15:00,10,1,231.04,3.994,596.06,0.646,49.951,LOW_POWER_FACTOR
2026-02-10 10:30:00,10,1,228.38,2.215,318.7,0.63,50.012,LOW_POWER_FACTOR
2026-02-10 10:45:00,10,1,226.27,2.468,288.68,0.517,49.888,LOW_POWER_FACTOR
2026-02-10 11:00:00,11,1,230.38,2.797,335.09,0.52,49.997,LOW_POWER_FACTOR
2026-02-10 11:15:00,11,1,227.03,2.098,245.81,0.516,50.057,LOW_POWER_FACTOR
2026-02-10 11:30:00,11,1,229.83,4.637,515.84,0.484,49.92,LOW_POWER_FACTOR
2026-02-10 11:45:00,11,1,226.84,2.911,334.1,0.506,50.039,LOW_POWER_FACTOR
2026-02-10 12:00:00,12,1,234.01,5.299,581.55,0.469,49.989,LOW_POWER_FACTOR
2026-02-10 12:15:00,12,1,230.76,2.995,460.28,0.666,49.969,LOW_POWER_FACTOR
2026-02-10 12:30:00,12,1,227.84,4.679,501.01,0.47,50.1,LOW_POWER_FACTOR
2026-02-10 12:45:00,12,1,228.29,2.925,394.61,0.591,50.004,LOW_POWER_FACTOR
2026-02-10 13:00:00,13,1,230.43,2.36,359.42,0.661,49.998,LOW_POWER_FACTOR
2026-02-10 13:15:00,13,1,229.38,2.722,409.66,0.656,50.0,LOW_POWER_FACTOR
2026-02-10 13:30:00,13,1,230.28,4.225,517.58,0.532,49.987,LOW_POWER_FACTOR
2026-02-10 13:45:00,13,1,228.05,2.529,351.17,0.609,49.988,LOW_POWER_FACTOR
2026-02-10 14:00:00,14,1,229.97,2.555,397.78,0.677,49.994,LOW_POWER_FACTOR
2026-02-10 14:15:00,14,1,231.63,2.27,348.64,0.663,50.014,LOW_POWER_FACTOR
2026-02-10 14:30:00,14,1,227.85,3.352,424.69,0.556,50.003,LOW_POWER_FACTOR
2026-02-10 14:45:00,14,1,227.1,1.826,276.14,0.666,49.95,LOW_POWER_FACTOR
2026-02-10 15:00:00,15,1,228.58,3.444,420.33,0.534,50.006,LOW_POWER_FACTOR
2026-02-10 15:15:00,15,1,229.38,3.228,517.57,0.699,49.977,LOW_POWER_FACTOR
2026-02-10 15:30:00,15,1,232.51,1.859,279.72,0.647,49.928,LOW_POWER_FACTOR
2026-02-10 15:45:00,15,1,230.69,3.605,401.65,0.483,49.959,LOW_POWER_FACTOR
2026-02-10 16:00:00,16,1,229.57,5.412,581.44,0.468,50.025,LOW_POWER_FACTOR
2026-02-10 16:15:00,16,1,233.18,4.873,586.35,0.516,50.013,LOW_POWER_FACTOR
2026-02-10 16:30:00,16,1,230.84,2.372,364.73,0.666,50.0,LOW_POWER_FACTOR
2026-02-10 16:45:00,16,1,229.58,4.103,567.06,0.602,50.061,LOW_POWER_FACTOR
2026-02-10 17:00:00,17,1,232.94,4.638,684.89,0.634,49.898,LOW_POWER_FACTOR
2026-02-10 17:15:00,17,1,231.37,6.149,830.91,0.584,50.003,LOW_POWER_FACTOR
2026-02-10 17:30:00,17,1,230.65,5.245,643.65,0.532,50.043,LOW_POWER_FACTOR
2026-02-10 17:45:00,17,1,229.2,4.003,620.21,0.676,50.002,LOW_POWER_FACTOR
2026-02-10 18:00:00,18,1,228.58,5.9,647.35,0.48,49.935,LOW_POWER_FACTOR
2026-02-10 18:15:00,18,1,227.18,5.234,690.79,0.581,50.08,LOW_POWER_FACTOR
2026-02-10 18:30:00,18,1,226.6,4.744,661.11,0.615,49.938,LOW_POWER_FACTOR
2026-02-10 18:45:00,18,1,231.03,4.492,572.91,0.552,50.03,LOW_POWER_FACTOR
2026-02-10 19:00:00,19,1,230.31,6.716,838.33,0.542,50.024,LOW_POWER_FACTOR
2026-02-10 19:15:00,19,1,227.77,6.071,716.33,0.518,50.054,LOW_POWER_FACTOR
2026-02-10 19:30:00,19,1,230.13,5.143,572.82,0.484,50.01,LOW_POWER_FACTOR
2026-02-10 19:45:00,19,1,233.99,6.585,867.52,0.563,49.957,LOW_POWER_FACTOR
2026-02-10 20:00:00,20,1,229.99,4.119,613.91,0.648,49.989,LOW_POWER_FACTOR
2026-02-10 20:15:00,20,1,231.19,5.853,776.69,0.574,49.994,LOW_POWER_FACTOR
2026-02-10 20:30:00,20,1,232.05,6.57,899.49,0.59,49.943,LOW_POWER_FACTOR
2026-02-10 20:45:00,20,1,232.51,6.91,853.15,0.531,50.015,LOW_POWER_FACTOR
2026-02-10 21:00:00,21,1,228.72,5.622,804.92,0.626,50.071,LOW_POWER_FACTOR
2026-02-10 21:15:00,21,1,234.14,3.865,563.8,0.623,50.041,LOW_POWER_FACTOR
2026-02-10 21:30:00,21,1,231.05,5.885,855.23,0.629,50.015,LOW_POWER_FACTOR
2026-02-10 21:45:00,21,1,225.96,4.244,662.62,0.691,50.031,LOW_POWER_FACTOR
2026-02-10 22:00:00,22,1,230.41,2.83,406.88,0.624,49.999,LOW_POWER_FACTOR
2026-02-10 22:15:00,22,1,231.88,2.894,329.46,0.491,50.007,LOW_POWER_FACTOR
2026-02-10 22:30:00,22,1,227.93,1.632,243.3,0.654,49.99,LOW_POWER_FACTOR
2026-02-10 22:45:00,22,1,227.85,3.683,408.65,0.487,50.036,LOW_POWER_FACTOR
2026-02-10 23:00:00,23,1,230.21,4.214,448.24,0.462,50.043,LOW_POWER_FACTOR
2026-02-10 23:15:00,23,1,230.86,3.514,396.67,0.489,50.029,LOW_POWER_FACTOR
2026-02-10 23:30:00,23,1,229.27,2.67,356.88,0.583,49.967,LOW_POWER_FACTOR
2026-02-10 23:45:00,23,1,228.21,2.538,388.66,0.671,49.887,LOW_POWER_FACTOR
2026-02-11 00:00:00,0,2,227.91,1.212,177.13,0.641,50.032,LOW_POWER_FACTOR
2026-02-11 00:15:00,0,2,226.05,1.046,143.49,0.607,50.006,LOW_POWER_FACTOR
2026-02-11 00:30:00,0,2,229.15,1.05,155.41,0.646,50.082,LOW_POWER_FACTOR
2026-02-11 00:45:00,0,2,232.8,1.539,167.29,0.467,50.075,LOW_POWER_FACTOR
2026-02-11 01:00:00,1,2,230.74,1.075,137.67,0.555,49.964,LOW_POWER_FACTOR
2026-02-11 01:15:00,1,2,232.6,0.654,106.33,0.699,49.987,LOW_POWER_FACTOR
2026-02-11 01:30:00,1,2,230.51,0.691,82.4,0.517,50.008,LOW_POWER_FACTOR
2026-02-11 01:45:00,1,2,226.21,1.168,171.24,0.648,50.004,LOW_POWER_FACTOR
2026-02-11 02:00:00,2,2,232.74,0.937,117.36,0.538,49.948,LOW_POWER_FACTOR
2026-02-11 02:15:00,2,2,230.75,0.862,136.58,0.687,50.026,LOW_POWER_FACTOR
2026-02-11 02:30:00,2,2,230.94,0.761,93.44,0.532,50.024,LOW_POWER_FACTOR
2026-02-11 02:45:00,2,2,228.06,0.932,127.77,0.601,49.981,LOW_POWER_FACTOR
2026-02-11 03:00:00,3,2,230.91,0.592,72.33,0.529,50.047,LOW_POWER_FACTOR
2026-02-11 03:15:00,3,2,233.97,0.618,99.16,0.686,49.923,LOW_POWER_FACTOR
2026-02-11 03:30:00,3,2,231.56,0.967,136.53,0.61,49.936,LOW_POWER_FACTOR
2026-02-11 03:45:00,3,2,233.92,0.843,90.91,0.461,49.995,LOW_POWER_FACTOR
2026-02-11 04:00:00,4,2,228.72,1.068,130.17,0.533,49.997,LOW_POWER_FACTOR
2026-02-11 04:15:00,4,2,229.32,1.103,150.54,0.595,49.957,LOW_POWER_FACTOR
2026-02-11 04:30:00,4,2,229.1,1.209,128.21,0.463,49.956,LOW_POWER_FACTOR
2026-02-11 04:45:00,4,2,228.25,0.657,88.2,0.588,50.04,LOW_POWER_FACTOR
2026-02-11 05:00:00,5,2,229.78,1.285,142.96,0.484,50.017,LOW_POWER_FACTOR
2026-02-11 05:15:00,5,2,228.87,0.888,132.46,0.652,49.994,LOW_POWER_FACTOR
2026-02-11 05:30:00,5,2,231.09,1.118,176.47,0.683,49.888,LOW_POWER_FACTOR
2026-02-11 05:45:00,5,2,226.58,0.851,127.52,0.661,50.045,LOW_POWER_FACTOR
2026-02-11 06:00:00,6,2,231.85,3.976,485.75,0.527,50.047,LOW_POWER_FACTOR
2026-02-11 06:15:00,6,2,230.11,3.871,561.21,0.63,50.006,LOW_POWER_FACTOR
2026-02-11 06:30:00,6,2,230.52,3.572,398.53,0.484,50.018,LOW_POWER_FACTOR
2026-02-11 06:45:00,6,2,229.94,3.322,445.31,0.583,49.98,LOW_POWER_FACTOR
2026-02-11 07:00:00,7,2,231.07,2.587,396.91,0.664,49.993,LOW_POWER_FACTOR
2026-02-11 07:15:00,7,2,230.37,3.401,510.88,0.652,49.97,LOW_POWER_FACTOR
2026-02-11 07:30:00,7,2,232.41,5.123,575.09,0.483,50.062,LOW_POWER_FACTOR
2026-02-11 07:45:00,7,2,231.21,4.709,516.11,0.474,50.038,LOW_POWER_FACTOR
2026-02-11 08:00:00,8,2,229.26,6.107,644.09,0.46,50.067,LOW_POWER_FACTOR
2026-02-11 08:15:00,8,2,229.06,4.338,684.6,0.689,49.922,LOW_POWER_FACTOR
2026-02-11 08:30:00,8,2,228.48,3.773,530.99,0.616,50.078,LOW_POWER_FACTOR
2026-02-11 08:45:00,8,2,231.67,3.611,391.56,0.468,49.982,LOW_POWER_FACTOR
2026-02-11 09:00:00,9,2,227.36,3.267,413.68,0.557,50.06,LOW_POWER_FACTOR
2026-02-11 09:15:00,9,2,227.55,3.168,441.9,0.613,50.055,LOW_POWER_FACTOR
2026-02-11 09:30:00,9,2,225.87,4.623,477.22,0.457,50.036,LOW_POWER_FACTOR
2026-02-11 09:45:00,9,2,226.75,3.7,574.64,0.685,49.982,LOW_POWER_FACTOR
2026-02-11 10:00:00,10,2,227.56,4.111,523.0,0.559,50.039,LOW_POWER_FACTOR
2026-02-11 10:15:00,10,2,229.54,3.761,562.03,0.651,50.055,LOW_POWER_FACTOR
2026-02-11 10:30:00,10,2,231.73,2.007,257.7,0.554,49.97,LOW_POWER_FACTOR
2026-02-11 10:45:00,10,2,224.59,4.983,590.91,0.528,50.046,LOW_POWER_FACTOR
2026-02-11 11:00:00,11,2,230.8,2.525,379.97,0.652,49.979,LOW_POWER_FACTOR
2026-02-11 11:15:00,11,2,233.03,3.038,363.87,0.514,49.96,LOW_POWER_FACTOR
2026-02-11 11:30:00,11,2,228.94,3.446,519.85,0.659,50.042,LOW_POWER_FACTOR
2026-02-11 11:45:00,11,2,227.96,3.838,548.51,0.627,50.018,LOW_POWER_FACTOR
2026-02-11 12:00:00,12,2,230.71,3.81,453.51,0.516,49.965,LOW_POWER_FACTOR
2026-02-11 12:15:00,12,2,228.95,3.815,560.73,0.642,49.948,LOW_POWER_FACTOR
2026-02-11 12:30:00,12,2,229.02,2.66,387.41,0.636,49.98,LOW_POWER_FACTOR
2026-02-11 12:45:00,12,2,224.82,2.739,417.56,0.678,49.944,LOW_POWER_FACTOR
2026-02-11 13:00:00,13,2,231.65,1.922,295.6,0.664,49.963,LOW_POWER_FACTOR
2026-02-11 13:15:00,13,2,230.83,3.931,552.64,0.609,49.923,LOW_POWER_FACTOR
2026-02-11 13:30:00,13,2,229.0,2.344,359.12,0.669,50.032,LOW_POWER_FACTOR
2026-02-11 13:45:00,13,2,230.08,3.967,541.18,0.593,49.983,LOW_POWER_FACTOR
2026-02-11 14:00:00,14,2,229.57,2.73,428.75,0.684,50.003,LOW_POWER_FACTOR
2026-02-11 14:15:00,14,2,232.45,1.708,272.73,0.687,49.954,LOW_POWER_FACTOR
2026-02-11 14:30:00,14,2,229.4,2.719,319.36,0.512,49.946,LOW_POWER_FACTOR
2026-02-11 14:45:00,14,2,229.61,2.69,368.76,0.597,49.96,LOW_POWER_FACTOR
2026-02-11 15:00:00,15,2,231.33,4.606,591.3,0.555,50.026,LOW_POWER_FACTOR
2026-02-11 15:15:00,15,2,230.0,3.449,492.66,0.621,50.008,LOW_POWER_FACTOR
2026-02-11 15:30:00,15,2,231.68,4.08,554.91,0.587,49.856,LOW_POWER_FACTOR
2026-02-11 15:45:00,15,2,227.63,3.511,557.1,0.697,50.035,LOW_POWER_FACTOR
2026-02-11 16:00:00,16,2,229.78,11.392,2358.6,0.901,50.05,NIGHT_ANOMALY
2026-02-11 16:15:00,16,2,228.38,9.247,1985.22,0.94,50.038,NIGHT_ANOMALY
2026-02-11 16:30:00,16,2,226.6,10.327,2143.5,0.916,49.975,NIGHT_ANOMALY
2026-02-11 16:45:00,16,2,227.72,9.841,2135.66,0.953,50.072,NIGHT_ANOMALY
2026-02-11 17:00:00,17,2,230.3,10.714,2408.28,0.976,50.049,NIGHT_ANOMALY
2026-02-11 17:15:00,17,2,229.12,9.741,2017.54,0.904,49.964,NIGHT_ANOMALY
2026-02-11 17:30:00,17,2,230.91,10.671,2375.36,0.964,49.994,NIGHT_ANOMALY
2026-02-11 17:45:00,17,2,230.57,7.402,1677.75,0.983,49.965,NIGHT_ANOMALY
2026-02-11 18:00:00,18,2,228.1,6.305,1382.08,0.961,50.002,NIGHT_ANOMALY
2026-02-11 18:15:00,18,2,228.72,7.733,1659.12,0.938,50.09,NIGHT_ANOMALY
2026-02-11 18:30:00,18,2,231.28,7.99,1672.44,0.905,49.995,NIGHT_ANOMALY
2026-02-11 18:45:00,18,2,227.58,11.551,2439.52,0.928,50.062,NIGHT_ANOMALY
2026-02-11 19:00:00,19,2,233.31,9.802,2124.6,0.929,49.994,NIGHT_ANOMALY
2026-02-11 19:15:00,19,2,232.78,10.032,2209.06,0.946,50.054,NIGHT_ANOMALY
2026-02-11 19:30:00,19,2,227.76,11.976,2473.99,0.907,49.978,NIGHT_ANOMALY
2026-02-11 19:45:00,19,2,231.45,7.101,1615.66,0.983,50.03,NIGHT_ANOMALY
2026-02-11 20:00:00,20,2,227.06,10.612,2320.3,0.963,50.012,NIGHT_ANOMALY
2026-02-11 20:15:00,20,2,227.18,7.637,1695.14,0.977,49.99,NIGHT_ANOMALY
2026-02-11 20:30:00,20,2,234.05,8.913,2013.01,0.965,49.938,NIGHT_ANOMALY
2026-02-11 20:45:00,20,2,231.37,8.987,1956.62,0.941,50.017,NIGHT_ANOMALY
2026-02-11 21:00:00,21,2,227.38,10.372,2231.08,0.946,50.018,NIGHT_ANOMALY
2026-02-11 21:15:00,21,2,230.0,10.986,2430.86,0.962,50.038,NIGHT_ANOMALY
2026-02-11 21:30:00,21,2,233.21,8.049,1800.13,0.959,50.047,NIGHT_ANOMALY
2026-02-11 21:45:00,21,2,229.19,6.741,1512.46,0.979,50.047,NIGHT_ANOMALY
2026-02-11 22:00:00,22,2,226.11,10.873,2347.77,0.955,50.003,NIGHT_ANOMALY
2026-02-11 22:15:00,22,2,232.32,7.758,1762.79,0.978,50.049,NIGHT_ANOMALY
2026-02-11 22:30:00,22,2,230.05,6.171,1316.04,0.927,50.026,NIGHT_ANOMALY
2026-02-11 22:45:00,22,2,229.41,10.633,2246.69,0.921,49.95,NIGHT_ANOMALY
2026-02-11 23:00:00,23,2,230.37,9.713,2199.54,0.983,50.014,NIGHT_ANOMALY
2026-02-11 23:15:00,23,2,232.92,10.524,2331.17,0.951,50.033,NIGHT_ANOMALY
2026-02-11 23:30:00,23,2,229.65,6.202,1330.28,0.934,50.035,NIGHT_ANOMALY
2026-02-11 23:45:00,23,2,225.76,9.107,1877.13,0.913,50.016,NIGHT_ANOMALY
2026-02-12 00:00:00,0,3,227.02,10.896,2416.75,0.977,49.971,NIGHT_ANOMALY
2026-02-12 00:15:00,0,3,224.37,10.082,2069.86,0.915,49.922,NIGHT_ANOMALY
2026-02-12 00:30:00,0,3,229.88,10.028,2219.88,0.963,50.04,NIGHT_ANOMALY
2026-02-12 00:45:00,0,3,228.53,6.841,1421.06,0.909,49.937,NIGHT_ANOMALY
2026-02-12 01:00:00,1,3,229.84,8.985,2015.53,0.976,49.986,NIGHT_ANOMALY
2026-02-12 01:15:00,1,3,227.94,11.444,2386.75,0.915,50.061,NIGHT_ANOMALY
2026-02-12 01:30:00,1,3,231.92,8.197,1828.79,0.962,49.991,NIGHT_ANOMALY
2026-02-12 01:45:00,1,3,227.89,7.091,1457.54,0.902,50.02,NIGHT_ANOMALY
2026-02-12 02:00:00,2,3,228.83,9.508,2099.46,0.965,50.054,NIGHT_ANOMALY
2026-02-12 02:15:00,2,3,230.67,6.401,1436.55,0.973,50.013,NIGHT_ANOMALY
2026-02-12 02:30:00,2,3,232.93,9.905,2247.29,0.974,49.918,NIGHT_ANOMALY
2026-02-12 02:45:00,2,3,232.04,10.259,2166.29,0.91,49.979,NIGHT_ANOMALY
2026-02-12 03:00:00,3,3,225.91,10.792,2364.81,0.97,49.843,NIGHT_ANOMALY
2026-02-12 03:15:00,3,3,231.76,8.82,1935.72,0.947,49.964,NIGHT_ANOMALY
2026-02-12 03:30:00,3,3,233.68,10.77,2448.68,0.973,50.042,NIGHT_ANOMALY
2026-02-12 03:45:00,3,3,228.18,8.419,1873.03,0.975,50.06,NIGHT_ANOMALY
2026-02-12 04:00:00,4,3,230.63,6.32,1341.04,0.92,49.975,NIGHT_ANOMALY
2026-02-12 04:15:00,4,3,226.82,6.85,1423.27,0.916,49.899,NIGHT_ANOMALY
2026-02-12 04:30:00,4,3,228.6,6.919,1510.57,0.955,50.026,NIGHT_ANOMALY
2026-02-12 04:45:00,4,3,228.94,6.585,1426.17,0.946,50.02,NIGHT_ANOMALY
2026-02-12 05:00:00,5,3,228.99,8.671,1844.67,0.929,49.997,NIGHT_ANOMALY
2026-02-12 05:15:00,5,3,232.12,9.305,2053.97,0.951,49.993,NIGHT_ANOMALY
2026-02-12 05:30:00,5,3,230.05,6.132,1300.69,0.922,50.007,NIGHT_ANOMALY
2026-02-12 05:45:00,5,3,229.69,7.952,1733.44,0.949,49.936,NIGHT_ANOMALY
2026-02-12 06:00:00,6,3,231.39,7.711,1611.08,0.903,50.027,NIGHT_ANOMALY
2026-02-12 06:15:00,6,3,232.08,7.432,1659.2,0.962,50.02,NIGHT_ANOMALY
2026-02-12 06:30:00,6,3,228.35,6.643,1488.18,0.981,50.005,NIGHT_ANOMALY
2026-02-12 06:45:00,6,3,228.92,10.531,2297.43,0.953,50.022,NIGHT_ANOMALY
2026-02-12 07:00:00,7,3,230.94,10.288,2143.17,0.902,49.933,NIGHT_ANOMALY
2026-02-12 07:15:00,7,3,226.03,6.686,1360.08,0.9,49.889,NIGHT_ANOMALY
2026-02-12 07:30:00,7,3,229.57,5.786,1291.05,0.972,50.021,NIGHT_ANOMALY
2026-02-12 07:45:00,7,3,228.83,5.794,1292.64,0.975,49.963,NIGHT_ANOMALY
2026-02-12 08:00:00,8,3,229.24,9.528,2011.68,0.921,50.048,NIGHT_ANOMALY
2026-02-12 08:15:00,8,3,227.44,10.816,2405.98,0.978,49.964,NIGHT_ANOMALY
2026-02-12 08:30:00,8,3,233.25,10.099,2261.46,0.96,49.997,NIGHT_ANOMALY
2026-02-12 08:45:00,8,3,230.77,6.439,1456.22,0.98,50.087,NIGHT_ANOMALY
2026-02-12 09:00:00,9,3,225.04,10.441,2215.61,0.943,50.056,NIGHT_ANOMALY
2026-02-12 09:15:00,9,3,228.83,9.106,1965.01,0.943,50.008,NIGHT_ANOMALY
2026-02-12 09:30:00,9,3,227.12,10.197,2271.86,0.981,50.012,NIGHT_ANOMALY
2026-02-12 09:45:00,9,3,227.77,10.913,2294.24,0.923,49.951,NIGHT_ANOMALY
2026-02-12 10:00:00,10,3,228.8,9.381,2041.23,0.951,49.992,NIGHT_ANOMALY
2026-02-12 10:15:00,10,3,231.97,10.297,2176.04,0.911,50.025,NIGHT_ANOMALY
2026-02-12 10:30:00,10,3,225.76,8.261,1682.33,0.902,50.068,NIGHT_ANOMALY
2026-02-12 10:45:00,10,3,230.95,6.388,1429.57,0.969,49.974,NIGHT_ANOMALY
2026-02-12 11:00:00,11,3,227.61,8.136,1668.49,0.901,49.892,NIGHT_ANOMALY
2026-02-12 11:15:00,11,3,232.25,7.286,1526.33,0.902,50.049,NIGHT_ANOMALY
2026-02-12 11:30:00,11,3,234.32,9.744,2175.8,0.953,50.081,NIGHT_ANOMALY
2026-02-12 11:45:00,11,3,229.93,9.866,2071.23,0.913,49.912,NIGHT_ANOMALY
2026-02-12 12:00:00,12,3,229.48,7.829,1685.29,0.938,50.058,NIGHT_ANOMALY
2026-02-12 12:15:00,12,3,233.51,7.291,1562.96,0.918,50.02,NIGHT_ANOMALY
2026-02-12 12:30:00,12,3,232.31,10.066,2179.41,0.932,49.946,NIGHT_ANOMALY
2026-02-12 12:45:00,12,3,226.79,7.63,1612.66,0.932,49.999,NIGHT_ANOMALY
2026-02-12 13:00:00,13,3,226.63,11.385,2484.66,0.963,50.037,NIGHT_ANOMALY
2026-02-12 13:15:00,13,3,225.75,8.344,1751.85,0.93,50.029,NIGHT_ANOMALY
2026-02-12 13:30:00,13,3,230.27,7.826,1774.98,0.985,49.957,NIGHT_ANOMALY
2026-02-12 13:45:00,13,3,230.25,8.45,1766.65,0.908,49.98,NIGHT_ANOMALY
2026-02-12 14:00:00,14,3,230.77,8.463,1798.62,0.921,50.063,NIGHT_ANOMALY
2026-02-12 14:15:00,14,3,229.46,6.414,1437.97,0.977,50.001,NIGHT_ANOMALY
2026-02-12 14:30:00,14,3,230.93,9.136,1991.6,0.944,50.012,NIGHT_ANOMALY
2026-02-12 14:45:00,14,3,229.82,7.644,1675.95,0.954,49.936,NIGHT_ANOMALY
2026-02-12 15:00:00,15,3,230.86,10.417,2207.73,0.918,50.087,NIGHT_ANOMALY
2026-02-12 15:15:00,15,3,230.2,10.282,2179.98,0.921,50.016,NIGHT_ANOMALY
2026-02-12 15:30:00,15,3,231.36,7.128,1556.68,0.944,49.922,NIGHT_ANOMALY
2026-02-12 15:45:00,15,3,231.88,11.017,2485.63,0.973,50.03,NIGHT_ANOMALY
2026-02-12 16:00:00,16,3,228.51,10.051,2161.33,0.941,50.028,NIGHT_ANOMALY
2026-02-12 16:15:00,16,3,229.69,10.203,2249.7,0.96,49.982,NIGHT_ANOMALY
2026-02-12 16:30:00,16,3,231.21,6.017,1281.39,0.921,50.048,NIGHT_ANOMALY
2026-02-12 16:45:00,16,3,227.46,6.325,1395.44,0.97,50.022,NIGHT_ANOMALY
2026-02-12 17:00:00,17,3,235.91,8.214,1866.02,0.963,50.004,NIGHT_ANOMALY
2026-02-12 17:15:00,17,3,229.53,6.619,1461.43,0.962,50.074,NIGHT_ANOMALY
2026-02-12 17:30:00,17,3,228.67,6.846,1498.17,0.957,49.98,NIGHT_ANOMALY
2026-02-12 17:45:00,17,3,228.29,9.865,2069.73,0.919,50.066,NIGHT_ANOMALY
2026-02-12 18:00:00,18,3,228.38,11.114,2449.36,0.965,49.91,NIGHT_ANOMALY
2026-02-12 18:15:00,18,3,229.05,5.957,1264.92,0.927,50.075,NIGHT_ANOMALY
2026-02-12 18:30:00,18,3,232.23,6.934,1510.44,0.938,49.952,NIGHT_ANOMALY
2026-02-12 18:45:00,18,3,230.12,7.836,1637.26,0.908,50.067,NIGHT_ANOMALY
2026-02-12 19:00:00,19,3,230.44,6.467,1429.25,0.959,50.026,NIGHT_ANOMALY
2026-02-12 19:15:00,19,3,227.88,6.583,1381.67,0.921,49.974,NIGHT_ANOMALY
2026-02-12 19:30:00,19,3,231.57,6.532,1491.42,0.986,49.998,NIGHT_ANOMALY
2026-02-12 19:45:00,19,3,231.79,11.341,2426.36,0.923,49.95,NIGHT_ANOMALY
2026-02-12 20:00:00,20,3,236.92,6.854,1550.69,0.955,50.031,NIGHT_ANOMALY
2026-02-12 20:15:00,20,3,230.12,9.154,1999.1,0.949,50.03,NIGHT_ANOMALY
2026-02-12 20:30:00,20,3,226.53,8.691,1775.79,0.902,50.006,NIGHT_ANOMALY
2026-02-12 20:45:00,20,3,229.03,7.596,1642.24,0.944,50.042,NIGHT_ANOMALY
2026-02-12 21:00:00,21,3,231.36,8.609,1878.2,0.943,50.008,NIGHT_ANOMALY
2026-02-12 21:15:00,21,3,229.41,6.223,1370.62,0.96,50.08,NIGHT_ANOMALY
2026-02-12 21:30:00,21,3,229.83,9.873,2219.1,0.978,50.076,NIGHT_ANOMALY
2026-02-12 21:45:00,21,3,232.49,8.825,1863.0,0.908,50.023,NIGHT_ANOMALY
2026-02-12 22:00:00,22,3,227.04,9.856,2078.81,0.929,50.027,NIGHT_ANOMALY
2026-02-12 22:15:00,22,3,228.98,9.203,1945.08,0.923,50.065,NIGHT_ANOMALY
2026-02-12 22:30:00,22,3,229.83,9.764,2039.95,0.909,49.99,NIGHT_ANOMALY
2026-02-12 22:45:00,22,3,226.53,5.948,1226.13,0.91,50.075,NIGHT_ANOMALY
2026-02-12 23:00:00,23,3,229.12,9.958,2151.47,0.943,50.049,NIGHT_ANOMALY
2026-02-12 23:15:00,23,3,227.93,11.283,2479.17,0.964,49.955,NIGHT_ANOMALY
2026-02-12 23:30:00,23,3,230.3,8.798,1876.15,0.926,50.021,NIGHT_ANOMALY
2026-02-12 23:45:00,23,3,227.83,6.971,1518.27,0.956,50.006,NIGHT_ANOMALY
2026-02-13 00:00:00,0,4,226.58,5.81,1209.89,0.919,49.989,NIGHT_ANOMALY
2026-02-13 00:15:00,0,4,230.51,10.456,2316.22,0.961,50.09,NIGHT_ANOMALY
2026-02-13 00:30:00,0,4,227.13,11.443,2432.66,0.936,50.0,NIGHT_ANOMALY
2026-02-13 00:45:00,0,4,229.36,7.589,1709.39,0.982,50.063,NIGHT_ANOMALY
2026-02-13 01:00:00,1,4,232.5,10.951,2431.5,0.955,50.035,NIGHT_ANOMALY
2026-02-13 01:15:00,1,4,227.84,7.944,1654.31,0.914,50.046,NIGHT_ANOMALY
2026-02-13 01:30:00,1,4,232.72,7.312,1626.77,0.956,50.013,NIGHT_ANOMALY
2026-02-13 01:45:00,1,4,229.93,10.277,2173.99,0.92,49.946,NIGHT_ANOMALY
2026-02-13 02:00:00,2,4,231.36,8.824,1839.4,0.901,50.013,NIGHT_ANOMALY
2026-02-13 02:15:00,2,4,226.62,5.957,1329.77,0.985,50.04,NIGHT_ANOMALY
2026-02-13 02:30:00,2,4,230.48,8.688,1804.25,0.901,49.963,NIGHT_ANOMALY
2026-02-13 02:45:00,2,4,226.95,11.2,2496.16,0.982,50.046,NIGHT_ANOMALY
2026-02-13 03:00:00,3,4,231.67,5.612,1232.47,0.948,49.912,NIGHT_ANOMALY
2026-02-13 03:15:00,3,4,232.54,8.216,1805.36,0.945,49.999,NIGHT_ANOMALY
2026-02-13 03:30:00,3,4,228.54,7.16,1566.09,0.957,50.018,NIGHT_ANOMALY
2026-02-13 03:45:00,3,4,228.5,8.907,1835.71,0.902,49.985,NIGHT_ANOMALY
2026-02-13 04:00:00,4,4,228.14,7.085,1588.96,0.983,49.977,NIGHT_ANOMALY
2026-02-13 04:15:00,4,4,232.01,7.053,1503.82,0.919,49.958,NIGHT_ANOMALY
2026-02-13 04:30:00,4,4,223.55,6.357,1347.17,0.948,49.923,NIGHT_ANOMALY
2026-02-13 04:45:00,4,4,231.56,6.253,1326.42,0.916,49.991,NIGHT_ANOMALY
2026-02-13 05:00:00,5,4,230.99,6.898,1516.9,0.952,49.994,NIGHT_ANOMALY
2026-02-13 05:15:00,5,4,228.46,11.544,2479.1,0.94,50.036,NIGHT_ANOMALY
2026-02-13 05:30:00,5,4,227.62,10.721,2308.57,0.946,50.01,NIGHT_ANOMALY
2026-02-13 05:45:00,5,4,229.15,8.764,1937.91,0.965,49.955,NIGHT_ANOMALY
2026-02-13 06:00:00,6,4,228.44,11.185,2457.9,0.962,50.009,NIGHT_ANOMALY
2026-02-13 06:15:00,6,4,232.94,7.261,1598.29,0.945,49.964,NIGHT_ANOMALY
2026-02-13 06:30:00,6,4,229.25,11.122,2437.46,0.956,49.975,NIGHT_ANOMALY
2026-02-13 06:45:00,6,4,231.59,8.405,1773.22,0.911,50.035,NIGHT_ANOMALY
2026-02-13 07:00:00,7,4,229.4,8.011,1734.84,0.944,50.017,NIGHT_ANOMALY
2026-02-13 07:15:00,7,4,231.56,8.322,1788.28,0.928,50.05,NIGHT_ANOMALY
2026-02-13 07:30:00,7,4,230.49,8.895,1933.42,0.943,50.131,NIGHT_ANOMALY
2026-02-13 07:45:00,7,4,230.41,6.915,1467.34,0.921,49.966,NIGHT_ANOMALY
2026-02-13 08:00:00,8,4,230.24,8.675,1961.39,0.982,49.997,NIGHT_ANOMALY
2026-02-13 08:15:00,8,4,228.68,10.12,2219.28,0.959,50.063,NIGHT_ANOMALY
2026-02-13 08:30:00,8,4,229.7,9.59,2061.79,0.936,49.92,NIGHT_ANOMALY
2026-02-13 08:45:00,8,4,228.58,8.54,1928.64,0.988,49.956,NIGHT_ANOMALY
2026-02-13 09:00:00,9,4,234.16,6.333,1456.21,0.982,50.009,NIGHT_ANOMALY
2026-02-13 09:15:00,9,4,231.12,6.129,1355.59,0.957,50.044,NIGHT_ANOMALY
2026-02-13 09:30:00,9,4,233.3,7.705,1776.03,0.988,50.025,NIGHT_ANOMALY
2026-02-13 09:45:00,9,4,230.65,9.256,2075.02,0.972,50.021,NIGHT_ANOMALY
2026-02-13 10:00:00,10,4,228.33,9.12,1978.32,0.95,50.017,NIGHT_ANOMALY
2026-02-13 10:15:00,10,4,228.37,10.389,2223.1,0.937,49.968,NIGHT_ANOMALY
2026-02-13 10:30:00,10,4,228.05,11.853,2497.69,0.924,50.03,NIGHT_ANOMALY
2026-02-13 10:45:00,10,4,230.74,6.883,1554.89,0.979,49.972,NIGHT_ANOMALY
2026-02-13 11:00:00,11,4,230.92,10.13,2201.21,0.941,50.037,NIGHT_ANOMALY
2026-02-13 11:15:00,11,4,231.26,10.819,2404.38,0.961,49.988,NIGHT_ANOMALY
2026-02-13 11:30:00,11,4,230.25,9.197,2068.95,0.977,50.003,NIGHT_ANOMALY
2026-02-13 11:45:00,11,4,232.25,8.428,1814.6,0.927,50.056,NIGHT_ANOMALY
2026-02-13 12:00:00,12,4,231.43,8.417,1889.55,0.97,49.932,NIGHT_ANOMALY
2026-02-13 12:15:00,12,4,231.37,10.344,2304.85,0.963,50.02,NIGHT_ANOMALY
2026-02-13 12:30:00,12,4,227.24,7.091,1566.33,0.972,50.036,NIGHT_ANOMALY
2026-02-13 12:45:00,12,4,229.5,5.599,1207.96,0.94,49.946,NIGHT_ANOMALY
2026-02-13 13:00:00,13,4,228.51,7.556,1700.64,0.985,49.986,NIGHT_ANOMALY
2026-02-13 13:15:00,13,4,227.7,7.478,1660.08,0.975,50.019,NIGHT_ANOMALY
2026-02-13 13:30:00,13,4,225.1,9.695,2001.31,0.917,50.03,NIGHT_ANOMALY
2026-02-13 13:45:00,13,4,229.31,9.561,2001.72,0.913,49.897,NIGHT_ANOMALY
2026-02-13 14:00:00,14,4,227.75,6.961,1528.21,0.964,49.942,NIGHT_ANOMALY
2026-02-13 14:15:00,14,4,230.39,5.766,1282.04,0.965,49.938,NIGHT_ANOMALY
2026-02-13 14:30:00,14,4,229.23,10.958,2333.66,0.929,49.95,NIGHT_ANOMALY
2026-02-13 14:45:00,14,4,230.33,8.014,1705.56,0.924,49.874,NIGHT_ANOMALY
2026-02-13 15:00:00,15,4,230.69,7.052,1535.72,0.944,49.979,NIGHT_ANOMALY
2026-02-13 15:15:00,15,4,228.41,5.998,1356.23,0.99,49.957,NIGHT_ANOMALY
2026-02-13 15:30:00,15,4,229.71,7.168,1542.81,0.937,50.041,NIGHT_ANOMALY
2026-02-13 15:45:00,15,4,230.69,7.687,1712.96,0.966,50.0,NIGHT_ANOMALY
2026-02-13 16:00:00,16,4,229.0,8.209,1849.84,0.984,49.867,NIGHT_ANOMALY
2026-02-13 16:15:00,16,4,233.77,7.266,1594.95,0.939,49.962,NIGHT_ANOMALY
2026-02-13 16:30:00,16,4,230.02,7.569,1620.82,0.931,50.051,NIGHT_ANOMALY
2026-02-13 16:45:00,16,4,230.0,8.558,1828.68,0.929,49.971,NIGHT_ANOMALY
2026-02-13 17:00:00,17,4,230.27,9.989,2116.08,0.92,49.912,NIGHT_ANOMALY
2026-02-13 17:15:00,17,4,231.04,8.949,1955.95,0.946,50.001,NIGHT_ANOMALY
2026-02-13 17:30:00,17,4,229.78,9.895,2166.75,0.953,49.983,NIGHT_ANOMALY
2026-02-13 17:45:00,17,4,229.52,8.597,1779.89,0.902,50.032,NIGHT_ANOMALY
2026-02-13 18:00:00,18,4,231.24,7.716,1732.6,0.971,50.022,NIGHT_ANOMALY
2026-02-13 18:15:00,18,4,229.22,7.026,1583.09,0.983,49.986,NIGHT_ANOMALY
2026-02-13 18:30:00,18,4,230.94,8.724,1837.49,0.912,50.026,NIGHT_ANOMALY
2026-02-13 18:45:00,18,4,230.41,6.099,1304.14,0.928,49.966,NIGHT_ANOMALY
2026-02-13 19:00:00,19,4,228.85,8.59,1781.06,0.906,50.024,NIGHT_ANOMALY
2026-02-13 19:15:00,19,4,232.35,7.158,1576.76,0.948,49.994,NIGHT_ANOMALY
2026-02-13 19:30:00,19,4,231.86,7.159,1596.86,0.962,50.007,NIGHT_ANOMALY
2026-02-13 19:45:00,19,4,226.66,11.529,2398.82,0.918,50.087,NIGHT_ANOMALY
2026-02-13 20:00:00,20,4,234.42,8.792,1879.69,0.912,50.108,NIGHT_ANOMALY
2026-02-13 20:15:00,20,4,230.43,8.816,1860.76,0.916,50.006,NIGHT_ANOMALY
2026-02-13 20:30:00,20,4,231.26,6.77,1479.49,0.945,50.008,NIGHT_ANOMALY
2026-02-13 20:45:00,20,4,226.1,6.72,1371.99,0.903,49.979,NIGHT_ANOMALY
2026-02-13 21:00:00,21,4,233.66,10.438,2353.48,0.965,49.939,NIGHT_ANOMALY
2026-02-13 21:15:00,21,4,228.79,9.83,2046.69,0.91,50.003,NIGHT_ANOMALY
2026-02-13 21:30:00,21,4,224.45,7.746,1710.72,0.984,49.957,NIGHT_ANOMALY
2026-02-13 21:45:00,21,4,232.09,8.933,2046.22,0.987,50.025,NIGHT_ANOMALY
2026-02-13 22:00:00,22,4,234.98,9.157,2005.33,0.932,49.904,NIGHT_ANOMALY
2026-02-13 22:15:00,22,4,230.72,11.984,2491.31,0.901,49.874,NIGHT_ANOMALY
2026-02-13 22:30:00,22,4,227.13,7.371,1526.95,0.912,50.069,NIGHT_ANOMALY
2026-02-13 22:45:00,22,4,229.58,7.766,1609.97,0.903,50.055,NIGHT_ANOMALY
2026-02-13 23:00:00,23,4,228.75,10.252,2199.83,0.938,50.089,NIGHT_ANOMALY
2026-02-13 23:15:00,23,4,230.43,10.207,2126.29,0.904,50.026,NIGHT_ANOMALY
2026-02-13 23:30:00,23,4,231.51,5.984,1348.02,0.973,50.007,NIGHT_ANOMALY
2026-02-13 23:45:00,23,4,231.05,11.543,2424.33,0.909,50.02,NIGHT_ANOMALY
2026-02-14 00:00:00,0,5,231.43,10.926,2412.22,0.954,50.012,NIGHT_ANOMALY
2026-02-14 00:15:00,0,5,230.58,10.721,2251.97,0.911,50.025,NIGHT_ANOMALY
2026-02-14 00:30:00,0,5,232.04,10.654,2444.95,0.989,50.023,NIGHT_ANOMALY
2026-02-14 00:45:00,0,5,227.18,9.637,2119.36,0.968,50.015,NIGHT_ANOMALY
2026-02-14 01:00:00,1,5,229.88,6.982,1556.86,0.97,49.973,NIGHT_ANOMALY
2026-02-14 01:15:00,1,5,226.06,8.347,1807.71,0.958,50.078,NIGHT_ANOMALY
2026-02-14 01:30:00,1,5,227.1,5.881,1227.32,0.919,49.961,NIGHT_ANOMALY
2026-02-14 01:45:00,1,5,229.76,6.892,1496.46,0.945,50.002,NIGHT_ANOMALY
2026-02-14 02:00:00,2,5,229.62,6.173,1401.85,0.989,50.03,NIGHT_ANOMALY
2026-02-14 02:15:00,2,5,226.55,9.377,1998.97,0.941,50.033,NIGHT_ANOMALY
2026-02-14 02:30:00,2,5,229.9,10.621,2219.61,0.909,49.982,NIGHT_ANOMALY
2026-02-14 02:45:00,2,5,229.89,8.529,1858.73,0.948,49.937,NIGHT_ANOMALY
2026-02-14 03:00:00,3,5,228.08,7.656,1706.01,0.977,50.028,NIGHT_ANOMALY
2026-02-14 03:15:00,3,5,229.78,7.024,1572.0,0.974,50.103,NIGHT_ANOMALY
2026-02-14 03:30:00,3,5,228.33,11.398,2342.28,0.9,50.025,NIGHT_ANOMALY
2026-02-14 03:45:00,3,5,226.35,10.535,2174.8,0.912,49.983,NIGHT_ANOMALY
2026-02-14 04:00:00,4,5,231.35,6.216,1383.43,0.962,49.932,NIGHT_ANOMALY
2026-02-14 04:15:00,4,5,230.17,5.503,1233.78,0.974,50.015,NIGHT_ANOMALY
2026-02-14 04:30:00,4,5,231.14,9.108,1905.19,0.905,49.936,NIGHT_ANOMALY
2026-02-14 04:45:00,4,5,229.56,10.45,2187.73,0.912,50.011,NIGHT_ANOMALY
2026-02-14 05:00:00,5,5,229.39,9.22,1933.13,0.914,50.016,NIGHT_ANOMALY
2026-02-14 05:15:00,5,5,229.78,8.424,1858.28,0.96,50.086,NIGHT_ANOMALY
2026-02-14 05:30:00,5,5,229.7,6.411,1440.1,0.978,50.038,NIGHT_ANOMALY
2026-02-14 05:45:00,5,5,232.51,9.227,1982.42,0.924,49.929,NIGHT_ANOMALY
2026-02-14 06:00:00,6,5,231.57,11.404,2453.22,0.929,50.021,NIGHT_ANOMALY
2026-02-14 06:15:00,6,5,229.39,9.784,2201.73,0.981,49.974,NIGHT_ANOMALY
2026-02-14 06:30:00,6,5,227.6,8.888,1960.3,0.969,49.993,NIGHT_ANOMALY
2026-02-14 06:45:00,6,5,228.44,11.767,2475.6,0.921,49.971,NIGHT_ANOMALY
2026-02-14 07:00:00,7,5,230.85,10.827,2289.5,0.916,50.014,NIGHT_ANOMALY
2026-02-14 07:15:00,7,5,230.12,10.931,2301.65,0.915,50.054,NIGHT_ANOMALY
2026-02-14 07:30:00,7,5,228.96,6.682,1493.29,0.976,50.02,NIGHT_ANOMALY
2026-02-14 07:45:00,7,5,229.5,5.964,1346.77,0.984,49.929,NIGHT_ANOMALY
2026-02-14 08:00:00,8,5,226.9,7.044,1577.54,0.987,49.986,NIGHT_ANOMALY
2026-02-14 08:15:00,8,5,228.82,10.997,2418.3,0.961,49.92,NIGHT_ANOMALY
2026-02-14 08:30:00,8,5,229.36,10.745,2225.33,0.903,49.963,NIGHT_ANOMALY
2026-02-14 08:45:00,8,5,230.4,6.019,1370.14,0.988,49.974,NIGHT_ANOMALY
2026-02-14 09:00:00,9,5,225.77,10.399,2321.92,0.989,49.968,NIGHT_ANOMALY
2026-02-14 09:15:00,9,5,231.2,9.033,1923.51,0.921,49.971,NIGHT_ANOMALY
2026-02-14 09:30:00,9,5,228.33,10.58,2292.55,0.949,50.093,NIGHT_ANOMALY
2026-02-14 09:45:00,9,5,231.42,7.821,1748.39,0.966,50.001,NIGHT_ANOMALY
2026-02-14 10:00:00,10,5,229.41,10.943,2307.01,0.919,50.048,NIGHT_ANOMALY
2026-02-14 10:15:00,10,5,231.47,8.821,1945.89,0.953,50.04,NIGHT_ANOMALY
2026-02-14 10:30:00,10,5,230.25,11.074,2463.19,0.966,50.106,NIGHT_ANOMALY
2026-02-14 10:45:00,10,5,230.51,6.16,1323.48,0.932,49.994,NIGHT_ANOMALY
2026-02-14 11:00:00,11,5,228.14,7.687,1666.01,0.95,49.935,NIGHT_ANOMALY
2026-02-14 11:15:00,11,5,226.97,9.012,1965.67,0.961,50.023,NIGHT_ANOMALY
2026-02-14 11:30:00,11,5,227.6,7.843,1758.4,0.985,49.99,NIGHT_ANOMALY
2026-02-14 11:45:00,11,5,231.68,6.744,1428.07,0.914,50.016,NIGHT_ANOMALY
2026-02-14 12:00:00,12,5,230.54,6.911,1521.55,0.955,50.009,NIGHT_ANOMALY
2026-02-14 12:15:00,12,5,230.09,11.015,2448.19,0.966,49.999,NIGHT_ANOMALY
2026-02-14 12:30:00,12,5,228.42,6.165,1361.83,0.967,50.103,NIGHT_ANOMALY
2026-02-14 12:45:00,12,5,228.62,10.971,2327.54,0.928,50.006,NIGHT_ANOMALY
2026-02-14 13:00:00,13,5,231.6,9.434,2023.32,0.926,49.902,NIGHT_ANOMALY
2026-02-14 13:15:00,13,5,233.17,7.832,1659.98,0.909,50.074,NIGHT_ANOMALY
2026-02-14 13:30:00,13,5,229.17,8.012,1759.03,0.958,49.977,NIGHT_ANOMALY
2026-02-14 13:45:00,13,5,230.63,7.37,1607.89,0.946,50.028,NIGHT_ANOMALY
2026-02-14 14:00:00,14,5,227.09,9.714,2102.18,0.953,50.055,NIGHT_ANOMALY
2026-02-14 14:15:00,14,5,231.33,8.352,1820.04,0.942,50.062,NIGHT_ANOMALY
2026-02-14 14:30:00,14,5,228.51,5.568,1206.14,0.948,49.965,NIGHT_ANOMALY
2026-02-14 14:45:00,14,5,231.26,7.85,1670.2,0.92,49.983,NIGHT_ANOMALY
2026-02-14 15:00:00,15,5,227.43,7.809,1722.67,0.97,49.985,NIGHT_ANOMALY
2026-02-14 15:15:00,15,5,231.68,11.242,2380.6,0.914,50.139,NIGHT_ANOMALY
2026-02-14 15:30:00,15,5,231.44,9.298,2089.56,0.971,50.023,NIGHT_ANOMALY
2026-02-14 15:45:00,15,5,231.94,8.289,1885.91,0.981,50.02,NIGHT_ANOMALY
2026-02-14 16:00:00,16,5,227.48,8.581,1766.62,0.905,49.993,NIGHT_ANOMALY
2026-02-14 16:15:00,16,5,231.19,7.695,1611.79,0.906,50.065,NIGHT_ANOMALY
2026-02-14 16:30:00,16,5,226.89,11.288,2305.11,0.9,49.973,NIGHT_ANOMALY
2026-02-14 16:45:00,16,5,230.75,10.844,2319.69,0.927,49.972,NIGHT_ANOMALY
2026-02-14 17:00:00,17,5,226.45,11.176,2482.75,0.981,50.032,NIGHT_ANOMALY
2026-02-14 17:15:00,17,5,230.52,7.14,1590.05,0.966,50.015,NIGHT_ANOMALY
2026-02-14 17:30:00,17,5,227.37,10.934,2329.38,0.937,50.04,NIGHT_ANOMALY
2026-02-14 17:45:00,17,5,230.25,9.266,2035.27,0.954,50.147,NIGHT_ANOMALY
2026-02-14 18:00:00,18,5,234.06,5.74,1328.73,0.989,49.981,NIGHT_ANOMALY
2026-02-14 18:15:00,18,5,229.0,10.435,2272.45,0.951,49.961,NIGHT_ANOMALY
2026-02-14 18:30:00,18,5,227.0,7.481,1579.23,0.93,49.998,NIGHT_ANOMALY
2026-02-14 18:45:00,18,5,230.47,9.216,2000.88,0.942,49.983,NIGHT_ANOMALY
2026-02-14 19:00:00,19,5,228.67,7.732,1730.94,0.979,49.997,NIGHT_ANOMALY
2026-02-14 19:15:00,19,5,225.44,5.598,1227.86,0.973,50.112,NIGHT_ANOMALY
2026-02-14 19:30:00,19,5,230.48,7.414,1585.79,0.928,50.009,NIGHT_ANOMALY
2026-02-14 19:45:00,19,5,230.38,5.979,1289.33,0.936,50.062,NIGHT_ANOMALY
2026-02-14 20:00:00,20,5,232.62,10.737,2405.24,0.963,50.053,NIGHT_ANOMALY
2026-02-14 20:15:00,20,5,230.28,6.002,1304.71,0.944,50.05,NIGHT_ANOMALY
2026-02-14 20:30:00,20,5,230.6,10.686,2326.23,0.944,50.065,NIGHT_ANOMALY
2026-02-14 20:45:00,20,5,231.03,6.241,1312.03,0.91,50.039,NIGHT_ANOMALY
2026-02-14 21:00:00,21,5,229.37,8.585,1803.66,0.916,50.005,NIGHT_ANOMALY
2026-02-14 21:15:00,21,5,227.85,9.591,2076.11,0.95,50.062,NIGHT_ANOMALY
2026-02-14 21:30:00,21,5,231.66,7.072,1476.13,0.901,49.973,NIGHT_ANOMALY
2026-02-14 21:45:00,21,5,235.17,10.637,2296.46,0.918,50.048,NIGHT_ANOMALY
2026-02-14 22:00:00,22,5,227.7,10.075,2218.44,0.967,49.965,NIGHT_ANOMALY
2026-02-14 22:15:00,22,5,231.85,6.77,1440.98,0.918,49.963,NIGHT_ANOMALY
2026-02-14 22:30:00,22,5,230.58,7.912,1658.32,0.909,49.999,NIGHT_ANOMALY
2026-02-14 22:45:00,22,5,226.92,9.902,2033.56,0.905,50.001,NIGHT_ANOMALY
2026-02-14 23:00:00,23,5,227.28,9.545,2102.18,0.969,49.897,NIGHT_ANOMALY
2026-02-14 23:15:00,23,5,229.96,10.895,2272.45,0.907,49.976,NIGHT_ANOMALY
2026-02-14 23:30:00,23,5,229.92,10.15,2254.4,0.966,49.968,NIGHT_ANOMALY
2026-02-14 23:45:00,23,5,235.2,8.632,1997.7,0.984,49.934,NIGHT_ANOMALY
2026-02-15 00:00:00,0,6,231.67,8.14,1729.35,0.917,49.988,NIGHT_ANOMALY
2026-02-15 00:15:00,0,6,229.47,7.758,1744.58,0.98,50.084,NIGHT_ANOMALY
2026-02-15 00:30:00,0,6,228.93,6.266,1401.46,0.977,49.986,NIGHT_ANOMALY
2026-02-15 00:45:00,0,6,228.07,6.318,1378.97,0.957,50.03,NIGHT_ANOMALY
2026-02-15 01:00:00,1,6,229.4,8.112,1717.58,0.923,50.016,NIGHT_ANOMALY
2026-02-15 01:15:00,1,6,227.16,7.141,1591.23,0.981,50.0,NIGHT_ANOMALY
2026-02-15 01:30:00,1,6,231.24,11.006,2471.17,0.971,50.074,NIGHT_ANOMALY
2026-02-15 01:45:00,1,6,232.27,5.628,1248.34,0.955,49.897,NIGHT_ANOMALY
2026-02-15 02:00:00,2,6,231.97,11.295,2489.03,0.95,50.019,NIGHT_ANOMALY
2026-02-15 02:15:00,2,6,231.14,6.617,1417.86,0.927,49.97,NIGHT_ANOMALY
2026-02-15 02:30:00,2,6,230.6,8.271,1722.29,0.903,49.919,NIGHT_ANOMALY
2026-02-15 02:45:00,2,6,228.9,10.276,2316.94,0.985,50.038,NIGHT_ANOMALY
2026-02-15 03:00:00,3,6,232.68,7.921,1684.66,0.914,49.969,NIGHT_ANOMALY
2026-02-15 03:15:00,3,6,229.73,6.0,1345.38,0.976,50.053,NIGHT_ANOMALY
2026-02-15 03:30:00,3,6,231.49,5.864,1228.5,0.905,50.025,NIGHT_ANOMALY
2026-02-15 03:45:00,3,6,230.71,7.712,1713.49,0.963,50.0,NIGHT_ANOMALY
2026-02-15 04:00:00,4,6,231.38,7.28,1596.82,0.948,49.989,NIGHT_ANOMALY
2026-02-15 04:15:00,4,6,231.54,10.378,2239.51,0.932,49.992,NIGHT_ANOMALY
2026-02-15 04:30:00,4,6,229.43,8.831,1953.24,0.964,50.006,NIGHT_ANOMALY
2026-02-15 04:45:00,4,6,229.2,5.779,1308.75,0.988,49.999,NIGHT_ANOMALY
2026-02-15 05:00:00,5,6,223.46,9.915,2060.48,0.93,50.029,NIGHT_ANOMALY
2026-02-15 05:15:00,5,6,228.94,7.523,1682.72,0.977,49.98,NIGHT_ANOMALY
2026-02-15 05:30:00,5,6,232.52,7.452,1561.16,0.901,49.951,NIGHT_ANOMALY
2026-02-15 05:45:00,5,6,229.2,6.036,1275.47,0.922,49.976,NIGHT_ANOMALY
2026-02-15 06:00:00,6,6,225.89,11.801,2417.76,0.907,50.136,NIGHT_ANOMALY
2026-02-15 06:15:00,6,6,230.51,11.383,2361.44,0.9,49.945,NIGHT_ANOMALY
2026-02-15 06:30:00,6,6,228.38,7.155,1475.63,0.903,49.984,NIGHT_ANOMALY
2026-02-15 06:45:00,6,6,231.04,10.814,2456.1,0.983,50.026,NIGHT_ANOMALY
2026-02-15 07:00:00,7,6,230.35,6.023,1266.61,0.913,49.953,NIGHT_ANOMALY
2026-02-15 07:15:00,7,6,229.74,10.459,2270.75,0.945,49.997,NIGHT_ANOMALY
2026-02-15 07:30:00,7,6,229.97,10.146,2149.02,0.921,49.971,NIGHT_ANOMALY
2026-02-15 07:45:00,7,6,229.29,6.5,1448.55,0.972,50.031,NIGHT_ANOMALY
2026-02-15 08:00:00,8,6,231.74,7.293,1563.39,0.925,50.029,NIGHT_ANOMALY
2026-02-15 08:15:00,8,6,229.82,10.052,2106.77,0.912,50.011,NIGHT_ANOMALY
2026-02-15 08:30:00,8,6,229.09,11.144,2364.06,0.926,50.028,NIGHT_ANOMALY
2026-02-15 08:45:00,8,6,229.08,10.04,2113.74,0.919,49.982,NIGHT_ANOMALY
2026-02-15 09:00:00,9,6,234.6,8.569,1901.81,0.946,49.978,NIGHT_ANOMALY
2026-02-15 09:15:00,9,6,231.11,10.466,2321.98,0.96,49.997,NIGHT_ANOMALY
2026-02-15 09:30:00,9,6,229.05,8.329,1808.6,0.948,49.984,NIGHT_ANOMALY
2026-02-15 09:45:00,9,6,230.49,10.11,2281.36,0.979,50.151,NIGHT_ANOMALY
2026-02-15 10:00:00,10,6,228.64,10.073,2183.28,0.948,50.011,NIGHT_ANOMALY
2026-02-15 10:15:00,10,6,228.77,9.429,2113.84,0.98,49.952,NIGHT_ANOMALY
2026-02-15 10:30:00,10,6,229.83,10.398,2327.72,0.974,49.982,NIGHT_ANOMALY
2026-02-15 10:45:00,10,6,226.17,8.831,1959.43,0.981,50.031,NIGHT_ANOMALY
2026-02-15 11:00:00,11,6,231.51,5.453,1204.44,0.954,50.051,NIGHT_ANOMALY
2026-02-15 11:15:00,11,6,231.54,11.21,2439.77,0.94,49.978,NIGHT_ANOMALY
2026-02-15 11:30:00,11,6,231.88,11.11,2483.52,0.964,49.995,NIGHT_ANOMALY
2026-02-15 11:45:00,11,6,229.84,5.978,1281.88,0.933,49.921,NIGHT_ANOMALY
2026-02-15 12:00:00,12,6,226.95,9.81,2135.15,0.959,49.934,NIGHT_ANOMALY
2026-02-15 12:15:00,12,6,230.21,11.277,2458.59,0.947,50.015,NIGHT_ANOMALY
2026-02-15 12:30:00,12,6,230.72,10.917,2322.37,0.922,49.948,NIGHT_ANOMALY
2026-02-15 12:45:00,12,6,231.53,7.246,1511.6,0.901,49.92,NIGHT_ANOMALY
2026-02-15 13:00:00,13,6,228.05,5.8,1251.18,0.946,50.006,NIGHT_ANOMALY
2026-02-15 13:15:00,13,6,229.58,7.226,1602.55,0.966,49.988,NIGHT_ANOMALY
2026-02-15 13:30:00,13,6,229.87,6.649,1482.55,0.97,49.931,NIGHT_ANOMALY
2026-02-15 13:45:00,13,6,227.53,10.574,2288.06,0.951,50.042,NIGHT_ANOMALY
2026-02-15 14:00:00,14,6,229.01,10.686,2268.55,0.927,50.047,NIGHT_ANOMALY
2026-02-15 14:15:00,14,6,230.94,9.115,2056.67,0.977,50.038,NIGHT_ANOMALY
2026-02-15 14:30:00,14,6,228.96,8.703,1819.32,0.913,50.089,NIGHT_ANOMALY
2026-02-15 14:45:00,14,6,233.38,8.287,1849.02,0.956,50.009,NIGHT_ANOMALY
2026-02-15 15:00:00,15,6,230.47,5.927,1334.47,0.977,50.01,NIGHT_ANOMALY
2026-02-15 15:15:00,15,6,231.41,8.595,1893.4,0.952,50.028,NIGHT_ANOMALY
2026-02-15 15:30:00,15,6,232.32,6.064,1373.6,0.975,49.944,NIGHT_ANOMALY
2026-02-15 15:45:00,15,6,227.59,6.861,1461.55,0.936,50.035,NIGHT_ANOMALY
2026-02-15 16:00:00,16,6,233.77,11.088,2426.07,0.936,49.978,NIGHT_ANOMALY
2026-02-15 16:15:00,16,6,230.43,8.131,1780.0,0.95,49.939,NIGHT_ANOMALY
2026-02-15 16:30:00,16,6,229.97,8.758,1931.46,0.959,49.986,NIGHT_ANOMALY
2026-02-15 16:45:00,16,6,229.21,6.534,1409.33,0.941,49.942,NIGHT_ANOMALY
2026-02-15 17:00:00,17,6,230.26,10.056,2086.33,0.901,50.004,NIGHT_ANOMALY
2026-02-15 17:15:00,17,6,229.53,8.412,1789.84,0.927,50.07,NIGHT_ANOMALY
2026-02-15 17:30:00,17,6,227.76,6.073,1315.35,0.951,50.073,NIGHT_ANOMALY
2026-02-15 17:45:00,17,6,230.72,10.235,2222.11,0.941,49.996,NIGHT_ANOMALY
2026-02-15 18:00:00,18,6,231.23,9.087,1985.66,0.945,50.065,NIGHT_ANOMALY
2026-02-15 18:15:00,18,6,227.52,8.989,1961.25,0.959,49.979,NIGHT_ANOMALY
2026-02-15 18:30:00,18,6,230.76,9.246,2099.5,0.984,49.964,NIGHT_ANOMALY
2026-02-15 18:45:00,18,6,228.58,10.546,2200.98,0.913,49.958,NIGHT_ANOMALY
2026-02-15 19:00:00,19,6,225.27,7.387,1600.9,0.962,50.007,NIGHT_ANOMALY
2026-02-15 19:15:00,19,6,228.64,8.294,1830.06,0.965,50.0,NIGHT_ANOMALY
2026-02-15 19:30:00,19,6,229.05,10.706,2366.28,0.965,49.994,NIGHT_ANOMALY
2026-02-15 19:45:00,19,6,229.39,11.794,2451.04,0.906,50.042,NIGHT_ANOMALY
2026-02-15 20:00:00,20,6,233.27,11.694,2474.22,0.907,49.933,NIGHT_ANOMALY
2026-02-15 20:15:00,20,6,234.22,8.724,1871.72,0.916,49.905,NIGHT_ANOMALY
2026-02-15 20:30:00,20,6,231.05,8.99,1971.16,0.949,49.983,NIGHT_ANOMALY
2026-02-15 20:45:00,20,6,230.45,8.908,1855.77,0.904,49.979,NIGHT_ANOMALY
2026-02-15 21:00:00,21,6,228.79,6.919,1500.61,0.948,50.051,NIGHT_ANOMALY
2026-02-15 21:15:00,21,6,229.48,7.198,1628.65,0.986,50.003,NIGHT_ANOMALY
2026-02-15 21:30:00,21,6,233.76,7.452,1677.61,0.963,50.05,NIGHT_ANOMALY
2026-02-15 21:45:00,21,6,233.32,10.38,2341.84,0.967,50.043,NIGHT_ANOMALY
2026-02-15 22:00:00,22,6,228.35,7.608,1565.23,0.901,50.101,NIGHT_ANOMALY
2026-02-15 22:15:00,22,6,229.84,6.053,1254.85,0.902,49.97,NIGHT_ANOMALY
2026-02-15 22:30:00,22,6,232.13,9.811,2051.97,0.901,50.017,NIGHT_ANOMALY
2026-02-15 22:45:00,22,6,233.95,11.177,2355.94,0.901,49.93,NIGHT_ANOMALY
2026-02-15 23:00:00,23,6,229.6,8.535,1938.05,0.989,50.061,NIGHT_ANOMALY
2026-02-15 23:15:00,23,6,227.19,9.673,2124.98,0.967,49.901,NIGHT_ANOMALY
2026-02-15 23:30:00,23,6,228.34,10.792,2348.35,0.953,49.984,NIGHT_ANOMALY
2026-02-15 23:45:00,23,6,228.9,10.792,2257.79,0.914,49.95,NIGHT_ANOMALY
2026-02-16 00:00:00,0,0,226.61,9.518,1949.75,0.904,49.968,NIGHT_ANOMALY
2026-02-16 00:15:00,0,0,225.49,5.944,1282.59,0.957,50.047,NIGHT_ANOMALY
2026-02-16 00:30:00,0,0,228.58,9.952,2083.76,0.916,49.949,NIGHT_ANOMALY
2026-02-16 00:45:00,0,0,233.61,8.574,1824.75,0.911,49.984,NIGHT_ANOMALY
2026-02-16 01:00:00,1,0,227.42,10.674,2323.02,0.957,49.986,NIGHT_ANOMALY
2026-02-16 01:15:00,1,0,229.75,10.93,2348.0,0.935,49.94,NIGHT_ANOMALY
2026-02-16 01:30:00,1,0,227.84,6.679,1393.97,0.916,50.028,NIGHT_ANOMALY
2026-02-16 01:45:00,1,0,227.58,10.599,2383.21,0.988,50.104,NIGHT_ANOMALY
2026-02-16 02:00:00,2,0,229.74,6.256,1402.87,0.976,49.931,NIGHT_ANOMALY
2026-02-16 02:15:00,2,0,232.13,8.503,1894.93,0.96,50.026,NIGHT_ANOMALY
2026-02-16 02:30:00,2,0,232.06,10.642,2400.49,0.972,49.969,NIGHT_ANOMALY
2026-02-16 02:45:00,2,0,228.21,6.241,1390.14,0.976,49.969,NIGHT_ANOMALY
2026-02-16 03:00:00,3,0,230.47,9.155,2069.78,0.981,50.02,NIGHT_ANOMALY
2026-02-16 03:15:00,3,0,230.76,7.229,1579.78,0.947,50.01,NIGHT_ANOMALY
2026-02-16 03:30:00,3,0,227.89,10.31,2175.58,0.926,49.921,NIGHT_ANOMALY
2026-02-16 03:45:00,3,0,232.08,9.072,1981.24,0.941,50.032,NIGHT_ANOMALY
2026-02-16 04:00:00,4,0,230.56,8.365,1795.57,0.931,49.99,NIGHT_ANOMALY
2026-02-16 04:15:00,4,0,229.98,5.739,1282.82,0.972,50.015,NIGHT_ANOMALY
2026-02-16 04:30:00,4,0,230.63,7.226,1553.27,0.932,50.069,NIGHT_ANOMALY
2026-02-16 04:45:00,4,0,229.47,10.982,2356.3,0.935,50.089,NIGHT_ANOMALY
2026-02-16 05:00:00,5,0,232.87,9.755,2210.29,0.973,49.945,NIGHT_ANOMALY
2026-02-16 05:15:00,5,0,232.28,5.624,1272.32,0.974,49.971,NIGHT_ANOMALY
2026-02-16 05:30:00,5,0,231.12,6.844,1515.29,0.958,49.989,NIGHT_ANOMALY
2026-02-16 05:45:00,5,0,228.84,8.46,1868.18,0.965,50.045,NIGHT_ANOMALY
2026-02-16 06:00:00,6,0,231.68,8.183,1869.35,0.986,49.878,NIGHT_ANOMALY
2026-02-16 06:15:00,6,0,232.45,6.076,1344.58,0.952,50.056,NIGHT_ANOMALY
2026-02-16 06:30:00,6,0,227.61,6.294,1383.79,0.966,49.961,NIGHT_ANOMALY
2026-02-16 06:45:00,6,0,232.45,9.5,2042.72,0.925,49.984,NIGHT_ANOMALY
2026-02-16 07:00:00,7,0,229.2,10.787,2244.85,0.908,50.008,NIGHT_ANOMALY
2026-02-16 07:15:00,7,0,232.08,9.724,2188.98,0.97,50.023,NIGHT_ANOMALY
2026-02-16 07:30:00,7,0,230.33,6.202,1371.46,0.96,50.028,NIGHT_ANOMALY
2026-02-16 07:45:00,7,0,230.27,10.84,2456.12,0.984,49.956,NIGHT_ANOMALY
2026-02-16 08:00:00,8,0,229.38,7.848,1629.13,0.905,49.998,NIGHT_ANOMALY
2026-02-16 08:15:00,8,0,228.71,7.322,1602.6,0.957,50.061,NIGHT_ANOMALY
2026-02-16 08:30:00,8,0,230.29,7.311,1643.28,0.976,50.011,NIGHT_ANOMALY
2026-02-16 08:45:00,8,0,230.02,8.833,1907.81,0.939,49.974,NIGHT_ANOMALY
2026-02-16 09:00:00,9,0,230.9,9.774,2205.01,0.977,49.963,NIGHT_ANOMALY
2026-02-16 09:15:00,9,0,229.99,5.876,1251.51,0.926,50.04,NIGHT_ANOMALY
2026-02-16 09:30:00,9,0,234.93,7.185,1569.71,0.93,49.969,NIGHT_ANOMALY
2026-02-16 09:45:00,9,0,227.28,10.293,2208.38,0.944,50.025,NIGHT_ANOMALY
2026-02-16 10:00:00,10,0,227.42,11.206,2316.5,0.909,50.003,NIGHT_ANOMALY
2026-02-16 10:15:00,10,0,228.27,10.331,2221.54,0.942,49.983,NIGHT_ANOMALY
2026-02-16 10:30:00,10,0,226.98,6.907,1478.36,0.943,49.891,NIGHT_ANOMALY
2026-02-16 10:45:00,10,0,230.12,10.805,2287.62,0.92,50.007,NIGHT_ANOMALY
2026-02-16 11:00:00,11,0,230.2,6.1,1357.79,0.967,49.967,NIGHT_ANOMALY
2026-02-16 11:15:00,11,0,230.72,10.582,2309.67,0.946,50.123,NIGHT_ANOMALY
2026-02-16 11:30:00,11,0,228.69,9.988,2119.77,0.928,49.922,NIGHT_ANOMALY
2026-02-16 11:45:00,11,0,227.25,5.714,1207.62,0.93,50.004,NIGHT_ANOMALY
2026-02-16 12:00:00,12,0,231.71,8.361,1855.86,0.958,49.918,NIGHT_ANOMALY
2026-02-16 12:15:00,12,0,228.99,10.728,2255.26,0.918,49.999,NIGHT_ANOMALY
2026-02-16 12:30:00,12,0,229.11,5.689,1229.15,0.943,50.026,NIGHT_ANOMALY
2026-02-16 12:45:00,12,0,229.73,6.835,1450.88,0.924,50.037,NIGHT_ANOMALY
2026-02-16 13:00:00,13,0,230.98,8.342,1882.52,0.977,49.958,NIGHT_ANOMALY
2026-02-16 13:15:00,13,0,229.84,9.337,2068.77,0.964,50.069,NIGHT_ANOMALY
2026-02-16 13:30:00,13,0,232.24,9.499,2007.51,0.91,49.933,NIGHT_ANOMALY
2026-02-16 13:45:00,13,0,230.65,8.751,1830.75,0.907,50.039,NIGHT_ANOMALY
2026-02-16 14:00:00,14,0,233.81,10.026,2316.13,0.988,49.987,NIGHT_ANOMALY
2026-02-16 14:15:00,14,0,229.33,10.692,2302.42,0.939,50.016,NIGHT_ANOMALY
2026-02-16 14:30:00,14,0,229.72,10.533,2189.8,0.905,50.082,NIGHT_ANOMALY
2026-02-16 14:45:00,14,0,229.04,6.314,1423.02,0.984,49.978,NIGHT_ANOMALY
2026-02-16 15:00:00,15,0,235.27,8.231,1742.84,0.9,50.009,NIGHT_ANOMALY
2026-02-16 15:15:00,15,0,231.91,5.857,1331.09,0.98,50.03,NIGHT_ANOMALY
2026-02-16 15:30:00,15,0,226.76,11.813,2421.62,0.904,50.049,NIGHT_ANOMALY
2026-02-16 15:45:00,15,0,232.57,6.537,1403.31,0.923,50.002,NIGHT_ANOMALY
2026-02-16 16:00:00,16,0,232.69,7.298,1609.84,0.948,49.955,NIGHT_ANOMALY
2026-02-16 16:15:00,16,0,232.23,10.255,2174.42,0.913,50.027,NIGHT_ANOMALY
2026-02-16 16:30:00,16,0,230.28,6.097,1331.06,0.948,50.056,NIGHT_ANOMALY
2026-02-16 16:45:00,16,0,231.58,7.722,1756.03,0.982,50.043,NIGHT_ANOMALY
2026-02-16 17:00:00,17,0,230.56,10.658,2405.63,0.979,50.111,NIGHT_ANOMALY
2026-02-16 17:15:00,17,0,228.79,5.352,1202.51,0.982,50.062,NIGHT_ANOMALY
2026-02-16 17:30:00,17,0,231.28,5.788,1289.06,0.963,50.029,NIGHT_ANOMALY
2026-02-16 17:45:00,17,0,227.13,10.813,2257.08,0.919,50.014,NIGHT_ANOMALY
2026-02-16 18:00:00,18,0,234.15,11.506,2484.01,0.922,49.978,NIGHT_ANOMALY
2026-02-16 18:15:00,18,0,229.11,8.322,1752.28,0.919,49.954,NIGHT_ANOMALY
2026-02-16 18:30:00,18,0,229.5,7.043,1459.67,0.903,50.031,NIGHT_ANOMALY
2026-02-16 18:45:00,18,0,229.95,11.197,2469.16,0.959,49.97,NIGHT_ANOMALY
2026-02-16 19:00:00,19,0,230.65,6.632,1393.59,0.911,49.962,NIGHT_ANOMALY
2026-02-16 19:15:00,19,0,228.39,6.082,1294.69,0.932,49.912,NIGHT_ANOMALY
2026-02-16 19:30:00,19,0,231.64,5.824,1293.72,0.959,50.068,NIGHT_ANOMALY
2026-02-16 19:45:00,19,0,228.75,10.337,2177.69,0.921,49.977,NIGHT_ANOMALY
2026-02-16 20:00:00,20,0,228.49,8.54,1896.69,0.972,49.986,NIGHT_ANOMALY
2026-02-16 20:15:00,20,0,230.33,7.352,1613.87,0.953,49.945,NIGHT_ANOMALY
2026-02-16 20:30:00,20,0,226.01,8.346,1861.72,0.987,50.013,NIGHT_ANOMALY
2026-02-16 20:45:00,20,0,227.12,10.247,2178.41,0.936,50.047,NIGHT_ANOMALY
2026-02-16 21:00:00,21,0,229.52,10.637,2346.19,0.961,49.983,NIGHT_ANOMALY
2026-02-16 21:15:00,21,0,230.65,5.56,1218.27,0.95,50.001,NIGHT_ANOMALY
2026-02-16 21:30:00,21,0,231.86,9.961,2196.35,0.951,50.04,NIGHT_ANOMALY
2026-02-16 21:45:00,21,0,228.94,9.228,2004.86,0.949,50.047,NIGHT_ANOMALY
2026-02-16 22:00:00,22,0,226.3,6.411,1408.79,0.971,50.02,NIGHT_ANOMALY
2026-02-16 22:15:00,22,0,229.62,5.669,1230.14,0.945,49.936,NIGHT_ANOMALY
2026-02-16 22:30:00,22,0,232.0,5.756,1220.49,0.914,49.944,NIGHT_ANOMALY
2026-02-16 22:45:00,22,0,233.07,7.224,1584.25,0.941,50.025,NIGHT_ANOMALY
2026-02-16 23:00:00,23,0,231.11,8.952,1907.62,0.922,49.979,NIGHT_ANOMALY
2026-02-16 23:15:00,23,0,228.52,6.317,1418.94,0.983,49.969,NIGHT_ANOMALY
2026-02-16 23:30:00,23,0,231.67,7.061,1590.05,0.972,50.051,NIGHT_ANOMALY
2026-02-16 23:45:00,23,0,229.96,8.091,1678.18,0.902,50.002,NIGHT_ANOMALY
2026-02-17 00:00:00,0,1,229.41,11.018,2449.31,0.969,50.077,NIGHT_ANOMALY
2026-02-17 00:15:00,0,1,227.89,9.44,1959.78,0.911,49.928,NIGHT_ANOMALY
2026-02-17 00:30:00,0,1,231.13,9.537,2142.67,0.972,50.042,NIGHT_ANOMALY
2026-02-17 00:45:00,0,1,230.04,11.152,2439.71,0.951,49.993,NIGHT_ANOMALY
2026-02-17 01:00:00,1,1,231.49,7.111,1600.07,0.972,50.124,NIGHT_ANOMALY
2026-02-17 01:15:00,1,1,232.27,9.101,1904.65,0.901,49.968,NIGHT_ANOMALY
2026-02-17 01:30:00,1,1,228.16,9.093,1873.37,0.903,49.973,NIGHT_ANOMALY
2026-02-17 01:45:00,1,1,227.92,9.059,1932.61,0.936,50.066,NIGHT_ANOMALY
2026-02-17 02:00:00,2,1,231.11,7.703,1689.42,0.949,49.965,NIGHT_ANOMALY
2026-02-17 02:15:00,2,1,227.35,7.883,1695.47,0.946,49.971,NIGHT_ANOMALY
2026-02-17 02:30:00,2,1,232.21,7.105,1534.4,0.93,49.949,NIGHT_ANOMALY
2026-02-17 02:45:00,2,1,231.96,10.973,2329.02,0.915,50.045,NIGHT_ANOMALY
2026-02-17 03:00:00,3,1,232.23,8.221,1733.59,0.908,49.929,NIGHT_ANOMALY
2026-02-17 03:15:00,3,1,230.29,6.473,1468.37,0.985,50.018,NIGHT_ANOMALY
2026-02-17 03:30:00,3,1,229.42,8.599,1949.19,0.988,49.97,NIGHT_ANOMALY
2026-02-17 03:45:00,3,1,231.45,9.661,2198.1,0.983,50.025,NIGHT_ANOMALY
2026-02-17 04:00:00,4,1,231.07,10.604,2374.32,0.969,50.024,NIGHT_ANOMALY
2026-02-17 04:15:00,4,1,229.01,9.377,2115.26,0.985,49.969,NIGHT_ANOMALY
2026-02-17 04:30:00,4,1,228.48,6.11,1284.31,0.92,50.013,NIGHT_ANOMALY
2026-02-17 04:45:00,4,1,230.74,8.89,1928.1,0.94,50.108,NIGHT_ANOMALY
2026-02-17 05:00:00,5,1,231.54,10.305,2230.85,0.935,49.968,NIGHT_ANOMALY
2026-02-17 05:15:00,5,1,229.17,5.965,1261.71,0.923,50.085,NIGHT_ANOMALY
2026-02-17 05:30:00,5,1,226.68,8.565,1784.33,0.919,50.082,NIGHT_ANOMALY
2026-02-17 05:45:00,5,1,229.6,11.457,2425.36,0.922,50.052,NIGHT_ANOMALY
2026-02-17 06:00:00,6,1,228.45,9.475,2002.15,0.925,49.985,NIGHT_ANOMALY
2026-02-17 06:15:00,6,1,229.21,11.809,2490.21,0.92,49.984,NIGHT_ANOMALY
2026-02-17 06:30:00,6,1,228.61,9.915,2148.86,0.948,49.961,NIGHT_ANOMALY
2026-02-17 06:45:00,6,1,227.86,8.379,1804.33,0.945,49.921,NIGHT_ANOMALY
2026-02-17 07:00:00,7,1,229.09,9.423,1968.82,0.912,50.069,NIGHT_ANOMALY
2026-02-17 07:15:00,7,1,228.99,10.568,2206.95,0.912,50.011,NIGHT_ANOMALY
2026-02-17 07:30:00,7,1,228.81,5.433,1228.12,0.988,50.015,NIGHT_ANOMALY
2026-02-17 07:45:00,7,1,230.33,6.628,1436.52,0.941,49.92,NIGHT_ANOMALY
2026-02-17 08:00:00,8,1,228.65,8.687,1942.69,0.978,50.041,NIGHT_ANOMALY
2026-02-17 08:15:00,8,1,228.88,10.605,2342.23,0.965,50.004,NIGHT_ANOMALY
2026-02-17 08:30:00,8,1,230.88,5.432,1235.23,0.985,49.994,NIGHT_ANOMALY
2026-02-17 08:45:00,8,1,228.82,8.715,1832.65,0.919,50.061,NIGHT_ANOMALY
2026-02-17 09:00:00,9,1,230.58,5.642,1241.02,0.954,50.005,NIGHT_ANOMALY
2026-02-17 09:15:00,9,1,228.6,8.507,1777.56,0.914,50.056,NIGHT_ANOMALY
2026-02-17 09:30:00,9,1,230.92,10.514,2343.02,0.965,49.996,NIGHT_ANOMALY
2026-02-17 09:45:00,9,1,225.69,8.259,1729.78,0.928,50.004,NIGHT_ANOMALY
2026-02-17 10:00:00,10,1,230.65,6.476,1368.2,0.916,50.039,NIGHT_ANOMALY
2026-02-17 10:15:00,10,1,230.39,8.483,1811.69,0.927,50.017,NIGHT_ANOMALY
2026-02-17 10:30:00,10,1,231.72,9.849,2101.86,0.921,49.908,NIGHT_ANOMALY
2026-02-17 10:45:00,10,1,231.79,10.47,2300.69,0.948,50.019,NIGHT_ANOMALY
2026-02-17 11:00:00,11,1,232.93,9.503,2067.45,0.934,49.982,NIGHT_ANOMALY
2026-02-17 11:15:00,11,1,229.23,8.386,1862.79,0.969,50.022,NIGHT_ANOMALY
2026-02-17 11:30:00,11,1,231.63,7.466,1682.75,0.973,49.992,NIGHT_ANOMALY
2026-02-17 11:45:00,11,1,230.2,9.397,1998.78,0.924,50.003,NIGHT_ANOMALY
2026-02-17 12:00:00,12,1,229.19,6.614,1414.35,0.933,49.911,NIGHT_ANOMALY
2026-02-17 12:15:00,12,1,230.68,10.542,2208.01,0.908,50.011,NIGHT_ANOMALY
2026-02-17 12:30:00,12,1,228.55,9.251,2088.94,0.988,50.025,NIGHT_ANOMALY
2026-02-17 12:45:00,12,1,228.09,9.241,1922.23,0.912,50.027,NIGHT_ANOMALY
2026-02-17 13:00:00,13,1,230.91,7.978,1680.19,0.912,49.917,NIGHT_ANOMALY
2026-02-17 13:15:00,13,1,229.91,7.411,1625.4,0.954,49.977,NIGHT_ANOMALY
2026-02-17 13:30:00,13,1,229.23,6.827,1494.48,0.955,50.018,NIGHT_ANOMALY
2026-02-17 13:45:00,13,1,230.03,8.58,1944.02,0.985,49.901,NIGHT_ANOMALY
2026-02-17 14:00:00,14,1,230.06,8.381,1748.72,0.907,49.989,NIGHT_ANOMALY
2026-02-17 14:15:00,14,1,228.62,7.413,1654.01,0.976,49.954,NIGHT_ANOMALY
2026-02-17 14:30:00,14,1,233.46,8.999,1895.02,0.902,49.99,NIGHT_ANOMALY
2026-02-17 14:45:00,14,1,229.31,7.171,1565.54,0.952,50.03,NIGHT_ANOMALY
2026-02-17 15:00:00,15,1,228.63,10.365,2175.48,0.918,50.065,NIGHT_ANOMALY
2026-02-17 15:15:00,15,1,233.27,11.065,2441.71,0.946,49.985,NIGHT_ANOMALY
2026-02-17 15:30:00,15,1,229.78,9.913,2157.03,0.947,49.962,NIGHT_ANOMALY
2026-02-17 15:45:00,15,1,230.61,6.42,1345.73,0.909,50.009,NIGHT_ANOMALY
2026-02-17 16:00:00,16,1,230.17,8.662,1961.73,0.984,50.033,NIGHT_ANOMALY
2026-02-17 16:15:00,16,1,230.14,8.718,1974.27,0.984,50.033,NIGHT_ANOMALY
2026-02-17 16:30:00,16,1,228.66,7.406,1666.45,0.984,50.018,NIGHT_ANOMALY
2026-02-17 16:45:00,16,1,230.54,9.83,2241.33,0.989,50.032,NIGHT_ANOMALY
2026-02-17 17:00:00,17,1,228.55,6.976,1453.97,0.912,50.078,NIGHT_ANOMALY
2026-02-17 17:15:00,17,1,228.04,6.576,1373.6,0.916,50.03,NIGHT_ANOMALY
2026-02-17 17:30:00,17,1,231.09,7.701,1660.49,0.933,49.95,NIGHT_ANOMALY
2026-02-17 17:45:00,17,1,230.36,9.766,2218.21,0.986,50.022,NIGHT_ANOMALY
2026-02-17 18:00:00,18,1,227.54,9.362,1917.12,0.9,50.02,NIGHT_ANOMALY
2026-02-17 18:15:00,18,1,230.27,6.881,1465.57,0.925,50.031,NIGHT_ANOMALY
2026-02-17 18:30:00,18,1,229.59,7.17,1596.88,0.97,50.005,NIGHT_ANOMALY
2026-02-17 18:45:00,18,1,229.26,11.606,2397.47,0.901,50.046,NIGHT_ANOMALY
2026-02-17 19:00:00,19,1,228.84,8.63,1824.81,0.924,50.069,NIGHT_ANOMALY
2026-02-17 19:15:00,19,1,228.76,9.082,1992.38,0.959,49.961,NIGHT_ANOMALY
2026-02-17 19:30:00,19,1,233.25,8.096,1708.9,0.905,49.979,NIGHT_ANOMALY
2026-02-17 19:45:00,19,1,226.88,9.002,1897.31,0.929,50.043,NIGHT_ANOMALY
2026-02-17 20:00:00,20,1,228.34,9.415,2027.22,0.943,49.988,NIGHT_ANOMALY
2026-02-17 20:15:00,20,1,228.91,8.861,1906.66,0.94,50.011,NIGHT_ANOMALY
2026-02-17 20:30:00,20,1,230.01,10.88,2274.83,0.909,49.966,NIGHT_ANOMALY
2026-02-17 20:45:00,20,1,228.32,8.246,1854.42,0.985,50.071,NIGHT_ANOMALY
2026-02-17 21:00:00,21,1,228.26,8.353,1862.71,0.977,49.975,NIGHT_ANOMALY
2026-02-17 21:15:00,21,1,225.5,10.138,2233.61,0.977,50.003,NIGHT_ANOMALY
2026-02-17 21:30:00,21,1,228.85,6.653,1502.77,0.987,50.006,NIGHT_ANOMALY
2026-02-17 21:45:00,21,1,227.94,8.148,1818.22,0.979,49.943,NIGHT_ANOMALY
2026-02-17 22:00:00,22,1,231.22,8.198,1815.93,0.958,50.002,NIGHT_ANOMALY
2026-02-17 22:15:00,22,1,231.38,7.306,1589.12,0.94,50.034,NIGHT_ANOMALY
2026-02-17 22:30:00,22,1,230.27,6.115,1302.56,0.925,49.987,NIGHT_ANOMALY
2026-02-17 22:45:00,22,1,227.44,8.762,1885.22,0.946,49.998,NIGHT_ANOMALY
2026-02-17 23:00:00,23,1,227.93,9.967,2149.09,0.946,50.033,NIGHT_ANOMALY
2026-02-17 23:15:00,23,1,229.34,5.816,1211.23,0.908,50.035,NIGHT_ANOMALY
2026-02-17 23:30:00,23,1,231.73,8.804,1887.23,0.925,49.968,NIGHT_ANOMALY
2026-02-17 23:45:00,23,1,229.4,11.718,2478.53,0.922,49.944,NIGHT_ANOMALY
2026-02-18 00:00:00,0,2,229.24,10.86,2360.01,0.948,49.937,NIGHT_ANOMALY
2026-02-18 00:15:00,0,2,229.16,7.734,1623.47,0.916,49.88,NIGHT_ANOMALY
2026-02-18 00:30:00,0,2,230.33,9.755,2087.31,0.929,49.953,NIGHT_ANOMALY
2026-02-18 00:45:00,0,2,229.82,10.287,2215.31,0.937,50.027,NIGHT_ANOMALY
2026-02-18 01:00:00,1,2,228.7,8.205,1741.38,0.928,50.07,NIGHT_ANOMALY
2026-02-18 01:15:00,1,2,231.7,6.057,1350.16,0.962,49.976,NIGHT_ANOMALY
2026-02-18 01:30:00,1,2,229.92,8.881,1943.93,0.952,49.963,NIGHT_ANOMALY
2026-02-18 01:45:00,1,2,227.23,11.614,2496.59,0.946,50.022,NIGHT_ANOMALY
2026-02-18 02:00:00,2,2,229.67,9.937,2257.18,0.989,50.006,NIGHT_ANOMALY
2026-02-18 02:15:00,2,2,228.33,10.743,2222.34,0.906,49.988,NIGHT_ANOMALY
2026-02-18 02:30:00,2,2,231.64,10.808,2378.3,0.95,50.035,NIGHT_ANOMALY
2026-02-18 02:45:00,2,2,234.17,5.534,1251.92,0.966,50.001,NIGHT_ANOMALY
2026-02-18 03:00:00,3,2,230.2,11.066,2374.1,0.932,50.018,NIGHT_ANOMALY
2026-02-18 03:15:00,3,2,230.92,7.0,1595.51,0.987,50.036,NIGHT_ANOMALY
2026-02-18 03:30:00,3,2,228.06,10.708,2283.36,0.935,49.921,NIGHT_ANOMALY
2026-02-18 03:45:00,3,2,230.76,5.881,1226.74,0.904,50.015,NIGHT_ANOMALY
2026-02-18 04:00:00,4,2,228.32,11.431,2403.64,0.921,49.99,NIGHT_ANOMALY
2026-02-18 04:15:00,4,2,231.22,8.208,1728.86,0.911,49.981,NIGHT_ANOMALY
2026-02-18 04:30:00,4,2,226.85,7.323,1611.47,0.97,49.99,NIGHT_ANOMALY
2026-02-18 04:45:00,4,2,228.86,6.639,1467.74,0.966,50.016,NIGHT_ANOMALY
2026-02-18 05:00:00,5,2,230.5,7.104,1573.6,0.961,50.022,NIGHT_ANOMALY
2026-02-18 05:15:00,5,2,232.21,10.992,2358.52,0.924,49.947,NIGHT_ANOMALY
2026-02-18 05:30:00,5,2,227.74,9.505,2088.95,0.965,49.955,NIGHT_ANOMALY
2026-02-18 05:45:00,5,2,233.54,7.231,1548.67,0.917,49.917,NIGHT_ANOMALY
2026-02-18 06:00:00,6,2,229.03,8.185,1709.7,0.912,49.937,NIGHT_ANOMALY
2026-02-18 06:15:00,6,2,229.12,10.161,2109.24,0.906,49.875,NIGHT_ANOMALY
2026-02-18 06:30:00,6,2,234.66,7.633,1710.66,0.955,49.975,NIGHT_ANOMALY
2026-02-18 06:45:00,6,2,229.15,8.946,1908.63,0.931,49.914,NIGHT_ANOMALY
2026-02-18 07:00:00,7,2,229.53,5.574,1247.33,0.975,49.98,NIGHT_ANOMALY
2026-02-18 07:15:00,7,2,231.17,10.199,2216.24,0.94,49.942,NIGHT_ANOMALY
2026-02-18 07:30:00,7,2,232.07,9.666,2153.41,0.96,50.044,NIGHT_ANOMALY
2026-02-18 07:45:00,7,2,232.54,10.67,2319.85,0.935,49.956,NIGHT_ANOMALY
2026-02-18 08:00:00,8,2,227.7,8.758,1932.44,0.969,49.99,NIGHT_ANOMALY
2026-02-18 08:15:00,8,2,229.74,8.175,1846.26,0.983,49.922,NIGHT_ANOMALY
2026-02-18 08:30:00,8,2,228.8,8.515,1804.11,0.926,50.02,NIGHT_ANOMALY
2026-02-18 08:45:00,8,2,227.36,5.659,1217.18,0.946,50.101,NIGHT_ANOMALY
2026-02-18 09:00:00,9,2,229.99,9.488,1990.05,0.912,50.022,NIGHT_ANOMALY
2026-02-18 09:15:00,9,2,226.55,6.541,1372.27,0.926,49.987,NIGHT_ANOMALY
2026-02-18 09:30:00,9,2,229.41,10.044,2089.94,0.907,49.956,NIGHT_ANOMALY
2026-02-18 09:45:00,9,2,230.68,6.221,1415.06,0.986,49.899,NIGHT_ANOMALY
2026-02-18 10:00:00,10,2,227.7,10.07,2237.84,0.976,49.959,NIGHT_ANOMALY
2026-02-18 10:15:00,10,2,230.35,9.112,2040.14,0.972,50.01,NIGHT_ANOMALY
2026-02-18 10:30:00,10,2,228.82,5.768,1235.32,0.936,50.033,NIGHT_ANOMALY
2026-02-18 10:45:00,10,2,231.76,5.905,1341.23,0.98,50.033,NIGHT_ANOMALY
2026-02-18 11:00:00,11,2,231.84,8.907,1967.9,0.953,49.959,NIGHT_ANOMALY
2026-02-18 11:15:00,11,2,227.83,7.03,1553.69,0.97,49.956,NIGHT_ANOMALY
2026-02-18 11:30:00,11,2,230.75,7.376,1640.72,0.964,49.934,NIGHT_ANOMALY
2026-02-18 11:45:00,11,2,229.14,9.597,1983.45,0.902,49.983,NIGHT_ANOMALY
2026-02-18 12:00:00,12,2,232.96,6.811,1483.55,0.935,49.973,NIGHT_ANOMALY
2026-02-18 12:15:00,12,2,229.15,5.987,1289.66,0.94,49.921,NIGHT_ANOMALY
2026-02-18 12:30:00,12,2,228.08,6.051,1304.15,0.945,50.046,NIGHT_ANOMALY
2026-02-18 12:45:00,12,2,232.63,9.439,2028.86,0.924,50.001,NIGHT_ANOMALY
2026-02-18 13:00:00,13,2,230.39,10.179,2300.64,0.981,50.026,NIGHT_ANOMALY
2026-02-18 13:15:00,13,2,229.81,10.561,2312.94,0.953,50.017,NIGHT_ANOMALY
2026-02-18 13:30:00,13,2,225.71,7.574,1601.75,0.937,49.917,NIGHT_ANOMALY
2026-02-18 13:45:00,13,2,230.68,6.431,1445.02,0.974,49.934,NIGHT_ANOMALY
2026-02-18 14:00:00,14,2,227.06,8.569,1914.58,0.984,50.083,NIGHT_ANOMALY
2026-02-18 14:15:00,14,2,230.46,10.803,2350.21,0.944,49.907,NIGHT_ANOMALY
2026-02-18 14:30:00,14,2,230.16,7.719,1716.12,0.966,49.998,NIGHT_ANOMALY
2026-02-18 14:45:00,14,2,230.44,7.846,1674.16,0.926,49.997,NIGHT_ANOMALY
2026-02-18 15:00:00,15,2,229.36,5.682,1223.69,0.939,49.967,NIGHT_ANOMALY
2026-02-18 15:15:00,15,2,231.03,7.124,1527.36,0.928,49.976,NIGHT_ANOMALY
2026-02-18 15:30:00,15,2,230.92,5.668,1209.47,0.924,50.044,NIGHT_ANOMALY
2026-02-18 15:45:00,15,2,229.13,5.485,1212.74,0.965,49.939,NIGHT_ANOMALY
2026-02-18 16:00:00,16,2,229.46,9.368,2126.0,0.989,50.056,NIGHT_ANOMALY
2026-02-18 16:15:00,16,2,229.95,9.461,2077.64,0.955,50.005,NIGHT_ANOMALY
2026-02-18 16:30:00,16,2,230.11,7.956,1702.7,0.93,50.007,NIGHT_ANOMALY
2026-02-18 16:45:00,16,2,232.7,10.666,2395.14,0.965,50.101,NIGHT_ANOMALY
2026-02-18 17:00:00,17,2,229.11,6.953,1471.9,0.924,50.06,NIGHT_ANOMALY
2026-02-18 17:15:00,17,2,229.36,11.99,2485.98,0.904,50.104,NIGHT_ANOMALY
2026-02-18 17:30:00,17,2,228.43,6.717,1502.05,0.979,49.971,NIGHT_ANOMALY
2026-02-18 17:45:00,17,2,233.48,9.344,2146.8,0.984,50.005,NIGHT_ANOMALY
2026-02-18 18:00:00,18,2,231.42,7.872,1752.57,0.962,49.936,NIGHT_ANOMALY
2026-02-18 18:15:00,18,2,228.75,8.529,1771.48,0.908,50.035,NIGHT_ANOMALY
2026-02-18 18:30:00,18,2,228.49,10.786,2373.23,0.963,49.96,NIGHT_ANOMALY
2026-02-18 18:45:00,18,2,231.41,9.645,2200.78,0.986,49.942,NIGHT_ANOMALY
2026-02-18 19:00:00,19,2,228.66,6.609,1471.97,0.974,50.082,NIGHT_ANOMALY
2026-02-18 19:15:00,19,2,227.9,8.116,1823.72,0.986,50.004,NIGHT_ANOMALY
2026-02-18 19:30:00,19,2,226.91,5.597,1249.72,0.984,50.022,NIGHT_ANOMALY
2026-02-18 19:45:00,19,2,231.96,10.369,2369.21,0.985,50.032,NIGHT_ANOMALY
2026-02-18 20:00:00,20,2,229.56,6.472,1467.97,0.988,49.991,NIGHT_ANOMALY
2026-02-18 20:15:00,20,2,229.24,10.484,2263.85,0.942,50.027,NIGHT_ANOMALY
2026-02-18 20:30:00,20,2,227.99,8.055,1687.63,0.919,49.975,NIGHT_ANOMALY
2026-02-18 20:45:00,20,2,232.15,5.788,1222.66,0.91,49.981,NIGHT_ANOMALY
2026-02-18 21:00:00,21,2,231.86,10.718,2281.37,0.918,49.94,NIGHT_ANOMALY
2026-02-18 21:15:00,21,2,230.09,6.756,1431.66,0.921,50.083,NIGHT_ANOMALY
2026-02-18 21:30:00,21,2,228.75,8.961,1998.48,0.975,49.986,NIGHT_ANOMALY
2026-02-18 21:45:00,21,2,233.68,8.045,1832.97,0.975,49.976,NIGHT_ANOMALY
2026-02-18 22:00:00,22,2,229.07,10.026,2174.87,0.947,49.981,NIGHT_ANOMALY
2026-02-18 22:15:00,22,2,235.43,6.878,1465.41,0.905,50.023,NIGHT_ANOMALY
2026-02-18 22:30:00,22,2,232.48,11.494,2498.35,0.935,49.947,NIGHT_ANOMALY
2026-02-18 22:45:00,22,2,230.31,10.213,2189.87,0.931,50.001,NIGHT_ANOMALY
2026-02-18 23:00:00,23,2,231.98,7.748,1677.06,0.933,50.024,NIGHT_ANOMALY
2026-02-18 23:15:00,23,2,230.71,10.929,2317.27,0.919,49.992,NIGHT_ANOMALY
2026-02-18 23:30:00,23,2,229.29,6.681,1513.48,0.988,49.979,NIGHT_ANOMALY
2026-02-18 23:45:00,23,2,231.2,7.579,1732.89,0.989,50.058,NIGHT_ANOMALY
2026-02-19 00:00:00,0,3,229.29,8.768,1954.2,0.972,49.988,NIGHT_ANOMALY
2026-02-19 00:15:00,0,3,232.13,6.832,1447.84,0.913,49.979,NIGHT_ANOMALY
2026-02-19 00:30:00,0,3,231.21,9.109,1920.69,0.912,49.947,NIGHT_ANOMALY
2026-02-19 00:45:00,0,3,233.63,7.233,1564.72,0.926,50.022,NIGHT_ANOMALY
2026-02-19 01:00:00,1,3,230.13,9.8,2077.17,0.921,50.008,NIGHT_ANOMALY
2026-02-19 01:15:00,1,3,230.04,8.343,1842.52,0.96,50.089,NIGHT_ANOMALY
2026-02-19 01:30:00,1,3,228.99,8.602,1849.72,0.939,50.032,NIGHT_ANOMALY
2026-02-19 01:45:00,1,3,230.19,8.875,1877.39,0.919,50.037,NIGHT_ANOMALY
2026-02-19 02:00:00,2,3,227.82,11.299,2437.76,0.947,50.016,NIGHT_ANOMALY
2026-02-19 02:15:00,2,3,231.13,10.86,2382.06,0.949,50.005,NIGHT_ANOMALY
2026-02-19 02:30:00,2,3,232.07,9.311,2046.36,0.947,50.043,NIGHT_ANOMALY
2026-02-19 02:45:00,2,3,229.86,8.592,1925.54,0.975,49.93,NIGHT_ANOMALY
2026-02-19 03:00:00,3,3,230.12,10.205,2233.27,0.951,50.062,NIGHT_ANOMALY
2026-02-19 03:15:00,3,3,230.17,8.727,1912.27,0.952,49.977,NIGHT_ANOMALY
2026-02-19 03:30:00,3,3,233.72,6.651,1408.44,0.906,50.064,NIGHT_ANOMALY
2026-02-19 03:45:00,3,3,229.15,7.862,1634.11,0.907,50.033,NIGHT_ANOMALY
2026-02-19 04:00:00,4,3,232.27,6.403,1435.24,0.965,50.059,NIGHT_ANOMALY
2026-02-19 04:15:00,4,3,232.42,6.369,1409.19,0.952,50.037,NIGHT_ANOMALY
2026-02-19 04:30:00,4,3,227.46,10.961,2455.71,0.985,50.083,NIGHT_ANOMALY
2026-02-19 04:45:00,4,3,229.59,11.582,2481.05,0.933,50.0,NIGHT_ANOMALY
2026-02-19 05:00:00,5,3,227.12,6.754,1515.53,0.988,49.936,NIGHT_ANOMALY
2026-02-19 05:15:00,5,3,233.7,7.149,1570.37,0.94,49.992,NIGHT_ANOMALY
2026-02-19 05:30:00,5,3,229.37,8.203,1710.34,0.909,49.96,NIGHT_ANOMALY
2026-02-19 05:45:00,5,3,231.07,6.934,1530.1,0.955,50.029,NIGHT_ANOMALY
2026-02-19 06:00:00,6,3,227.68,8.845,1880.9,0.934,49.946,NIGHT_ANOMALY
2026-02-19 06:15:00,6,3,228.8,9.31,2036.44,0.956,49.99,NIGHT_ANOMALY
2026-02-19 06:30:00,6,3,230.67,7.826,1743.75,0.966,50.057,NIGHT_ANOMALY
2026-02-19 06:45:00,6,3,230.3,7.87,1645.74,0.908,49.982,NIGHT_ANOMALY
2026-02-19 07:00:00,7,3,230.37,8.77,1933.42,0.957,49.931,NIGHT_ANOMALY
2026-02-19 07:15:00,7,3,229.07,11.206,2369.23,0.923,49.931,NIGHT_ANOMALY
2026-02-19 07:30:00,7,3,228.71,10.206,2163.81,0.927,49.905,NIGHT_ANOMALY
2026-02-19 07:45:00,7,3,227.69,9.782,2176.1,0.977,50.059,NIGHT_ANOMALY
2026-02-19 08:00:00,8,3,230.64,9.562,2000.26,0.907,50.05,NIGHT_ANOMALY
2026-02-19 08:15:00,8,3,230.5,9.413,2059.06,0.949,49.938,NIGHT_ANOMALY
2026-02-19 08:30:00,8,3,228.26,9.857,2159.93,0.96,50.059,NIGHT_ANOMALY
2026-02-19 08:45:00,8,3,229.86,10.604,2300.84,0.944,49.985,NIGHT_ANOMALY
2026-02-19 09:00:00,9,3,230.96,7.388,1540.79,0.903,49.942,NIGHT_ANOMALY
2026-02-19 09:15:00,9,3,229.19,10.957,2297.81,0.915,50.102,NIGHT_ANOMALY
2026-02-19 09:30:00,9,3,232.58,8.255,1839.3,0.958,49.947,NIGHT_ANOMALY
2026-02-19 09:45:00,9,3,228.99,6.943,1442.05,0.907,49.997,NIGHT_ANOMALY
2026-02-19 10:00:00,10,3,229.46,7.931,1719.76,0.945,50.081,NIGHT_ANOMALY
2026-02-19 10:15:00,10,3,230.58,11.103,2444.97,0.955,49.982,NIGHT_ANOMALY
2026-02-19 10:30:00,10,3,230.19,10.6,2410.79,0.988,50.06,NIGHT_ANOMALY
2026-02-19 10:45:00,10,3,228.33,9.919,2067.75,0.913,50.026,NIGHT_ANOMALY
2026-02-19 11:00:00,11,3,230.66,8.818,1946.39,0.957,49.964,NIGHT_ANOMALY
2026-02-19 11:15:00,11,3,229.22,10.943,2382.96,0.95,49.999,NIGHT_ANOMALY
2026-02-19 11:30:00,11,3,229.73,5.884,1242.22,0.919,50.07,NIGHT_ANOMALY
2026-02-19 11:45:00,11,3,232.26,10.168,2130.11,0.902,50.068,NIGHT_ANOMALY
2026-02-19 12:00:00,12,3,228.18,7.802,1616.51,0.908,50.063,NIGHT_ANOMALY
2026-02-19 12:15:00,12,3,229.38,9.522,2140.52,0.98,50.139,NIGHT_ANOMALY
2026-02-19 12:30:00,12,3,229.71,5.586,1252.3,0.976,49.995,NIGHT_ANOMALY
2026-02-19 12:45:00,12,3,227.92,7.575,1676.47,0.971,50.016,NIGHT_ANOMALY
2026-02-19 13:00:00,13,3,232.73,9.168,2018.54,0.946,50.08,NIGHT_ANOMALY
2026-02-19 13:15:00,13,3,227.28,6.27,1291.17,0.906,50.08,NIGHT_ANOMALY
2026-02-19 13:30:00,13,3,231.93,8.007,1788.29,0.963,50.051,NIGHT_ANOMALY
2026-02-19 13:45:00,13,3,228.56,10.676,2310.78,0.947,50.016,NIGHT_ANOMALY
2026-02-19 14:00:00,14,3,231.22,6.82,1496.55,0.949,50.001,NIGHT_ANOMALY
2026-02-19 14:15:00,14,3,227.05,9.527,1996.55,0.923,49.962,NIGHT_ANOMALY
2026-02-19 14:30:00,14,3,229.18,8.66,1847.69,0.931,50.025,NIGHT_ANOMALY
2026-02-19 14:45:00,14,3,228.79,9.597,2066.07,0.941,49.964,NIGHT_ANOMALY
2026-02-19 15:00:00,15,3,229.12,8.836,1890.92,0.934,50.1,NIGHT_ANOMALY
2026-02-19 15:15:00,15,3,230.08,9.379,2114.87,0.98,50.065,NIGHT_ANOMALY
2026-02-19 15:30:00,15,3,231.55,9.731,2228.44,0.989,50.019,NIGHT_ANOMALY
2026-02-19 15:45:00,15,3,228.86,6.972,1569.99,0.984,49.899,NIGHT_ANOMALY
2026-02-19 16:00:00,16,3,227.71,5.499,1228.48,0.981,50.01,NIGHT_ANOMALY
2026-02-19 16:15:00,16,3,228.54,11.075,2417.21,0.955,49.962,NIGHT_ANOMALY
2026-02-19 16:30:00,16,3,230.94,7.888,1685.02,0.925,49.989,NIGHT_ANOMALY
2026-02-19 16:45:00,16,3,231.79,10.879,2365.29,0.938,50.07,NIGHT_ANOMALY
2026-02-19 17:00:00,17,3,230.64,10.394,2366.07,0.987,50.094,NIGHT_ANOMALY
2026-02-19 17:15:00,17,3,229.48,5.793,1266.9,0.953,50.078,NIGHT_ANOMALY
2026-02-19 17:30:00,17,3,230.66,8.201,1734.56,0.917,49.927,NIGHT_ANOMALY
2026-02-19 17:45:00,17,3,229.77,9.452,2080.48,0.958,49.901,NIGHT_ANOMALY
2026-02-19 18:00:00,18,3,233.11,7.237,1531.87,0.908,50.03,NIGHT_ANOMALY
2026-02-19 18:15:00,18,3,226.05,11.857,2449.69,0.914,49.955,NIGHT_ANOMALY
2026-02-19 18:30:00,18,3,227.42,10.624,2275.93,0.942,49.996,NIGHT_ANOMALY
2026-02-19 18:45:00,18,3,228.8,6.463,1375.19,0.93,50.091,NIGHT_ANOMALY
2026-02-19 19:00:00,19,3,235.68,10.468,2311.59,0.937,49.984,NIGHT_ANOMALY
2026-02-19 19:15:00,19,3,231.76,9.983,2151.63,0.93,49.995,NIGHT_ANOMALY
2026-02-19 19:30:00,19,3,227.41,7.446,1613.63,0.953,49.954,NIGHT_ANOMALY
2026-02-19 19:45:00,19,3,228.37,7.202,1560.82,0.949,49.991,NIGHT_ANOMALY
2026-02-19 20:00:00,20,3,228.79,11.647,2499.59,0.938,50.013,NIGHT_ANOMALY
2026-02-19 20:15:00,20,3,229.51,8.434,1871.81,0.967,50.005,NIGHT_ANOMALY
2026-02-19 20:30:00,20,3,230.36,8.02,1679.45,0.909,50.016,NIGHT_ANOMALY
2026-02-19 20:45:00,20,3,229.2,9.685,2097.73,0.945,50.007,NIGHT_ANOMALY
2026-02-19 21:00:00,21,3,229.72,7.267,1604.3,0.961,50.002,NIGHT_ANOMALY
2026-02-19 21:15:00,21,3,231.63,9.775,2087.5,0.922,50.038,NIGHT_ANOMALY
2026-02-19 21:30:00,21,3,229.04,9.96,2164.89,0.949,49.995,NIGHT_ANOMALY
2026-02-19 21:45:00,21,3,235.88,10.063,2326.13,0.98,49.957,NIGHT_ANOMALY
2026-02-19 22:00:00,22,3,233.45,8.358,1799.08,0.922,49.972,NIGHT_ANOMALY
2026-02-19 22:15:00,22,3,231.23,9.426,2016.13,0.925,49.903,NIGHT_ANOMALY
2026-02-19 22:30:00,22,3,229.3,8.961,2024.01,0.985,49.998,NIGHT_ANOMALY
2026-02-19 22:45:00,22,3,229.36,10.736,2336.73,0.949,49.994,NIGHT_ANOMALY
2026-02-19 23:00:00,23,3,228.74,10.002,2157.53,0.943,49.894,NIGHT_ANOMALY
2026-02-19 23:15:00,23,3,234.1,10.323,2276.43,0.942,50.16,NIGHT_ANOMALY
2026-02-19 23:30:00,23,3,225.82,9.317,1998.75,0.95,50.038,NIGHT_ANOMALY
2026-02-19 23:45:00,23,3,229.72,8.802,1949.23,0.964,49.973,NIGHT_ANOMALY
2026-02-20 00:00:00,0,4,233.48,7.255,1634.72,0.965,49.986,NIGHT_ANOMALY
2026-02-20 00:15:00,0,4,232.3,9.394,2110.23,0.967,50.008,NIGHT_ANOMALY
2026-02-20 00:30:00,0,4,231.64,6.846,1554.02,0.98,50.025,NIGHT_ANOMALY
2026-02-20 00:45:00,0,4,227.17,11.684,2433.91,0.917,49.915,NIGHT_ANOMALY
2026-02-20 01:00:00,1,4,229.79,7.845,1699.86,0.943,49.989,NIGHT_ANOMALY
2026-02-20 01:15:00,1,4,232.08,8.672,1976.44,0.982,49.963,NIGHT_ANOMALY
2026-02-20 01:30:00,1,4,231.76,7.923,1731.53,0.943,50.003,NIGHT_ANOMALY
2026-02-20 01:45:00,1,4,227.68,7.52,1655.61,0.967,49.923,NIGHT_ANOMALY
2026-02-20 02:00:00,2,4,228.04,6.182,1304.03,0.925,49.878,NIGHT_ANOMALY
2026-02-20 02:15:00,2,4,232.21,11.478,2484.16,0.932,49.993,NIGHT_ANOMALY
2026-02-20 02:30:00,2,4,230.04,9.597,2046.62,0.927,49.956,NIGHT_ANOMALY
2026-02-20 02:45:00,2,4,227.81,11.154,2482.54,0.977,50.058,NIGHT_ANOMALY
2026-02-20 03:00:00,3,4,234.66,11.281,2453.95,0.927,49.951,NIGHT_ANOMALY
2026-02-20 03:15:00,3,4,231.42,11.02,2481.33,0.973,50.02,NIGHT_ANOMALY
2026-02-20 03:30:00,3,4,234.09,10.481,2362.8,0.963,49.97,NIGHT_ANOMALY
2026-02-20 03:45:00,3,4,231.09,9.906,2188.56,0.956,49.965,NIGHT_ANOMALY
2026-02-20 04:00:00,4,4,228.45,8.374,1888.18,0.987,50.042,NIGHT_ANOMALY
2026-02-20 04:15:00,4,4,232.01,6.214,1358.1,0.942,50.05,NIGHT_ANOMALY
2026-02-20 04:30:00,4,4,230.95,8.93,1977.81,0.959,49.967,NIGHT_ANOMALY
2026-02-20 04:45:00,4,4,231.95,9.299,1982.16,0.919,50.001,NIGHT_ANOMALY
2026-02-20 05:00:00,5,4,230.68,9.311,2008.2,0.935,49.966,NIGHT_ANOMALY
2026-02-20 05:15:00,5,4,227.48,6.029,1284.98,0.937,49.953,NIGHT_ANOMALY
2026-02-20 05:30:00,5,4,230.53,6.577,1461.56,0.964,49.958,NIGHT_ANOMALY
2026-02-20 05:45:00,5,4,230.7,7.274,1616.11,0.963,50.103,NIGHT_ANOMALY
2026-02-20 06:00:00,6,4,230.66,6.846,1496.91,0.948,49.888,NIGHT_ANOMALY
2026-02-20 06:15:00,6,4,228.92,5.896,1272.82,0.943,50.025,NIGHT_ANOMALY
2026-02-20 06:30:00,6,4,234.35,8.406,1930.65,0.98,49.99,NIGHT_ANOMALY
2026-02-20 06:45:00,6,4,229.43,9.663,2079.61,0.938,50.02,NIGHT_ANOMALY
2026-02-20 07:00:00,7,4,230.97,5.901,1296.15,0.951,50.043,NIGHT_ANOMALY
2026-02-20 07:15:00,7,4,229.17,7.537,1680.63,0.973,50.052,NIGHT_ANOMALY
2026-02-20 07:30:00,7,4,228.37,7.448,1668.58,0.981,50.056,NIGHT_ANOMALY
2026-02-20 07:45:00,7,4,227.88,7.049,1524.34,0.949,50.006,NIGHT_ANOMALY
2026-02-20 08:00:00,8,4,229.97,7.254,1523.0,0.913,50.002,NIGHT_ANOMALY
2026-02-20 08:15:00,8,4,229.14,9.864,2201.45,0.974,50.033,NIGHT_ANOMALY
2026-02-20 08:30:00,8,4,228.32,7.351,1544.19,0.92,49.972,NIGHT_ANOMALY
2026-02-20 08:45:00,8,4,232.25,11.092,2449.95,0.951,49.956,NIGHT_ANOMALY
2026-02-20 09:00:00,9,4,227.86,7.816,1634.95,0.918,50.009,NIGHT_ANOMALY
2026-02-20 09:15:00,9,4,231.57,5.473,1219.21,0.962,49.931,NIGHT_ANOMALY
2026-02-20 09:30:00,9,4,228.16,8.929,1892.64,0.929,49.998,NIGHT_ANOMALY
2026-02-20 09:45:00,9,4,230.33,11.081,2437.51,0.955,50.015,NIGHT_ANOMALY
2026-02-20 10:00:00,10,4,230.61,10.769,2371.7,0.955,50.087,NIGHT_ANOMALY
2026-02-20 10:15:00,10,4,230.75,6.597,1459.93,0.959,49.964,NIGHT_ANOMALY
2026-02-20 10:30:00,10,4,230.16,10.116,2251.39,0.967,50.061,NIGHT_ANOMALY
2026-02-20 10:45:00,10,4,230.61,5.638,1241.74,0.955,49.961,NIGHT_ANOMALY
2026-02-20 11:00:00,11,4,232.06,5.955,1250.55,0.905,49.918,NIGHT_ANOMALY
2026-02-20 11:15:00,11,4,226.08,8.483,1729.82,0.902,50.025,NIGHT_ANOMALY
2026-02-20 11:30:00,11,4,226.63,10.814,2382.07,0.972,49.993,NIGHT_ANOMALY
2026-02-20 11:45:00,11,4,232.82,9.055,2030.29,0.963,49.996,NIGHT_ANOMALY
2026-02-20 12:00:00,12,4,231.02,7.447,1622.24,0.943,49.965,NIGHT_ANOMALY
2026-02-20 12:15:00,12,4,231.35,8.455,1783.97,0.912,49.983,NIGHT_ANOMALY
2026-02-20 12:30:00,12,4,228.55,7.426,1573.32,0.927,49.986,NIGHT_ANOMALY
2026-02-20 12:45:00,12,4,232.92,9.842,2219.02,0.968,49.933,NIGHT_ANOMALY
2026-02-20 13:00:00,13,4,230.55,9.702,2102.63,0.94,49.912,NIGHT_ANOMALY
2026-02-20 13:15:00,13,4,229.84,9.484,2099.21,0.963,49.991,NIGHT_ANOMALY
2026-02-20 13:30:00,13,4,229.4,5.705,1285.17,0.982,50.012,NIGHT_ANOMALY
2026-02-20 13:45:00,13,4,230.44,5.711,1231.74,0.936,49.992,NIGHT_ANOMALY
2026-02-20 14:00:00,14,4,229.74,11.228,2476.33,0.96,50.058,NIGHT_ANOMALY
2026-02-20 14:15:00,14,4,229.96,5.973,1347.41,0.981,49.955,NIGHT_ANOMALY
2026-02-20 14:30:00,14,4,227.08,11.543,2435.1,0.929,49.969,NIGHT_ANOMALY
2026-02-20 14:45:00,14,4,227.62,10.373,2280.72,0.966,49.99,NIGHT_ANOMALY
2026-02-20 15:00:00,15,4,228.26,6.896,1470.28,0.934,49.965,NIGHT_ANOMALY
2026-02-20 15:15:00,15,4,230.98,10.445,2267.87,0.94,49.962,NIGHT_ANOMALY
2026-02-20 15:30:00,15,4,228.4,6.277,1308.99,0.913,50.025,NIGHT_ANOMALY
2026-02-20 15:45:00,15,4,234.3,6.829,1507.23,0.942,49.988,NIGHT_ANOMALY
2026-02-20 16:00:00,16,4,228.22,6.126,1303.07,0.932,50.044,NIGHT_ANOMALY
2026-02-20 16:15:00,16,4,226.29,6.854,1532.44,0.988,50.014,NIGHT_ANOMALY
2026-02-20 16:30:00,16,4,230.91,8.313,1731.4,0.902,50.03,NIGHT_ANOMALY
2026-02-20 16:45:00,16,4,229.72,8.495,1773.91,0.909,49.927,NIGHT_ANOMALY
2026-02-20 17:00:00,17,4,231.95,8.117,1737.86,0.923,50.007,NIGHT_ANOMALY
2026-02-20 17:15:00,17,4,229.5,6.976,1540.21,0.962,50.04,NIGHT_ANOMALY
2026-02-20 17:30:00,17,4,229.12,11.127,2332.77,0.915,50.002,NIGHT_ANOMALY
2026-02-20 17:45:00,17,4,232.46,10.519,2401.12,0.982,49.987,NIGHT_ANOMALY
2026-02-20 18:00:00,18,4,228.89,11.48,2420.07,0.921,49.992,NIGHT_ANOMALY
2026-02-20 18:15:00,18,4,229.14,5.55,1243.85,0.978,50.086,NIGHT_ANOMALY
2026-02-20 18:30:00,18,4,227.17,7.35,1536.2,0.92,49.95,NIGHT_ANOMALY
2026-02-20 18:45:00,18,4,225.32,9.795,2010.51,0.911,49.965,NIGHT_ANOMALY
2026-02-20 19:00:00,19,4,229.0,8.695,1811.97,0.91,49.977,NIGHT_ANOMALY
2026-02-20 19:15:00,19,4,227.28,5.935,1246.29,0.924,49.949,NIGHT_ANOMALY
2026-02-20 19:30:00,19,4,228.66,6.184,1389.92,0.983,50.023,NIGHT_ANOMALY
2026-02-20 19:45:00,19,4,230.07,6.088,1381.08,0.986,50.012,NIGHT_ANOMALY
2026-02-20 20:00:00,20,4,234.92,10.088,2341.39,0.988,50.059,NIGHT_ANOMALY
2026-02-20 20:15:00,20,4,229.28,11.377,2397.14,0.919,50.007,NIGHT_ANOMALY
2026-02-20 20:30:00,20,4,229.3,7.448,1577.93,0.924,49.928,NIGHT_ANOMALY
2026-02-20 20:45:00,20,4,231.38,8.542,1950.79,0.987,50.076,NIGHT_ANOMALY
2026-02-20 21:00:00,21,4,229.59,7.583,1643.45,0.944,49.99,NIGHT_ANOMALY
2026-02-20 21:15:00,21,4,230.01,10.172,2253.19,0.963,50.011,NIGHT_ANOMALY
2026-02-20 21:30:00,21,4,233.26,6.691,1407.72,0.902,50.006,NIGHT_ANOMALY
2026-02-20 21:45:00,21,4,228.32,7.027,1512.95,0.943,50.037,NIGHT_ANOMALY
2026-02-20 22:00:00,22,4,230.31,10.194,2204.59,0.939,50.069,NIGHT_ANOMALY
2026-02-20 22:15:00,22,4,230.15,7.057,1482.96,0.913,50.04,NIGHT_ANOMALY
2026-02-20 22:30:00,22,4,231.72,5.974,1281.86,0.926,49.959,NIGHT_ANOMALY
2026-02-20 22:45:00,22,4,229.37,5.623,1275.48,0.989,49.999,NIGHT_ANOMALY
2026-02-20 23:00:00,23,4,229.86,8.643,1901.36,0.957,49.895,NIGHT_ANOMALY
2026-02-20 23:15:00,23,4,230.04,9.252,1996.37,0.938,49.945,NIGHT_ANOMALY
2026-02-20 23:30:00,23,4,229.79,10.363,2214.66,0.93,50.077,NIGHT_ANOMALY
2026-02-20 23:45:00,23,4,235.18,8.515,1970.6,0.984,49.921,NIGHT_ANOMALY
2026-02-21 00:00:00,0,5,228.44,7.028,1469.02,0.915,50.074,NIGHT_ANOMALY
2026-02-21 00:15:00,0,5,228.11,8.842,1918.03,0.951,50.04,NIGHT_ANOMALY
2026-02-21 00:30:00,0,5,228.84,7.964,1800.64,0.988,49.971,NIGHT_ANOMALY
2026-02-21 00:45:00,0,5,230.11,8.693,1842.27,0.921,50.013,NIGHT_ANOMALY
2026-02-21 01:00:00,1,5,226.56,6.693,1428.51,0.942,50.069,NIGHT_ANOMALY
2026-02-21 01:15:00,1,5,227.78,8.21,1836.51,0.982,49.878,NIGHT_ANOMALY
2026-02-21 01:30:00,1,5,228.66,11.296,2430.62,0.941,49.994,NIGHT_ANOMALY
2026-02-21 01:45:00,1,5,227.9,5.888,1239.89,0.924,50.01,NIGHT_ANOMALY
2026-02-21 02:00:00,2,5,229.56,6.302,1417.71,0.98,49.972,NIGHT_ANOMALY
2026-02-21 02:15:00,2,5,228.55,10.607,2249.77,0.928,49.979,NIGHT_ANOMALY
2026-02-21 02:30:00,2,5,233.24,11.236,2468.76,0.942,49.982,NIGHT_ANOMALY
2026-02-21 02:45:00,2,5,230.51,10.481,2268.5,0.939,49.943,NIGHT_ANOMALY
2026-02-21 03:00:00,3,5,231.42,6.895,1515.89,0.95,49.991,NIGHT_ANOMALY
2026-02-21 03:15:00,3,5,232.73,9.853,2263.31,0.987,49.955,NIGHT_ANOMALY
2026-02-21 03:30:00,3,5,231.88,9.336,2021.85,0.934,49.97,NIGHT_ANOMALY
2026-02-21 03:45:00,3,5,227.52,10.753,2284.96,0.934,50.064,NIGHT_ANOMALY
2026-02-21 04:00:00,4,5,233.4,11.205,2374.74,0.908,49.982,NIGHT_ANOMALY
2026-02-21 04:15:00,4,5,230.93,7.338,1655.5,0.977,50.072,NIGHT_ANOMALY
2026-02-21 04:30:00,4,5,229.94,10.693,2217.85,0.902,49.988,NIGHT_ANOMALY
2026-02-21 04:45:00,4,5,233.43,8.374,1790.52,0.916,50.003,NIGHT_ANOMALY
2026-02-21 05:00:00,5,5,231.86,6.574,1493.75,0.98,50.007,NIGHT_ANOMALY
2026-02-21 05:15:00,5,5,231.83,9.797,2171.22,0.956,50.016,NIGHT_ANOMALY
2026-02-21 05:30:00,5,5,228.99,6.021,1272.65,0.923,49.997,NIGHT_ANOMALY
2026-02-21 05:45:00,5,5,227.19,7.767,1688.76,0.957,50.029,NIGHT_ANOMALY
2026-02-21 06:00:00,6,5,230.59,9.928,2140.51,0.935,50.004,NIGHT_ANOMALY
2026-02-21 06:15:00,6,5,230.77,9.133,2040.1,0.968,49.968,NIGHT_ANOMALY
2026-02-21 06:30:00,6,5,229.29,6.024,1342.6,0.972,49.961,NIGHT_ANOMALY
2026-02-21 06:45:00,6,5,231.96,10.993,2351.07,0.922,50.087,NIGHT_ANOMALY
2026-02-21 07:00:00,7,5,229.94,8.962,1947.35,0.945,49.982,NIGHT_ANOMALY
2026-02-21 07:15:00,7,5,227.69,11.656,2462.91,0.928,49.899,NIGHT_ANOMALY
2026-02-21 07:30:00,7,5,231.81,11.365,2407.89,0.914,49.944,NIGHT_ANOMALY
2026-02-21 07:45:00,7,5,231.83,10.686,2442.75,0.986,49.959,NIGHT_ANOMALY
2026-02-21 08:00:00,8,5,227.17,7.838,1673.74,0.94,50.07,NIGHT_ANOMALY
2026-02-21 08:15:00,8,5,232.16,9.998,2267.81,0.977,50.049,NIGHT_ANOMALY
2026-02-21 08:30:00,8,5,230.66,10.928,2341.78,0.929,50.038,NIGHT_ANOMALY
2026-02-21 08:45:00,8,5,232.38,10.713,2442.12,0.981,49.988,NIGHT_ANOMALY
2026-02-21 09:00:00,9,5,229.0,9.124,1941.08,0.929,50.022,NIGHT_ANOMALY
2026-02-21 09:15:00,9,5,230.11,6.176,1320.18,0.929,49.981,NIGHT_ANOMALY
2026-02-21 09:30:00,9,5,231.69,10.22,2176.05,0.919,49.955,NIGHT_ANOMALY
2026-02-21 09:45:00,9,5,231.05,6.007,1354.53,0.976,49.984,NIGHT_ANOMALY
2026-02-21 10:00:00,10,5,231.99,9.116,2034.56,0.962,49.991,NIGHT_ANOMALY
2026-02-21 10:15:00,10,5,229.0,5.697,1261.52,0.967,49.961,NIGHT_ANOMALY
2026-02-21 10:30:00,10,5,225.8,5.869,1211.24,0.914,50.01,NIGHT_ANOMALY
2026-02-21 10:45:00,10,5,230.54,6.184,1348.59,0.946,49.969,NIGHT_ANOMALY
2026-02-21 11:00:00,11,5,226.3,9.552,2129.26,0.985,50.073,NIGHT_ANOMALY
2026-02-21 11:15:00,11,5,231.19,10.182,2325.63,0.988,50.026,NIGHT_ANOMALY
2026-02-21 11:30:00,11,5,231.83,7.049,1549.28,0.948,50.087,NIGHT_ANOMALY
2026-02-21 11:45:00,11,5,231.49,8.171,1713.64,0.906,49.972,NIGHT_ANOMALY
2026-02-21 12:00:00,12,5,229.52,10.961,2291.95,0.911,49.917,NIGHT_ANOMALY
2026-02-21 12:15:00,12,5,231.13,9.287,1996.22,0.93,49.998,NIGHT_ANOMALY
2026-02-21 12:30:00,12,5,225.89,10.699,2250.14,0.931,50.052,NIGHT_ANOMALY
2026-02-21 12:45:00,12,5,228.76,11.824,2437.17,0.901,49.989,NIGHT_ANOMALY
2026-02-21 13:00:00,13,5,226.6,8.684,1890.95,0.961,50.003,NIGHT_ANOMALY
2026-02-21 13:15:00,13,5,230.66,6.384,1394.52,0.947,49.973,NIGHT_ANOMALY
2026-02-21 13:30:00,13,5,230.74,10.311,2150.82,0.904,49.956,NIGHT_ANOMALY
2026-02-21 13:45:00,13,5,230.66,10.909,2345.11,0.932,50.066,NIGHT_ANOMALY
2026-02-21 14:00:00,14,5,230.53,11.058,2490.63,0.977,49.988,NIGHT_ANOMALY
2026-02-21 14:15:00,14,5,229.48,8.541,1811.11,0.924,50.007,NIGHT_ANOMALY
2026-02-21 14:30:00,14,5,225.87,8.344,1797.94,0.954,49.955,NIGHT_ANOMALY
2026-02-21 14:45:00,14,5,229.65,10.346,2169.2,0.913,49.954,NIGHT_ANOMALY
2026-02-21 15:00:00,15,5,230.36,9.693,2139.02,0.958,50.002,NIGHT_ANOMALY
2026-02-21 15:15:00,15,5,228.95,10.513,2349.14,0.976,50.006,NIGHT_ANOMALY
2026-02-21 15:30:00,15,5,226.52,5.959,1225.66,0.908,50.018,NIGHT_ANOMALY
2026-02-21 15:45:00,15,5,229.25,5.999,1247.41,0.907,50.006,NIGHT_ANOMALY
2026-02-21 16:00:00,16,5,229.72,5.845,1224.61,0.912,49.996,NIGHT_ANOMALY
2026-02-21 16:15:00,16,5,231.12,9.254,2006.09,0.938,50.027,NIGHT_ANOMALY
2026-02-21 16:30:00,16,5,231.75,8.802,1997.07,0.979,49.965,NIGHT_ANOMALY
2026-02-21 16:45:00,16,5,229.24,10.613,2384.33,0.98,49.902,NIGHT_ANOMALY
2026-02-21 17:00:00,17,5,229.9,9.317,2011.34,0.939,49.904,NIGHT_ANOMALY
2026-02-21 17:15:00,17,5,227.7,7.137,1527.51,0.94,50.024,NIGHT_ANOMALY
2026-02-21 17:30:00,17,5,230.63,6.558,1409.57,0.932,49.957,NIGHT_ANOMALY
2026-02-21 17:45:00,17,5,232.04,10.043,2197.54,0.943,49.971,NIGHT_ANOMALY
2026-02-21 18:00:00,18,5,224.8,8.655,1758.95,0.904,50.012,NIGHT_ANOMALY
2026-02-21 18:15:00,18,5,230.2,6.82,1433.33,0.913,50.072,NIGHT_ANOMALY
2026-02-21 18:30:00,18,5,230.12,5.923,1327.47,0.974,49.948,NIGHT_ANOMALY
2026-02-21 18:45:00,18,5,229.53,6.384,1381.75,0.943,49.992,NIGHT_ANOMALY
2026-02-21 19:00:00,19,5,230.41,5.309,1201.12,0.982,50.018,NIGHT_ANOMALY
2026-02-21 19:15:00,19,5,229.18,9.198,1930.84,0.916,49.946,NIGHT_ANOMALY
2026-02-21 19:30:00,19,5,230.57,6.35,1426.16,0.974,50.044,NIGHT_ANOMALY
2026-02-21 19:45:00,19,5,226.25,8.297,1783.41,0.95,49.953,NIGHT_ANOMALY
2026-02-21 20:00:00,20,5,227.18,7.255,1537.7,0.933,49.958,NIGHT_ANOMALY
2026-02-21 20:15:00,20,5,231.17,11.261,2366.3,0.909,50.024,NIGHT_ANOMALY
2026-02-21 20:30:00,20,5,228.85,8.269,1740.87,0.92,50.025,NIGHT_ANOMALY
2026-02-21 20:45:00,20,5,229.87,8.062,1747.59,0.943,49.941,NIGHT_ANOMALY
2026-02-21 21:00:00,21,5,229.39,6.616,1382.55,0.911,49.945,NIGHT_ANOMALY
2026-02-21 21:15:00,21,5,229.26,9.274,2053.82,0.966,50.072,NIGHT_ANOMALY
2026-02-21 21:30:00,21,5,228.45,11.717,2449.15,0.915,49.966,NIGHT_ANOMALY
2026-02-21 21:45:00,21,5,231.72,6.005,1303.73,0.937,50.005,NIGHT_ANOMALY
2026-02-21 22:00:00,22,5,231.43,6.404,1462.71,0.987,49.929,NIGHT_ANOMALY
2026-02-21 22:15:00,22,5,232.22,9.695,2163.53,0.961,49.991,NIGHT_ANOMALY
2026-02-21 22:30:00,22,5,230.76,8.097,1687.16,0.903,50.028,NIGHT_ANOMALY
2026-02-21 22:45:00,22,5,227.8,9.404,2084.46,0.973,49.939,NIGHT_ANOMALY
2026-02-21 23:00:00,23,5,231.19,7.155,1518.52,0.918,49.991,NIGHT_ANOMALY
2026-02-21 23:15:00,23,5,229.21,5.825,1261.71,0.945,49.96,NIGHT_ANOMALY
2026-02-21 23:30:00,23,5,232.53,10.72,2435.41,0.977,49.961,NIGHT_ANOMALY
2026-02-21 23:45:00,23,5,226.89,10.009,2087.07,0.919,50.012,NIGHT_ANOMALY
2026-02-22 00:00:00,0,6,228.25,8.027,1725.87,0.942,50.026,NIGHT_ANOMALY
2026-02-22 00:15:00,0,6,227.78,10.988,2460.41,0.983,49.942,NIGHT_ANOMALY
2026-02-22 00:30:00,0,6,231.84,9.544,2082.18,0.941,49.975,NIGHT_ANOMALY
2026-02-22 00:45:00,0,6,229.72,10.902,2261.39,0.903,50.001,NIGHT_ANOMALY
2026-02-22 01:00:00,1,6,229.85,10.074,2123.3,0.917,50.075,NIGHT_ANOMALY
2026-02-22 01:15:00,1,6,229.77,8.228,1835.64,0.971,49.978,NIGHT_ANOMALY
2026-02-22 01:30:00,1,6,230.05,7.7,1658.02,0.936,49.972,NIGHT_ANOMALY
2026-02-22 01:45:00,1,6,232.31,5.743,1294.09,0.97,50.016,NIGHT_ANOMALY
2026-02-22 02:00:00,2,6,274.52,0.689,177.52,0.938,50.002,VOLTAGE_ANOMALY
2026-02-22 02:15:00,2,6,278.65,0.691,186.18,0.967,49.955,VOLTAGE_ANOMALY
2026-02-22 02:30:00,2,6,263.63,0.596,152.5,0.971,49.972,VOLTAGE_ANOMALY
2026-02-22 02:45:00,2,6,269.34,0.618,152.16,0.914,50.072,VOLTAGE_ANOMALY
2026-02-22 03:00:00,3,6,258.3,0.631,159.72,0.98,50.062,VOLTAGE_ANOMALY
2026-02-22 03:15:00,3,6,175.59,0.618,100.64,0.927,50.035,VOLTAGE_ANOMALY
2026-02-22 03:30:00,3,6,175.35,0.707,120.66,0.973,49.969,VOLTAGE_ANOMALY
2026-02-22 03:45:00,3,6,277.68,0.447,117.79,0.948,50.072,VOLTAGE_ANOMALY
2026-02-22 04:00:00,4,6,192.38,0.651,121.63,0.971,49.993,VOLTAGE_ANOMALY
2026-02-22 04:15:00,4,6,180.76,0.84,144.4,0.951,50.059,VOLTAGE_ANOMALY
2026-02-22 04:30:00,4,6,263.54,0.611,157.27,0.977,49.946,VOLTAGE_ANOMALY
2026-02-22 04:45:00,4,6,267.01,0.423,101.69,0.9,49.984,VOLTAGE_ANOMALY
2026-02-22 05:00:00,5,6,179.83,0.627,110.03,0.976,50.02,VOLTAGE_ANOMALY
2026-02-22 05:15:00,5,6,188.14,0.503,90.05,0.952,49.984,VOLTAGE_ANOMALY
2026-02-22 05:30:00,5,6,174.02,0.652,111.68,0.985,49.978,VOLTAGE_ANOMALY
2026-02-22 05:45:00,5,6,180.67,0.854,150.94,0.978,49.951,VOLTAGE_ANOMALY
2026-02-22 06:00:00,6,6,264.22,2.211,567.79,0.972,50.05,VOLTAGE_ANOMALY
2026-02-22 06:15:00,6,6,191.78,3.392,593.35,0.912,49.928,VOLTAGE_ANOMALY
2026-02-22 06:30:00,6,6,185.08,3.49,614.93,0.952,50.05,VOLTAGE_ANOMALY
2026-02-22 06:45:00,6,6,192.36,2.15,385.84,0.933,49.983,VOLTAGE_ANOMALY
2026-02-22 07:00:00,7,6,182.38,2.712,483.29,0.977,49.993,VOLTAGE_ANOMALY
2026-02-22 07:15:00,7,6,170.17,3.124,499.23,0.939,49.929,VOLTAGE_ANOMALY
2026-02-22 07:30:00,7,6,255.12,2.539,607.65,0.938,50.043,VOLTAGE_ANOMALY
2026-02-22 07:45:00,7,6,269.89,2.206,555.43,0.933,50.0,VOLTAGE_ANOMALY
2026-02-22 08:00:00,8,6,266.0,1.842,476.15,0.972,49.996,VOLTAGE_ANOMALY
2026-02-22 08:15:00,8,6,184.59,2.364,426.78,0.978,49.973,VOLTAGE_ANOMALY
2026-02-22 08:30:00,8,6,172.76,2.34,376.33,0.931,50.011,VOLTAGE_ANOMALY
2026-02-22 08:45:00,8,6,183.62,3.708,630.5,0.926,49.892,VOLTAGE_ANOMALY
2026-02-22 09:00:00,9,6,267.65,1.795,474.07,0.987,49.891,VOLTAGE_ANOMALY
2026-02-22 09:15:00,9,6,272.42,2.223,577.76,0.954,49.98,VOLTAGE_ANOMALY
2026-02-22 09:30:00,9,6,187.63,2.011,367.58,0.974,50.034,VOLTAGE_ANOMALY
2026-02-22 09:45:00,9,6,274.51,1.711,461.16,0.982,49.971,VOLTAGE_ANOMALY
2026-02-22 10:00:00,10,6,192.8,2.056,385.31,0.972,50.035,VOLTAGE_ANOMALY
2026-02-22 10:15:00,10,6,275.33,1.552,394.31,0.923,49.992,VOLTAGE_ANOMALY
2026-02-22 10:30:00,10,6,170.27,2.336,378.67,0.952,49.92,VOLTAGE_ANOMALY
2026-02-22 10:45:00,10,6,268.35,2.032,499.06,0.915,49.879,VOLTAGE_ANOMALY
2026-02-22 11:00:00,11,6,265.68,1.866,456.17,0.92,50.138,VOLTAGE_ANOMALY
2026-02-22 11:15:00,11,6,185.66,3.244,590.26,0.98,49.981,VOLTAGE_ANOMALY
2026-02-22 11:30:00,11,6,277.59,1.156,307.08,0.957,49.933,VOLTAGE_ANOMALY
2026-02-22 11:45:00,11,6,262.66,2.199,525.05,0.909,49.994,VOLTAGE_ANOMALY
2026-02-22 12:00:00,12,6,269.85,2.043,519.79,0.943,49.961,VOLTAGE_ANOMALY
2026-02-22 12:15:00,12,6,170.57,3.24,505.05,0.914,50.05,VOLTAGE_ANOMALY
2026-02-22 12:30:00,12,6,186.06,3.389,592.68,0.94,50.023,VOLTAGE_ANOMALY
2026-02-22 12:45:00,12,6,267.36,1.666,418.22,0.939,50.056,VOLTAGE_ANOMALY
2026-02-22 13:00:00,13,6,177.66,3.655,594.11,0.915,50.027,VOLTAGE_ANOMALY
2026-02-22 13:15:00,13,6,270.1,1.864,474.69,0.943,50.048,VOLTAGE_ANOMALY
2026-02-22 13:30:00,13,6,275.57,1.203,314.5,0.949,50.087,VOLTAGE_ANOMALY
2026-02-22 13:45:00,13,6,194.95,2.173,403.8,0.953,49.989,VOLTAGE_ANOMALY
2026-02-22 14:00:00,14,6,262.22,1.321,316.36,0.913,50.034,VOLTAGE_ANOMALY
2026-02-22 14:15:00,14,6,263.65,1.065,259.13,0.923,50.003,VOLTAGE_ANOMALY
2026-02-22 14:30:00,14,6,258.97,1.165,293.61,0.973,49.96,VOLTAGE_ANOMALY
2026-02-22 14:45:00,14,6,276.55,1.304,344.78,0.956,50.126,VOLTAGE_ANOMALY
2026-02-22 15:00:00,15,6,278.59,1.593,437.49,0.986,49.996,VOLTAGE_ANOMALY
2026-02-22 15:15:00,15,6,189.38,1.735,304.91,0.928,50.083,VOLTAGE_ANOMALY
2026-02-22 15:30:00,15,6,271.76,2.3,597.42,0.956,50.094,VOLTAGE_ANOMALY
2026-02-22 15:45:00,15,6,261.87,1.204,285.71,0.906,50.0,VOLTAGE_ANOMALY
2026-02-22 16:00:00,16,6,276.94,1.543,420.53,0.984,49.96,VOLTAGE_ANOMALY
2026-02-22 16:15:00,16,6,190.17,1.433,252.09,0.925,49.979,VOLTAGE_ANOMALY
2026-02-22 16:30:00,16,6,186.4,1.678,304.66,0.974,49.907,VOLTAGE_ANOMALY
2026-02-22 16:45:00,16,6,171.92,2.906,489.06,0.979,50.062,VOLTAGE_ANOMALY
2026-02-22 17:00:00,17,6,187.24,3.47,616.02,0.948,49.936,VOLTAGE_ANOMALY
2026-02-22 17:15:00,17,6,271.68,3.632,892.04,0.904,49.924,VOLTAGE_ANOMALY
2026-02-22 17:30:00,17,6,194.94,4.644,848.31,0.937,50.004,VOLTAGE_ANOMALY
2026-02-22 17:45:00,17,6,180.44,2.995,503.63,0.932,49.906,VOLTAGE_ANOMALY
2026-02-22 18:00:00,18,6,180.18,5.346,928.51,0.964,50.066,VOLTAGE_ANOMALY
2026-02-22 18:15:00,18,6,178.15,3.191,541.81,0.953,49.912,VOLTAGE_ANOMALY
2026-02-22 18:30:00,18,6,191.25,4.027,723.14,0.939,49.931,VOLTAGE_ANOMALY
2026-02-22 18:45:00,18,6,265.05,2.62,660.47,0.951,50.065,VOLTAGE_ANOMALY
2026-02-22 19:00:00,19,6,182.59,3.683,624.73,0.929,49.966,VOLTAGE_ANOMALY
2026-02-22 19:15:00,19,6,258.03,3.765,884.93,0.911,50.07,VOLTAGE_ANOMALY
2026-02-22 19:30:00,19,6,193.36,3.344,622.74,0.963,49.92,VOLTAGE_ANOMALY
2026-02-22 19:45:00,19,6,188.81,4.517,809.34,0.949,50.003,VOLTAGE_ANOMALY
2026-02-22 20:00:00,20,6,261.69,4.14,1008.66,0.931,50.044,VOLTAGE_ANOMALY
2026-02-22 20:15:00,20,6,182.15,3.599,597.16,0.911,50.082,VOLTAGE_ANOMALY
2026-02-22 20:30:00,20,6,174.2,5.341,899.78,0.967,50.06,VOLTAGE_ANOMALY
2026-02-22 20:45:00,20,6,185.04,3.76,637.23,0.916,50.057,VOLTAGE_ANOMALY
2026-02-22 21:00:00,21,6,194.1,2.875,528.45,0.947,50.035,VOLTAGE_ANOMALY
2026-02-22 21:15:00,21,6,192.02,3.017,571.19,0.986,49.988,VOLTAGE_ANOMALY
2026-02-22 21:30:00,21,6,186.01,4.349,778.26,0.962,50.014,VOLTAGE_ANOMALY
2026-02-22 21:45:00,21,6,265.68,2.619,635.9,0.914,50.018,VOLTAGE_ANOMALY
2026-02-22 22:00:00,22,6,271.94,1.529,376.18,0.905,49.982,VOLTAGE_ANOMALY
2026-02-22 22:15:00,22,6,178.6,2.526,436.21,0.967,50.015,VOLTAGE_ANOMALY
2026-02-22 22:30:00,22,6,277.72,0.908,245.19,0.972,49.9,VOLTAGE_ANOMALY
2026-02-22 22:45:00,22,6,279.12,1.618,408.25,0.904,50.04,VOLTAGE_ANOMALY
2026-02-22 23:00:00,23,6,272.89,1.037,271.45,0.959,50.035,VOLTAGE_ANOMALY
2026-02-22 23:15:00,23,6,193.22,2.009,351.73,0.906,49.95,VOLTAGE_ANOMALY
2026-02-22 23:30:00,23,6,180.14,1.623,267.47,0.915,50.027,VOLTAGE_ANOMALY
2026-02-22 23:45:00,23,6,263.53,1.109,278.33,0.952,49.968,VOLTAGE_ANOMALY
2026-02-23 00:00:00,0,0,177.41,0.741,130.11,0.99,49.906,VOLTAGE_ANOMALY
2026-02-23 00:15:00,0,0,261.71,0.35,86.97,0.95,49.962,VOLTAGE_ANOMALY
2026-02-23 00:30:00,0,0,276.57,0.304,80.68,0.959,49.951,VOLTAGE_ANOMALY
2026-02-23 00:45:00,0,0,193.82,0.855,154.36,0.931,50.016,VOLTAGE_ANOMALY
2026-02-23 01:00:00,1,0,259.97,0.665,156.15,0.903,50.068,VOLTAGE_ANOMALY
2026-02-23 01:15:00,1,0,267.91,0.376,93.36,0.928,50.085,VOLTAGE_ANOMALY
2026-02-23 01:30:00,1,0,183.27,0.531,91.55,0.941,50.13,VOLTAGE_ANOMALY
2026-02-23 01:45:00,1,0,175.82,0.555,93.11,0.954,49.998,VOLTAGE_ANOMALY
2026-02-23 02:00:00,2,0,174.59,1.078,171.31,0.91,49.932,VOLTAGE_ANOMALY
2026-02-23 02:15:00,2,0,177.36,0.729,125.37,0.97,50.066,VOLTAGE_ANOMALY
2026-02-23 02:30:00,2,0,178.49,0.9,148.9,0.927,49.936,VOLTAGE_ANOMALY
2026-02-23 02:45:00,2,0,194.19,0.613,114.25,0.959,49.974,VOLTAGE_ANOMALY
2026-02-23 03:00:00,3,0,173.58,0.837,131.72,0.907,49.94,VOLTAGE_ANOMALY
2026-02-23 03:15:00,3,0,182.22,0.558,93.58,0.921,49.89,VOLTAGE_ANOMALY
2026-02-23 03:30:00,3,0,171.95,1.012,157.26,0.904,49.916,VOLTAGE_ANOMALY
2026-02-23 03:45:00,3,0,192.8,0.832,149.52,0.932,49.936,VOLTAGE_ANOMALY
2026-02-23 04:00:00,4,0,182.1,0.654,113.03,0.949,50.109,VOLTAGE_ANOMALY
2026-02-23 04:15:00,4,0,170.71,0.791,121.97,0.903,49.94,VOLTAGE_ANOMALY
2026-02-23 04:30:00,4,0,185.0,0.462,83.23,0.973,49.95,VOLTAGE_ANOMALY
2026-02-23 04:45:00,4,0,187.72,0.731,128.46,0.936,49.92,VOLTAGE_ANOMALY
2026-02-23 05:00:00,5,0,170.31,1.188,186.73,0.923,50.011,VOLTAGE_ANOMALY
2026-02-23 05:15:00,5,0,187.61,0.797,146.51,0.98,50.021,VOLTAGE_ANOMALY
2026-02-23 05:30:00,5,0,192.88,0.719,134.01,0.966,49.907,VOLTAGE_ANOMALY
2026-02-23 05:45:00,5,0,279.73,0.621,170.35,0.98,49.913,VOLTAGE_ANOMALY
2026-02-23 06:00:00,6,0,272.62,2.097,529.48,0.926,50.071,VOLTAGE_ANOMALY
2026-02-23 06:15:00,6,0,262.62,1.178,305.24,0.987,50.093,VOLTAGE_ANOMALY
2026-02-23 06:30:00,6,0,182.97,2.822,476.56,0.923,50.023,VOLTAGE_ANOMALY
2026-02-23 06:45:00,6,0,178.5,2.006,346.31,0.967,49.951,VOLTAGE_ANOMALY
2026-02-23 07:00:00,7,0,277.04,1.32,342.39,0.936,50.057,VOLTAGE_ANOMALY
2026-02-23 07:15:00,7,0,181.21,3.273,558.18,0.941,49.985,VOLTAGE_ANOMALY
2026-02-23 07:30:00,7,0,271.3,2.143,541.4,0.931,50.065,VOLTAGE_ANOMALY
2026-02-23 07:45:00,7,0,272.2,2.384,631.45,0.973,49.95,VOLTAGE_ANOMALY
2026-02-23 08:00:00,8,0,183.65,2.256,387.79,0.936,49.894,VOLTAGE_ANOMALY
2026-02-23 08:15:00,8,0,180.4,2.875,489.03,0.943,50.03,VOLTAGE_ANOMALY
2026-02-23 08:30:00,8,0,192.26,2.007,381.26,0.988,49.99,VOLTAGE_ANOMALY
2026-02-23 08:45:00,8,0,193.87,2.45,468.24,0.986,50.006,VOLTAGE_ANOMALY
2026-02-23 09:00:00,9,0,270.52,1.911,511.23,0.989,49.924,VOLTAGE_ANOMALY
2026-02-23 09:15:00,9,0,264.3,1.389,340.31,0.927,49.94,VOLTAGE_ANOMALY
2026-02-23 09:30:00,9,0,274.53,1.97,532.29,0.984,50.058,VOLTAGE_ANOMALY
2026-02-23 09:45:00,9,0,263.96,2.047,517.55,0.958,50.021,VOLTAGE_ANOMALY
2026-02-23 10:00:00,10,0,173.61,2.307,385.23,0.962,49.943,VOLTAGE_ANOMALY
2026-02-23 10:15:00,10,0,260.15,1.199,298.75,0.958,49.952,VOLTAGE_ANOMALY
2026-02-23 10:30:00,10,0,172.69,3.515,587.55,0.968,50.055,VOLTAGE_ANOMALY
2026-02-23 10:45:00,10,0,268.06,1.523,384.66,0.942,49.885,VOLTAGE_ANOMALY
2026-02-23 11:00:00,11,0,258.22,1.796,435.04,0.938,49.974,VOLTAGE_ANOMALY
2026-02-23 11:15:00,11,0,264.29,1.498,366.6,0.926,50.008,VOLTAGE_ANOMALY
2026-02-23 11:30:00,11,0,179.48,3.182,564.89,0.989,49.991,VOLTAGE_ANOMALY
2026-02-23 11:45:00,11,0,276.81,1.938,530.56,0.989,49.929,VOLTAGE_ANOMALY
2026-02-23 12:00:00,12,0,183.26,2.896,515.37,0.971,50.002,VOLTAGE_ANOMALY
2026-02-23 12:15:00,12,0,178.55,3.243,565.72,0.977,50.007,VOLTAGE_ANOMALY
2026-02-23 12:30:00,12,0,173.22,2.499,398.67,0.921,50.0,VOLTAGE_ANOMALY
2026-02-23 12:45:00,12,0,264.6,1.262,313.31,0.938,50.007,VOLTAGE_ANOMALY
2026-02-23 13:00:00,13,0,189.93,1.786,314.18,0.926,50.011,VOLTAGE_ANOMALY
2026-02-23 13:15:00,13,0,264.54,1.808,447.64,0.936,50.009,VOLTAGE_ANOMALY
2026-02-23 13:30:00,13,0,260.81,1.496,364.86,0.935,49.975,VOLTAGE_ANOMALY
2026-02-23 13:45:00,13,0,174.74,2.238,371.07,0.949,49.972,VOLTAGE_ANOMALY
2026-02-23 14:00:00,14,0,262.73,1.722,437.55,0.967,50.023,VOLTAGE_ANOMALY
2026-02-23 14:15:00,14,0,176.66,2.145,373.55,0.986,50.01,VOLTAGE_ANOMALY
2026-02-23 14:30:00,14,0,179.54,2.222,359.83,0.902,49.917,VOLTAGE_ANOMALY
2026-02-23 14:45:00,14,0,185.06,2.977,504.61,0.916,49.95,VOLTAGE_ANOMALY
2026-02-23 15:00:00,15,0,259.7,1.022,259.92,0.979,49.893,VOLTAGE_ANOMALY
2026-02-23 15:15:00,15,0,185.5,1.63,272.76,0.902,49.891,VOLTAGE_ANOMALY
2026-02-23 15:30:00,15,0,184.29,1.657,275.78,0.903,49.974,VOLTAGE_ANOMALY
2026-02-23 15:45:00,15,0,176.61,1.44,244.83,0.963,50.008,VOLTAGE_ANOMALY
2026-02-23 16:00:00,16,0,176.05,2.126,344.01,0.919,49.978,VOLTAGE_ANOMALY
2026-02-23 16:15:00,16,0,188.31,3.498,613.32,0.931,50.068,VOLTAGE_ANOMALY
2026-02-23 16:30:00,16,0,257.88,1.319,331.97,0.976,50.081,VOLTAGE_ANOMALY
2026-02-23 16:45:00,16,0,278.17,1.276,321.91,0.907,49.968,VOLTAGE_ANOMALY
2026-02-23 17:00:00,17,0,185.93,4.039,736.76,0.981,50.015,VOLTAGE_ANOMALY
2026-02-23 17:15:00,17,0,194.3,4.757,902.03,0.976,49.99,VOLTAGE_ANOMALY
2026-02-23 17:30:00,17,0,261.53,2.697,656.73,0.931,50.067,VOLTAGE_ANOMALY
2026-02-23 17:45:00,17,0,274.03,3.712,991.84,0.975,49.972,VOLTAGE_ANOMALY
2026-02-23 18:00:00,18,0,275.75,3.153,818.2,0.941,49.981,VOLTAGE_ANOMALY
2026-02-23 18:15:00,18,0,182.05,5.634,969.25,0.945,49.935,VOLTAGE_ANOMALY
2026-02-23 18:30:00,18,0,171.25,3.387,534.76,0.922,49.989,VOLTAGE_ANOMALY
2026-02-23 18:45:00,18,0,255.4,4.244,995.06,0.918,50.002,VOLTAGE_ANOMALY
2026-02-23 19:00:00,19,0,193.45,3.943,689.52,0.904,50.027,VOLTAGE_ANOMALY
2026-02-23 19:15:00,19,0,271.56,3.039,746.14,0.904,50.045,VOLTAGE_ANOMALY
2026-02-23 19:30:00,19,0,276.39,3.777,978.28,0.937,49.966,VOLTAGE_ANOMALY
2026-02-23 19:45:00,19,0,272.17,2.208,584.84,0.973,49.972,VOLTAGE_ANOMALY
2026-02-23 20:00:00,20,0,262.04,3.151,816.66,0.989,50.044,VOLTAGE_ANOMALY
2026-02-23 20:15:00,20,0,191.57,4.065,742.93,0.954,50.011,VOLTAGE_ANOMALY
2026-02-23 20:30:00,20,0,278.02,3.932,1004.56,0.919,50.063,VOLTAGE_ANOMALY
2026-02-23 20:45:00,20,0,256.38,2.825,714.22,0.986,50.006,VOLTAGE_ANOMALY
2026-02-23 21:00:00,21,0,256.75,3.653,849.77,0.906,49.985,VOLTAGE_ANOMALY
2026-02-23 21:15:00,21,0,186.93,4.908,856.98,0.934,50.043,VOLTAGE_ANOMALY
2026-02-23 21:30:00,21,0,261.86,2.596,643.07,0.946,49.959,VOLTAGE_ANOMALY
2026-02-23 21:45:00,21,0,185.74,5.076,848.51,0.9,49.926,VOLTAGE_ANOMALY
2026-02-23 22:00:00,22,0,272.11,0.859,227.54,0.974,50.032,VOLTAGE_ANOMALY
2026-02-23 22:15:00,22,0,187.97,2.703,457.85,0.901,50.067,VOLTAGE_ANOMALY
2026-02-23 22:30:00,22,0,188.5,2.101,379.79,0.959,49.954,VOLTAGE_ANOMALY
2026-02-23 22:45:00,22,0,181.59,1.87,327.41,0.964,49.986,VOLTAGE_ANOMALY
2026-02-23 23:00:00,23,0,190.4,1.763,309.09,0.921,49.99,VOLTAGE_ANOMALY
2026-02-23 23:15:00,23,0,185.78,2.393,433.54,0.975,50.035,VOLTAGE_ANOMALY
2026-02-23 23:30:00,23,0,259.36,1.593,375.08,0.908,50.12,VOLTAGE_ANOMALY
2026-02-23 23:45:00,23,0,192.94,1.43,264.24,0.958,50.021,VOLTAGE_ANOMALY
2026-02-24 00:00:00,0,1,179.66,0.854,143.66,0.936,50.008,VOLTAGE_ANOMALY
2026-02-24 00:15:00,0,1,268.41,0.493,129.74,0.98,49.967,VOLTAGE_ANOMALY
2026-02-24 00:30:00,0,1,186.76,0.939,159.46,0.909,50.04,VOLTAGE_ANOMALY
2026-02-24 00:45:00,0,1,264.97,0.638,157.33,0.931,50.015,VOLTAGE_ANOMALY
2026-02-24 01:00:00,1,1,264.76,0.333,85.31,0.968,49.982,VOLTAGE_ANOMALY
2026-02-24 01:15:00,1,1,255.24,0.662,161.47,0.955,49.988,VOLTAGE_ANOMALY
2026-02-24 01:30:00,1,1,189.18,0.666,122.23,0.97,49.942,VOLTAGE_ANOMALY
2026-02-24 01:45:00,1,1,182.9,0.736,131.95,0.98,49.998,VOLTAGE_ANOMALY
2026-02-24 02:00:00,2,1,266.6,0.728,190.43,0.981,49.928,VOLTAGE_ANOMALY
2026-02-24 02:15:00,2,1,188.84,0.583,100.19,0.91,50.01,VOLTAGE_ANOMALY
2026-02-24 02:30:00,2,1,187.71,0.517,90.98,0.938,50.01,VOLTAGE_ANOMALY
2026-02-24 02:45:00,2,1,278.18,0.333,88.77,0.959,49.991,VOLTAGE_ANOMALY
2026-02-24 03:00:00,3,1,266.9,0.55,135.11,0.921,50.014,VOLTAGE_ANOMALY
2026-02-24 03:15:00,3,1,192.83,0.56,106.42,0.985,49.965,VOLTAGE_ANOMALY
2026-02-24 03:30:00,3,1,256.36,0.664,153.45,0.902,50.057,VOLTAGE_ANOMALY
2026-02-24 03:45:00,3,1,279.54,0.606,166.73,0.984,49.992,VOLTAGE_ANOMALY
2026-02-24 04:00:00,4,1,279.46,0.482,122.9,0.913,49.951,VOLTAGE_ANOMALY
2026-02-24 04:15:00,4,1,174.95,0.963,154.42,0.917,49.986,VOLTAGE_ANOMALY
2026-02-24 04:30:00,4,1,193.83,0.872,154.03,0.911,49.991,VOLTAGE_ANOMALY
2026-02-24 04:45:00,4,1,178.35,0.764,134.76,0.989,49.991,VOLTAGE_ANOMALY
2026-02-24 05:00:00,5,1,175.55,0.92,148.52,0.92,49.98,VOLTAGE_ANOMALY
2026-02-24 05:15:00,5,1,267.44,0.456,114.66,0.941,49.98,VOLTAGE_ANOMALY
2026-02-24 05:30:00,5,1,189.68,0.619,112.55,0.959,49.994,VOLTAGE_ANOMALY
2026-02-24 05:45:00,5,1,267.48,0.678,170.23,0.938,50.061,VOLTAGE_ANOMALY
2026-02-24 06:00:00,6,1,182.64,3.675,657.1,0.979,50.039,VOLTAGE_ANOMALY
2026-02-24 06:15:00,6,1,262.12,1.561,404.57,0.989,50.016,VOLTAGE_ANOMALY
2026-02-24 06:30:00,6,1,171.74,2.515,411.16,0.952,49.97,VOLTAGE_ANOMALY
2026-02-24 06:45:00,6,1,172.33,1.969,317.53,0.936,50.014,VOLTAGE_ANOMALY
2026-02-24 07:00:00,7,1,271.05,2.229,549.24,0.909,50.066,VOLTAGE_ANOMALY
2026-02-24 07:15:00,7,1,190.36,3.294,611.4,0.975,50.004,VOLTAGE_ANOMALY
2026-02-24 07:30:00,7,1,267.53,2.078,523.2,0.941,50.054,VOLTAGE_ANOMALY
2026-02-24 07:45:00,7,1,277.01,1.019,276.1,0.978,49.964,VOLTAGE_ANOMALY
2026-02-24 08:00:00,8,1,256.3,2.495,603.62,0.944,49.973,VOLTAGE_ANOMALY
2026-02-24 08:15:00,8,1,267.46,1.919,506.97,0.988,50.105,VOLTAGE_ANOMALY
2026-02-24 08:30:00,8,1,182.15,2.566,422.01,0.903,50.072,VOLTAGE_ANOMALY
2026-02-24 08:45:00,8,1,266.63,2.041,508.93,0.935,50.098,VOLTAGE_ANOMALY
2026-02-24 09:00:00,9,1,189.54,1.608,287.41,0.943,50.098,VOLTAGE_ANOMALY
2026-02-24 09:15:00,9,1,182.41,3.469,573.96,0.907,50.032,VOLTAGE_ANOMALY
2026-02-24 09:30:00,9,1,192.81,3.064,574.21,0.972,49.931,VOLTAGE_ANOMALY
2026-02-24 09:45:00,9,1,180.24,2.562,429.4,0.93,49.972,VOLTAGE_ANOMALY
2026-02-24 10:00:00,10,1,256.51,1.902,475.74,0.975,50.008,VOLTAGE_ANOMALY
2026-02-24 10:15:00,10,1,178.18,2.452,412.8,0.945,49.989,VOLTAGE_ANOMALY
2026-02-24 10:30:00,10,1,190.29,2.592,467.6,0.948,50.084,VOLTAGE_ANOMALY
2026-02-24 10:45:00,10,1,192.02,2.58,473.55,0.956,49.989,VOLTAGE_ANOMALY
2026-02-24 11:00:00,11,1,171.01,3.476,550.48,0.926,49.926,VOLTAGE_ANOMALY
2026-02-24 11:15:00,11,1,276.2,1.6,423.67,0.959,50.015,VOLTAGE_ANOMALY
2026-02-24 11:30:00,11,1,258.93,1.528,385.31,0.974,49.983,VOLTAGE_ANOMALY
2026-02-24 11:45:00,11,1,187.27,2.266,387.42,0.913,49.99,VOLTAGE_ANOMALY
2026-02-24 12:00:00,12,1,172.4,2.596,419.43,0.937,49.972,VOLTAGE_ANOMALY
2026-02-24 12:15:00,12,1,188.68,2.414,415.43,0.912,50.007,VOLTAGE_ANOMALY
2026-02-24 12:30:00,12,1,183.32,2.506,433.68,0.944,49.984,VOLTAGE_ANOMALY
2026-02-24 12:45:00,12,1,176.93,2.385,397.52,0.942,50.037,VOLTAGE_ANOMALY
2026-02-24 13:00:00,13,1,268.91,1.914,499.27,0.97,49.984,VOLTAGE_ANOMALY
2026-02-24 13:15:00,13,1,270.34,1.341,327.38,0.903,49.99,VOLTAGE_ANOMALY
2026-02-24 13:30:00,13,1,278.08,0.861,236.67,0.989,49.923,VOLTAGE_ANOMALY
2026-02-24 13:45:00,13,1,183.56,1.609,285.95,0.968,50.035,VOLTAGE_ANOMALY
2026-02-24 14:00:00,14,1,173.41,3.264,524.65,0.927,49.982,VOLTAGE_ANOMALY
2026-02-24 14:15:00,14,1,277.82,2.177,560.7,0.927,49.923,VOLTAGE_ANOMALY
2026-02-24 14:30:00,14,1,271.84,1.757,456.62,0.956,49.976,VOLTAGE_ANOMALY
2026-02-24 14:45:00,14,1,174.22,3.333,549.98,0.947,50.061,VOLTAGE_ANOMALY
2026-02-24 15:00:00,15,1,191.08,1.745,322.42,0.967,49.951,VOLTAGE_ANOMALY
2026-02-24 15:15:00,15,1,175.93,3.337,530.71,0.904,49.994,VOLTAGE_ANOMALY
2026-02-24 15:30:00,15,1,179.27,2.136,358.33,0.936,49.951,VOLTAGE_ANOMALY
2026-02-24 15:45:00,15,1,273.94,1.355,340.09,0.916,50.009,VOLTAGE_ANOMALY
2026-02-24 16:00:00,16,1,179.65,1.779,289.24,0.905,50.042,VOLTAGE_ANOMALY
2026-02-24 16:15:00,16,1,185.04,1.69,294.57,0.942,49.978,VOLTAGE_ANOMALY
2026-02-24 16:30:00,16,1,259.45,1.049,260.93,0.959,49.985,VOLTAGE_ANOMALY
2026-02-24 16:45:00,16,1,272.57,2.365,585.33,0.908,49.995,VOLTAGE_ANOMALY
2026-02-24 17:00:00,17,1,261.59,3.111,766.5,0.942,50.021,VOLTAGE_ANOMALY
2026-02-24 17:15:00,17,1,268.09,2.605,628.61,0.9,49.931,VOLTAGE_ANOMALY
2026-02-24 17:30:00,17,1,263.48,3.037,780.88,0.976,49.989,VOLTAGE_ANOMALY
2026-02-24 17:45:00,17,1,260.61,3.772,942.8,0.959,49.979,VOLTAGE_ANOMALY
2026-02-24 18:00:00,18,1,194.87,4.167,803.07,0.989,49.994,VOLTAGE_ANOMALY
2026-02-24 18:15:00,18,1,177.55,2.995,501.95,0.944,49.97,VOLTAGE_ANOMALY
2026-02-24 18:30:00,18,1,179.18,4.522,755.95,0.933,50.077,VOLTAGE_ANOMALY
2026-02-24 18:45:00,18,1,258.62,3.404,810.9,0.921,49.97,VOLTAGE_ANOMALY
2026-02-24 19:00:00,19,1,184.56,3.136,538.88,0.931,50.037,VOLTAGE_ANOMALY
2026-02-24 19:15:00,19,1,188.52,5.485,933.68,0.903,50.02,VOLTAGE_ANOMALY
2026-02-24 19:30:00,19,1,182.29,4.901,842.49,0.943,50.033,VOLTAGE_ANOMALY
2026-02-24 19:45:00,19,1,194.12,4.957,948.85,0.986,49.978,VOLTAGE_ANOMALY
2026-02-24 20:00:00,20,1,173.25,5.495,878.64,0.923,49.958,VOLTAGE_ANOMALY
2026-02-24 20:15:00,20,1,266.34,2.742,665.23,0.911,50.0,VOLTAGE_ANOMALY
2026-02-24 20:30:00,20,1,265.81,3.145,794.28,0.95,50.003,VOLTAGE_ANOMALY
2026-02-24 20:45:00,20,1,183.77,3.05,514.01,0.917,50.1,VOLTAGE_ANOMALY
2026-02-24 21:00:00,21,1,278.81,2.1,540.45,0.923,49.968,VOLTAGE_ANOMALY
2026-02-24 21:15:00,21,1,191.31,5.12,907.02,0.926,50.092,VOLTAGE_ANOMALY
2026-02-24 21:30:00,21,1,172.65,3.908,655.07,0.971,49.993,VOLTAGE_ANOMALY
2026-02-24 21:45:00,21,1,277.06,2.486,679.81,0.987,50.115,VOLTAGE_ANOMALY
2026-02-24 22:00:00,22,1,180.49,1.913,339.41,0.983,50.011,VOLTAGE_ANOMALY
2026-02-24 22:15:00,22,1,188.49,2.995,509.19,0.902,50.044,VOLTAGE_ANOMALY
2026-02-24 22:30:00,22,1,180.72,2.245,389.97,0.961,49.878,VOLTAGE_ANOMALY
2026-02-24 22:45:00,22,1,192.03,2.543,480.6,0.984,49.982,VOLTAGE_ANOMALY
2026-02-24 23:00:00,23,1,188.69,1.359,251.21,0.98,50.019,VOLTAGE_ANOMALY
2026-02-24 23:15:00,23,1,172.43,2.785,439.33,0.915,50.03,VOLTAGE_ANOMALY
2026-02-24 23:30:00,23,1,272.06,1.779,448.07,0.926,49.978,VOLTAGE_ANOMALY
2026-02-24 23:45:00,23,1,277.76,1.626,421.43,0.933,49.952,VOLTAGE_ANOMALY
2026-02-25 00:00:00,0,2,182.26,0.755,135.22,0.983,50.019,VOLTAGE_ANOMALY
2026-02-25 00:15:00,0,2,174.76,0.959,164.14,0.979,50.059,VOLTAGE_ANOMALY
2026-02-25 00:30:00,0,2,174.99,0.802,136.9,0.976,50.06,VOLTAGE_ANOMALY
2026-02-25 00:45:00,0,2,256.18,0.473,118.31,0.977,49.953,VOLTAGE_ANOMALY
2026-02-25 01:00:00,1,2,174.67,1.125,182.41,0.928,49.959,VOLTAGE_ANOMALY
2026-02-25 01:15:00,1,2,178.99,0.758,133.24,0.982,50.096,VOLTAGE_ANOMALY
2026-02-25 01:30:00,1,2,266.65,0.471,121.49,0.967,50.018,VOLTAGE_ANOMALY
2026-02-25 01:45:00,1,2,185.3,0.783,131.07,0.903,50.025,VOLTAGE_ANOMALY
2026-02-25 02:00:00,2,2,278.48,0.375,101.51,0.972,50.102,VOLTAGE_ANOMALY
2026-02-25 02:15:00,2,2,182.28,0.668,113.32,0.93,50.014,VOLTAGE_ANOMALY
2026-02-25 02:30:00,2,2,183.44,0.87,157.88,0.989,50.073,VOLTAGE_ANOMALY
2026-02-25 02:45:00,2,2,262.2,0.583,142.28,0.93,49.98,VOLTAGE_ANOMALY
2026-02-25 03:00:00,3,2,271.31,0.595,158.37,0.981,50.016,VOLTAGE_ANOMALY
2026-02-25 03:15:00,3,2,275.8,0.35,91.99,0.954,49.984,VOLTAGE_ANOMALY
2026-02-25 03:30:00,3,2,185.34,0.877,146.46,0.901,49.97,VOLTAGE_ANOMALY
2026-02-25 03:45:00,3,2,178.56,0.95,166.94,0.984,49.985,VOLTAGE_ANOMALY
2026-02-25 04:00:00,4,2,178.65,0.908,159.46,0.983,49.928,VOLTAGE_ANOMALY
2026-02-25 04:15:00,4,2,173.01,0.476,79.64,0.967,49.946,VOLTAGE_ANOMALY
2026-02-25 04:30:00,4,2,189.77,0.606,107.92,0.938,49.914,VOLTAGE_ANOMALY
2026-02-25 04:45:00,4,2,181.51,0.947,163.21,0.95,49.988,VOLTAGE_ANOMALY
2026-02-25 05:00:00,5,2,257.4,0.393,98.7,0.975,49.927,VOLTAGE_ANOMALY
2026-02-25 05:15:00,5,2,189.0,0.56,102.17,0.965,49.985,VOLTAGE_ANOMALY
2026-02-25 05:30:00,5,2,260.84,0.656,168.32,0.983,49.999,VOLTAGE_ANOMALY
2026-02-25 05:45:00,5,2,193.21,0.512,91.16,0.922,49.998,VOLTAGE_ANOMALY
2026-02-25 06:00:00,6,2,173.86,2.248,353.39,0.904,50.095,VOLTAGE_ANOMALY
2026-02-25 06:15:00,6,2,274.46,1.429,363.53,0.927,50.109,VOLTAGE_ANOMALY
2026-02-25 06:30:00,6,2,271.92,1.612,401.1,0.915,49.967,VOLTAGE_ANOMALY
2026-02-25 06:45:00,6,2,176.43,2.957,475.32,0.911,50.077,VOLTAGE_ANOMALY
2026-02-25 07:00:00,7,2,188.78,3.96,684.77,0.916,49.961,VOLTAGE_ANOMALY
2026-02-25 07:15:00,7,2,269.25,2.61,687.21,0.978,50.083,VOLTAGE_ANOMALY
2026-02-25 07:30:00,7,2,269.91,2.535,676.01,0.988,49.954,VOLTAGE_ANOMALY
2026-02-25 07:45:00,7,2,258.38,2.702,655.54,0.939,49.96,VOLTAGE_ANOMALY
2026-02-25 08:00:00,8,2,184.08,3.843,663.54,0.938,50.05,VOLTAGE_ANOMALY
2026-02-25 08:15:00,8,2,175.46,2.53,425.23,0.958,50.033,VOLTAGE_ANOMALY
2026-02-25 08:30:00,8,2,265.34,2.69,676.55,0.948,50.002,VOLTAGE_ANOMALY
2026-02-25 08:45:00,8,2,256.86,2.689,674.93,0.977,50.066,VOLTAGE_ANOMALY
2026-02-25 09:00:00,9,2,276.76,1.704,449.84,0.954,50.001,VOLTAGE_ANOMALY
2026-02-25 09:15:00,9,2,273.0,2.045,533.24,0.955,50.094,VOLTAGE_ANOMALY
2026-02-25 09:30:00,9,2,174.48,2.379,374.84,0.903,49.956,VOLTAGE_ANOMALY
2026-02-25 09:45:00,9,2,185.6,3.569,596.77,0.901,50.05,VOLTAGE_ANOMALY
2026-02-25 10:00:00,10,2,264.27,2.235,536.3,0.908,49.929,VOLTAGE_ANOMALY
2026-02-25 10:15:00,10,2,265.07,1.301,338.04,0.98,49.968,VOLTAGE_ANOMALY
2026-02-25 10:30:00,10,2,268.03,2.174,558.82,0.959,50.023,VOLTAGE_ANOMALY
2026-02-25 10:45:00,10,2,260.95,1.285,326.56,0.974,50.036,VOLTAGE_ANOMALY
2026-02-25 11:00:00,11,2,277.19,1.396,350.25,0.905,50.023,VOLTAGE_ANOMALY
2026-02-25 11:15:00,11,2,275.27,2.3,579.96,0.916,50.053,VOLTAGE_ANOMALY
2026-02-25 11:30:00,11,2,274.03,2.059,525.35,0.931,50.116,VOLTAGE_ANOMALY
2026-02-25 11:45:00,11,2,173.9,2.313,368.48,0.916,50.069,VOLTAGE_ANOMALY
2026-02-25 12:00:00,12,2,267.19,1.466,354.0,0.904,50.053,VOLTAGE_ANOMALY
2026-02-25 12:15:00,12,2,182.15,2.583,445.53,0.947,49.959,VOLTAGE_ANOMALY
2026-02-25 12:30:00,12,2,260.66,2.46,619.37,0.966,49.992,VOLTAGE_ANOMALY
2026-02-25 12:45:00,12,2,269.59,2.162,566.6,0.972,49.964,VOLTAGE_ANOMALY
2026-02-25 13:00:00,13,2,180.24,2.336,388.26,0.922,50.019,VOLTAGE_ANOMALY
2026-02-25 13:15:00,13,2,190.92,1.639,300.94,0.962,49.971,VOLTAGE_ANOMALY
2026-02-25 13:30:00,13,2,189.85,2.088,374.68,0.945,49.995,VOLTAGE_ANOMALY
2026-02-25 13:45:00,13,2,264.12,1.374,339.29,0.935,50.022,VOLTAGE_ANOMALY
2026-02-25 14:00:00,14,2,279.03,1.582,402.25,0.911,49.958,VOLTAGE_ANOMALY
2026-02-25 14:15:00,14,2,272.08,2.211,576.41,0.958,50.013,VOLTAGE_ANOMALY
2026-02-25 14:30:00,14,2,177.72,2.274,375.38,0.929,49.993,VOLTAGE_ANOMALY
2026-02-25 14:45:00,14,2,270.09,0.955,249.82,0.969,50.031,VOLTAGE_ANOMALY
2026-02-25 15:00:00,15,2,264.65,1.226,312.83,0.964,50.015,VOLTAGE_ANOMALY
2026-02-25 15:15:00,15,2,185.69,1.479,262.5,0.956,50.013,VOLTAGE_ANOMALY
2026-02-25 15:30:00,15,2,188.91,2.976,533.61,0.949,50.068,VOLTAGE_ANOMALY
2026-02-25 15:45:00,15,2,170.29,2.672,418.57,0.92,50.016,VOLTAGE_ANOMALY
2026-02-25 16:00:00,16,2,175.72,3.759,601.14,0.91,50.031,VOLTAGE_ANOMALY
2026-02-25 16:15:00,16,2,175.38,2.81,462.82,0.939,50.05,VOLTAGE_ANOMALY
2026-02-25 16:30:00,16,2,194.18,1.95,341.49,0.902,49.999,VOLTAGE_ANOMALY
2026-02-25 16:45:00,16,2,191.72,2.812,489.49,0.908,49.934,VOLTAGE_ANOMALY
2026-02-25 17:00:00,17,2,259.04,3.391,827.54,0.942,50.014,VOLTAGE_ANOMALY
2026-02-25 17:15:00,17,2,266.84,2.389,601.07,0.943,49.946,VOLTAGE_ANOMALY
2026-02-25 17:30:00,17,2,272.3,3.088,812.15,0.966,49.967,VOLTAGE_ANOMALY
2026-02-25 17:45:00,17,2,266.09,2.772,708.21,0.96,50.008,VOLTAGE_ANOMALY
2026-02-25 18:00:00,18,2,267.71,3.887,959.5,0.922,50.029,VOLTAGE_ANOMALY
2026-02-25 18:15:00,18,2,255.32,2.599,606.61,0.914,50.002,VOLTAGE_ANOMALY
2026-02-25 18:30:00,18,2,261.47,3.5,864.72,0.945,49.95,VOLTAGE_ANOMALY
2026-02-25 18:45:00,18,2,170.45,4.778,789.96,0.97,50.086,VOLTAGE_ANOMALY
2026-02-25 19:00:00,19,2,265.93,2.003,502.39,0.943,50.055,VOLTAGE_ANOMALY
2026-02-25 19:15:00,19,2,175.72,3.623,628.93,0.988,50.07,VOLTAGE_ANOMALY
2026-02-25 19:30:00,19,2,273.17,2.647,704.99,0.975,50.072,VOLTAGE_ANOMALY
2026-02-25 19:45:00,19,2,278.45,3.2,812.54,0.912,49.99,VOLTAGE_ANOMALY
2026-02-25 20:00:00,20,2,279.01,2.816,721.15,0.918,49.933,VOLTAGE_ANOMALY
2026-02-25 20:15:00,20,2,257.98,2.353,597.93,0.985,50.053,VOLTAGE_ANOMALY
2026-02-25 20:30:00,20,2,257.34,3.831,902.96,0.916,50.029,VOLTAGE_ANOMALY
2026-02-25 20:45:00,20,2,184.29,2.941,535.55,0.988,50.035,VOLTAGE_ANOMALY
2026-02-25 21:00:00,21,2,271.51,3.58,959.34,0.987,50.048,VOLTAGE_ANOMALY
2026-02-25 21:15:00,21,2,275.61,2.473,626.41,0.919,49.976,VOLTAGE_ANOMALY
2026-02-25 21:30:00,21,2,260.71,3.092,792.33,0.983,50.011,VOLTAGE_ANOMALY
2026-02-25 21:45:00,21,2,177.94,5.143,848.26,0.927,49.989,VOLTAGE_ANOMALY
2026-02-25 22:00:00,22,2,268.05,1.898,485.42,0.954,49.948,VOLTAGE_ANOMALY
2026-02-25 22:15:00,22,2,266.51,1.988,484.9,0.915,50.018,VOLTAGE_ANOMALY
2026-02-25 22:30:00,22,2,267.33,1.535,400.82,0.977,49.917,VOLTAGE_ANOMALY
2026-02-25 22:45:00,22,2,172.0,2.642,448.96,0.988,49.976,VOLTAGE_ANOMALY
2026-02-25 23:00:00,23,2,187.68,2.049,354.16,0.921,49.958,VOLTAGE_ANOMALY
2026-02-25 23:15:00,23,2,176.82,1.505,247.55,0.93,50.032,VOLTAGE_ANOMALY
2026-02-25 23:30:00,23,2,192.02,1.165,206.11,0.921,50.082,VOLTAGE_ANOMALY
2026-02-25 23:45:00,23,2,171.66,2.64,430.92,0.951,49.993,VOLTAGE_ANOMALY
2026-02-26 00:00:00,0,3,183.82,1.035,173.46,0.912,49.945,VOLTAGE_ANOMALY
2026-02-26 00:15:00,0,3,278.52,0.373,97.22,0.935,49.995,VOLTAGE_ANOMALY
2026-02-26 00:30:00,0,3,178.7,1.009,177.41,0.984,49.954,VOLTAGE_ANOMALY
2026-02-26 00:45:00,0,3,186.46,0.665,120.62,0.973,50.008,VOLTAGE_ANOMALY
2026-02-26 01:00:00,1,3,271.57,0.576,142.51,0.911,50.045,VOLTAGE_ANOMALY
2026-02-26 01:15:00,1,3,271.38,0.194,52.14,0.988,50.105,VOLTAGE_ANOMALY
2026-02-26 01:30:00,1,3,180.91,0.587,105.04,0.989,50.022,VOLTAGE_ANOMALY
2026-02-26 01:45:00,1,3,177.27,0.448,77.25,0.973,50.015,VOLTAGE_ANOMALY
2026-02-26 02:00:00,2,3,258.99,0.632,161.28,0.986,50.034,VOLTAGE_ANOMALY
2026-02-26 02:15:00,2,3,184.75,0.829,140.05,0.914,50.054,VOLTAGE_ANOMALY
2026-02-26 02:30:00,2,3,277.47,0.376,100.7,0.966,49.95,VOLTAGE_ANOMALY
2026-02-26 02:45:00,2,3,177.02,0.731,125.56,0.97,50.009,VOLTAGE_ANOMALY
2026-02-26 03:00:00,3,3,190.84,0.977,171.24,0.918,50.035,VOLTAGE_ANOMALY
2026-02-26 03:15:00,3,3,269.19,0.366,89.94,0.913,50.028,VOLTAGE_ANOMALY
2026-02-26 03:30:00,3,3,267.82,0.551,141.73,0.961,50.028,VOLTAGE_ANOMALY
2026-02-26 03:45:00,3,3,173.8,0.728,118.56,0.937,50.038,VOLTAGE_ANOMALY
2026-02-26 04:00:00,4,3,188.93,0.801,139.76,0.924,50.046,VOLTAGE_ANOMALY
2026-02-26 04:15:00,4,3,272.8,0.559,148.08,0.971,50.03,VOLTAGE_ANOMALY
2026-02-26 04:30:00,4,3,257.95,0.378,95.26,0.978,50.057,VOLTAGE_ANOMALY
2026-02-26 04:45:00,4,3,272.15,0.521,138.93,0.98,50.047,VOLTAGE_ANOMALY
2026-02-26 05:00:00,5,3,182.67,0.598,100.66,0.922,49.945,VOLTAGE_ANOMALY
2026-02-26 05:15:00,5,3,170.46,1.038,164.36,0.929,50.142,VOLTAGE_ANOMALY
2026-02-26 05:30:00,5,3,270.17,0.577,154.11,0.989,49.953,VOLTAGE_ANOMALY
2026-02-26 05:45:00,5,3,186.93,0.519,89.75,0.925,49.938,VOLTAGE_ANOMALY
2026-02-26 06:00:00,6,3,191.93,2.948,533.62,0.943,49.986,VOLTAGE_ANOMALY
2026-02-26 06:15:00,6,3,172.03,2.607,443.47,0.989,50.003,VOLTAGE_ANOMALY
2026-02-26 06:30:00,6,3,178.71,2.696,468.87,0.973,50.095,VOLTAGE_ANOMALY
2026-02-26 06:45:00,6,3,191.16,3.789,674.31,0.931,50.109,VOLTAGE_ANOMALY
2026-02-26 07:00:00,7,3,189.94,2.669,478.12,0.943,49.897,VOLTAGE_ANOMALY
2026-02-26 07:15:00,7,3,273.07,2.067,527.82,0.935,50.013,VOLTAGE_ANOMALY
2026-02-26 07:30:00,7,3,190.25,3.735,657.92,0.926,49.996,VOLTAGE_ANOMALY
2026-02-26 07:45:00,7,3,176.42,3.564,621.86,0.989,50.075,VOLTAGE_ANOMALY
2026-02-26 08:00:00,8,3,277.77,1.704,433.08,0.915,49.971,VOLTAGE_ANOMALY
2026-02-26 08:15:00,8,3,262.72,2.045,487.89,0.908,49.938,VOLTAGE_ANOMALY
2026-02-26 08:30:00,8,3,175.11,3.095,512.21,0.945,50.005,VOLTAGE_ANOMALY
2026-02-26 08:45:00,8,3,261.17,2.394,586.49,0.938,50.027,VOLTAGE_ANOMALY
2026-02-26 09:00:00,9,3,176.22,2.568,445.25,0.984,49.999,VOLTAGE_ANOMALY
2026-02-26 09:15:00,9,3,266.29,1.085,269.9,0.934,50.104,VOLTAGE_ANOMALY
2026-02-26 09:30:00,9,3,181.12,3.691,602.96,0.902,49.962,VOLTAGE_ANOMALY
2026-02-26 09:45:00,9,3,266.57,1.953,494.56,0.95,49.933,VOLTAGE_ANOMALY
2026-02-26 10:00:00,10,3,188.69,2.165,374.57,0.917,49.961,VOLTAGE_ANOMALY
2026-02-26 10:15:00,10,3,188.83,3.143,544.75,0.918,50.025,VOLTAGE_ANOMALY
2026-02-26 10:30:00,10,3,259.51,1.28,311.28,0.937,50.04,VOLTAGE_ANOMALY
2026-02-26 10:45:00,10,3,274.21,1.734,428.3,0.901,50.04,VOLTAGE_ANOMALY
2026-02-26 11:00:00,11,3,255.78,2.322,572.44,0.964,50.02,VOLTAGE_ANOMALY
2026-02-26 11:15:00,11,3,255.59,1.437,363.63,0.99,49.989,VOLTAGE_ANOMALY
2026-02-26 11:30:00,11,3,265.82,2.372,577.51,0.916,50.053,VOLTAGE_ANOMALY
2026-02-26 11:45:00,11,3,176.7,3.272,541.15,0.936,50.042,VOLTAGE_ANOMALY
2026-02-26 12:00:00,12,3,185.77,2.308,387.19,0.903,50.037,VOLTAGE_ANOMALY
2026-02-26 12:15:00,12,3,187.16,2.441,416.16,0.911,49.939,VOLTAGE_ANOMALY
2026-02-26 12:30:00,12,3,190.82,2.337,422.77,0.948,49.96,VOLTAGE_ANOMALY
2026-02-26 12:45:00,12,3,279.74,1.546,420.42,0.972,50.006,VOLTAGE_ANOMALY
2026-02-26 13:00:00,13,3,176.82,1.915,320.02,0.945,49.988,VOLTAGE_ANOMALY
2026-02-26 13:15:00,13,3,183.57,2.799,497.29,0.968,50.028,VOLTAGE_ANOMALY
2026-02-26 13:30:00,13,3,170.4,3.465,541.48,0.917,49.976,VOLTAGE_ANOMALY
2026-02-26 13:45:00,13,3,267.72,2.084,519.49,0.931,50.01,VOLTAGE_ANOMALY
2026-02-26 14:00:00,14,3,263.06,2.198,522.8,0.904,49.993,VOLTAGE_ANOMALY
2026-02-26 14:15:00,14,3,276.37,1.123,288.1,0.928,49.977,VOLTAGE_ANOMALY
2026-02-26 14:30:00,14,3,174.89,2.16,355.77,0.942,49.976,VOLTAGE_ANOMALY
2026-02-26 14:45:00,14,3,193.44,1.657,292.68,0.913,50.024,VOLTAGE_ANOMALY
2026-02-26 15:00:00,15,3,183.0,2.472,443.8,0.981,49.995,VOLTAGE_ANOMALY
2026-02-26 15:15:00,15,3,267.14,1.384,339.03,0.917,50.037,VOLTAGE_ANOMALY
2026-02-26 15:30:00,15,3,259.21,2.158,535.87,0.958,49.947,VOLTAGE_ANOMALY
2026-02-26 15:45:00,15,3,174.31,3.046,506.59,0.954,50.014,VOLTAGE_ANOMALY
2026-02-26 16:00:00,16,3,175.46,1.623,281.64,0.989,49.947,VOLTAGE_ANOMALY
2026-02-26 16:15:00,16,3,190.89,2.497,442.33,0.928,49.929,VOLTAGE_ANOMALY
2026-02-26 16:30:00,16,3,178.19,3.294,545.24,0.929,49.948,VOLTAGE_ANOMALY
2026-02-26 16:45:00,16,3,255.05,2.321,544.58,0.92,50.084,VOLTAGE_ANOMALY
2026-02-26 17:00:00,17,3,174.54,6.123,986.41,0.923,50.007,VOLTAGE_ANOMALY
2026-02-26 17:15:00,17,3,277.09,2.536,685.25,0.975,50.031,VOLTAGE_ANOMALY
2026-02-26 17:30:00,17,3,185.95,4.853,866.38,0.96,50.054,VOLTAGE_ANOMALY
2026-02-26 17:45:00,17,3,278.95,1.881,507.39,0.967,50.039,VOLTAGE_ANOMALY
2026-02-26 18:00:00,18,3,270.34,3.827,935.38,0.904,49.984,VOLTAGE_ANOMALY
2026-02-26 18:15:00,18,3,255.03,4.197,966.52,0.903,49.997,VOLTAGE_ANOMALY
2026-02-26 18:30:00,18,3,190.41,4.132,757.63,0.963,50.002,VOLTAGE_ANOMALY
2026-02-26 18:45:00,18,3,187.61,3.339,580.78,0.927,49.95,VOLTAGE_ANOMALY
2026-02-26 19:00:00,19,3,263.04,3.577,919.27,0.977,49.89,VOLTAGE_ANOMALY
2026-02-26 19:15:00,19,3,192.07,5.229,951.06,0.947,49.909,VOLTAGE_ANOMALY
2026-02-26 19:30:00,19,3,268.11,2.307,557.21,0.901,49.991,VOLTAGE_ANOMALY
2026-02-26 19:45:00,19,3,272.04,2.545,648.13,0.936,49.974,VOLTAGE_ANOMALY
2026-02-26 20:00:00,20,3,176.29,5.994,979.57,0.927,49.945,VOLTAGE_ANOMALY
2026-02-26 20:15:00,20,3,265.31,2.592,629.18,0.915,50.08,VOLTAGE_ANOMALY
2026-02-26 20:30:00,20,3,261.38,3.406,856.44,0.962,49.998,VOLTAGE_ANOMALY
2026-02-26 20:45:00,20,3,267.06,2.678,703.02,0.983,49.961,VOLTAGE_ANOMALY
2026-02-26 21:00:00,21,3,183.93,4.862,849.6,0.95,50.009,VOLTAGE_ANOMALY
2026-02-26 21:15:00,21,3,275.67,3.435,908.05,0.959,49.959,VOLTAGE_ANOMALY
2026-02-26 21:30:00,21,3,192.68,5.66,996.8,0.914,49.972,VOLTAGE_ANOMALY
2026-02-26 21:45:00,21,3,187.93,3.912,696.93,0.948,50.036,VOLTAGE_ANOMALY
2026-02-26 22:00:00,22,3,176.27,2.608,428.96,0.933,49.999,VOLTAGE_ANOMALY
2026-02-26 22:15:00,22,3,273.26,1.625,405.4,0.913,49.982,VOLTAGE_ANOMALY
2026-02-26 22:30:00,22,3,261.67,1.354,335.4,0.947,50.048,VOLTAGE_ANOMALY
2026-02-26 22:45:00,22,3,193.46,2.396,428.74,0.925,49.926,VOLTAGE_ANOMALY
2026-02-26 23:00:00,23,3,172.86,1.463,246.07,0.973,50.021,VOLTAGE_ANOMALY
2026-02-26 23:15:00,23,3,269.32,1.752,435.44,0.923,50.068,VOLTAGE_ANOMALY
2026-02-26 23:30:00,23,3,170.19,1.982,326.25,0.967,49.972,VOLTAGE_ANOMALY
2026-02-26 23:45:00,23,3,261.38,1.796,442.14,0.942,49.97,VOLTAGE_ANOMALY
2026-02-27 00:00:00,0,4,172.13,0.639,102.7,0.934,50.01,VOLTAGE_ANOMALY
2026-02-27 00:15:00,0,4,186.99,0.972,165.2,0.909,50.066,VOLTAGE_ANOMALY
2026-02-27 00:30:00,0,4,177.07,0.903,153.44,0.96,49.92,VOLTAGE_ANOMALY
2026-02-27 00:45:00,0,4,172.13,1.065,180.51,0.985,50.026,VOLTAGE_ANOMALY
2026-02-27 01:00:00,1,4,172.69,0.546,88.86,0.942,50.016,VOLTAGE_ANOMALY
2026-02-27 01:15:00,1,4,262.97,0.36,88.12,0.93,49.916,VOLTAGE_ANOMALY
2026-02-27 01:30:00,1,4,194.69,0.727,137.74,0.973,50.047,VOLTAGE_ANOMALY
2026-02-27 01:45:00,1,4,269.71,0.496,131.78,0.986,50.052,VOLTAGE_ANOMALY
2026-02-27 02:00:00,2,4,270.72,0.364,94.4,0.958,50.004,VOLTAGE_ANOMALY
2026-02-27 02:15:00,2,4,264.84,0.661,164.6,0.94,49.961,VOLTAGE_ANOMALY
2026-02-27 02:30:00,2,4,266.08,0.359,91.23,0.956,50.052,VOLTAGE_ANOMALY
2026-02-27 02:45:00,2,4,187.63,0.937,173.66,0.988,49.966,VOLTAGE_ANOMALY
2026-02-27 03:00:00,3,4,177.16,0.531,87.28,0.927,49.946,VOLTAGE_ANOMALY
2026-02-27 03:15:00,3,4,181.55,0.892,154.83,0.956,49.974,VOLTAGE_ANOMALY
2026-02-27 03:30:00,3,4,262.46,0.462,117.62,0.969,50.006,VOLTAGE_ANOMALY
2026-02-27 03:45:00,3,4,275.25,0.663,175.97,0.964,49.929,VOLTAGE_ANOMALY
2026-02-27 04:00:00,4,4,189.19,0.43,76.31,0.939,49.984,VOLTAGE_ANOMALY
2026-02-27 04:15:00,4,4,174.78,0.855,138.91,0.93,49.942,VOLTAGE_ANOMALY
2026-02-27 04:30:00,4,4,259.73,0.296,70.42,0.917,50.044,VOLTAGE_ANOMALY
2026-02-27 04:45:00,4,4,273.96,0.651,162.16,0.909,49.99,VOLTAGE_ANOMALY
2026-02-27 05:00:00,5,4,263.4,0.429,102.39,0.907,50.062,VOLTAGE_ANOMALY
2026-02-27 05:15:00,5,4,184.63,0.919,162.21,0.956,50.043,VOLTAGE_ANOMALY
2026-02-27 05:30:00,5,4,274.44,0.411,103.18,0.915,50.066,VOLTAGE_ANOMALY
2026-02-27 05:45:00,5,4,277.04,0.448,122.65,0.989,49.959,VOLTAGE_ANOMALY
2026-02-27 06:00:00,6,4,270.54,2.294,600.74,0.968,49.99,VOLTAGE_ANOMALY
2026-02-27 06:15:00,6,4,180.84,3.098,554.01,0.989,50.034,VOLTAGE_ANOMALY
2026-02-27 06:30:00,6,4,186.03,2.419,406.31,0.903,49.882,VOLTAGE_ANOMALY
2026-02-27 06:45:00,6,4,260.56,2.557,632.98,0.95,49.967,VOLTAGE_ANOMALY
2026-02-27 07:00:00,7,4,174.99,2.146,348.09,0.927,49.989,VOLTAGE_ANOMALY
2026-02-27 07:15:00,7,4,174.37,2.417,388.65,0.922,50.02,VOLTAGE_ANOMALY
2026-02-27 07:30:00,7,4,189.26,1.889,324.3,0.907,49.964,VOLTAGE_ANOMALY
2026-02-27 07:45:00,7,4,174.72,2.736,459.89,0.962,49.966,VOLTAGE_ANOMALY
2026-02-27 08:00:00,8,4,259.63,1.998,497.04,0.958,50.036,VOLTAGE_ANOMALY
2026-02-27 08:15:00,8,4,194.65,2.426,458.11,0.97,49.97,VOLTAGE_ANOMALY
2026-02-27 08:30:00,8,4,261.52,2.29,557.57,0.931,49.966,VOLTAGE_ANOMALY
2026-02-27 08:45:00,8,4,187.0,1.805,321.04,0.951,49.995,VOLTAGE_ANOMALY
2026-02-27 09:00:00,9,4,278.61,2.111,568.69,0.967,50.082,VOLTAGE_ANOMALY
2026-02-27 09:15:00,9,4,180.31,3.121,510.4,0.907,49.92,VOLTAGE_ANOMALY
2026-02-27 09:30:00,9,4,261.59,1.922,472.73,0.94,50.044,VOLTAGE_ANOMALY
2026-02-27 09:45:00,9,4,256.45,1.785,414.21,0.905,49.972,VOLTAGE_ANOMALY
2026-02-27 10:00:00,10,4,271.99,2.262,577.73,0.939,50.014,VOLTAGE_ANOMALY
2026-02-27 10:15:00,10,4,184.4,1.779,312.06,0.951,49.932,VOLTAGE_ANOMALY
2026-02-27 10:30:00,10,4,258.56,2.132,500.58,0.908,49.926,VOLTAGE_ANOMALY
2026-02-27 10:45:00,10,4,185.28,2.918,504.98,0.934,50.006,VOLTAGE_ANOMALY
2026-02-27 11:00:00,11,4,187.14,1.959,331.48,0.904,49.998,VOLTAGE_ANOMALY
2026-02-27 11:15:00,11,4,181.03,2.547,420.03,0.911,49.935,VOLTAGE_ANOMALY
2026-02-27 11:30:00,11,4,194.85,2.612,494.21,0.971,50.09,VOLTAGE_ANOMALY
2026-02-27 11:45:00,11,4,194.39,2.215,417.29,0.969,49.938,VOLTAGE_ANOMALY
2026-02-27 12:00:00,12,4,192.1,2.521,456.64,0.943,50.011,VOLTAGE_ANOMALY
2026-02-27 12:15:00,12,4,263.74,2.211,569.03,0.976,49.9,VOLTAGE_ANOMALY
2026-02-27 12:30:00,12,4,170.16,1.892,301.72,0.937,49.931,VOLTAGE_ANOMALY
2026-02-27 12:45:00,12,4,275.62,1.788,487.31,0.989,50.047,VOLTAGE_ANOMALY
2026-02-27 13:00:00,13,4,171.69,3.501,560.76,0.933,50.03,VOLTAGE_ANOMALY
2026-02-27 13:15:00,13,4,186.87,2.713,483.63,0.954,50.04,VOLTAGE_ANOMALY
2026-02-27 13:30:00,13,4,173.23,3.445,567.49,0.951,49.957,VOLTAGE_ANOMALY
2026-02-27 13:45:00,13,4,181.7,1.653,277.44,0.924,49.926,VOLTAGE_ANOMALY
2026-02-27 14:00:00,14,4,174.67,3.047,522.12,0.981,49.967,VOLTAGE_ANOMALY
2026-02-27 14:15:00,14,4,264.36,1.254,320.18,0.966,49.999,VOLTAGE_ANOMALY
2026-02-27 14:30:00,14,4,269.04,0.996,245.27,0.915,50.005,VOLTAGE_ANOMALY
2026-02-27 14:45:00,14,4,262.5,2.299,557.1,0.923,50.046,VOLTAGE_ANOMALY
2026-02-27 15:00:00,15,4,274.12,2.294,577.27,0.918,49.988,VOLTAGE_ANOMALY
2026-02-27 15:15:00,15,4,171.56,2.639,412.94,0.912,50.038,VOLTAGE_ANOMALY
2026-02-27 15:30:00,15,4,193.73,2.01,383.13,0.984,49.966,VOLTAGE_ANOMALY
2026-02-27 15:45:00,15,4,193.9,3.298,598.57,0.936,50.042,VOLTAGE_ANOMALY
2026-02-27 16:00:00,16,4,257.9,1.353,332.47,0.953,49.983,VOLTAGE_ANOMALY
2026-02-27 16:15:00,16,4,183.08,2.557,432.5,0.924,49.959,VOLTAGE_ANOMALY
2026-02-27 16:30:00,16,4,181.71,1.541,271.11,0.968,50.02,VOLTAGE_ANOMALY
2026-02-27 16:45:00,16,4,188.38,2.016,345.29,0.909,49.961,VOLTAGE_ANOMALY
2026-02-27 17:00:00,17,4,177.88,4.109,691.36,0.946,50.061,VOLTAGE_ANOMALY
2026-02-27 17:15:00,17,4,264.05,3.367,807.26,0.908,49.96,VOLTAGE_ANOMALY
2026-02-27 17:30:00,17,4,268.66,3.194,778.32,0.907,49.958,VOLTAGE_ANOMALY
2026-02-27 17:45:00,17,4,178.29,3.169,545.86,0.966,49.932,VOLTAGE_ANOMALY
2026-02-27 18:00:00,18,4,275.17,3.701,963.36,0.946,49.977,VOLTAGE_ANOMALY
2026-02-27 18:15:00,18,4,278.13,2.074,524.93,0.91,50.001,VOLTAGE_ANOMALY
2026-02-27 18:30:00,18,4,260.42,4.015,948.38,0.907,49.953,VOLTAGE_ANOMALY
2026-02-27 18:45:00,18,4,264.53,2.889,741.26,0.97,50.076,VOLTAGE_ANOMALY
2026-02-27 19:00:00,19,4,175.63,5.199,901.26,0.987,49.962,VOLTAGE_ANOMALY
2026-02-27 19:15:00,19,4,276.33,3.237,821.21,0.918,50.136,VOLTAGE_ANOMALY
2026-02-27 19:30:00,19,4,174.21,3.966,635.7,0.92,49.944,VOLTAGE_ANOMALY
2026-02-27 19:45:00,19,4,273.46,2.806,704.32,0.918,49.947,VOLTAGE_ANOMALY
2026-02-27 20:00:00,20,4,181.73,4.065,706.17,0.956,50.028,VOLTAGE_ANOMALY
2026-02-27 20:15:00,20,4,260.61,3.632,904.78,0.956,50.059,VOLTAGE_ANOMALY
2026-02-27 20:30:00,20,4,184.31,4.317,755.95,0.95,49.984,VOLTAGE_ANOMALY
2026-02-27 20:45:00,20,4,271.22,2.603,663.56,0.94,49.968,VOLTAGE_ANOMALY
2026-02-27 21:00:00,21,4,193.28,3.103,564.37,0.941,50.031,VOLTAGE_ANOMALY
2026-02-27 21:15:00,21,4,192.65,4.518,859.01,0.987,50.022,VOLTAGE_ANOMALY
2026-02-27 21:30:00,21,4,276.75,2.348,623.86,0.96,49.996,VOLTAGE_ANOMALY
2026-02-27 21:45:00,21,4,190.94,3.044,560.87,0.965,50.029,VOLTAGE_ANOMALY
2026-02-27 22:00:00,22,4,192.43,1.904,344.43,0.94,49.996,VOLTAGE_ANOMALY
2026-02-27 22:15:00,22,4,186.53,2.579,435.78,0.906,49.875,VOLTAGE_ANOMALY
2026-02-27 22:30:00,22,4,264.98,1.43,351.14,0.927,49.985,VOLTAGE_ANOMALY
2026-02-27 22:45:00,22,4,180.02,2.552,453.94,0.988,50.026,VOLTAGE_ANOMALY
2026-02-27 23:00:00,23,4,185.5,1.436,243.45,0.914,49.972,VOLTAGE_ANOMALY
2026-02-27 23:15:00,23,4,273.42,0.943,237.9,0.923,50.098,VOLTAGE_ANOMALY
2026-02-27 23:30:00,23,4,188.35,1.22,224.81,0.978,49.962,VOLTAGE_ANOMALY
2026-02-27 23:45:00,23,4,268.82,1.441,378.36,0.977,49.909,VOLTAGE_ANOMALY
2026-02-28 00:00:00,0,5,264.4,0.391,97.78,0.947,49.986,VOLTAGE_ANOMALY
2026-02-28 00:15:00,0,5,257.18,0.426,103.96,0.949,50.002,VOLTAGE_ANOMALY
2026-02-28 00:30:00,0,5,272.21,0.691,174.41,0.927,49.94,VOLTAGE_ANOMALY
2026-02-28 00:45:00,0,5,187.85,1.036,184.31,0.947,50.025,VOLTAGE_ANOMALY
2026-02-28 01:00:00,1,5,263.8,0.407,100.98,0.941,50.084,VOLTAGE_ANOMALY
2026-02-28 01:15:00,1,5,271.98,0.67,173.4,0.951,49.944,VOLTAGE_ANOMALY
2026-02-28 01:30:00,1,5,268.87,0.379,96.87,0.951,50.021,VOLTAGE_ANOMALY
2026-02-28 01:45:00,1,5,186.69,0.95,163.15,0.92,50.038,VOLTAGE_ANOMALY
2026-02-28 02:00:00,2,5,260.69,0.413,104.42,0.971,50.047,VOLTAGE_ANOMALY
2026-02-28 02:15:00,2,5,192.9,0.85,160.98,0.982,49.983,VOLTAGE_ANOMALY
2026-02-28 02:30:00,2,5,259.39,0.411,103.16,0.967,49.96,VOLTAGE_ANOMALY
2026-02-28 02:45:00,2,5,182.6,0.679,112.89,0.911,50.085,VOLTAGE_ANOMALY
2026-02-28 03:00:00,3,5,265.61,0.413,105.45,0.962,50.137,VOLTAGE_ANOMALY
2026-02-28 03:15:00,3,5,176.65,0.753,130.15,0.979,50.105,VOLTAGE_ANOMALY
2026-02-28 03:30:00,3,5,257.13,0.395,99.43,0.979,50.093,VOLTAGE_ANOMALY
2026-02-28 03:45:00,3,5,189.97,0.465,87.19,0.987,49.949,VOLTAGE_ANOMALY
2026-02-28 04:00:00,4,5,266.24,0.676,165.86,0.921,50.05,VOLTAGE_ANOMALY
2026-02-28 04:15:00,4,5,172.3,1.101,172.79,0.911,50.037,VOLTAGE_ANOMALY
2026-02-28 04:30:00,4,5,190.39,0.903,167.75,0.976,49.978,VOLTAGE_ANOMALY
2026-02-28 04:45:00,4,5,257.08,0.687,169.55,0.96,49.959,VOLTAGE_ANOMALY
2026-02-28 05:00:00,5,5,172.77,0.987,163.89,0.961,50.007,VOLTAGE_ANOMALY
2026-02-28 05:15:00,5,5,275.74,0.443,114.9,0.941,49.983,VOLTAGE_ANOMALY
2026-02-28 05:30:00,5,5,188.6,1.022,173.65,0.901,49.98,VOLTAGE_ANOMALY
2026-02-28 05:45:00,5,5,180.43,0.572,95.83,0.929,50.034,VOLTAGE_ANOMALY
2026-02-28 06:00:00,6,5,262.2,1.882,486.16,0.985,50.061,VOLTAGE_ANOMALY
2026-02-28 06:15:00,6,5,259.97,2.147,523.65,0.938,50.005,VOLTAGE_ANOMALY
2026-02-28 06:30:00,6,5,266.45,1.312,341.18,0.976,50.022,VOLTAGE_ANOMALY
2026-02-28 06:45:00,6,5,185.2,2.156,376.96,0.944,50.119,VOLTAGE_ANOMALY
2026-02-28 07:00:00,7,5,176.55,3.08,505.66,0.93,49.975,VOLTAGE_ANOMALY
2026-02-28 07:15:00,7,5,272.46,2.474,645.04,0.957,49.945,VOLTAGE_ANOMALY
2026-02-28 07:30:00,7,5,267.14,1.527,372.94,0.914,50.087,VOLTAGE_ANOMALY
2026-02-28 07:45:00,7,5,267.02,2.297,596.06,0.972,49.96,VOLTAGE_ANOMALY
2026-02-28 08:00:00,8,5,260.63,2.529,633.34,0.961,50.035,VOLTAGE_ANOMALY
2026-02-28 08:15:00,8,5,270.76,2.345,616.52,0.971,49.991,VOLTAGE_ANOMALY
2026-02-28 08:30:00,8,5,173.62,3.996,642.52,0.926,49.942,VOLTAGE_ANOMALY
2026-02-28 08:45:00,8,5,194.07,2.0,374.19,0.964,49.976,VOLTAGE_ANOMALY
2026-02-28 09:00:00,9,5,184.82,2.959,493.22,0.902,49.954,VOLTAGE_ANOMALY
2026-02-28 09:15:00,9,5,276.73,1.315,330.42,0.908,49.966,VOLTAGE_ANOMALY
2026-02-28 09:30:00,9,5,258.64,1.603,384.68,0.928,49.999,VOLTAGE_ANOMALY
2026-02-28 09:45:00,9,5,170.84,1.757,281.81,0.939,50.063,VOLTAGE_ANOMALY
2026-02-28 10:00:00,10,5,194.25,2.318,425.05,0.944,50.03,VOLTAGE_ANOMALY
2026-02-28 10:15:00,10,5,171.41,3.697,588.11,0.928,50.038,VOLTAGE_ANOMALY
2026-02-28 10:30:00,10,5,268.25,2.011,497.79,0.923,50.063,VOLTAGE_ANOMALY
2026-02-28 10:45:00,10,5,179.13,2.908,488.54,0.938,50.064,VOLTAGE_ANOMALY
2026-02-28 11:00:00,11,5,171.34,1.845,293.29,0.928,49.994,VOLTAGE_ANOMALY
2026-02-28 11:15:00,11,5,189.89,3.056,554.76,0.956,50.034,VOLTAGE_ANOMALY
2026-02-28 11:30:00,11,5,186.85,2.897,510.94,0.944,50.06,VOLTAGE_ANOMALY
2026-02-28 11:45:00,11,5,272.63,1.462,389.39,0.977,50.035,VOLTAGE_ANOMALY
2026-02-28 12:00:00,12,5,187.02,2.02,347.25,0.919,50.019,VOLTAGE_ANOMALY
2026-02-28 12:15:00,12,5,177.08,2.898,497.24,0.969,49.998,VOLTAGE_ANOMALY
2026-02-28 12:30:00,12,5,256.94,2.139,521.62,0.949,50.017,VOLTAGE_ANOMALY
2026-02-28 12:45:00,12,5,276.56,1.48,401.4,0.981,49.973,VOLTAGE_ANOMALY
2026-02-28 13:00:00,13,5,178.79,1.456,240.0,0.922,50.021,VOLTAGE_ANOMALY
2026-02-28 13:15:00,13,5,171.29,3.239,532.03,0.959,49.988,VOLTAGE_ANOMALY
2026-02-28 13:30:00,13,5,261.98,2.535,603.78,0.909,50.039,VOLTAGE_ANOMALY
2026-02-28 13:45:00,13,5,279.13,1.214,315.9,0.932,49.998,VOLTAGE_ANOMALY
2026-02-28 14:00:00,14,5,270.9,1.28,323.2,0.932,49.975,VOLTAGE_ANOMALY
2026-02-28 14:15:00,14,5,178.21,1.715,279.04,0.913,50.05,VOLTAGE_ANOMALY
2026-02-28 14:30:00,14,5,176.28,1.767,300.82,0.966,49.912,VOLTAGE_ANOMALY
2026-02-28 14:45:00,14,5,175.51,2.693,466.54,0.987,49.963,VOLTAGE_ANOMALY
2026-02-28 15:00:00,15,5,259.79,1.465,351.3,0.923,49.986,VOLTAGE_ANOMALY
2026-02-28 15:15:00,15,5,272.61,1.184,302.43,0.937,50.008,VOLTAGE_ANOMALY
2026-02-28 15:30:00,15,5,185.69,3.538,597.11,0.909,50.074,VOLTAGE_ANOMALY
2026-02-28 15:45:00,15,5,177.32,2.186,376.01,0.97,50.008,VOLTAGE_ANOMALY
2026-02-28 16:00:00,16,5,172.74,2.453,412.32,0.973,50.132,VOLTAGE_ANOMALY
2026-02-28 16:15:00,16,5,194.0,2.368,453.42,0.987,49.974,VOLTAGE_ANOMALY
2026-02-28 16:30:00,16,5,184.87,2.602,473.79,0.985,49.969,VOLTAGE_ANOMALY
2026-02-28 16:45:00,16,5,188.76,1.874,333.52,0.943,49.953,VOLTAGE_ANOMALY
2026-02-28 17:00:00,17,5,258.93,3.371,838.85,0.961,50.053,VOLTAGE_ANOMALY
2026-02-28 17:15:00,17,5,269.07,2.671,674.03,0.938,50.062,VOLTAGE_ANOMALY
2026-02-28 17:30:00,17,5,178.22,3.29,555.83,0.948,49.976,VOLTAGE_ANOMALY
2026-02-28 17:45:00,17,5,263.26,2.921,748.17,0.973,49.949,VOLTAGE_ANOMALY
2026-02-28 18:00:00,18,5,256.61,3.698,893.83,0.942,49.999,VOLTAGE_ANOMALY
2026-02-28 18:15:00,18,5,186.9,3.214,560.38,0.933,50.067,VOLTAGE_ANOMALY
2026-02-28 18:30:00,18,5,177.23,5.409,892.43,0.931,49.996,VOLTAGE_ANOMALY
2026-02-28 18:45:00,18,5,262.87,2.27,582.49,0.976,49.99,VOLTAGE_ANOMALY
2026-02-28 19:00:00,19,5,257.53,3.492,814.72,0.906,50.018,VOLTAGE_ANOMALY
2026-02-28 19:15:00,19,5,271.37,2.473,619.52,0.923,49.995,VOLTAGE_ANOMALY
2026-02-28 19:30:00,19,5,173.48,5.352,859.83,0.926,50.026,VOLTAGE_ANOMALY
2026-02-28 19:45:00,19,5,270.79,3.397,895.08,0.973,49.993,VOLTAGE_ANOMALY
2026-02-28 20:00:00,20,5,182.68,4.169,693.03,0.91,50.031,VOLTAGE_ANOMALY
2026-02-28 20:15:00,20,5,272.88,3.555,913.95,0.942,49.959,VOLTAGE_ANOMALY
2026-02-28 20:30:00,20,5,257.81,4.183,997.64,0.925,50.013,VOLTAGE_ANOMALY
2026-02-28 20:45:00,20,5,279.11,2.126,543.47,0.916,50.011,VOLTAGE_ANOMALY
2026-02-28 21:00:00,21,5,274.41,2.256,573.36,0.926,50.045,VOLTAGE_ANOMALY
2026-02-28 21:15:00,21,5,267.04,3.45,873.42,0.948,49.977,VOLTAGE_ANOMALY
2026-02-28 21:30:00,21,5,260.62,2.912,702.8,0.926,49.936,VOLTAGE_ANOMALY
2026-02-28 21:45:00,21,5,172.43,5.134,812.71,0.918,49.885,VOLTAGE_ANOMALY
2026-02-28 22:00:00,22,5,258.2,1.154,270.77,0.909,50.018,VOLTAGE_ANOMALY
2026-02-28 22:15:00,22,5,180.65,1.783,289.96,0.9,49.99,VOLTAGE_ANOMALY
2026-02-28 22:30:00,22,5,264.1,1.62,406.46,0.95,50.006,VOLTAGE_ANOMALY
2026-02-28 22:45:00,22,5,270.93,1.755,449.91,0.946,49.974,VOLTAGE_ANOMALY
2026-02-28 23:00:00,23,5,255.6,2.04,478.64,0.918,49.987,VOLTAGE_ANOMALY
2026-02-28 23:15:00,23,5,269.9,1.162,301.38,0.961,49.996,VOLTAGE_ANOMALY
2026-02-28 23:30:00,23,5,260.59,0.899,214.65,0.916,49.938,VOLTAGE_ANOMALY
2026-02-28 23:45:00,23,5,175.81,1.485,254.54,0.975,50.011,VOLTAGE_ANOMALY
2026-03-01 00:00:00,0,6,269.02,0.653,166.77,0.95,50.03,VOLTAGE_ANOMALY
2026-03-01 00:15:00,0,6,264.33,0.658,162.16,0.933,49.976,VOLTAGE_ANOMALY
2026-03-01 00:30:00,0,6,276.6,0.638,170.87,0.968,49.985,VOLTAGE_ANOMALY
2026-03-01 00:45:00,0,6,267.04,0.493,127.77,0.971,50.038,VOLTAGE_ANOMALY
2026-03-01 01:00:00,1,6,178.78,0.544,94.09,0.967,50.037,VOLTAGE_ANOMALY
2026-03-01 01:15:00,1,6,277.09,0.608,152.37,0.904,50.014,VOLTAGE_ANOMALY
2026-03-01 01:30:00,1,6,187.04,0.64,110.51,0.923,50.097,VOLTAGE_ANOMALY
2026-03-01 01:45:00,1,6,268.67,0.424,106.43,0.935,50.0,VOLTAGE_ANOMALY
2026-03-01 02:00:00,2,6,177.69,0.708,117.3,0.932,49.972,VOLTAGE_ANOMALY
2026-03-01 02:15:00,2,6,269.16,0.514,132.1,0.955,50.002,VOLTAGE_ANOMALY
2026-03-01 02:30:00,2,6,257.04,0.502,121.64,0.942,50.004,VOLTAGE_ANOMALY
2026-03-01 02:45:00,2,6,171.09,1.157,179.73,0.908,50.007,VOLTAGE_ANOMALY
2026-03-01 03:00:00,3,6,256.16,0.651,163.64,0.982,50.02,VOLTAGE_ANOMALY
2026-03-01 03:15:00,3,6,274.98,0.462,121.34,0.955,49.997,VOLTAGE_ANOMALY
2026-03-01 03:30:00,3,6,264.5,0.698,170.09,0.921,49.981,VOLTAGE_ANOMALY
2026-03-01 03:45:00,3,6,170.81,0.829,133.96,0.946,50.071,VOLTAGE_ANOMALY
2026-03-01 04:00:00,4,6,174.46,0.87,144.73,0.954,50.033,VOLTAGE_ANOMALY
2026-03-01 04:15:00,4,6,177.96,0.759,123.92,0.917,49.954,VOLTAGE_ANOMALY
2026-03-01 04:30:00,4,6,186.76,0.481,83.22,0.926,50.026,VOLTAGE_ANOMALY
2026-03-01 04:45:00,4,6,269.19,0.529,133.63,0.939,49.985,VOLTAGE_ANOMALY
2026-03-01 05:00:00,5,6,176.88,0.706,116.82,0.935,50.042,VOLTAGE_ANOMALY
2026-03-01 05:15:00,5,6,189.99,0.577,108.35,0.989,49.972,VOLTAGE_ANOMALY
2026-03-01 05:30:00,5,6,266.26,0.494,122.07,0.928,49.926,VOLTAGE_ANOMALY
2026-03-01 05:45:00,5,6,190.63,0.83,152.24,0.962,49.916,VOLTAGE_ANOMALY
2026-03-01 06:00:00,6,6,184.14,3.405,577.46,0.921,50.001,VOLTAGE_ANOMALY
2026-03-01 06:15:00,6,6,177.27,4.054,666.96,0.928,49.985,VOLTAGE_ANOMALY
2026-03-01 06:30:00,6,6,272.73,1.412,353.05,0.917,50.031,VOLTAGE_ANOMALY
2026-03-01 06:45:00,6,6,263.51,2.203,549.82,0.947,50.123,VOLTAGE_ANOMALY
2026-03-01 07:00:00,7,6,193.3,2.699,497.63,0.954,49.955,VOLTAGE_ANOMALY
2026-03-01 07:15:00,7,6,267.84,1.82,472.91,0.97,50.085,VOLTAGE_ANOMALY
2026-03-01 07:30:00,7,6,266.19,1.56,384.02,0.925,49.933,VOLTAGE_ANOMALY
2026-03-01 07:45:00,7,6,179.82,2.498,418.25,0.931,49.919,VOLTAGE_ANOMALY
2026-03-01 08:00:00,8,6,186.49,2.42,411.65,0.912,50.046,VOLTAGE_ANOMALY
2026-03-01 08:15:00,8,6,175.96,3.288,527.72,0.912,49.947,VOLTAGE_ANOMALY
2026-03-01 08:30:00,8,6,177.17,3.366,576.68,0.967,50.089,VOLTAGE_ANOMALY
2026-03-01 08:45:00,8,6,255.05,2.816,654.97,0.912,49.916,VOLTAGE_ANOMALY
2026-03-01 09:00:00,9,6,263.73,1.424,368.43,0.981,49.972,VOLTAGE_ANOMALY
2026-03-01 09:15:00,9,6,178.38,2.204,383.71,0.976,50.03,VOLTAGE_ANOMALY
2026-03-01 09:30:00,9,6,265.6,1.934,484.85,0.944,50.138,VOLTAGE_ANOMALY
2026-03-01 09:45:00,9,6,278.17,1.001,255.31,0.917,49.991,VOLTAGE_ANOMALY
2026-03-01 10:00:00,10,6,267.06,1.323,349.01,0.988,49.934,VOLTAGE_ANOMALY
2026-03-01 10:15:00,10,6,264.94,1.292,338.51,0.989,49.997,VOLTAGE_ANOMALY
2026-03-01 10:30:00,10,6,278.55,1.241,322.81,0.934,49.948,VOLTAGE_ANOMALY
2026-03-01 10:45:00,10,6,192.7,2.157,393.64,0.947,50.006,VOLTAGE_ANOMALY
2026-03-01 11:00:00,11,6,278.31,1.796,491.86,0.984,49.881,VOLTAGE_ANOMALY
2026-03-01 11:15:00,11,6,193.76,2.355,434.94,0.953,50.076,VOLTAGE_ANOMALY
2026-03-01 11:30:00,11,6,178.91,3.267,564.6,0.966,50.006,VOLTAGE_ANOMALY
2026-03-01 11:45:00,11,6,189.07,2.284,389.13,0.901,50.05,VOLTAGE_ANOMALY
2026-03-01 12:00:00,12,6,171.01,3.466,545.91,0.921,50.004,VOLTAGE_ANOMALY
2026-03-01 12:15:00,12,6,274.02,1.643,444.94,0.988,49.957,VOLTAGE_ANOMALY
2026-03-01 12:30:00,12,6,174.35,3.209,532.11,0.951,49.988,VOLTAGE_ANOMALY
2026-03-01 12:45:00,12,6,194.7,1.867,334.36,0.92,50.047,VOLTAGE_ANOMALY
2026-03-01 13:00:00,13,6,190.66,3.264,566.29,0.91,50.058,VOLTAGE_ANOMALY
2026-03-01 13:15:00,13,6,260.55,1.861,460.54,0.95,50.018,VOLTAGE_ANOMALY
2026-03-01 13:30:00,13,6,277.5,2.081,566.6,0.981,49.976,VOLTAGE_ANOMALY
2026-03-01 13:45:00,13,6,273.08,1.425,362.17,0.931,49.989,VOLTAGE_ANOMALY
2026-03-01 14:00:00,14,6,188.32,2.984,522.1,0.929,49.99,VOLTAGE_ANOMALY
2026-03-01 14:15:00,14,6,189.94,2.711,493.79,0.959,49.991,VOLTAGE_ANOMALY
2026-03-01 14:30:00,14,6,262.73,2.141,537.14,0.955,49.981,VOLTAGE_ANOMALY
2026-03-01 14:45:00,14,6,170.79,3.503,555.76,0.929,50.021,VOLTAGE_ANOMALY
2026-03-01 15:00:00,15,6,270.24,1.687,438.94,0.963,50.017,VOLTAGE_ANOMALY
2026-03-01 15:15:00,15,6,172.69,2.521,400.16,0.919,50.039,VOLTAGE_ANOMALY
2026-03-01 15:30:00,15,6,262.99,1.672,428.4,0.974,49.999,VOLTAGE_ANOMALY
2026-03-01 15:45:00,15,6,188.11,2.904,494.92,0.906,50.075,VOLTAGE_ANOMALY
2026-03-01 16:00:00,16,6,178.62,1.648,269.99,0.917,49.939,VOLTAGE_ANOMALY
2026-03-01 16:15:00,16,6,267.18,2.275,584.74,0.962,49.941,VOLTAGE_ANOMALY
2026-03-01 16:30:00,16,6,177.14,2.584,437.66,0.956,50.004,VOLTAGE_ANOMALY
2026-03-01 16:45:00,16,6,279.86,1.837,472.41,0.919,50.088,VOLTAGE_ANOMALY
2026-03-01 17:00:00,17,6,185.38,5.343,943.85,0.953,50.051,VOLTAGE_ANOMALY
2026-03-01 17:15:00,17,6,276.34,3.147,786.97,0.905,49.973,VOLTAGE_ANOMALY
2026-03-01 17:30:00,17,6,186.97,5.515,980.63,0.951,50.056,VOLTAGE_ANOMALY
2026-03-01 17:45:00,17,6,172.5,4.81,806.55,0.972,49.914,VOLTAGE_ANOMALY
2026-03-01 18:00:00,18,6,260.3,3.463,819.33,0.909,49.924,VOLTAGE_ANOMALY
2026-03-01 18:15:00,18,6,266.67,2.432,629.06,0.97,50.071,VOLTAGE_ANOMALY
2026-03-01 18:30:00,18,6,185.67,3.908,654.43,0.902,49.948,VOLTAGE_ANOMALY
2026-03-01 18:45:00,18,6,265.06,2.02,517.85,0.967,49.98,VOLTAGE_ANOMALY
2026-03-01 19:00:00,19,6,267.11,2.997,763.83,0.954,50.012,VOLTAGE_ANOMALY
2026-03-01 19:15:00,19,6,277.79,1.949,530.13,0.979,49.993,VOLTAGE_ANOMALY
2026-03-01 19:30:00,19,6,266.5,3.85,965.44,0.941,50.075,VOLTAGE_ANOMALY
2026-03-01 19:45:00,19,6,170.26,3.746,594.41,0.932,49.917,VOLTAGE_ANOMALY
2026-03-01 20:00:00,20,6,189.24,3.406,603.37,0.936,49.895,VOLTAGE_ANOMALY
2026-03-01 20:15:00,20,6,174.78,4.154,654.9,0.902,49.999,VOLTAGE_ANOMALY
2026-03-01 20:30:00,20,6,180.06,4.493,780.61,0.965,50.029,VOLTAGE_ANOMALY
2026-03-01 20:45:00,20,6,271.76,2.893,722.48,0.919,49.958,VOLTAGE_ANOMALY
2026-03-01 21:00:00,21,6,273.8,3.453,912.23,0.965,50.053,VOLTAGE_ANOMALY
2026-03-01 21:15:00,21,6,274.53,2.665,723.54,0.989,50.117,VOLTAGE_ANOMALY
2026-03-01 21:30:00,21,6,275.65,1.892,510.49,0.979,50.062,VOLTAGE_ANOMALY
2026-03-01 21:45:00,21,6,180.48,3.434,565.79,0.913,50.021,VOLTAGE_ANOMALY
2026-03-01 22:00:00,22,6,264.17,1.724,441.29,0.969,49.933,VOLTAGE_ANOMALY
2026-03-01 22:15:00,22,6,172.74,2.906,473.4,0.943,50.043,VOLTAGE_ANOMALY
2026-03-01 22:30:00,22,6,275.23,1.437,384.33,0.972,49.94,VOLTAGE_ANOMALY
2026-03-01 22:45:00,22,6,274.9,1.989,494.35,0.904,49.992,VOLTAGE_ANOMALY
2026-03-01 23:00:00,23,6,276.09,1.347,354.11,0.952,50.008,VOLTAGE_ANOMALY
2026-03-01 23:15:00,23,6,176.76,2.409,414.71,0.974,49.974,VOLTAGE_ANOMALY
2026-03-01 23:30:00,23,6,190.97,2.372,416.75,0.92,49.952,VOLTAGE_ANOMALY
2026-03-01 23:45:00,23,6,264.04,1.67,428.93,0.973,50.012,VOLTAGE_ANOMALY
2026-03-02 00:00:00,0,0,188.11,0.636,112.73,0.942,49.952,VOLTAGE_ANOMALY
2026-03-02 00:15:00,0,0,175.16,0.913,145.51,0.91,49.985,VOLTAGE_ANOMALY
2026-03-02 00:30:00,0,0,182.43,0.419,71.41,0.934,50.023,VOLTAGE_ANOMALY
2026-03-02 00:45:00,0,0,272.85,0.545,139.14,0.935,50.008,VOLTAGE_ANOMALY
2026-03-02 01:00:00,1,0,277.67,0.554,146.21,0.95,49.974,VOLTAGE_ANOMALY
2026-03-02 01:15:00,1,0,274.21,0.562,145.39,0.944,50.005,VOLTAGE_ANOMALY
2026-03-02 01:30:00,1,0,276.76,0.581,146.26,0.91,50.043,VOLTAGE_ANOMALY
2026-03-02 01:45:00,1,0,171.41,0.815,130.84,0.937,50.081,VOLTAGE_ANOMALY
2026-03-02 02:00:00,2,0,261.53,0.507,123.93,0.935,49.947,VOLTAGE_ANOMALY
2026-03-02 02:15:00,2,0,184.69,0.678,118.36,0.945,50.031,VOLTAGE_ANOMALY
2026-03-02 02:30:00,2,0,274.55,0.325,82.42,0.925,49.958,VOLTAGE_ANOMALY
2026-03-02 02:45:00,2,0,258.64,0.397,97.7,0.951,49.962,VOLTAGE_ANOMALY
2026-03-02 03:00:00,3,0,255.96,0.714,165.74,0.907,50.045,VOLTAGE_ANOMALY
2026-03-02 03:15:00,3,0,271.31,0.359,96.04,0.985,50.026,VOLTAGE_ANOMALY
2026-03-02 03:30:00,3,0,275.8,0.541,146.34,0.98,49.943,VOLTAGE_ANOMALY
2026-03-02 03:45:00,3,0,182.64,0.662,110.05,0.91,49.98,VOLTAGE_ANOMALY
2026-03-02 04:00:00,4,0,178.67,0.777,133.62,0.962,50.04,VOLTAGE_ANOMALY
2026-03-02 04:15:00,4,0,194.7,0.757,142.14,0.964,49.962,VOLTAGE_ANOMALY
2026-03-02 04:30:00,4,0,276.52,0.561,146.72,0.946,49.97,VOLTAGE_ANOMALY
2026-03-02 04:45:00,4,0,177.8,0.563,97.37,0.972,50.081,VOLTAGE_ANOMALY
2026-03-02 05:00:00,5,0,186.99,0.61,110.12,0.966,49.957,VOLTAGE_ANOMALY
2026-03-02 05:15:00,5,0,184.39,0.452,75.61,0.908,50.055,VOLTAGE_ANOMALY
2026-03-02 05:30:00,5,0,189.1,0.858,158.76,0.979,50.054,VOLTAGE_ANOMALY
2026-03-02 05:45:00,5,0,270.48,0.435,113.19,0.961,49.92,VOLTAGE_ANOMALY
2026-03-02 06:00:00,6,0,173.57,1.812,303.11,0.964,50.113,VOLTAGE_ANOMALY
2026-03-02 06:15:00,6,0,192.66,2.676,489.87,0.95,50.014,VOLTAGE_ANOMALY
2026-03-02 06:30:00,6,0,267.65,1.205,303.56,0.941,49.927,VOLTAGE_ANOMALY
2026-03-02 06:45:00,6,0,256.51,1.821,445.63,0.954,49.926,VOLTAGE_ANOMALY
2026-03-02 07:00:00,7,0,257.56,2.823,692.87,0.953,50.077,VOLTAGE_ANOMALY
2026-03-02 07:15:00,7,0,184.13,2.733,474.63,0.943,50.042,VOLTAGE_ANOMALY
2026-03-02 07:30:00,7,0,173.71,3.074,481.7,0.902,49.947,VOLTAGE_ANOMALY
2026-03-02 07:45:00,7,0,191.26,3.984,694.86,0.912,49.997,VOLTAGE_ANOMALY
2026-03-02 08:00:00,8,0,272.94,1.879,465.73,0.908,49.91,VOLTAGE_ANOMALY
2026-03-02 08:15:00,8,0,178.55,2.631,431.21,0.918,50.034,VOLTAGE_ANOMALY
2026-03-02 08:30:00,8,0,188.06,1.723,313.4,0.967,49.854,VOLTAGE_ANOMALY
2026-03-02 08:45:00,8,0,256.56,2.496,625.03,0.976,50.025,VOLTAGE_ANOMALY
2026-03-02 09:00:00,9,0,176.21,1.521,259.95,0.97,50.022,VOLTAGE_ANOMALY
2026-03-02 09:15:00,9,0,275.3,1.115,286.05,0.932,49.922,VOLTAGE_ANOMALY
2026-03-02 09:30:00,9,0,269.13,1.941,481.67,0.922,49.958,VOLTAGE_ANOMALY
2026-03-02 09:45:00,9,0,261.11,1.366,342.39,0.96,49.991,VOLTAGE_ANOMALY
2026-03-02 10:00:00,10,0,278.41,2.312,593.36,0.922,50.033,VOLTAGE_ANOMALY
2026-03-02 10:15:00,10,0,194.57,2.368,448.3,0.973,50.078,VOLTAGE_ANOMALY
2026-03-02 10:30:00,10,0,188.46,2.564,449.84,0.931,49.987,VOLTAGE_ANOMALY
2026-03-02 10:45:00,10,0,262.73,2.03,507.83,0.952,49.963,VOLTAGE_ANOMALY
2026-03-02 11:00:00,11,0,265.25,1.795,441.83,0.928,50.015,VOLTAGE_ANOMALY
2026-03-02 11:15:00,11,0,266.97,1.261,331.39,0.984,50.02,VOLTAGE_ANOMALY
2026-03-02 11:30:00,11,0,189.76,2.257,422.34,0.986,49.954,VOLTAGE_ANOMALY
2026-03-02 11:45:00,11,0,274.62,2.251,579.1,0.937,49.97,VOLTAGE_ANOMALY
2026-03-02 12:00:00,12,0,185.98,1.54,280.89,0.981,50.047,VOLTAGE_ANOMALY
2026-03-02 12:15:00,12,0,174.48,3.111,531.9,0.98,49.999,VOLTAGE_ANOMALY
2026-03-02 12:30:00,12,0,177.6,2.682,445.32,0.935,49.938,VOLTAGE_ANOMALY
2026-03-02 12:45:00,12,0,192.81,1.967,345.92,0.912,50.057,VOLTAGE_ANOMALY
2026-03-02 13:00:00,13,0,268.4,1.408,347.74,0.92,50.003,VOLTAGE_ANOMALY
2026-03-02 13:15:00,13,0,189.96,3.275,604.65,0.972,50.058,VOLTAGE_ANOMALY
2026-03-02 13:30:00,13,0,172.91,2.579,408.44,0.916,49.965,VOLTAGE_ANOMALY
2026-03-02 13:45:00,13,0,184.97,3.328,558.35,0.907,50.042,VOLTAGE_ANOMALY
2026-03-02 14:00:00,14,0,184.95,2.007,351.49,0.947,49.903,VOLTAGE_ANOMALY
2026-03-02 14:15:00,14,0,259.94,1.297,326.28,0.968,50.007,VOLTAGE_ANOMALY
2026-03-02 14:30:00,14,0,194.02,3.082,550.05,0.92,50.063,VOLTAGE_ANOMALY
2026-03-02 14:45:00,14,0,191.0,2.403,415.87,0.906,50.074,VOLTAGE_ANOMALY
2026-03-02 15:00:00,15,0,257.3,2.306,557.14,0.939,49.996,VOLTAGE_ANOMALY
2026-03-02 15:15:00,15,0,268.89,1.125,290.34,0.96,49.971,VOLTAGE_ANOMALY
2026-03-02 15:30:00,15,0,190.39,2.41,433.11,0.944,50.087,VOLTAGE_ANOMALY
2026-03-02 15:45:00,15,0,267.65,1.404,355.23,0.945,50.043,VOLTAGE_ANOMALY
2026-03-02 16:00:00,16,0,259.43,1.852,452.56,0.942,49.921,VOLTAGE_ANOMALY
2026-03-02 16:15:00,16,0,267.59,1.945,489.35,0.94,49.943,VOLTAGE_ANOMALY
2026-03-02 16:30:00,16,0,185.67,2.858,502.98,0.948,49.952,VOLTAGE_ANOMALY
2026-03-02 16:45:00,16,0,263.61,1.417,342.88,0.918,49.993,VOLTAGE_ANOMALY
2026-03-02 17:00:00,17,0,256.84,2.138,537.05,0.978,49.957,VOLTAGE_ANOMALY
2026-03-02 17:15:00,17,0,189.17,5.325,914.72,0.908,50.026,VOLTAGE_ANOMALY
2026-03-02 17:30:00,17,0,176.81,3.299,555.3,0.952,49.938,VOLTAGE_ANOMALY
2026-03-02 17:45:00,17,0,192.84,5.265,939.17,0.925,49.952,VOLTAGE_ANOMALY
2026-03-02 18:00:00,18,0,181.89,4.346,747.8,0.946,50.011,VOLTAGE_ANOMALY
2026-03-02 18:15:00,18,0,184.55,5.411,925.74,0.927,50.071,VOLTAGE_ANOMALY
2026-03-02 18:30:00,18,0,193.2,2.786,524.74,0.975,50.102,VOLTAGE_ANOMALY
2026-03-02 18:45:00,18,0,191.48,4.0,693.96,0.906,50.027,VOLTAGE_ANOMALY
2026-03-02 19:00:00,19,0,176.57,3.146,531.57,0.957,50.052,VOLTAGE_ANOMALY
2026-03-02 19:15:00,19,0,257.05,3.072,752.43,0.953,49.999,VOLTAGE_ANOMALY
2026-03-02 19:30:00,19,0,181.49,5.149,892.43,0.955,49.947,VOLTAGE_ANOMALY
2026-03-02 19:45:00,19,0,175.36,5.535,874.53,0.901,50.023,VOLTAGE_ANOMALY
2026-03-02 20:00:00,20,0,275.42,3.581,976.38,0.99,49.991,VOLTAGE_ANOMALY
2026-03-02 20:15:00,20,0,184.84,3.101,556.65,0.971,49.922,VOLTAGE_ANOMALY
2026-03-02 20:30:00,20,0,279.1,2.775,732.55,0.946,49.974,VOLTAGE_ANOMALY
2026-03-02 20:45:00,20,0,192.99,4.286,777.5,0.94,49.945,VOLTAGE_ANOMALY
2026-03-02 21:00:00,21,0,178.7,3.975,666.95,0.939,49.932,VOLTAGE_ANOMALY
2026-03-02 21:15:00,21,0,273.99,2.241,601.64,0.98,49.973,VOLTAGE_ANOMALY
2026-03-02 21:30:00,21,0,170.92,4.014,652.53,0.951,49.976,VOLTAGE_ANOMALY
2026-03-02 21:45:00,21,0,185.54,3.525,593.88,0.908,50.014,VOLTAGE_ANOMALY
2026-03-02 22:00:00,22,0,187.25,2.368,400.8,0.904,50.021,VOLTAGE_ANOMALY
2026-03-02 22:15:00,22,0,278.7,1.331,341.72,0.921,49.957,VOLTAGE_ANOMALY
2026-03-02 22:30:00,22,0,255.94,0.991,233.38,0.92,50.022,VOLTAGE_ANOMALY
2026-03-02 22:45:00,22,0,190.44,2.176,392.5,0.947,49.922,VOLTAGE_ANOMALY
2026-03-02 23:00:00,23,0,190.56,1.153,206.23,0.939,50.039,VOLTAGE_ANOMALY
2026-03-02 23:15:00,23,0,176.8,2.255,393.07,0.986,50.006,VOLTAGE_ANOMALY
2026-03-02 23:30:00,23,0,172.71,1.324,211.25,0.924,50.036,VOLTAGE_ANOMALY
2026-03-02 23:45:00,23,0,188.88,1.449,255.62,0.934,49.994,VOLTAGE_ANOMALY
2026-03-03 00:00:00,0,1,181.76,1.093,180.4,0.908,50.05,VOLTAGE_ANOMALY
2026-03-03 00:15:00,0,1,170.17,1.041,168.62,0.952,50.07,VOLTAGE_ANOMALY
2026-03-03 00:30:00,0,1,265.56,0.39,94.65,0.915,50.07,VOLTAGE_ANOMALY
2026-03-03 00:45:00,0,1,174.92,0.645,104.46,0.926,49.954,VOLTAGE_ANOMALY
2026-03-03 01:00:00,1,1,262.38,0.646,156.22,0.921,49.919,VOLTAGE_ANOMALY
2026-03-03 01:15:00,1,1,262.16,0.374,92.75,0.947,49.952,VOLTAGE_ANOMALY
2026-03-03 01:30:00,1,1,188.59,0.879,157.35,0.949,49.952,VOLTAGE_ANOMALY
2026-03-03 01:45:00,1,1,170.8,0.642,100.83,0.92,50.041,VOLTAGE_ANOMALY
2026-03-03 02:00:00,2,1,275.71,0.472,120.19,0.923,50.044,VOLTAGE_ANOMALY
2026-03-03 02:15:00,2,1,263.19,0.373,92.67,0.944,50.026,VOLTAGE_ANOMALY
2026-03-03 02:30:00,2,1,269.39,0.563,144.86,0.955,50.137,VOLTAGE_ANOMALY
2026-03-03 02:45:00,2,1,171.33,0.987,153.78,0.909,49.956,VOLTAGE_ANOMALY
2026-03-03 03:00:00,3,1,263.08,0.483,125.14,0.985,49.98,VOLTAGE_ANOMALY
2026-03-03 03:15:00,3,1,173.54,0.982,164.13,0.963,50.012,VOLTAGE_ANOMALY
2026-03-03 03:30:00,3,1,272.13,0.704,187.48,0.979,50.003,VOLTAGE_ANOMALY
2026-03-03 03:45:00,3,1,264.08,0.451,113.64,0.954,50.026,VOLTAGE_ANOMALY
2026-03-03 04:00:00,4,1,178.75,0.651,111.18,0.955,49.971,VOLTAGE_ANOMALY
2026-03-03 04:15:00,4,1,271.93,0.533,141.86,0.978,50.017,VOLTAGE_ANOMALY
2026-03-03 04:30:00,4,1,257.3,0.356,86.24,0.942,50.047,VOLTAGE_ANOMALY
2026-03-03 04:45:00,4,1,265.05,0.681,170.27,0.944,49.931,VOLTAGE_ANOMALY
2026-03-03 05:00:00,5,1,185.55,0.833,139.6,0.903,50.033,VOLTAGE_ANOMALY
2026-03-03 05:15:00,5,1,174.84,0.935,156.28,0.956,50.015,VOLTAGE_ANOMALY
2026-03-03 05:30:00,5,1,189.82,0.593,109.71,0.975,50.002,VOLTAGE_ANOMALY
2026-03-03 05:45:00,5,1,187.71,1.102,187.65,0.907,50.039,VOLTAGE_ANOMALY
2026-03-03 06:00:00,6,1,172.89,2.774,446.54,0.931,50.043,VOLTAGE_ANOMALY
2026-03-03 06:15:00,6,1,268.19,1.471,381.78,0.968,49.954,VOLTAGE_ANOMALY
2026-03-03 06:30:00,6,1,189.29,2.765,500.36,0.956,50.012,VOLTAGE_ANOMALY
2026-03-03 06:45:00,6,1,181.57,3.4,556.27,0.901,49.996,VOLTAGE_ANOMALY
2026-03-03 07:00:00,7,1,181.04,3.858,669.87,0.959,50.08,VOLTAGE_ANOMALY
2026-03-03 07:15:00,7,1,272.64,1.842,475.06,0.946,50.003,VOLTAGE_ANOMALY
2026-03-03 07:30:00,7,1,276.91,1.601,423.78,0.956,50.027,VOLTAGE_ANOMALY
2026-03-03 07:45:00,7,1,273.04,1.453,377.35,0.951,50.032,VOLTAGE_ANOMALY
2026-03-03 08:00:00,8,1,189.53,3.599,626.21,0.918,50.074,VOLTAGE_ANOMALY
2026-03-03 08:15:00,8,1,171.24,2.762,445.94,0.943,49.966,VOLTAGE_ANOMALY
2026-03-03 08:30:00,8,1,189.71,2.023,353.1,0.92,50.107,VOLTAGE_ANOMALY
2026-03-03 08:45:00,8,1,183.38,3.704,659.55,0.971,50.08,VOLTAGE_ANOMALY
2026-03-03 09:00:00,9,1,255.76,2.466,579.72,0.919,50.002,VOLTAGE_ANOMALY
2026-03-03 09:15:00,9,1,173.58,2.859,456.02,0.919,49.994,VOLTAGE_ANOMALY
2026-03-03 09:30:00,9,1,266.72,1.224,307.98,0.943,50.095,VOLTAGE_ANOMALY
2026-03-03 09:45:00,9,1,258.91,1.163,272.53,0.905,49.993,VOLTAGE_ANOMALY
2026-03-03 10:00:00,10,1,183.52,2.833,492.89,0.948,50.004,VOLTAGE_ANOMALY
2026-03-03 10:15:00,10,1,270.98,1.375,366.62,0.984,49.988,VOLTAGE_ANOMALY
2026-03-03 10:30:00,10,1,268.57,1.773,432.3,0.908,50.031,VOLTAGE_ANOMALY
2026-03-03 10:45:00,10,1,255.25,1.033,244.93,0.929,49.98,VOLTAGE_ANOMALY
2026-03-03 11:00:00,11,1,180.14,3.414,565.88,0.92,49.998,VOLTAGE_ANOMALY
2026-03-03 11:15:00,11,1,194.3,1.432,259.3,0.932,49.983,VOLTAGE_ANOMALY
2026-03-03 11:30:00,11,1,191.87,1.656,305.0,0.96,49.99,VOLTAGE_ANOMALY
2026-03-03 11:45:00,11,1,257.26,2.211,530.13,0.932,50.054,VOLTAGE_ANOMALY
2026-03-03 12:00:00,12,1,194.79,2.867,518.74,0.929,49.997,VOLTAGE_ANOMALY
2026-03-03 12:15:00,12,1,255.22,2.296,564.33,0.963,49.977,VOLTAGE_ANOMALY
2026-03-03 12:30:00,12,1,182.38,2.59,452.61,0.958,50.059,VOLTAGE_ANOMALY
2026-03-03 12:45:00,12,1,194.58,1.944,366.95,0.97,49.955,VOLTAGE_ANOMALY
2026-03-03 13:00:00,13,1,259.36,2.398,562.24,0.904,50.023,VOLTAGE_ANOMALY
2026-03-03 13:15:00,13,1,192.07,2.083,391.75,0.979,50.005,VOLTAGE_ANOMALY
2026-03-03 13:30:00,13,1,178.18,2.6,454.94,0.982,50.058,VOLTAGE_ANOMALY
2026-03-03 13:45:00,13,1,265.13,2.467,594.66,0.909,49.966,VOLTAGE_ANOMALY
2026-03-03 14:00:00,14,1,175.64,2.201,377.36,0.976,49.968,VOLTAGE_ANOMALY
2026-03-03 14:15:00,14,1,170.97,2.167,359.73,0.971,50.039,VOLTAGE_ANOMALY
2026-03-03 14:30:00,14,1,273.21,1.441,359.08,0.912,49.948,VOLTAGE_ANOMALY
2026-03-03 14:45:00,14,1,175.93,1.699,295.69,0.989,49.994,VOLTAGE_ANOMALY
2026-03-03 15:00:00,15,1,262.88,1.271,305.05,0.913,50.027,VOLTAGE_ANOMALY
2026-03-03 15:15:00,15,1,185.5,1.957,332.19,0.915,49.961,VOLTAGE_ANOMALY
2026-03-03 15:30:00,15,1,177.16,2.016,323.88,0.907,50.035,VOLTAGE_ANOMALY
2026-03-03 15:45:00,15,1,175.21,3.442,583.77,0.968,50.01,VOLTAGE_ANOMALY
2026-03-03 16:00:00,16,1,191.84,2.449,455.25,0.969,49.989,VOLTAGE_ANOMALY
2026-03-03 16:15:00,16,1,273.03,2.256,594.34,0.965,50.013,VOLTAGE_ANOMALY
2026-03-03 16:30:00,16,1,177.96,3.007,499.31,0.933,50.017,VOLTAGE_ANOMALY
2026-03-03 16:45:00,16,1,261.08,2.278,554.38,0.932,50.049,VOLTAGE_ANOMALY
2026-03-03 17:00:00,17,1,255.18,3.555,816.37,0.9,50.013,VOLTAGE_ANOMALY
2026-03-03 17:15:00,17,1,173.17,5.715,911.45,0.921,50.013,VOLTAGE_ANOMALY
2026-03-03 17:30:00,17,1,278.23,2.667,674.57,0.909,50.027,VOLTAGE_ANOMALY
2026-03-03 17:45:00,17,1,261.68,3.699,892.39,0.922,49.953,VOLTAGE_ANOMALY
2026-03-03 18:00:00,18,1,180.74,3.562,602.63,0.936,49.982,VOLTAGE_ANOMALY
2026-03-03 18:15:00,18,1,188.87,3.903,726.17,0.985,50.034,VOLTAGE_ANOMALY
2026-03-03 18:30:00,18,1,266.25,3.009,733.96,0.916,49.93,VOLTAGE_ANOMALY
2026-03-03 18:45:00,18,1,170.02,3.526,556.37,0.928,50.063,VOLTAGE_ANOMALY
2026-03-03 19:00:00,19,1,183.9,4.123,699.81,0.923,49.882,VOLTAGE_ANOMALY
2026-03-03 19:15:00,19,1,256.21,3.593,859.9,0.934,50.015,VOLTAGE_ANOMALY
2026-03-03 19:30:00,19,1,177.42,5.282,852.75,0.91,50.076,VOLTAGE_ANOMALY
2026-03-03 19:45:00,19,1,185.3,2.994,504.9,0.91,49.977,VOLTAGE_ANOMALY
2026-03-03 20:00:00,20,1,180.77,5.612,951.52,0.938,49.961,VOLTAGE_ANOMALY
2026-03-03 20:15:00,20,1,183.19,3.112,560.41,0.983,50.032,VOLTAGE_ANOMALY
2026-03-03 20:30:00,20,1,179.56,5.009,860.74,0.957,50.033,VOLTAGE_ANOMALY
2026-03-03 20:45:00,20,1,261.79,3.316,820.46,0.945,49.984,VOLTAGE_ANOMALY
2026-03-03 21:00:00,21,1,191.0,5.571,970.49,0.912,50.001,VOLTAGE_ANOMALY
2026-03-03 21:15:00,21,1,260.46,3.552,914.97,0.989,50.039,VOLTAGE_ANOMALY
2026-03-03 21:30:00,21,1,264.86,3.695,943.39,0.964,49.984,VOLTAGE_ANOMALY
2026-03-03 21:45:00,21,1,174.05,3.037,520.12,0.984,49.886,VOLTAGE_ANOMALY
2026-03-03 22:00:00,22,1,274.08,1.334,342.29,0.936,50.008,VOLTAGE_ANOMALY
2026-03-03 22:15:00,22,1,191.87,1.334,249.48,0.975,49.976,VOLTAGE_ANOMALY
2026-03-03 22:30:00,22,1,278.73,1.78,483.65,0.975,50.006,VOLTAGE_ANOMALY
2026-03-03 22:45:00,22,1,187.43,1.676,303.77,0.967,49.989,VOLTAGE_ANOMALY
2026-03-03 23:00:00,23,1,266.55,1.126,288.5,0.961,49.924,VOLTAGE_ANOMALY
2026-03-03 23:15:00,23,1,184.0,1.164,210.32,0.982,50.029,VOLTAGE_ANOMALY
2026-03-03 23:30:00,23,1,173.79,2.695,445.02,0.95,49.996,VOLTAGE_ANOMALY
2026-03-03 23:45:00,23,1,178.56,1.825,309.28,0.949,49.908,VOLTAGE_ANOMALY
2026-03-04 00:00:00,0,2,276.18,0.349,93.95,0.974,49.927,VOLTAGE_ANOMALY
2026-03-04 00:15:00,0,2,190.93,0.957,170.42,0.933,49.939,VOLTAGE_ANOMALY
2026-03-04 00:30:00,0,2,268.0,0.692,170.43,0.919,49.993,VOLTAGE_ANOMALY
2026-03-04 00:45:00,0,2,274.83,0.517,133.21,0.938,49.94,VOLTAGE_ANOMALY
2026-03-04 01:00:00,1,2,175.54,1.099,188.3,0.976,49.944,VOLTAGE_ANOMALY
2026-03-04 01:15:00,1,2,186.84,0.535,96.62,0.966,50.034,VOLTAGE_ANOMALY
2026-03-04 01:30:00,1,2,256.09,0.457,107.05,0.914,50.027,VOLTAGE_ANOMALY
2026-03-04 01:45:00,1,2,276.49,0.492,127.43,0.936,49.926,VOLTAGE_ANOMALY
2026-03-04 02:00:00,2,2,183.61,0.834,139.44,0.911,50.05,VOLTAGE_ANOMALY
2026-03-04 02:15:00,2,2,180.46,0.591,99.14,0.93,49.966,VOLTAGE_ANOMALY
2026-03-04 02:30:00,2,2,182.05,0.587,97.81,0.916,50.065,VOLTAGE_ANOMALY
2026-03-04 02:45:00,2,2,266.08,0.528,129.7,0.924,50.013,VOLTAGE_ANOMALY
2026-03-04 03:00:00,3,2,261.27,0.53,133.82,0.967,50.065,VOLTAGE_ANOMALY
2026-03-04 03:15:00,3,2,176.19,0.568,91.73,0.916,49.999,VOLTAGE_ANOMALY
2026-03-04 03:30:00,3,2,187.63,0.989,181.44,0.978,50.05,VOLTAGE_ANOMALY
2026-03-04 03:45:00,3,2,180.56,0.694,120.89,0.965,49.987,VOLTAGE_ANOMALY
2026-03-04 04:00:00,4,2,267.48,0.553,145.53,0.984,49.993,VOLTAGE_ANOMALY
2026-03-04 04:15:00,4,2,257.88,0.329,81.82,0.964,50.027,VOLTAGE_ANOMALY
2026-03-04 04:30:00,4,2,186.76,0.669,114.24,0.914,49.987,VOLTAGE_ANOMALY
2026-03-04 04:45:00,4,2,173.58,1.062,176.28,0.956,49.99,VOLTAGE_ANOMALY
2026-03-04 05:00:00,5,2,172.31,0.513,85.52,0.967,50.084,VOLTAGE_ANOMALY
2026-03-04 05:15:00,5,2,275.84,0.436,118.12,0.982,50.005,VOLTAGE_ANOMALY
2026-03-04 05:30:00,5,2,265.28,0.518,127.1,0.925,50.024,VOLTAGE_ANOMALY
2026-03-04 05:45:00,5,2,190.94,0.98,178.12,0.952,49.971,VOLTAGE_ANOMALY
2026-03-04 06:00:00,6,2,279.4,2.086,526.98,0.904,49.989,VOLTAGE_ANOMALY
2026-03-04 06:15:00,6,2,267.04,2.768,681.41,0.922,49.967,VOLTAGE_ANOMALY
2026-03-04 06:30:00,6,2,279.42,1.871,503.0,0.962,50.012,VOLTAGE_ANOMALY
2026-03-04 06:45:00,6,2,181.1,3.366,556.6,0.913,50.07,VOLTAGE_ANOMALY
2026-03-04 07:00:00,7,2,279.04,1.63,414.41,0.911,49.999,VOLTAGE_ANOMALY
2026-03-04 07:15:00,7,2,271.17,2.403,612.63,0.94,49.99,VOLTAGE_ANOMALY
2026-03-04 07:30:00,7,2,188.49,3.754,658.75,0.931,50.017,VOLTAGE_ANOMALY
2026-03-04 07:45:00,7,2,274.79,1.76,464.18,0.96,49.99,VOLTAGE_ANOMALY
2026-03-04 08:00:00,8,2,264.9,1.257,329.44,0.989,50.044,VOLTAGE_ANOMALY
2026-03-04 08:15:00,8,2,272.38,1.548,403.64,0.957,50.028,VOLTAGE_ANOMALY
2026-03-04 08:30:00,8,2,256.47,1.896,464.41,0.955,50.01,VOLTAGE_ANOMALY
2026-03-04 08:45:00,8,2,271.12,1.331,345.74,0.958,50.03,VOLTAGE_ANOMALY
2026-03-04 09:00:00,9,2,255.05,1.494,343.35,0.901,49.976,VOLTAGE_ANOMALY
2026-03-04 09:15:00,9,2,268.95,1.182,302.02,0.95,49.941,VOLTAGE_ANOMALY
2026-03-04 09:30:00,9,2,187.99,1.489,260.4,0.93,50.06,VOLTAGE_ANOMALY
2026-03-04 09:45:00,9,2,174.84,3.136,503.94,0.919,49.945,VOLTAGE_ANOMALY
2026-03-04 10:00:00,10,2,279.96,1.521,416.32,0.978,49.956,VOLTAGE_ANOMALY
2026-03-04 10:15:00,10,2,173.17,3.505,564.44,0.93,50.033,VOLTAGE_ANOMALY
2026-03-04 10:30:00,10,2,266.75,1.524,377.97,0.93,50.047,VOLTAGE_ANOMALY
2026-03-04 10:45:00,10,2,170.39,2.052,325.59,0.931,49.964,VOLTAGE_ANOMALY
2026-03-04 11:00:00,11,2,279.53,1.915,523.11,0.977,49.983,VOLTAGE_ANOMALY
2026-03-04 11:15:00,11,2,255.45,2.044,501.75,0.961,49.977,VOLTAGE_ANOMALY
2026-03-04 11:30:00,11,2,268.52,1.524,389.58,0.952,50.025,VOLTAGE_ANOMALY
2026-03-04 11:45:00,11,2,259.47,1.228,290.35,0.911,49.976,VOLTAGE_ANOMALY
2026-03-04 12:00:00,12,2,226.17,500.0,325.46,0.928,50.03,SENSOR_FAULT
2026-03-04 12:15:00,12,2,0.0,1.438,297.24,0.905,49.962,SENSOR_FAULT
2026-03-04 12:30:00,12,2,500.0,1.782,399.24,0.972,50.061,SENSOR_FAULT
2026-03-04 12:45:00,12,2,232.66,2.112,474.4,-1.0,49.966,SENSOR_FAULT
2026-03-04 13:00:00,13,2,231.12,2.716,602.76,2.0,49.94,SENSOR_FAULT
2026-03-04 13:15:00,13,2,500.0,2.282,486.33,0.922,49.968,SENSOR_FAULT
2026-03-04 13:30:00,13,2,0.0,2.64,556.41,0.923,50.068,SENSOR_FAULT
2026-03-04 13:45:00,13,2,230.18,500.0,346.09,0.925,49.965,SENSOR_FAULT
2026-03-04 14:00:00,14,2,231.38,1.37,294.01,0.928,100.0,SENSOR_FAULT
2026-03-04 14:15:00,14,2,230.55,500.0,566.16,0.962,49.958,SENSOR_FAULT
2026-03-04 14:30:00,14,2,0.0,1.998,433.76,0.945,49.925,SENSOR_FAULT
2026-03-04 14:45:00,14,2,231.88,1.761,384.55,2.0,49.956,SENSOR_FAULT
2026-03-04 15:00:00,15,2,229.78,500.0,384.24,0.941,50.005,SENSOR_FAULT
2026-03-04 15:15:00,15,2,228.58,500.0,424.67,0.974,49.931,SENSOR_FAULT
2026-03-04 15:30:00,15,2,0.0,2.311,521.85,0.984,50.022,SENSOR_FAULT
2026-03-04 15:45:00,15,2,500.0,2.366,548.28,0.99,50.054,SENSOR_FAULT
2026-03-04 16:00:00,16,2,230.77,2.755,576.0,0.906,-10.0,SENSOR_FAULT
2026-03-04 16:15:00,16,2,227.6,500.0,270.68,0.957,50.022,SENSOR_FAULT
2026-03-04 16:30:00,16,2,500.0,1.272,283.83,0.964,50.0,SENSOR_FAULT
2026-03-04 16:45:00,16,2,0.0,1.304,290.88,0.978,50.078,SENSOR_FAULT
2026-03-04 17:00:00,17,2,0.0,2.973,637.15,0.936,50.106,SENSOR_FAULT
2026-03-04 17:15:00,17,2,228.67,3.158,656.94,2.0,50.005,SENSOR_FAULT
2026-03-04 17:30:00,17,2,500.0,4.083,930.58,0.988,49.937,SENSOR_FAULT
2026-03-04 17:45:00,17,2,231.11,2.703,588.63,2.0,50.028,SENSOR_FAULT
2026-03-04 18:00:00,18,2,500.0,4.199,896.04,0.925,50.021,SENSOR_FAULT
2026-03-04 18:15:00,18,2,231.64,4.479,956.96,2.0,50.02,SENSOR_FAULT
2026-03-04 18:30:00,18,2,227.25,4.601,955.1,2.0,50.015,SENSOR_FAULT
2026-03-04 18:45:00,18,2,230.73,3.361,716.07,-1.0,49.991,SENSOR_FAULT
2026-03-04 19:00:00,19,2,234.22,2.665,562.53,0.901,100.0,SENSOR_FAULT
2026-03-04 19:15:00,19,2,0.0,2.968,638.06,0.929,49.96,SENSOR_FAULT
2026-03-04 19:30:00,19,2,231.95,500.0,690.59,0.953,50.016,SENSOR_FAULT
2026-03-04 19:45:00,19,2,-10.0,3.463,766.31,0.969,50.045,SENSOR_FAULT
2026-03-04 20:00:00,20,2,232.65,500.0,983.47,0.945,49.903,SENSOR_FAULT
2026-03-04 20:15:00,20,2,500.0,3.362,755.09,0.972,49.978,SENSOR_FAULT
2026-03-04 20:30:00,20,2,227.51,4.303,966.07,1.5,49.964,SENSOR_FAULT
2026-03-04 20:45:00,20,2,232.15,4.067,875.34,-1.0,50.019,SENSOR_FAULT
2026-03-04 21:00:00,21,2,230.45,2.805,592.82,-1.0,50.046,SENSOR_FAULT
2026-03-04 21:15:00,21,2,0.0,2.462,529.51,0.951,50.013,SENSOR_FAULT
2026-03-04 21:30:00,21,2,231.3,4.411,929.16,0.911,100.0,SENSOR_FAULT
2026-03-04 21:45:00,21,2,230.44,2.768,596.17,0.935,-10.0,SENSOR_FAULT
2026-03-04 22:00:00,22,2,230.43,500.0,273.41,0.948,49.923,SENSOR_FAULT
2026-03-04 22:15:00,22,2,227.01,1.266,279.45,0.972,100.0,SENSOR_FAULT
2026-03-04 22:30:00,22,2,228.33,1.551,318.85,-1.0,49.984,SENSOR_FAULT
2026-03-04 22:45:00,22,2,232.69,0.987,207.0,2.0,49.943,SENSOR_FAULT
2026-03-04 23:00:00,23,2,233.43,1.931,443.51,-1.0,49.99,SENSOR_FAULT
2026-03-04 23:15:00,23,2,229.36,500.0,299.25,0.932,49.986,SENSOR_FAULT
2026-03-04 23:30:00,23,2,500.0,2.079,473.26,0.979,50.094,SENSOR_FAULT
2026-03-04 23:45:00,23,2,232.67,1.025,226.14,-1.0,49.944,SENSOR_FAULT
2026-03-05 00:00:00,0,3,0.0,0.441,98.58,0.982,49.926,SENSOR_FAULT
2026-03-05 00:15:00,0,3,229.62,0.691,146.2,1.5,50.03,SENSOR_FAULT
2026-03-05 00:30:00,0,3,232.29,0.633,141.48,0.962,-10.0,SENSOR_FAULT
2026-03-05 00:45:00,0,3,-10.0,0.519,114.29,0.952,49.948,SENSOR_FAULT
2026-03-05 01:00:00,1,3,232.3,-5.0,115.89,0.971,50.057,SENSOR_FAULT
2026-03-05 01:15:00,1,3,228.47,0.592,131.02,-1.0,49.94,SENSOR_FAULT
2026-03-05 01:30:00,1,3,0.0,0.373,77.61,0.91,49.952,SENSOR_FAULT
2026-03-05 01:45:00,1,3,225.62,0.771,161.66,1.5,50.0,SENSOR_FAULT
2026-03-05 02:00:00,2,3,227.54,0.467,103.79,0.978,100.0,SENSOR_FAULT
2026-03-05 02:15:00,2,3,500.0,0.828,179.48,0.935,50.089,SENSOR_FAULT
2026-03-05 02:30:00,2,3,232.41,500.0,161.54,0.939,50.013,SENSOR_FAULT
2026-03-05 02:45:00,2,3,230.46,0.774,169.49,0.95,-10.0,SENSOR_FAULT
2026-03-05 03:00:00,3,3,226.51,0.426,93.6,2.0,49.966,SENSOR_FAULT
2026-03-05 03:15:00,3,3,500.0,0.653,147.66,0.989,49.913,SENSOR_FAULT
2026-03-05 03:30:00,3,3,225.9,0.535,111.48,2.0,49.984,SENSOR_FAULT
2026-03-05 03:45:00,3,3,229.22,-5.0,183.74,0.948,49.984,SENSOR_FAULT
2026-03-05 04:00:00,4,3,500.0,0.516,107.66,0.908,49.974,SENSOR_FAULT
2026-03-05 04:15:00,4,3,227.43,500.0,149.33,0.981,49.944,SENSOR_FAULT
2026-03-05 04:30:00,4,3,227.38,500.0,105.63,0.933,49.997,SENSOR_FAULT
2026-03-05 04:45:00,4,3,228.0,0.733,165.37,2.0,50.008,SENSOR_FAULT
2026-03-05 05:00:00,5,3,228.26,0.433,93.62,2.0,49.934,SENSOR_FAULT
2026-03-05 05:15:00,5,3,500.0,0.419,89.16,0.923,49.949,SENSOR_FAULT
2026-03-05 05:30:00,5,3,233.82,-5.0,125.89,0.969,49.996,SENSOR_FAULT
2026-03-05 05:45:00,5,3,225.8,0.713,151.37,2.0,50.001,SENSOR_FAULT
2026-03-05 06:00:00,6,3,-10.0,2.569,562.9,0.946,50.058,SENSOR_FAULT
2026-03-05 06:15:00,6,3,-10.0,2.656,559.77,0.921,50.047,SENSOR_FAULT
2026-03-05 06:30:00,6,3,0.0,1.616,351.99,0.943,50.001,SENSOR_FAULT
2026-03-05 06:45:00,6,3,227.46,1.678,361.22,1.5,50.036,SENSOR_FAULT
2026-03-05 07:00:00,7,3,500.0,2.483,524.68,0.937,49.938,SENSOR_FAULT
2026-03-05 07:15:00,7,3,228.18,2.103,463.11,0.965,-10.0,SENSOR_FAULT
2026-03-05 07:30:00,7,3,230.06,2.022,448.48,-1.0,50.056,SENSOR_FAULT
2026-03-05 07:45:00,7,3,232.79,1.57,353.15,-1.0,50.026,SENSOR_FAULT
2026-03-05 08:00:00,8,3,229.89,-5.0,607.94,0.907,49.967,SENSOR_FAULT
2026-03-05 08:15:00,8,3,229.34,1.545,330.38,0.933,100.0,SENSOR_FAULT
2026-03-05 08:30:00,8,3,227.57,3.375,693.29,2.0,50.022,SENSOR_FAULT
2026-03-05 08:45:00,8,3,500.0,1.826,379.29,0.904,50.027,SENSOR_FAULT
2026-03-05 09:00:00,9,3,230.52,2.542,543.42,-1.0,50.062,SENSOR_FAULT
2026-03-05 09:15:00,9,3,230.05,1.722,361.25,0.912,100.0,SENSOR_FAULT
2026-03-05 09:30:00,9,3,227.0,2.375,530.67,0.984,-10.0,SENSOR_FAULT
2026-03-05 09:45:00,9,3,0.0,1.649,354.73,0.942,49.923,SENSOR_FAULT
2026-03-05 10:00:00,10,3,230.1,2.123,444.57,0.91,100.0,SENSOR_FAULT
2026-03-05 10:15:00,10,3,229.5,1.413,307.75,2.0,50.11,SENSOR_FAULT
2026-03-05 10:30:00,10,3,229.58,-5.0,553.33,0.918,49.922,SENSOR_FAULT
2026-03-05 10:45:00,10,3,232.43,2.648,592.12,1.5,50.01,SENSOR_FAULT
2026-03-05 11:00:00,11,3,226.66,1.452,315.54,0.959,100.0,SENSOR_FAULT
2026-03-05 11:15:00,11,3,500.0,1.899,428.45,0.978,50.005,SENSOR_FAULT
2026-03-05 11:30:00,11,3,0.0,2.567,576.13,0.979,50.08,SENSOR_FAULT
2026-03-05 11:45:00,11,3,225.14,1.354,295.95,1.5,49.986,SENSOR_FAULT
2026-03-05 12:00:00,12,3,230.96,1.775,405.38,2.0,49.905,SENSOR_FAULT
2026-03-05 12:15:00,12,3,230.9,1.588,361.96,2.0,50.007,SENSOR_FAULT
2026-03-05 12:30:00,12,3,500.0,2.396,519.29,0.943,50.071,SENSOR_FAULT
2026-03-05 12:45:00,12,3,-10.0,1.765,390.3,0.961,50.052,SENSOR_FAULT
2026-03-05 13:00:00,13,3,500.0,2.026,419.29,0.9,50.035,SENSOR_FAULT
2026-03-05 13:15:00,13,3,229.67,2.338,511.11,0.952,-10.0,SENSOR_FAULT
2026-03-05 13:30:00,13,3,-10.0,1.959,407.14,0.901,49.958,SENSOR_FAULT
2026-03-05 13:45:00,13,3,-10.0,2.275,469.3,0.901,50.003,SENSOR_FAULT
2026-03-05 14:00:00,14,3,228.69,2.146,464.14,2.0,50.024,SENSOR_FAULT
2026-03-05 14:15:00,14,3,230.82,2.274,492.81,0.939,100.0,SENSOR_FAULT
2026-03-05 14:30:00,14,3,-10.0,2.382,511.04,0.937,49.987,SENSOR_FAULT
2026-03-05 14:45:00,14,3,229.47,2.202,480.24,0.95,100.0,SENSOR_FAULT
2026-03-05 15:00:00,15,3,-10.0,1.904,396.59,0.908,50.015,SENSOR_FAULT
2026-03-05 15:15:00,15,3,227.58,-5.0,507.61,0.945,49.933,SENSOR_FAULT
2026-03-05 15:30:00,15,3,229.37,1.812,389.81,0.938,-10.0,SENSOR_FAULT
2026-03-05 15:45:00,15,3,231.05,2.509,543.6,-1.0,49.982,SENSOR_FAULT
2026-03-05 16:00:00,16,3,-10.0,1.475,320.22,0.927,50.054,SENSOR_FAULT
2026-03-05 16:15:00,16,3,231.13,2.318,484.63,0.904,-10.0,SENSOR_FAULT
2026-03-05 16:30:00,16,3,-10.0,1.907,412.46,0.94,50.078,SENSOR_FAULT
2026-03-05 16:45:00,16,3,227.78,-5.0,564.41,0.985,50.069,SENSOR_FAULT
2026-03-05 17:00:00,17,3,500.0,4.347,964.98,0.961,49.976,SENSOR_FAULT
2026-03-05 17:15:00,17,3,229.88,3.286,699.35,0.926,100.0,SENSOR_FAULT
2026-03-05 17:30:00,17,3,500.0,3.9,859.48,0.955,50.025,SENSOR_FAULT
2026-03-05 17:45:00,17,3,232.91,2.697,591.83,0.942,-10.0,SENSOR_FAULT
2026-03-05 18:00:00,18,3,500.0,3.104,679.73,0.949,50.064,SENSOR_FAULT
2026-03-05 18:15:00,18,3,228.96,4.49,928.09,0.903,-10.0,SENSOR_FAULT
2026-03-05 18:30:00,18,3,228.27,3.05,639.58,0.919,100.0,SENSOR_FAULT
2026-03-05 18:45:00,18,3,233.18,2.352,517.4,0.944,100.0,SENSOR_FAULT
2026-03-05 19:00:00,19,3,229.57,3.031,659.66,-1.0,49.978,SENSOR_FAULT
2026-03-05 19:15:00,19,3,231.16,-5.0,927.14,0.981,50.055,SENSOR_FAULT
2026-03-05 19:30:00,19,3,227.49,3.952,878.24,0.977,-10.0,SENSOR_FAULT
2026-03-05 19:45:00,19,3,229.66,3.329,749.47,0.98,100.0,SENSOR_FAULT
2026-03-05 20:00:00,20,3,231.1,3.763,818.55,0.941,-10.0,SENSOR_FAULT
2026-03-05 20:15:00,20,3,0.0,3.783,803.63,0.92,49.941,SENSOR_FAULT
2026-03-05 20:30:00,20,3,231.11,2.457,557.26,0.981,-10.0,SENSOR_FAULT
2026-03-05 20:45:00,20,3,229.33,3.681,780.94,0.925,100.0,SENSOR_FAULT
2026-03-05 21:00:00,21,3,233.16,500.0,846.5,0.913,49.997,SENSOR_FAULT
2026-03-05 21:15:00,21,3,228.1,4.441,969.5,0.957,100.0,SENSOR_FAULT
2026-03-05 21:30:00,21,3,232.24,2.79,590.8,0.912,-10.0,SENSOR_FAULT
2026-03-05 21:45:00,21,3,-10.0,3.959,852.99,0.934,49.951,SENSOR_FAULT
2026-03-05 22:00:00,22,3,234.22,2.083,471.58,0.966,100.0,SENSOR_FAULT
2026-03-05 22:15:00,22,3,0.0,2.31,510.57,0.959,50.056,SENSOR_FAULT
2026-03-05 22:30:00,22,3,0.0,2.003,450.16,0.975,49.995,SENSOR_FAULT
2026-03-05 22:45:00,22,3,228.04,1.289,268.3,2.0,49.996,SENSOR_FAULT
2026-03-05 23:00:00,23,3,226.47,-5.0,297.7,0.933,49.974,SENSOR_FAULT
2026-03-05 23:15:00,23,3,226.3,1.741,368.68,0.936,100.0,SENSOR_FAULT
2026-03-05 23:30:00,23,3,500.0,1.568,347.33,0.968,50.036,SENSOR_FAULT
2026-03-05 23:45:00,23,3,500.0,1.995,438.88,0.955,50.007,SENSOR_FAULT
2026-03-06 00:00:00,0,4,227.64,0.465,97.31,0.918,100.0,SENSOR_FAULT
2026-03-06 00:15:00,0,4,0.0,0.348,76.12,0.951,50.098,SENSOR_FAULT
2026-03-06 00:30:00,0,4,228.26,0.809,180.15,0.975,100.0,SENSOR_FAULT
2026-03-06 00:45:00,0,4,227.18,0.825,176.47,2.0,49.984,SENSOR_FAULT
2026-03-06 01:00:00,1,4,230.47,0.49,108.19,0.959,-10.0,SENSOR_FAULT
2026-03-06 01:15:00,1,4,500.0,0.807,178.21,0.937,50.044,SENSOR_FAULT
2026-03-06 01:30:00,1,4,0.0,0.338,73.56,0.943,50.003,SENSOR_FAULT
2026-03-06 01:45:00,1,4,231.59,0.582,126.63,1.5,50.018,SENSOR_FAULT
2026-03-06 02:00:00,2,4,-10.0,0.868,182.42,0.909,50.098,SENSOR_FAULT
2026-03-06 02:15:00,2,4,231.08,0.727,156.13,0.93,100.0,SENSOR_FAULT
2026-03-06 02:30:00,2,4,225.17,0.87,177.33,0.905,100.0,SENSOR_FAULT
2026-03-06 02:45:00,2,4,0.0,0.704,153.13,0.936,50.013,SENSOR_FAULT
2026-03-06 03:00:00,3,4,228.22,-5.0,120.83,0.964,50.065,SENSOR_FAULT
2026-03-06 03:15:00,3,4,231.07,500.0,127.19,0.936,49.931,SENSOR_FAULT
2026-03-06 03:30:00,3,4,231.26,-5.0,172.39,0.952,50.003,SENSOR_FAULT
2026-03-06 03:45:00,3,4,228.33,0.87,185.95,1.5,50.002,SENSOR_FAULT
2026-03-06 04:00:00,4,4,233.86,0.571,131.01,0.981,-10.0,SENSOR_FAULT
2026-03-06 04:15:00,4,4,231.36,-5.0,125.36,0.934,50.035,SENSOR_FAULT
2026-03-06 04:30:00,4,4,0.0,0.476,106.18,0.954,50.012,SENSOR_FAULT
2026-03-06 04:45:00,4,4,230.56,-5.0,166.92,0.952,50.068,SENSOR_FAULT
2026-03-06 05:00:00,5,4,230.3,0.592,132.17,0.969,100.0,SENSOR_FAULT
2026-03-06 05:15:00,5,4,229.14,500.0,121.9,0.926,49.957,SENSOR_FAULT
2026-03-06 05:30:00,5,4,232.35,0.718,153.51,0.921,100.0,SENSOR_FAULT
2026-03-06 05:45:00,5,4,-10.0,0.41,91.0,0.961,49.981,SENSOR_FAULT
2026-03-06 06:00:00,6,4,231.65,2.764,579.19,1.5,50.023,SENSOR_FAULT
2026-03-06 06:15:00,6,4,500.0,2.659,564.63,0.937,49.936,SENSOR_FAULT
2026-03-06 06:30:00,6,4,230.44,-5.0,342.75,0.981,50.006,SENSOR_FAULT
2026-03-06 06:45:00,6,4,233.21,1.863,391.26,1.5,49.949,SENSOR_FAULT
2026-03-06 07:00:00,7,4,236.28,2.373,511.36,0.912,-10.0,SENSOR_FAULT
2026-03-06 07:15:00,7,4,226.28,1.918,428.21,2.0,50.021,SENSOR_FAULT
2026-03-06 07:30:00,7,4,231.02,500.0,465.52,0.908,50.051,SENSOR_FAULT
2026-03-06 07:45:00,7,4,231.49,2.199,465.51,1.5,50.081,SENSOR_FAULT
2026-03-06 08:00:00,8,4,500.0,2.906,653.83,0.984,49.919,SENSOR_FAULT
2026-03-06 08:15:00,8,4,500.0,2.041,436.1,0.905,50.042,SENSOR_FAULT
2026-03-06 08:30:00,8,4,232.12,-5.0,362.01,0.932,50.073,SENSOR_FAULT
2026-03-06 08:45:00,8,4,229.91,2.641,565.69,-1.0,50.064,SENSOR_FAULT
2026-03-06 09:00:00,9,4,232.06,1.728,365.92,0.912,-10.0,SENSOR_FAULT
2026-03-06 09:15:00,9,4,231.24,-5.0,462.99,0.901,50.07,SENSOR_FAULT
2026-03-06 09:30:00,9,4,228.44,2.308,497.97,2.0,49.948,SENSOR_FAULT
2026-03-06 09:45:00,9,4,-10.0,1.936,415.59,0.935,49.977,SENSOR_FAULT
2026-03-06 10:00:00,10,4,-10.0,1.646,375.9,0.99,50.046,SENSOR_FAULT
2026-03-06 10:15:00,10,4,229.17,2.165,470.41,1.5,50.043,SENSOR_FAULT
2026-03-06 10:30:00,10,4,227.21,1.933,395.79,2.0,50.014,SENSOR_FAULT
2026-03-06 10:45:00,10,4,230.26,2.262,478.41,0.918,-10.0,SENSOR_FAULT
2026-03-06 11:00:00,11,4,228.91,2.11,468.81,0.97,100.0,SENSOR_FAULT
2026-03-06 11:15:00,11,4,228.75,1.373,303.62,0.966,100.0,SENSOR_FAULT
2026-03-06 11:30:00,11,4,0.0,1.876,402.54,0.928,50.045,SENSOR_FAULT
2026-03-06 11:45:00,11,4,227.81,1.632,343.12,0.923,-10.0,SENSOR_FAULT
2026-03-06 12:00:00,12,4,229.86,1.375,309.92,-1.0,50.071,SENSOR_FAULT
2026-03-06 12:15:00,12,4,228.66,-5.0,567.81,0.944,50.043,SENSOR_FAULT
2026-03-06 12:30:00,12,4,231.36,2.482,536.44,0.934,-10.0,SENSOR_FAULT
2026-03-06 12:45:00,12,4,231.53,2.727,581.63,0.921,-10.0,SENSOR_FAULT
2026-03-06 13:00:00,13,4,230.76,1.861,402.84,0.938,100.0,SENSOR_FAULT
2026-03-06 13:15:00,13,4,228.23,2.3,504.74,2.0,50.009,SENSOR_FAULT
2026-03-06 13:30:00,13,4,230.11,2.536,567.09,1.5,50.016,SENSOR_FAULT
2026-03-06 13:45:00,13,4,225.03,-5.0,464.5,0.935,50.037,SENSOR_FAULT
2026-03-06 14:00:00,14,4,-10.0,1.373,311.9,0.977,49.982,SENSOR_FAULT
2026-03-06 14:15:00,14,4,500.0,1.422,297.1,0.903,50.096,SENSOR_FAULT
2026-03-06 14:30:00,14,4,230.08,1.394,295.14,2.0,49.981,SENSOR_FAULT
2026-03-06 14:45:00,14,4,232.96,1.794,409.79,1.5,50.026,SENSOR_FAULT
2026-03-06 15:00:00,15,4,233.25,500.0,383.92,0.939,49.971,SENSOR_FAULT
2026-03-06 15:15:00,15,4,232.62,2.53,575.83,0.978,100.0,SENSOR_FAULT
2026-03-06 15:30:00,15,4,-10.0,2.426,515.79,0.924,49.959,SENSOR_FAULT
2026-03-06 15:45:00,15,4,226.6,-5.0,462.93,0.927,50.027,SENSOR_FAULT
2026-03-06 16:00:00,16,4,231.72,2.568,543.24,1.5,49.937,SENSOR_FAULT
2026-03-06 16:15:00,16,4,229.64,500.0,310.04,0.989,50.003,SENSOR_FAULT
2026-03-06 16:30:00,16,4,228.44,-5.0,428.43,0.942,49.961,SENSOR_FAULT
2026-03-06 16:45:00,16,4,0.0,2.644,578.06,0.947,49.951,SENSOR_FAULT
2026-03-06 17:00:00,17,4,500.0,3.218,672.2,0.919,50.053,SENSOR_FAULT
2026-03-06 17:15:00,17,4,233.57,3.542,789.63,-1.0,49.952,SENSOR_FAULT
2026-03-06 17:30:00,17,4,0.0,2.524,557.88,0.961,49.961,SENSOR_FAULT
2026-03-06 17:45:00,17,4,231.18,500.0,1026.29,0.937,49.947,SENSOR_FAULT
2026-03-06 18:00:00,18,4,232.66,500.0,878.37,0.977,50.052,SENSOR_FAULT
2026-03-06 18:15:00,18,4,227.9,500.0,824.29,0.918,49.946,SENSOR_FAULT
2026-03-06 18:30:00,18,4,228.01,500.0,544.35,0.911,50.005,SENSOR_FAULT
2026-03-06 18:45:00,18,4,231.48,3.544,782.7,1.5,49.984,SENSOR_FAULT
2026-03-06 19:00:00,19,4,-10.0,3.13,661.88,0.924,49.968,SENSOR_FAULT
2026-03-06 19:15:00,19,4,231.25,3.183,726.58,2.0,50.014,SENSOR_FAULT
2026-03-06 19:30:00,19,4,229.44,3.563,752.33,1.5,50.016,SENSOR_FAULT
2026-03-06 19:45:00,19,4,230.07,3.554,761.82,2.0,50.004,SENSOR_FAULT
2026-03-06 20:00:00,20,4,500.0,2.383,510.17,0.923,49.943,SENSOR_FAULT
2026-03-06 20:15:00,20,4,230.38,2.932,643.1,2.0,50.051,SENSOR_FAULT
2026-03-06 20:30:00,20,4,228.91,-5.0,665.86,0.968,50.016,SENSOR_FAULT
2026-03-06 20:45:00,20,4,228.94,3.785,812.04,-1.0,50.072,SENSOR_FAULT
2026-03-06 21:00:00,21,4,231.81,4.173,919.12,2.0,50.091,SENSOR_FAULT
2026-03-06 21:15:00,21,4,0.0,3.543,790.56,0.982,50.02,SENSOR_FAULT
2026-03-06 21:30:00,21,4,230.0,3.914,839.91,0.933,100.0,SENSOR_FAULT
2026-03-06 21:45:00,21,4,500.0,2.446,507.52,0.911,50.089,SENSOR_FAULT
2026-03-06 22:00:00,22,4,231.27,1.23,278.39,0.979,100.0,SENSOR_FAULT
2026-03-06 22:15:00,22,4,228.92,2.098,444.71,0.926,-10.0,SENSOR_FAULT
2026-03-06 22:30:00,22,4,229.21,-5.0,380.57,0.922,50.049,SENSOR_FAULT
2026-03-06 22:45:00,22,4,229.78,1.757,379.53,0.94,-10.0,SENSOR_FAULT
2026-03-06 23:00:00,23,4,231.83,500.0,297.21,0.944,49.986,SENSOR_FAULT
2026-03-06 23:15:00,23,4,0.0,1.402,303.69,0.946,50.018,SENSOR_FAULT
2026-03-06 23:30:00,23,4,230.09,1.355,296.51,2.0,50.036,SENSOR_FAULT
2026-03-06 23:45:00,23,4,229.2,1.9,415.65,0.954,-10.0,SENSOR_FAULT
2026-03-07 00:00:00,0,5,-10.0,0.786,171.52,0.956,49.97,SENSOR_FAULT
2026-03-07 00:15:00,0,5,230.16,0.438,91.13,-1.0,50.036,SENSOR_FAULT
2026-03-07 00:30:00,0,5,230.65,500.0,106.28,0.908,49.98,SENSOR_FAULT
2026-03-07 00:45:00,0,5,500.0,0.804,176.92,0.956,50.006,SENSOR_FAULT
2026-03-07 01:00:00,1,5,228.98,0.634,143.52,1.5,49.936,SENSOR_FAULT
2026-03-07 01:15:00,1,5,231.51,0.738,155.17,-1.0,50.025,SENSOR_FAULT
2026-03-07 01:30:00,1,5,228.56,0.486,110.02,-1.0,50.001,SENSOR_FAULT
2026-03-07 01:45:00,1,5,230.49,0.509,108.22,0.923,-10.0,SENSOR_FAULT
2026-03-07 02:00:00,2,5,229.06,0.483,100.13,0.904,100.0,SENSOR_FAULT
2026-03-07 02:15:00,2,5,227.79,-5.0,77.3,0.946,49.99,SENSOR_FAULT
2026-03-07 02:30:00,2,5,227.71,500.0,100.99,0.926,49.949,SENSOR_FAULT
2026-03-07 02:45:00,2,5,228.97,0.72,157.15,-1.0,50.048,SENSOR_FAULT
2026-03-07 03:00:00,3,5,230.49,-5.0,139.32,0.99,49.967,SENSOR_FAULT
2026-03-07 03:15:00,3,5,229.82,0.579,127.61,2.0,49.995,SENSOR_FAULT
2026-03-07 03:30:00,3,5,230.47,0.432,91.51,1.5,49.975,SENSOR_FAULT
2026-03-07 03:45:00,3,5,232.83,0.455,96.2,0.908,100.0,SENSOR_FAULT
2026-03-07 04:00:00,4,5,229.21,0.632,134.66,0.929,100.0,SENSOR_FAULT
2026-03-07 04:15:00,4,5,500.0,0.688,143.08,0.914,50.039,SENSOR_FAULT
2026-03-07 04:30:00,4,5,0.0,0.463,99.99,0.932,50.022,SENSOR_FAULT
2026-03-07 04:45:00,4,5,500.0,0.804,179.19,0.955,49.917,SENSOR_FAULT
2026-03-07 05:00:00,5,5,227.81,0.325,68.14,0.92,-10.0,SENSOR_FAULT
2026-03-07 05:15:00,5,5,227.64,0.397,84.4,1.5,49.921,SENSOR_FAULT
2026-03-07 05:30:00,5,5,-10.0,0.513,116.12,0.985,49.924,SENSOR_FAULT
2026-03-07 05:45:00,5,5,228.21,0.638,132.93,2.0,49.998,SENSOR_FAULT
2026-03-07 06:00:00,6,5,228.44,1.827,401.28,2.0,50.033,SENSOR_FAULT
2026-03-07 06:15:00,6,5,227.23,2.439,547.93,2.0,50.015,SENSOR_FAULT
2026-03-07 06:30:00,6,5,0.0,2.963,651.68,0.946,50.001,SENSOR_FAULT
2026-03-07 06:45:00,6,5,231.13,2.095,469.87,-1.0,49.959,SENSOR_FAULT
2026-03-07 07:00:00,7,5,-10.0,3.156,683.32,0.937,49.933,SENSOR_FAULT
2026-03-07 07:15:00,7,5,232.29,500.0,683.0,0.916,50.008,SENSOR_FAULT
2026-03-07 07:30:00,7,5,230.66,-5.0,588.34,0.939,49.975,SENSOR_FAULT
2026-03-07 07:45:00,7,5,228.36,-5.0,593.07,0.947,50.036,SENSOR_FAULT
2026-03-07 08:00:00,8,5,231.48,-5.0,558.37,0.963,49.93,SENSOR_FAULT
2026-03-07 08:15:00,8,5,0.0,2.584,543.26,0.911,49.912,SENSOR_FAULT
2026-03-07 08:30:00,8,5,230.82,2.903,654.31,1.5,50.135,SENSOR_FAULT
2026-03-07 08:45:00,8,5,233.56,1.957,447.06,0.978,100.0,SENSOR_FAULT
2026-03-07 09:00:00,9,5,231.26,2.108,472.98,2.0,49.988,SENSOR_FAULT
2026-03-07 09:15:00,9,5,232.45,2.424,544.7,0.967,100.0,SENSOR_FAULT
2026-03-07 09:30:00,9,5,228.62,2.706,567.87,0.918,-10.0,SENSOR_FAULT
2026-03-07 09:45:00,9,5,229.23,2.132,454.54,0.93,100.0,SENSOR_FAULT
2026-03-07 10:00:00,10,5,229.35,-5.0,527.36,0.972,50.089,SENSOR_FAULT
2026-03-07 10:15:00,10,5,233.08,500.0,351.56,0.904,49.92,SENSOR_FAULT
2026-03-07 10:30:00,10,5,227.68,2.112,444.74,0.925,100.0,SENSOR_FAULT
2026-03-07 10:45:00,10,5,233.17,2.116,474.41,0.961,100.0,SENSOR_FAULT
2026-03-07 11:00:00,11,5,228.7,500.0,317.19,0.977,50.029,SENSOR_FAULT
2026-03-07 11:15:00,11,5,231.24,1.802,410.19,2.0,50.064,SENSOR_FAULT
2026-03-07 11:30:00,11,5,227.17,500.0,486.38,0.943,49.986,SENSOR_FAULT
2026-03-07 11:45:00,11,5,230.68,1.761,399.04,-1.0,50.08,SENSOR_FAULT
2026-03-07 12:00:00,12,5,232.4,1.158,246.92,0.917,-10.0,SENSOR_FAULT
2026-03-07 12:15:00,12,5,-10.0,1.165,239.72,0.904,49.939,SENSOR_FAULT
2026-03-07 12:30:00,12,5,228.72,1.521,334.52,0.962,100.0,SENSOR_FAULT
2026-03-07 12:45:00,12,5,-10.0,2.269,474.52,0.907,49.957,SENSOR_FAULT
2026-03-07 13:00:00,13,5,225.39,-5.0,457.71,0.972,50.003,SENSOR_FAULT
2026-03-07 13:15:00,13,5,231.38,1.384,293.71,1.5,50.019,SENSOR_FAULT
2026-03-07 13:30:00,13,5,500.0,2.706,582.76,0.941,50.055,SENSOR_FAULT
2026-03-07 13:45:00,13,5,231.31,2.286,487.07,-1.0,49.947,SENSOR_FAULT
2026-03-07 14:00:00,14,5,226.62,-5.0,275.24,0.926,49.99,SENSOR_FAULT
2026-03-07 14:15:00,14,5,0.0,1.951,415.19,0.931,50.041,SENSOR_FAULT
2026-03-07 14:30:00,14,5,229.84,1.954,421.2,2.0,49.997,SENSOR_FAULT
2026-03-07 14:45:00,14,5,0.0,1.992,428.97,0.941,50.052,SENSOR_FAULT
2026-03-07 15:00:00,15,5,233.91,2.486,571.27,1.5,49.981,SENSOR_FAULT
2026-03-07 15:15:00,15,5,227.92,-5.0,519.94,0.937,50.032,SENSOR_FAULT
2026-03-07 15:30:00,15,5,500.0,1.843,415.72,0.97,50.036,SENSOR_FAULT
2026-03-07 15:45:00,15,5,227.59,2.037,434.84,0.938,100.0,SENSOR_FAULT
2026-03-07 16:00:00,16,5,500.0,1.659,370.38,0.979,50.03,SENSOR_FAULT
2026-03-07 16:15:00,16,5,229.63,1.669,370.5,1.5,50.018,SENSOR_FAULT
2026-03-07 16:30:00,16,5,-10.0,1.758,378.15,0.95,50.031,SENSOR_FAULT
2026-03-07 16:45:00,16,5,227.23,-5.0,392.93,0.938,50.057,SENSOR_FAULT
2026-03-07 17:00:00,17,5,231.53,2.459,539.36,1.5,49.971,SENSOR_FAULT
2026-03-07 17:15:00,17,5,231.53,500.0,701.11,0.931,50.0,SENSOR_FAULT
2026-03-07 17:30:00,17,5,228.9,3.838,798.19,1.5,50.013,SENSOR_FAULT
2026-03-07 17:45:00,17,5,228.21,500.0,848.39,0.948,50.031,SENSOR_FAULT
2026-03-07 18:00:00,18,5,225.9,4.455,925.7,-1.0,49.969,SENSOR_FAULT
2026-03-07 18:15:00,18,5,227.44,3.904,870.5,-1.0,50.041,SENSOR_FAULT
2026-03-07 18:30:00,18,5,-10.0,3.055,659.96,0.945,49.967,SENSOR_FAULT
2026-03-07 18:45:00,18,5,228.45,-5.0,949.51,0.976,49.99,SENSOR_FAULT
2026-03-07 19:00:00,19,5,229.15,500.0,573.26,0.903,50.044,SENSOR_FAULT
2026-03-07 19:15:00,19,5,231.29,3.781,798.47,0.913,-10.0,SENSOR_FAULT
2026-03-07 19:30:00,19,5,232.47,-5.0,985.37,0.944,49.982,SENSOR_FAULT
2026-03-07 19:45:00,19,5,229.86,2.324,521.61,-1.0,49.985,SENSOR_FAULT
2026-03-07 20:00:00,20,5,229.28,3.589,763.88,0.928,100.0,SENSOR_FAULT
2026-03-07 20:15:00,20,5,230.31,3.845,832.86,0.941,100.0,SENSOR_FAULT
2026-03-07 20:30:00,20,5,229.57,4.425,972.23,1.5,50.108,SENSOR_FAULT
2026-03-07 20:45:00,20,5,228.51,4.36,936.82,1.5,50.013,SENSOR_FAULT
2026-03-07 21:00:00,21,5,226.75,3.16,704.06,0.983,-10.0,SENSOR_FAULT
2026-03-07 21:15:00,21,5,227.81,-5.0,790.09,0.946,49.861,SENSOR_FAULT
2026-03-07 21:30:00,21,5,228.68,4.482,997.78,2.0,49.977,SENSOR_FAULT
2026-03-07 21:45:00,21,5,232.91,-5.0,555.58,0.943,49.983,SENSOR_FAULT
2026-03-07 22:00:00,22,5,227.88,1.471,302.3,0.902,100.0,SENSOR_FAULT
2026-03-07 22:15:00,22,5,229.44,1.675,364.16,1.5,49.965,SENSOR_FAULT
2026-03-07 22:30:00,22,5,-10.0,0.886,194.25,0.957,49.912,SENSOR_FAULT
2026-03-07 22:45:00,22,5,231.98,1.891,399.52,0.911,100.0,SENSOR_FAULT
2026-03-07 23:00:00,23,5,229.27,1.637,352.25,0.939,100.0,SENSOR_FAULT
2026-03-07 23:15:00,23,5,-10.0,1.307,286.09,0.956,50.08,SENSOR_FAULT
2026-03-07 23:30:00,23,5,-10.0,2.101,439.79,0.91,50.053,SENSOR_FAULT
2026-03-07 23:45:00,23,5,228.47,1.613,359.52,-1.0,50.08,SENSOR_FAULT
2026-03-08 00:00:00,0,6,225.61,-5.0,96.58,0.901,49.975,SENSOR_FAULT
2026-03-08 00:15:00,0,6,0.0,0.487,102.68,0.916,50.006,SENSOR_FAULT
2026-03-08 00:30:00,0,6,230.14,500.0,153.27,0.939,50.025,SENSOR_FAULT
2026-03-08 00:45:00,0,6,500.0,0.598,126.39,0.923,50.06,SENSOR_FAULT
2026-03-08 01:00:00,1,6,228.08,-5.0,102.02,0.975,49.907,SENSOR_FAULT
2026-03-08 01:15:00,1,6,228.23,500.0,87.24,0.932,49.971,SENSOR_FAULT
2026-03-08 01:30:00,1,6,232.11,0.446,97.86,0.945,100.0,SENSOR_FAULT
2026-03-08 01:45:00,1,6,230.42,500.0,130.02,0.935,49.988,SENSOR_FAULT
2026-03-08 02:00:00,2,6,228.89,500.0,161.05,0.912,50.007,SENSOR_FAULT
2026-03-08 02:15:00,2,6,229.4,-5.0,147.91,0.928,50.069,SENSOR_FAULT
2026-03-08 02:30:00,2,6,227.49,0.715,159.43,0.98,-10.0,SENSOR_FAULT
2026-03-08 02:45:00,2,6,500.0,0.385,84.02,0.937,49.993,SENSOR_FAULT
2026-03-08 03:00:00,3,6,230.74,-5.0,98.71,0.928,49.936,SENSOR_FAULT
2026-03-08 03:15:00,3,6,229.0,0.535,120.77,0.985,-10.0,SENSOR_FAULT
2026-03-08 03:30:00,3,6,226.14,500.0,166.82,0.973,50.024,SENSOR_FAULT
2026-03-08 03:45:00,3,6,226.74,0.559,124.07,0.979,100.0,SENSOR_FAULT
2026-03-08 04:00:00,4,6,0.0,0.557,121.81,0.933,49.985,SENSOR_FAULT
2026-03-08 04:15:00,4,6,500.0,0.494,109.73,0.961,50.013,SENSOR_FAULT
2026-03-08 04:30:00,4,6,229.31,-5.0,92.76,0.936,49.915,SENSOR_FAULT
2026-03-08 04:45:00,4,6,228.65,0.282,62.38,0.968,-10.0,SENSOR_FAULT
2026-03-08 05:00:00,5,6,228.88,500.0,165.26,0.943,49.952,SENSOR_FAULT
2026-03-08 05:15:00,5,6,229.37,-5.0,169.11,0.907,50.025,SENSOR_FAULT
2026-03-08 05:30:00,5,6,-10.0,0.56,125.23,0.976,49.941,SENSOR_FAULT
2026-03-08 05:45:00,5,6,500.0,0.393,83.72,0.923,50.012,SENSOR_FAULT
2026-03-08 06:00:00,6,6,228.29,2.883,603.84,1.5,50.057,SENSOR_FAULT
2026-03-08 06:15:00,6,6,226.81,2.415,493.86,-1.0,50.005,SENSOR_FAULT
2026-03-08 06:30:00,6,6,0.0,2.088,454.79,0.942,50.016,SENSOR_FAULT
2026-03-08 06:45:00,6,6,0.0,1.478,327.6,0.971,49.956,SENSOR_FAULT
2026-03-08 07:00:00,7,6,232.13,3.102,680.57,-1.0,49.894,SENSOR_FAULT
2026-03-08 07:15:00,7,6,228.9,1.999,425.87,0.931,-10.0,SENSOR_FAULT
2026-03-08 07:30:00,7,6,230.36,500.0,618.47,0.977,49.993,SENSOR_FAULT
2026-03-08 07:45:00,7,6,227.46,2.504,555.65,0.976,-10.0,SENSOR_FAULT
2026-03-08 08:00:00,8,6,231.02,2.729,572.78,0.909,-10.0,SENSOR_FAULT
2026-03-08 08:15:00,8,6,-10.0,2.98,662.69,0.975,49.917,SENSOR_FAULT
2026-03-08 08:30:00,8,6,232.26,1.617,350.82,-1.0,49.887,SENSOR_FAULT
2026-03-08 08:45:00,8,6,228.19,500.0,499.78,0.937,49.931,SENSOR_FAULT
2026-03-08 09:00:00,9,6,229.73,1.768,397.36,0.979,-10.0,SENSOR_FAULT
2026-03-08 09:15:00,9,6,229.82,2.493,562.0,2.0,50.009,SENSOR_FAULT
2026-03-08 09:30:00,9,6,500.0,1.386,295.96,0.926,49.969,SENSOR_FAULT
2026-03-08 09:45:00,9,6,229.27,2.385,502.12,2.0,50.033,SENSOR_FAULT
2026-03-08 10:00:00,10,6,232.44,500.0,376.98,0.923,49.978,SENSOR_FAULT
2026-03-08 10:15:00,10,6,229.1,1.632,339.39,0.908,100.0,SENSOR_FAULT
2026-03-08 10:30:00,10,6,228.8,2.561,544.52,0.929,100.0,SENSOR_FAULT
2026-03-08 10:45:00,10,6,0.0,1.912,436.17,0.975,49.986,SENSOR_FAULT
2026-03-08 11:00:00,11,6,228.93,1.95,437.62,0.98,-10.0,SENSOR_FAULT
2026-03-08 11:15:00,11,6,229.39,-5.0,442.85,0.904,50.016,SENSOR_FAULT
2026-03-08 11:30:00,11,6,500.0,1.458,326.33,0.973,49.943,SENSOR_FAULT
2026-03-08 11:45:00,11,6,500.0,1.079,237.43,0.968,49.926,SENSOR_FAULT
2026-03-08 12:00:00,12,6,230.68,-5.0,291.68,0.983,50.0,SENSOR_FAULT
2026-03-08 12:15:00,12,6,230.87,-5.0,283.0,0.978,49.903,SENSOR_FAULT
2026-03-08 12:30:00,12,6,230.93,1.966,443.51,0.977,100.0,SENSOR_FAULT
2026-03-08 12:45:00,12,6,231.75,500.0,288.54,0.954,49.967,SENSOR_FAULT
2026-03-08 13:00:00,13,6,227.45,1.531,334.31,2.0,50.029,SENSOR_FAULT
2026-03-08 13:15:00,13,6,500.0,1.843,398.65,0.956,50.042,SENSOR_FAULT
2026-03-08 13:30:00,13,6,229.64,1.327,274.4,0.9,100.0,SENSOR_FAULT
2026-03-08 13:45:00,13,6,228.7,-5.0,534.33,0.943,49.979,SENSOR_FAULT
2026-03-08 14:00:00,14,6,229.94,1.249,271.23,0.944,-10.0,SENSOR_FAULT
2026-03-08 14:15:00,14,6,227.69,2.546,538.46,2.0,49.981,SENSOR_FAULT
2026-03-08 14:30:00,14,6,232.34,-5.0,303.48,0.974,50.044,SENSOR_FAULT
2026-03-08 14:45:00,14,6,230.3,1.616,337.97,-1.0,49.918,SENSOR_FAULT
2026-03-08 15:00:00,15,6,230.52,1.328,298.58,1.5,50.047,SENSOR_FAULT
2026-03-08 15:15:00,15,6,228.32,1.381,295.31,0.937,100.0,SENSOR_FAULT
2026-03-08 15:30:00,15,6,232.77,500.0,263.35,0.903,50.031,SENSOR_FAULT
2026-03-08 15:45:00,15,6,231.27,2.116,454.62,1.5,49.93,SENSOR_FAULT
2026-03-08 16:00:00,16,6,500.0,1.565,351.27,0.979,49.983,SENSOR_FAULT
2026-03-08 16:15:00,16,6,232.25,1.221,261.41,0.922,100.0,SENSOR_FAULT
2026-03-08 16:30:00,16,6,233.5,500.0,486.66,0.95,50.003,SENSOR_FAULT
2026-03-08 16:45:00,16,6,235.43,1.532,347.14,-1.0,50.05,SENSOR_FAULT
2026-03-08 17:00:00,17,6,229.96,3.704,800.27,0.94,-10.0,SENSOR_FAULT
2026-03-08 17:15:00,17,6,227.59,-5.0,693.61,0.972,50.062,SENSOR_FAULT
2026-03-08 17:30:00,17,6,230.52,2.456,540.08,1.5,49.994,SENSOR_FAULT
2026-03-08 17:45:00,17,6,227.93,2.982,619.74,2.0,50.002,SENSOR_FAULT
2026-03-08 18:00:00,18,6,231.52,3.111,683.84,2.0,49.994,SENSOR_FAULT
2026-03-08 18:15:00,18,6,230.36,3.081,648.5,2.0,49.911,SENSOR_FAULT
2026-03-08 18:30:00,18,6,229.37,3.531,739.67,0.913,-10.0,SENSOR_FAULT
2026-03-08 18:45:00,18,6,0.0,4.425,960.34,0.961,49.959,SENSOR_FAULT
2026-03-08 19:00:00,19,6,227.58,-5.0,699.68,0.982,50.064,SENSOR_FAULT
2026-03-08 19:15:00,19,6,500.0,2.875,608.68,0.927,50.025,SENSOR_FAULT
2026-03-08 19:30:00,19,6,229.46,4.112,849.44,-1.0,50.069,SENSOR_FAULT
2026-03-08 19:45:00,19,6,229.49,3.363,708.09,0.917,100.0,SENSOR_FAULT
2026-03-08 20:00:00,20,6,230.33,4.274,924.77,2.0,50.05,SENSOR_FAULT
2026-03-08 20:15:00,20,6,229.3,3.81,799.8,-1.0,50.085,SENSOR_FAULT
2026-03-08 20:30:00,20,6,-10.0,2.746,609.1,0.95,49.974,SENSOR_FAULT
2026-03-08 20:45:00,20,6,229.4,2.573,550.23,0.932,100.0,SENSOR_FAULT
2026-03-08 21:00:00,21,6,232.17,-5.0,970.86,0.909,49.963,SENSOR_FAULT
2026-03-08 21:15:00,21,6,231.26,-5.0,503.87,0.93,49.982,SENSOR_FAULT
2026-03-08 21:30:00,21,6,-10.0,3.635,800.75,0.963,50.072,SENSOR_FAULT
2026-03-08 21:45:00,21,6,229.39,3.286,688.78,0.914,100.0,SENSOR_FAULT
2026-03-08 22:00:00,22,6,226.21,-5.0,268.95,0.921,49.985,SENSOR_FAULT
2026-03-08 22:15:00,22,6,230.38,500.0,215.33,0.94,50.059,SENSOR_FAULT
2026-03-08 22:30:00,22,6,230.8,1.904,426.9,-1.0,50.004,SENSOR_FAULT
2026-03-08 22:45:00,22,6,227.72,-5.0,315.54,0.951,50.005,SENSOR_FAULT
2026-03-08 23:00:00,23,6,230.95,500.0,362.95,0.928,50.009,SENSOR_FAULT
2026-03-08 23:15:00,23,6,0.0,1.696,360.93,0.932,49.916,SENSOR_FAULT
2026-03-08 23:30:00,23,6,227.96,500.0,343.74,0.922,50.028,SENSOR_FAULT
2026-03-08 23:45:00,23,6,230.32,500.0,480.8,0.934,49.894,SENSOR_FAULT
2026-03-09 00:00:00,0,0,228.39,0.791,170.17,0.942,100.0,SENSOR_FAULT
2026-03-09 00:15:00,0,0,230.99,0.485,107.92,0.963,-10.0,SENSOR_FAULT
2026-03-09 00:30:00,0,0,228.66,0.519,108.13,0.912,100.0,SENSOR_FAULT
2026-03-09 00:45:00,0,0,229.01,-5.0,120.76,0.938,49.994,SENSOR_FAULT
2026-03-09 01:00:00,1,0,232.8,0.826,175.52,0.913,100.0,SENSOR_FAULT
2026-03-09 01:15:00,1,0,233.76,0.728,168.28,2.0,50.024,SENSOR_FAULT
2026-03-09 01:30:00,1,0,228.43,-5.0,70.15,0.931,49.976,SENSOR_FAULT
2026-03-09 01:45:00,1,0,232.45,0.61,134.19,0.946,-10.0,SENSOR_FAULT
2026-03-09 02:00:00,2,0,229.71,0.656,142.84,1.5,50.018,SENSOR_FAULT
2026-03-09 02:15:00,2,0,230.89,-5.0,122.52,0.969,50.018,SENSOR_FAULT
2026-03-09 02:30:00,2,0,231.26,0.809,168.56,2.0,50.021,SENSOR_FAULT
2026-03-09 02:45:00,2,0,232.86,-5.0,126.66,0.919,50.018,SENSOR_FAULT
2026-03-09 03:00:00,3,0,229.27,-5.0,116.12,0.97,50.012,SENSOR_FAULT
2026-03-09 03:15:00,3,0,231.21,-5.0,148.1,0.921,50.01,SENSOR_FAULT
2026-03-09 03:30:00,3,0,230.31,-5.0,75.5,0.901,50.018,SENSOR_FAULT
2026-03-09 03:45:00,3,0,230.28,-5.0,112.49,0.966,49.911,SENSOR_FAULT
2026-03-09 04:00:00,4,0,0.0,0.582,129.82,0.975,50.002,SENSOR_FAULT
2026-03-09 04:15:00,4,0,229.69,-5.0,144.03,0.977,49.956,SENSOR_FAULT
2026-03-09 04:30:00,4,0,227.08,0.734,161.76,0.971,-10.0,SENSOR_FAULT
2026-03-09 04:45:00,4,0,230.12,0.521,114.49,0.955,-10.0,SENSOR_FAULT
2026-03-09 05:00:00,5,0,229.13,0.399,90.37,0.989,100.0,SENSOR_FAULT
2026-03-09 05:15:00,5,0,230.83,-5.0,114.49,0.932,49.963,SENSOR_FAULT
2026-03-09 05:30:00,5,0,227.65,0.665,141.81,1.5,49.983,SENSOR_FAULT
2026-03-09 05:45:00,5,0,226.86,0.695,151.34,0.96,-10.0,SENSOR_FAULT
2026-03-09 06:00:00,6,0,229.21,3.13,656.76,0.915,-10.0,SENSOR_FAULT
2026-03-09 06:15:00,6,0,230.21,500.0,391.34,0.946,49.971,SENSOR_FAULT
2026-03-09 06:30:00,6,0,230.5,-5.0,523.73,0.915,49.999,SENSOR_FAULT
2026-03-09 06:45:00,6,0,230.25,1.555,348.78,2.0,50.052,SENSOR_FAULT
2026-03-09 07:00:00,7,0,230.26,3.31,692.72,0.909,100.0,SENSOR_FAULT
2026-03-09 07:15:00,7,0,228.92,1.556,330.39,-1.0,49.941,SENSOR_FAULT
2026-03-09 07:30:00,7,0,231.14,2.771,595.89,0.93,100.0,SENSOR_FAULT
2026-03-09 07:45:00,7,0,233.82,2.224,500.73,1.5,50.038,SENSOR_FAULT
2026-03-09 08:00:00,8,0,228.45,-5.0,318.11,0.969,50.032,SENSOR_FAULT
2026-03-09 08:15:00,8,0,231.34,-5.0,368.84,0.902,50.018,SENSOR_FAULT
2026-03-09 08:30:00,8,0,230.49,1.254,282.11,0.976,-10.0,SENSOR_FAULT
2026-03-09 08:45:00,8,0,-10.0,3.268,715.5,0.952,49.944,SENSOR_FAULT
2026-03-09 09:00:00,9,0,229.25,500.0,587.57,0.968,49.974,SENSOR_FAULT
2026-03-09 09:15:00,9,0,500.0,1.643,375.41,0.987,50.068,SENSOR_FAULT
2026-03-09 09:30:00,9,0,0.0,1.837,397.4,0.95,50.02,SENSOR_FAULT
2026-03-09 09:45:00,9,0,229.86,2.867,608.47,-1.0,50.042,SENSOR_FAULT
2026-03-09 10:00:00,10,0,232.42,2.392,533.65,0.96,100.0,SENSOR_FAULT
2026-03-09 10:15:00,10,0,-10.0,2.744,577.13,0.914,50.025,SENSOR_FAULT
2026-03-09 10:30:00,10,0,228.72,-5.0,293.2,0.957,50.065,SENSOR_FAULT
2026-03-09 10:45:00,10,0,500.0,2.598,576.03,0.96,49.962,SENSOR_FAULT
2026-03-09 11:00:00,11,0,229.25,-5.0,497.8,0.907,49.958,SENSOR_FAULT
2026-03-09 11:15:00,11,0,226.35,1.682,349.81,0.919,-10.0,SENSOR_FAULT
2026-03-09 11:30:00,11,0,226.52,1.385,289.29,2.0,49.98,SENSOR_FAULT
2026-03-09 11:45:00,11,0,230.56,-5.0,583.41,0.915,49.944,SENSOR_FAULT
2026-03-09 12:00:00,12,0,227.39,2.002,430.1,0.945,100.0,SENSOR_FAULT
2026-03-09 12:15:00,12,0,500.0,2.409,503.89,0.906,50.014,SENSOR_FAULT
2026-03-09 12:30:00,12,0,234.22,2.697,594.14,0.94,100.0,SENSOR_FAULT
2026-03-09 12:45:00,12,0,230.68,-5.0,357.84,0.903,49.962,SENSOR_FAULT
2026-03-09 13:00:00,13,0,231.17,2.304,500.24,0.939,-10.0,SENSOR_FAULT
2026-03-09 13:15:00,13,0,-10.0,1.979,438.62,0.969,49.995,SENSOR_FAULT
2026-03-09 13:30:00,13,0,229.42,2.372,521.67,1.5,50.016,SENSOR_FAULT
2026-03-09 13:45:00,13,0,233.85,2.36,516.82,2.0,49.942,SENSOR_FAULT
2026-03-09 14:00:00,14,0,500.0,1.55,326.07,0.921,49.989,SENSOR_FAULT
2026-03-09 14:15:00,14,0,229.98,500.0,264.1,0.901,50.067,SENSOR_FAULT
2026-03-09 14:30:00,14,0,-10.0,2.631,591.8,0.976,49.971,SENSOR_FAULT
2026-03-09 14:45:00,14,0,-10.0,2.503,531.75,0.906,50.048,SENSOR_FAULT
2026-03-09 15:00:00,15,0,229.44,2.29,511.48,2.0,49.964,SENSOR_FAULT
2026-03-09 15:15:00,15,0,232.71,2.231,510.95,0.984,100.0,SENSOR_FAULT
2026-03-09 15:30:00,15,0,231.7,2.013,435.68,0.934,-10.0,SENSOR_FAULT
2026-03-09 15:45:00,15,0,230.18,2.617,543.53,1.5,50.019,SENSOR_FAULT
2026-03-09 16:00:00,16,0,229.99,2.784,605.59,-1.0,50.058,SENSOR_FAULT
2026-03-09 16:15:00,16,0,500.0,2.148,474.09,0.963,49.972,SENSOR_FAULT
2026-03-09 16:30:00,16,0,227.88,1.512,319.65,1.5,50.013,SENSOR_FAULT
2026-03-09 16:45:00,16,0,231.32,500.0,539.59,0.928,50.011,SENSOR_FAULT
2026-03-09 17:00:00,17,0,229.39,4.547,961.9,0.922,-10.0,SENSOR_FAULT
2026-03-09 17:15:00,17,0,233.77,2.885,662.91,0.983,100.0,SENSOR_FAULT
2026-03-09 17:30:00,17,0,231.06,-5.0,609.23,0.97,49.978,SENSOR_FAULT
2026-03-09 17:45:00,17,0,228.68,2.918,655.88,-1.0,50.039,SENSOR_FAULT
2026-03-09 18:00:00,18,0,232.18,500.0,922.14,0.94,49.948,SENSOR_FAULT
2026-03-09 18:15:00,18,0,0.0,3.447,760.92,0.957,49.964,SENSOR_FAULT
2026-03-09 18:30:00,18,0,229.23,4.262,883.05,2.0,49.875,SENSOR_FAULT
2026-03-09 18:45:00,18,0,227.76,-5.0,626.28,0.935,50.007,SENSOR_FAULT
2026-03-09 19:00:00,19,0,-10.0,4.438,981.14,0.969,49.933,SENSOR_FAULT
2026-03-09 19:15:00,19,0,-10.0,2.867,656.37,0.981,50.064,SENSOR_FAULT
2026-03-09 19:30:00,19,0,231.49,4.433,943.34,-1.0,49.911,SENSOR_FAULT
2026-03-09 19:45:00,19,0,0.0,2.592,540.21,0.909,50.027,SENSOR_FAULT
2026-03-09 20:00:00,20,0,228.93,4.243,947.31,2.0,49.957,SENSOR_FAULT
2026-03-09 20:15:00,20,0,-10.0,3.228,685.74,0.921,49.983,SENSOR_FAULT
2026-03-09 20:30:00,20,0,500.0,4.203,893.37,0.927,49.904,SENSOR_FAULT
2026-03-09 20:45:00,20,0,230.17,500.0,837.62,0.962,49.988,SENSOR_FAULT
2026-03-09 21:00:00,21,0,-10.0,4.538,948.39,0.908,49.978,SENSOR_FAULT
2026-03-09 21:15:00,21,0,233.29,-5.0,919.84,0.979,49.895,SENSOR_FAULT
2026-03-09 21:30:00,21,0,227.69,3.549,792.53,-1.0,50.119,SENSOR_FAULT
2026-03-09 21:45:00,21,0,230.47,3.859,867.73,0.976,100.0,SENSOR_FAULT
2026-03-09 22:00:00,22,0,232.54,2.103,455.36,0.931,-10.0,SENSOR_FAULT
2026-03-09 22:15:00,22,0,227.99,1.272,274.75,0.948,100.0,SENSOR_FAULT
2026-03-09 22:30:00,22,0,226.95,2.211,483.46,-1.0,49.996,SENSOR_FAULT
2026-03-09 22:45:00,22,0,232.0,500.0,416.19,0.902,50.039,SENSOR_FAULT
2026-03-09 23:00:00,23,0,-10.0,1.802,406.97,0.972,49.945,SENSOR_FAULT
2026-03-09 23:15:00,23,0,230.36,2.043,431.27,-1.0,50.038,SENSOR_FAULT
2026-03-09 23:30:00,23,0,228.98,1.076,238.61,0.969,-10.0,SENSOR_FAULT
2026-03-09 23:45:00,23,0,228.56,-5.0,296.28,0.932,50.021,SENSOR_FAULT
2026-03-10 00:00:00,0,1,227.5,-5.0,115.02,0.966,50.02,SENSOR_FAULT
2026-03-10 00:15:00,0,1,500.0,0.431,91.88,0.918,49.988,SENSOR_FAULT
2026-03-10 00:30:00,0,1,0.0,0.768,169.31,0.96,50.06,SENSOR_FAULT
2026-03-10 00:45:00,0,1,0.0,0.752,165.01,0.941,49.964,SENSOR_FAULT
2026-03-10 01:00:00,1,1,229.08,-5.0,154.85,0.988,50.028,SENSOR_FAULT
2026-03-10 01:15:00,1,1,224.49,-5.0,150.21,0.914,49.956,SENSOR_FAULT
2026-03-10 01:30:00,1,1,230.14,500.0,128.41,0.973,50.046,SENSOR_FAULT
2026-03-10 01:45:00,1,1,231.56,0.555,125.44,-1.0,49.97,SENSOR_FAULT
2026-03-10 02:00:00,2,1,232.27,0.476,105.11,1.5,50.031,SENSOR_FAULT
2026-03-10 02:15:00,2,1,0.0,0.722,153.28,0.916,50.076,SENSOR_FAULT
2026-03-10 02:30:00,2,1,232.34,0.681,151.18,0.956,-10.0,SENSOR_FAULT
2026-03-10 02:45:00,2,1,0.0,0.573,121.85,0.934,49.987,SENSOR_FAULT
2026-03-10 03:00:00,3,1,227.89,0.45,94.35,2.0,50.038,SENSOR_FAULT
2026-03-10 03:15:00,3,1,229.34,0.474,98.06,0.903,-10.0,SENSOR_FAULT
2026-03-10 03:30:00,3,1,227.98,0.446,94.7,0.931,-10.0,SENSOR_FAULT
2026-03-10 03:45:00,3,1,230.74,0.45,96.19,1.5,49.993,SENSOR_FAULT
2026-03-10 04:00:00,4,1,500.0,0.43,95.89,0.965,50.024,SENSOR_FAULT
2026-03-10 04:15:00,4,1,229.91,0.667,148.13,0.965,100.0,SENSOR_FAULT
2026-03-10 04:30:00,4,1,228.98,0.472,98.51,0.912,100.0,SENSOR_FAULT
2026-03-10 04:45:00,4,1,233.51,500.0,96.26,0.968,49.991,SENSOR_FAULT
2026-03-10 05:00:00,5,1,230.51,0.545,119.89,1.5,49.988,SENSOR_FAULT
2026-03-10 05:15:00,5,1,226.96,0.53,115.15,1.5,50.036,SENSOR_FAULT
2026-03-10 05:30:00,5,1,229.84,0.498,111.97,-1.0,50.028,SENSOR_FAULT
2026-03-10 05:45:00,5,1,230.89,0.452,102.66,0.983,100.0,SENSOR_FAULT
2026-03-10 06:00:00,6,1,225.8,2.406,502.34,0.925,100.0,SENSOR_FAULT
2026-03-10 06:15:00,6,1,228.71,2.055,442.17,0.941,100.0,SENSOR_FAULT
2026-03-10 06:30:00,6,1,229.8,1.454,322.82,0.966,100.0,SENSOR_FAULT
2026-03-10 06:45:00,6,1,228.9,500.0,661.04,0.95,50.004,SENSOR_FAULT
2026-03-10 07:00:00,7,1,231.06,2.952,674.55,0.989,-10.0,SENSOR_FAULT
2026-03-10 07:15:00,7,1,229.98,2.781,616.66,-1.0,50.031,SENSOR_FAULT
2026-03-10 07:30:00,7,1,229.55,2.115,462.48,2.0,49.98,SENSOR_FAULT
2026-03-10 07:45:00,7,1,500.0,2.221,482.92,0.947,50.035,SENSOR_FAULT
2026-03-10 08:00:00,8,1,228.82,3.166,690.82,0.954,100.0,SENSOR_FAULT
2026-03-10 08:15:00,8,1,230.73,1.923,417.18,0.94,100.0,SENSOR_FAULT
2026-03-10 08:30:00,8,1,229.93,2.53,564.51,1.5,49.995,SENSOR_FAULT
2026-03-10 08:45:00,8,1,500.0,3.223,682.87,0.915,49.951,SENSOR_FAULT
2026-03-10 09:00:00,9,1,231.83,1.297,278.06,1.5,50.025,SENSOR_FAULT
2026-03-10 09:15:00,9,1,229.89,1.487,336.69,-1.0,50.002,SENSOR_FAULT
2026-03-10 09:30:00,9,1,227.22,-5.0,375.73,0.98,50.0,SENSOR_FAULT
2026-03-10 09:45:00,9,1,-10.0,1.71,366.22,0.927,50.037,SENSOR_FAULT
2026-03-10 10:00:00,10,1,229.19,2.592,587.96,0.99,100.0,SENSOR_FAULT
2026-03-10 10:15:00,10,1,231.02,2.547,557.22,2.0,49.961,SENSOR_FAULT
2026-03-10 10:30:00,10,1,228.53,2.419,512.73,0.928,100.0,SENSOR_FAULT
2026-03-10 10:45:00,10,1,229.36,2.272,504.0,1.5,50.023,SENSOR_FAULT
2026-03-10 11:00:00,11,1,-10.0,2.276,487.03,0.923,49.929,SENSOR_FAULT
2026-03-10 11:15:00,11,1,500.0,1.257,261.18,0.903,49.93,SENSOR_FAULT
2026-03-10 11:30:00,11,1,229.92,-5.0,330.58,0.907,50.023,SENSOR_FAULT
2026-03-10 11:45:00,11,1,226.28,500.0,550.4,0.961,49.954,SENSOR_FAULT
2026-03-10 12:00:00,12,1,232.15,-5.0,322.1,0.906,49.937,SENSOR_FAULT
2026-03-10 12:15:00,12,1,229.73,-5.0,339.92,0.934,50.009,SENSOR_FAULT
2026-03-10 12:30:00,12,1,229.46,-5.0,506.21,0.95,49.958,SENSOR_FAULT
2026-03-10 12:45:00,12,1,227.26,1.381,300.18,0.957,-10.0,SENSOR_FAULT
2026-03-10 13:00:00,13,1,230.09,500.0,590.0,0.988,50.016,SENSOR_FAULT
2026-03-10 13:15:00,13,1,500.0,2.394,525.62,0.955,50.143,SENSOR_FAULT
2026-03-10 13:30:00,13,1,227.92,-5.0,591.33,0.927,50.028,SENSOR_FAULT
2026-03-10 13:45:00,13,1,0.0,1.451,299.77,0.907,49.982,SENSOR_FAULT
2026-03-10 14:00:00,14,1,229.53,-5.0,377.28,0.968,50.012,SENSOR_FAULT
2026-03-10 14:15:00,14,1,231.83,2.395,525.87,0.947,-10.0,SENSOR_FAULT
2026-03-10 14:30:00,14,1,230.53,-5.0,290.64,0.9,50.005,SENSOR_FAULT
2026-03-10 14:45:00,14,1,228.87,-5.0,496.94,0.915,49.896,SENSOR_FAULT
2026-03-10 15:00:00,15,1,-10.0,1.915,403.77,0.906,49.981,SENSOR_FAULT
2026-03-10 15:15:00,15,1,229.02,500.0,419.98,0.905,50.012,SENSOR_FAULT
2026-03-10 15:30:00,15,1,500.0,1.305,281.99,0.942,50.017,SENSOR_FAULT
2026-03-10 15:45:00,15,1,230.14,-5.0,287.43,0.907,49.981,SENSOR_FAULT
2026-03-10 16:00:00,16,1,231.99,1.798,397.5,0.953,-10.0,SENSOR_FAULT
2026-03-10 16:15:00,16,1,500.0,1.637,350.44,0.931,49.984,SENSOR_FAULT
2026-03-10 16:30:00,16,1,228.59,2.291,515.83,-1.0,50.029,SENSOR_FAULT
2026-03-10 16:45:00,16,1,229.66,2.611,550.5,2.0,50.015,SENSOR_FAULT
2026-03-10 17:00:00,17,1,230.2,-5.0,847.96,0.977,49.945,SENSOR_FAULT
2026-03-10 17:15:00,17,1,225.16,3.544,762.49,1.5,50.021,SENSOR_FAULT
2026-03-10 17:30:00,17,1,0.0,3.075,681.61,0.968,49.999,SENSOR_FAULT
2026-03-10 17:45:00,17,1,-10.0,2.709,604.87,0.973,50.044,SENSOR_FAULT
2026-03-10 18:00:00,18,1,227.45,500.0,947.41,0.977,50.046,SENSOR_FAULT
2026-03-10 18:15:00,18,1,227.0,3.105,690.53,0.98,100.0,SENSOR_FAULT
2026-03-10 18:30:00,18,1,228.16,2.881,606.08,-1.0,49.961,SENSOR_FAULT
2026-03-10 18:45:00,18,1,229.98,4.215,945.85,-1.0,49.929,SENSOR_FAULT
2026-03-10 19:00:00,19,1,500.0,4.368,962.9,0.967,49.979,SENSOR_FAULT
2026-03-10 19:15:00,19,1,-10.0,3.856,853.91,0.967,49.935,SENSOR_FAULT
2026-03-10 19:30:00,19,1,233.68,500.0,994.04,0.916,49.978,SENSOR_FAULT
2026-03-10 19:45:00,19,1,222.62,2.568,520.94,2.0,50.041,SENSOR_FAULT
2026-03-10 20:00:00,20,1,230.42,2.984,641.58,2.0,49.941,SENSOR_FAULT
2026-03-10 20:15:00,20,1,232.33,2.805,610.55,0.937,-10.0,SENSOR_FAULT
2026-03-10 20:30:00,20,1,229.78,-5.0,859.92,0.917,50.075,SENSOR_FAULT
2026-03-10 20:45:00,20,1,0.0,3.713,828.73,0.974,50.03,SENSOR_FAULT
2026-03-10 21:00:00,21,1,231.33,4.236,967.65,2.0,49.98,SENSOR_FAULT
2026-03-10 21:15:00,21,1,233.34,4.141,877.41,-1.0,49.989,SENSOR_FAULT
2026-03-10 21:30:00,21,1,228.2,3.914,846.76,0.948,100.0,SENSOR_FAULT
2026-03-10 21:45:00,21,1,231.94,-5.0,620.27,0.962,50.018,SENSOR_FAULT
2026-03-10 22:00:00,22,1,229.56,500.0,217.78,0.973,50.065,SENSOR_FAULT
2026-03-10 22:15:00,22,1,229.05,500.0,387.04,0.962,50.046,SENSOR_FAULT
2026-03-10 22:30:00,22,1,226.95,1.57,343.48,0.964,-10.0,SENSOR_FAULT
2026-03-10 22:45:00,22,1,227.96,2.209,487.59,2.0,50.061,SENSOR_FAULT
2026-03-10 23:00:00,23,1,0.0,1.415,304.81,0.942,50.008,SENSOR_FAULT
2026-03-10 23:15:00,23,1,230.92,-5.0,341.95,0.974,50.003,SENSOR_FAULT
2026-03-10 23:30:00,23,1,228.87,1.491,311.25,2.0,50.057,SENSOR_FAULT
2026-03-10 23:45:00,23,1,0.0,0.922,203.72,0.973,49.943,SENSOR_FAULT
2026-03-11 00:00:00,0,2,230.64,500.0,144.98,0.983,49.994,SENSOR_FAULT
2026-03-11 00:15:00,0,2,227.75,500.0,152.88,0.983,50.022,SENSOR_FAULT
2026-03-11 00:30:00,0,2,232.08,500.0,135.65,0.917,50.014,SENSOR_FAULT
2026-03-11 00:45:00,0,2,233.35,0.781,164.54,0.903,-10.0,SENSOR_FAULT
2026-03-11 01:00:00,1,2,0.0,0.584,126.6,0.957,50.124,SENSOR_FAULT
2026-03-11 01:15:00,1,2,231.22,0.419,95.39,1.5,49.967,SENSOR_FAULT
2026-03-11 01:30:00,1,2,232.57,-5.0,158.75,0.979,49.989,SENSOR_FAULT
2026-03-11 01:45:00,1,2,231.42,0.747,160.19,0.927,-10.0,SENSOR_FAULT
2026-03-11 02:00:00,2,2,228.7,0.72,155.61,0.946,-10.0,SENSOR_FAULT
2026-03-11 02:15:00,2,2,230.71,0.365,76.64,-1.0,50.003,SENSOR_FAULT
2026-03-11 02:30:00,2,2,233.11,500.0,139.31,0.97,50.062,SENSOR_FAULT
2026-03-11 02:45:00,2,2,227.66,0.626,133.64,2.0,50.067,SENSOR_FAULT
2026-03-11 03:00:00,3,2,228.71,-5.0,111.01,0.942,50.018,SENSOR_FAULT
2026-03-11 03:15:00,3,2,228.85,0.53,113.43,1.5,50.068,SENSOR_FAULT
2026-03-11 03:30:00,3,2,-10.0,0.416,93.69,0.966,49.983,SENSOR_FAULT
2026-03-11 03:45:00,3,2,232.96,0.721,158.07,0.941,-10.0,SENSOR_FAULT
2026-03-11 04:00:00,4,2,500.0,0.656,135.47,0.903,49.963,SENSOR_FAULT
2026-03-11 04:15:00,4,2,500.0,0.534,116.81,0.948,50.034,SENSOR_FAULT
2026-03-11 04:30:00,4,2,231.64,-5.0,180.1,0.959,49.978,SENSOR_FAULT
2026-03-11 04:45:00,4,2,230.32,500.0,83.49,0.931,50.066,SENSOR_FAULT
2026-03-11 05:00:00,5,2,227.77,0.408,85.34,-1.0,49.913,SENSOR_FAULT
2026-03-11 05:15:00,5,2,227.65,-5.0,106.86,0.951,49.953,SENSOR_FAULT
2026-03-11 05:30:00,5,2,231.43,500.0,146.69,0.913,49.939,SENSOR_FAULT
2026-03-11 05:45:00,5,2,232.94,0.463,97.87,-1.0,50.03,SENSOR_FAULT
2026-03-11 06:00:00,6,2,232.26,-5.0,324.26,0.965,50.056,SENSOR_FAULT
2026-03-11 06:15:00,6,2,-10.0,2.549,549.59,0.934,49.996,SENSOR_FAULT
2026-03-11 06:30:00,6,2,500.0,1.862,384.05,0.901,49.986,SENSOR_FAULT
2026-03-11 06:45:00,6,2,500.0,1.597,345.06,0.931,50.054,SENSOR_FAULT
2026-03-11 07:00:00,7,2,232.71,-5.0,452.46,0.968,50.012,SENSOR_FAULT
2026-03-11 07:15:00,7,2,229.5,2.125,477.54,-1.0,50.032,SENSOR_FAULT
2026-03-11 07:30:00,7,2,227.65,2.667,558.22,0.919,100.0,SENSOR_FAULT
2026-03-11 07:45:00,7,2,500.0,2.548,551.61,0.94,49.992,SENSOR_FAULT
2026-03-11 08:00:00,8,2,231.38,-5.0,699.64,0.928,50.011,SENSOR_FAULT
2026-03-11 08:15:00,8,2,230.1,1.869,410.92,0.955,-10.0,SENSOR_FAULT
2026-03-11 08:30:00,8,2,0.0,2.887,661.7,0.985,49.952,SENSOR_FAULT
2026-03-11 08:45:00,8,2,229.62,-5.0,645.3,0.979,49.925,SENSOR_FAULT
2026-03-11 09:00:00,9,2,233.82,2.56,563.08,2.0,49.971,SENSOR_FAULT
2026-03-11 09:15:00,9,2,227.63,1.236,277.96,-1.0,50.026,SENSOR_FAULT
2026-03-11 09:30:00,9,2,227.63,2.224,478.55,-1.0,49.935,SENSOR_FAULT
2026-03-11 09:45:00,9,2,225.18,2.034,448.54,1.5,50.025,SENSOR_FAULT
2026-03-11 10:00:00,10,2,231.28,1.87,409.03,0.946,100.0,SENSOR_FAULT
2026-03-11 10:15:00,10,2,500.0,1.659,373.71,0.972,49.978,SENSOR_FAULT
2026-03-11 10:30:00,10,2,230.27,1.866,405.28,1.5,50.03,SENSOR_FAULT
2026-03-11 10:45:00,10,2,224.73,500.0,277.58,0.964,49.918,SENSOR_FAULT
2026-03-11 11:00:00,11,2,500.0,2.108,441.36,0.904,50.025,SENSOR_FAULT
2026-03-11 11:15:00,11,2,227.53,2.372,521.67,1.5,49.993,SENSOR_FAULT
2026-03-11 11:30:00,11,2,231.43,2.278,498.35,0.946,-10.0,SENSOR_FAULT
2026-03-11 11:45:00,11,2,232.57,-5.0,583.96,0.955,50.021,SENSOR_FAULT
2026-03-11 12:00:00,12,2,229.98,-5.0,509.48,0.975,50.034,SENSOR_FAULT
2026-03-11 12:15:00,12,2,0.0,2.199,464.16,0.911,50.064,SENSOR_FAULT
2026-03-11 12:30:00,12,2,231.23,2.113,472.97,0.968,-10.0,SENSOR_FAULT
2026-03-11 12:45:00,12,2,231.74,500.0,339.18,0.956,49.947,SENSOR_FAULT
2026-03-11 13:00:00,13,2,500.0,1.789,406.68,0.974,50.056,SENSOR_FAULT
2026-03-11 13:15:00,13,2,232.81,2.694,568.17,2.0,50.016,SENSOR_FAULT
2026-03-11 13:30:00,13,2,229.53,1.644,351.19,0.931,-10.0,SENSOR_FAULT
2026-03-11 13:45:00,13,2,231.73,500.0,532.68,0.964,50.035,SENSOR_FAULT
2026-03-11 14:00:00,14,2,230.06,500.0,363.0,0.922,50.074,SENSOR_FAULT
2026-03-11 14:15:00,14,2,500.0,1.902,416.76,0.965,49.918,SENSOR_FAULT
2026-03-11 14:30:00,14,2,226.19,-5.0,548.73,0.931,49.986,SENSOR_FAULT
2026-03-11 14:45:00,14,2,230.33,1.399,296.76,2.0,50.066,SENSOR_FAULT
2026-03-11 15:00:00,15,2,230.1,2.797,590.5,0.917,-10.0,SENSOR_FAULT
2026-03-11 15:15:00,15,2,226.48,-5.0,264.58,0.981,49.975,SENSOR_FAULT
2026-03-11 15:30:00,15,2,229.32,1.425,314.55,2.0,49.995,SENSOR_FAULT
2026-03-11 15:45:00,15,2,231.05,2.194,459.91,0.907,-10.0,SENSOR_FAULT
2026-03-11 16:00:00,16,2,231.08,-5.0,359.52,0.978,49.987,SENSOR_FAULT
2026-03-11 16:15:00,16,2,229.2,2.203,499.51,-1.0,50.012,SENSOR_FAULT
2026-03-11 16:30:00,16,2,229.26,500.0,372.45,0.944,49.925,SENSOR_FAULT
2026-03-11 16:45:00,16,2,0.0,1.431,301.53,0.923,50.043,SENSOR_FAULT
2026-03-11 17:00:00,17,2,227.84,2.297,494.27,0.945,-10.0,SENSOR_FAULT
2026-03-11 17:15:00,17,2,-10.0,2.649,573.42,0.928,50.141,SENSOR_FAULT
2026-03-11 17:30:00,17,2,229.01,3.026,642.3,1.5,50.008,SENSOR_FAULT
2026-03-11 17:45:00,17,2,230.35,3.923,831.24,2.0,49.975,SENSOR_FAULT
2026-03-11 18:00:00,18,2,226.97,4.096,839.43,-1.0,50.059,SENSOR_FAULT
2026-03-11 18:15:00,18,2,229.15,3.555,764.73,-1.0,49.976,SENSOR_FAULT
2026-03-11 18:30:00,18,2,228.17,-5.0,857.46,0.906,49.973,SENSOR_FAULT
2026-03-11 18:45:00,18,2,233.33,2.963,626.47,2.0,49.978,SENSOR_FAULT
2026-03-11 19:00:00,19,2,-10.0,4.029,839.67,0.917,50.076,SENSOR_FAULT
2026-03-11 19:15:00,19,2,228.57,500.0,815.62,0.963,50.023,SENSOR_FAULT
2026-03-11 19:30:00,19,2,232.48,3.922,834.46,0.915,100.0,SENSOR_FAULT
2026-03-11 19:45:00,19,2,-10.0,3.929,858.66,0.943,49.955,SENSOR_FAULT
2026-03-11 20:00:00,20,2,-10.0,4.288,967.81,0.982,50.003,SENSOR_FAULT
2026-03-11 20:15:00,20,2,232.73,500.0,510.44,0.933,49.989,SENSOR_FAULT
2026-03-11 20:30:00,20,2,227.7,4.332,896.89,2.0,50.022,SENSOR_FAULT
2026-03-11 20:45:00,20,2,500.0,2.575,552.01,0.929,49.951,SENSOR_FAULT
2026-03-11 21:00:00,21,2,229.47,3.623,752.27,0.905,100.0,SENSOR_FAULT
2026-03-11 21:15:00,21,2,500.0,4.093,928.95,0.983,50.001,SENSOR_FAULT
2026-03-11 21:30:00,21,2,227.97,3.995,881.91,0.968,100.0,SENSOR_FAULT
2026-03-11 21:45:00,21,2,-10.0,3.698,806.03,0.954,49.984,SENSOR_FAULT
2026-03-11 22:00:00,22,2,-10.0,1.728,361.16,0.91,50.009,SENSOR_FAULT
2026-03-11 22:15:00,22,2,233.87,2.145,475.53,0.948,100.0,SENSOR_FAULT
2026-03-11 22:30:00,22,2,233.04,1.262,266.66,2.0,50.025,SENSOR_FAULT
2026-03-11 22:45:00,22,2,229.29,1.491,308.65,-1.0,49.974,SENSOR_FAULT
2026-03-11 23:00:00,23,2,230.53,1.061,236.41,0.967,-10.0,SENSOR_FAULT
2026-03-11 23:15:00,23,2,228.95,500.0,304.91,0.948,50.061,SENSOR_FAULT
2026-03-11 23:30:00,23,2,500.0,1.62,360.17,0.985,50.028,SENSOR_FAULT
2026-03-11 23:45:00,23,2,227.68,2.103,473.87,0.99,-10.0,SENSOR_FAULT
2026-03-12 00:00:00,0,3,229.88,0.773,173.24,0.975,100.0,SENSOR_FAULT
2026-03-12 00:15:00,0,3,231.28,0.461,104.41,-1.0,50.108,SENSOR_FAULT
2026-03-12 00:30:00,0,3,0.0,0.68,145.92,0.93,50.038,SENSOR_FAULT
2026-03-12 00:45:00,0,3,500.0,0.69,153.45,0.966,49.998,SENSOR_FAULT
2026-03-12 01:00:00,1,3,0.0,0.691,154.67,0.961,49.988,SENSOR_FAULT
2026-03-12 01:15:00,1,3,229.9,0.478,100.45,0.915,-10.0,SENSOR_FAULT
2026-03-12 01:30:00,1,3,232.6,500.0,112.04,0.927,49.987,SENSOR_FAULT
2026-03-12 01:45:00,1,3,-10.0,0.688,147.42,0.927,50.061,SENSOR_FAULT
2026-03-12 02:00:00,2,3,230.05,0.68,153.36,0.981,-10.0,SENSOR_FAULT
2026-03-12 02:15:00,2,3,227.51,500.0,163.3,0.91,50.074,SENSOR_FAULT
2026-03-12 02:30:00,2,3,229.06,500.0,98.76,0.983,50.013,SENSOR_FAULT
2026-03-12 02:45:00,2,3,229.99,0.648,135.76,-1.0,50.064,SENSOR_FAULT
2026-03-12 03:00:00,3,3,230.01,0.657,145.29,0.961,-10.0,SENSOR_FAULT
2026-03-12 03:15:00,3,3,500.0,0.82,185.32,0.983,50.02,SENSOR_FAULT
2026-03-12 03:30:00,3,3,230.19,0.681,148.87,0.95,100.0,SENSOR_FAULT
2026-03-12 03:45:00,3,3,231.17,-5.0,136.34,0.916,50.038,SENSOR_FAULT
2026-03-12 04:00:00,4,3,232.45,500.0,130.12,0.915,49.973,SENSOR_FAULT
2026-03-12 04:15:00,4,3,227.52,0.585,130.25,0.978,-10.0,SENSOR_FAULT
2026-03-12 04:30:00,4,3,0.0,0.501,112.24,0.982,50.013,SENSOR_FAULT
2026-03-12 04:45:00,4,3,228.99,0.782,167.64,1.5,49.944,SENSOR_FAULT
2026-03-12 05:00:00,5,3,229.24,-5.0,140.67,0.987,49.934,SENSOR_FAULT
2026-03-12 05:15:00,5,3,0.0,0.572,124.84,0.931,49.902,SENSOR_FAULT
2026-03-12 05:30:00,5,3,230.47,0.747,159.87,0.929,100.0,SENSOR_FAULT
2026-03-12 05:45:00,5,3,229.77,0.646,135.69,0.915,-10.0,SENSOR_FAULT
2026-03-12 06:00:00,6,3,229.66,2.464,512.83,1.5,49.967,SENSOR_FAULT
2026-03-12 06:15:00,6,3,230.76,2.339,506.3,0.938,-10.0,SENSOR_FAULT
2026-03-12 06:30:00,6,3,230.73,1.48,320.06,-1.0,49.927,SENSOR_FAULT
2026-03-12 06:45:00,6,3,500.0,2.992,629.93,0.922,49.932,SENSOR_FAULT
2026-03-12 07:00:00,7,3,228.59,500.0,401.6,0.912,50.085,SENSOR_FAULT
2026-03-12 07:15:00,7,3,227.38,2.148,456.83,2.0,49.965,SENSOR_FAULT
2026-03-12 07:30:00,7,3,229.41,2.68,590.95,2.0,50.008,SENSOR_FAULT
2026-03-12 07:45:00,7,3,231.57,1.95,432.66,0.958,-10.0,SENSOR_FAULT
2026-03-12 08:00:00,8,3,228.5,2.3,513.38,-1.0,50.029,SENSOR_FAULT
2026-03-12 08:15:00,8,3,500.0,2.442,536.07,0.96,49.993,SENSOR_FAULT
2026-03-12 08:30:00,8,3,229.75,1.605,341.17,1.5,49.997,SENSOR_FAULT
2026-03-12 08:45:00,8,3,500.0,2.444,510.32,0.927,49.943,SENSOR_FAULT
2026-03-12 09:00:00,9,3,500.0,1.646,358.74,0.947,49.948,SENSOR_FAULT
2026-03-12 09:15:00,9,3,500.0,2.1,466.37,0.976,49.979,SENSOR_FAULT
2026-03-12 09:30:00,9,3,229.51,1.536,332.96,0.944,100.0,SENSOR_FAULT
2026-03-12 09:45:00,9,3,229.84,2.712,588.95,0.945,-10.0,SENSOR_FAULT
2026-03-12 10:00:00,10,3,230.33,2.588,575.12,0.965,-10.0,SENSOR_FAULT
2026-03-12 10:15:00,10,3,227.43,1.801,379.69,0.927,-10.0,SENSOR_FAULT
2026-03-12 10:30:00,10,3,227.64,500.0,506.93,0.984,49.924,SENSOR_FAULT
2026-03-12 10:45:00,10,3,0.0,2.639,546.04,0.913,50.04,SENSOR_FAULT
2026-03-12 11:00:00,11,3,231.93,2.388,535.79,0.967,-10.0,SENSOR_FAULT
2026-03-12 11:15:00,11,3,232.26,1.927,430.27,0.961,-10.0,SENSOR_FAULT
2026-03-12 11:30:00,11,3,231.74,1.237,282.31,0.985,100.0,SENSOR_FAULT
2026-03-12 11:45:00,11,3,226.92,1.867,386.38,-1.0,50.025,SENSOR_FAULT
2026-03-12 12:00:00,12,3,231.13,-5.0,397.45,0.92,49.897,SENSOR_FAULT
2026-03-12 12:15:00,12,3,-10.0,2.242,506.09,0.973,49.944,SENSOR_FAULT
2026-03-12 12:30:00,12,3,227.71,2.853,600.67,0.925,100.0,SENSOR_FAULT
2026-03-12 12:45:00,12,3,231.92,-5.0,426.38,0.975,50.023,SENSOR_FAULT
2026-03-12 13:00:00,13,3,500.0,1.218,274.66,0.98,49.84,SENSOR_FAULT
2026-03-12 13:15:00,13,3,227.94,1.49,313.68,0.924,100.0,SENSOR_FAULT
2026-03-12 13:30:00,13,3,231.54,1.957,430.48,2.0,50.032,SENSOR_FAULT
2026-03-12 13:45:00,13,3,230.87,500.0,342.95,0.982,49.997,SENSOR_FAULT
2026-03-12 14:00:00,14,3,229.58,2.399,544.98,0.99,100.0,SENSOR_FAULT
2026-03-12 14:15:00,14,3,229.32,1.403,292.25,0.909,100.0,SENSOR_FAULT
2026-03-12 14:30:00,14,3,-10.0,1.458,306.26,0.914,50.066,SENSOR_FAULT
2026-03-12 14:45:00,14,3,230.8,500.0,283.42,0.944,50.051,SENSOR_FAULT
2026-03-12 15:00:00,15,3,230.53,500.0,491.31,0.986,49.999,SENSOR_FAULT
2026-03-12 15:15:00,15,3,230.27,-5.0,540.11,0.947,50.004,SENSOR_FAULT
2026-03-12 15:30:00,15,3,227.12,-5.0,461.35,0.917,50.016,SENSOR_FAULT
2026-03-12 15:45:00,15,3,228.17,1.94,403.15,0.911,-10.0,SENSOR_FAULT
2026-03-12 16:00:00,16,3,228.05,1.703,355.1,0.914,-10.0,SENSOR_FAULT
2026-03-12 16:15:00,16,3,230.59,2.28,497.0,0.945,100.0,SENSOR_FAULT
2026-03-12 16:30:00,16,3,227.56,-5.0,454.82,0.989,50.007,SENSOR_FAULT
2026-03-12 16:45:00,16,3,231.51,500.0,295.38,0.955,50.006,SENSOR_FAULT
2026-03-12 17:00:00,17,3,229.71,500.0,774.25,0.928,50.084,SENSOR_FAULT
2026-03-12 17:15:00,17,3,500.0,3.44,781.48,0.981,50.104,SENSOR_FAULT
2026-03-12 17:30:00,17,3,228.97,-5.0,760.18,0.919,50.067,SENSOR_FAULT
2026-03-12 17:45:00,17,3,232.71,-5.0,805.77,0.904,50.1,SENSOR_FAULT
2026-03-12 18:00:00,18,3,225.56,2.922,640.59,1.5,50.049,SENSOR_FAULT
2026-03-12 18:15:00,18,3,230.15,3.052,635.0,0.904,-10.0,SENSOR_FAULT
2026-03-12 18:30:00,18,3,229.46,3.516,733.06,0.909,100.0,SENSOR_FAULT
2026-03-12 18:45:00,18,3,231.12,500.0,994.89,0.918,50.07,SENSOR_FAULT
2026-03-12 19:00:00,19,3,228.83,2.638,558.96,1.5,49.843,SENSOR_FAULT
2026-03-12 19:15:00,19,3,228.97,500.0,507.78,0.9,49.949,SENSOR_FAULT
2026-03-12 19:30:00,19,3,-10.0,2.978,653.22,0.951,50.017,SENSOR_FAULT
2026-03-12 19:45:00,19,3,226.35,-5.0,630.07,0.914,49.984,SENSOR_FAULT
2026-03-12 20:00:00,20,3,231.74,2.474,562.08,-1.0,49.952,SENSOR_FAULT
2026-03-12 20:15:00,20,3,228.65,4.516,977.66,1.5,50.028,SENSOR_FAULT
2026-03-12 20:30:00,20,3,234.06,3.97,891.08,0.959,100.0,SENSOR_FAULT
2026-03-12 20:45:00,20,3,229.45,3.47,751.95,0.945,100.0,SENSOR_FAULT
2026-03-12 21:00:00,21,3,229.74,500.0,832.07,0.976,50.057,SENSOR_FAULT
2026-03-12 21:15:00,21,3,227.31,-5.0,910.39,0.945,49.899,SENSOR_FAULT
2026-03-12 21:30:00,21,3,-10.0,2.562,552.7,0.933,49.983,SENSOR_FAULT
2026-03-12 21:45:00,21,3,0.0,3.857,825.19,0.931,49.948,SENSOR_FAULT
2026-03-12 22:00:00,22,3,225.97,2.198,464.37,2.0,49.918,SENSOR_FAULT
2026-03-12 22:15:00,22,3,500.0,1.734,390.94,0.981,49.972,SENSOR_FAULT
2026-03-12 22:30:00,22,3,-10.0,1.052,224.67,0.936,50.034,SENSOR_FAULT
2026-03-12 22:45:00,22,3,0.0,1.552,342.62,0.956,50.004,SENSOR_FAULT
2026-03-12 23:00:00,23,3,230.67,500.0,345.92,0.93,50.049,SENSOR_FAULT
2026-03-12 23:15:00,23,3,230.69,500.0,391.73,0.978,50.046,SENSOR_FAULT
2026-03-12 23:30:00,23,3,233.1,1.043,228.1,2.0,49.987,SENSOR_FAULT
2026-03-12 23:45:00,23,3,229.09,1.145,244.83,0.933,100.0,SENSOR_FAULT
2026-03-13 00:00:00,0,4,228.12,0.681,148.48,-1.0,50.056,SENSOR_FAULT
2026-03-13 00:15:00,0,4,230.48,0.762,158.35,0.901,-10.0,SENSOR_FAULT
2026-03-13 00:30:00,0,4,226.59,-5.0,144.44,0.981,50.079,SENSOR_FAULT
2026-03-13 00:45:00,0,4,-10.0,0.541,118.6,0.958,50.033,SENSOR_FAULT
2026-03-13 01:00:00,1,4,233.4,0.525,111.03,1.5,49.978,SENSOR_FAULT
2026-03-13 01:15:00,1,4,230.1,-5.0,163.63,0.91,49.987,SENSOR_FAULT
2026-03-13 01:30:00,1,4,230.2,0.394,85.48,1.5,50.068,SENSOR_FAULT
2026-03-13 01:45:00,1,4,0.0,0.491,105.98,0.932,50.011,SENSOR_FAULT
2026-03-13 02:00:00,2,4,500.0,0.81,173.38,0.922,49.94,SENSOR_FAULT
2026-03-13 02:15:00,2,4,229.28,0.411,85.69,2.0,50.044,SENSOR_FAULT
2026-03-13 02:30:00,2,4,230.4,-5.0,126.73,0.952,50.026,SENSOR_FAULT
2026-03-13 02:45:00,2,4,230.72,0.375,84.29,1.5,49.971,SENSOR_FAULT
2026-03-13 03:00:00,3,4,228.82,0.663,145.34,-1.0,49.996,SENSOR_FAULT
2026-03-13 03:15:00,3,4,231.78,0.562,121.52,0.932,100.0,SENSOR_FAULT
2026-03-13 03:30:00,3,4,230.56,0.718,153.52,1.5,50.027,SENSOR_FAULT
2026-03-13 03:45:00,3,4,231.15,0.581,128.4,1.5,49.99,SENSOR_FAULT
2026-03-13 04:00:00,4,4,230.67,-5.0,141.54,0.911,50.066,SENSOR_FAULT
2026-03-13 04:15:00,4,4,0.0,0.478,108.45,0.974,49.98,SENSOR_FAULT
2026-03-13 04:30:00,4,4,0.0,0.519,110.15,0.924,49.903,SENSOR_FAULT
2026-03-13 04:45:00,4,4,229.51,-5.0,171.76,0.907,49.906,SENSOR_FAULT
2026-03-13 05:00:00,5,4,230.7,0.69,147.9,0.929,100.0,SENSOR_FAULT
2026-03-13 05:15:00,5,4,226.6,500.0,91.06,0.971,50.023,SENSOR_FAULT
2026-03-13 05:30:00,5,4,0.0,0.287,65.29,0.986,49.951,SENSOR_FAULT
2026-03-13 05:45:00,5,4,500.0,0.399,88.98,0.973,49.96,SENSOR_FAULT
2026-03-13 06:00:00,6,4,229.15,-5.0,693.4,0.903,50.034,SENSOR_FAULT
2026-03-13 06:15:00,6,4,230.4,2.5,559.0,0.97,100.0,SENSOR_FAULT
2026-03-13 06:30:00,6,4,228.44,2.784,596.76,-1.0,49.901,SENSOR_FAULT
2026-03-13 06:45:00,6,4,230.56,1.437,307.52,2.0,50.045,SENSOR_FAULT
2026-03-13 07:00:00,7,4,0.0,1.453,323.09,0.964,49.938,SENSOR_FAULT
2026-03-13 07:15:00,7,4,229.28,3.0,648.0,2.0,49.996,SENSOR_FAULT
2026-03-13 07:30:00,7,4,500.0,2.563,577.36,0.956,49.998,SENSOR_FAULT
2026-03-13 07:45:00,7,4,-10.0,2.075,431.27,0.902,50.042,SENSOR_FAULT
2026-03-13 08:00:00,8,4,230.54,2.504,570.57,0.988,100.0,SENSOR_FAULT
2026-03-13 08:15:00,8,4,500.0,2.457,550.51,0.973,50.06,SENSOR_FAULT
2026-03-13 08:30:00,8,4,229.7,2.503,549.9,-1.0,50.146,SENSOR_FAULT
2026-03-13 08:45:00,8,4,232.19,3.066,669.26,1.5,50.053,SENSOR_FAULT
2026-03-13 09:00:00,9,4,231.53,2.715,578.72,0.921,100.0,SENSOR_FAULT
2026-03-13 09:15:00,9,4,231.76,1.258,286.55,-1.0,50.011,SENSOR_FAULT
2026-03-13 09:30:00,9,4,228.78,1.994,429.22,1.5,50.038,SENSOR_FAULT
2026-03-13 09:45:00,9,4,228.79,-5.0,562.69,0.925,50.135,SENSOR_FAULT
2026-03-13 10:00:00,10,4,229.69,2.027,455.44,0.978,100.0,SENSOR_FAULT
2026-03-13 10:15:00,10,4,230.99,1.576,348.27,2.0,50.034,SENSOR_FAULT
2026-03-13 10:30:00,10,4,231.15,-5.0,529.08,0.937,49.966,SENSOR_FAULT
2026-03-13 10:45:00,10,4,0.0,1.353,282.37,0.908,49.994,SENSOR_FAULT
2026-03-13 11:00:00,11,4,-10.0,2.014,444.48,0.954,50.051,SENSOR_FAULT
2026-03-13 11:15:00,11,4,227.29,500.0,416.98,0.973,50.06,SENSOR_FAULT
2026-03-13 11:30:00,11,4,230.73,2.703,569.68,1.5,49.945,SENSOR_FAULT
2026-03-13 11:45:00,11,4,232.51,1.79,388.17,0.933,-10.0,SENSOR_FAULT
2026-03-13 12:00:00,12,4,233.31,1.254,280.84,1.5,50.058,SENSOR_FAULT
2026-03-13 12:15:00,12,4,230.08,500.0,601.92,0.934,49.971,SENSOR_FAULT
2026-03-13 12:30:00,12,4,228.85,500.0,597.46,0.961,50.0,SENSOR_FAULT
2026-03-13 12:45:00,12,4,500.0,1.521,343.31,0.985,50.044,SENSOR_FAULT
2026-03-13 13:00:00,13,4,228.86,2.863,592.25,0.904,100.0,SENSOR_FAULT
2026-03-13 13:15:00,13,4,-10.0,2.001,425.34,0.931,50.111,SENSOR_FAULT
2026-03-13 13:30:00,13,4,231.78,1.443,315.55,0.944,100.0,SENSOR_FAULT
2026-03-13 13:45:00,13,4,232.93,1.098,230.62,0.901,-10.0,SENSOR_FAULT
2026-03-13 14:00:00,14,4,229.27,-5.0,407.0,0.96,50.046,SENSOR_FAULT
2026-03-13 14:15:00,14,4,227.76,2.649,554.26,2.0,49.924,SENSOR_FAULT
2026-03-13 14:30:00,14,4,234.15,500.0,569.4,0.938,49.953,SENSOR_FAULT
2026-03-13 14:45:00,14,4,231.96,-5.0,256.51,0.916,49.931,SENSOR_FAULT
2026-03-13 15:00:00,15,4,232.37,2.407,553.66,0.99,100.0,SENSOR_FAULT
2026-03-13 15:15:00,15,4,228.03,-5.0,354.34,0.976,49.99,SENSOR_FAULT
2026-03-13 15:30:00,15,4,231.71,-5.0,322.52,0.965,50.035,SENSOR_FAULT
2026-03-13 15:45:00,15,4,230.27,1.758,397.48,0.982,-10.0,SENSOR_FAULT
2026-03-13 16:00:00,16,4,229.48,500.0,483.23,0.964,49.992,SENSOR_FAULT
2026-03-13 16:15:00,16,4,500.0,2.309,508.19,0.952,50.056,SENSOR_FAULT
2026-03-13 16:30:00,16,4,225.96,1.965,438.41,2.0,50.052,SENSOR_FAULT
2026-03-13 16:45:00,16,4,228.71,2.326,494.05,-1.0,50.003,SENSOR_FAULT
2026-03-13 17:00:00,17,4,231.57,2.41,538.12,2.0,50.032,SENSOR_FAULT
2026-03-13 17:15:00,17,4,229.43,2.6,567.1,1.5,49.984,SENSOR_FAULT
2026-03-13 17:30:00,17,4,231.56,4.192,957.32,0.986,-10.0,SENSOR_FAULT
2026-03-13 17:45:00,17,4,229.98,3.159,715.48,2.0,49.96,SENSOR_FAULT
2026-03-13 18:00:00,18,4,230.96,500.0,819.84,0.931,49.944,SENSOR_FAULT
2026-03-13 18:15:00,18,4,231.14,2.743,585.84,-1.0,49.901,SENSOR_FAULT
2026-03-13 18:30:00,18,4,226.72,3.122,657.43,1.5,49.991,SENSOR_FAULT
2026-03-13 18:45:00,18,4,232.36,2.68,599.1,0.962,100.0,SENSOR_FAULT
2026-03-13 19:00:00,19,4,-10.0,4.27,962.96,0.985,50.004,SENSOR_FAULT
2026-03-13 19:15:00,19,4,-10.0,4.518,939.36,0.902,49.924,SENSOR_FAULT
2026-03-13 19:30:00,19,4,-10.0,3.663,805.99,0.947,49.965,SENSOR_FAULT
2026-03-13 19:45:00,19,4,227.52,4.373,902.51,0.907,-10.0,SENSOR_FAULT
2026-03-13 20:00:00,20,4,230.4,2.683,565.42,0.915,100.0,SENSOR_FAULT
2026-03-13 20:15:00,20,4,0.0,4.249,878.76,0.907,49.914,SENSOR_FAULT
2026-03-13 20:30:00,20,4,228.19,-5.0,944.93,0.976,49.987,SENSOR_FAULT
2026-03-13 20:45:00,20,4,228.85,3.276,691.72,0.923,-10.0,SENSOR_FAULT
2026-03-13 21:00:00,21,4,229.74,2.583,569.51,0.96,-10.0,SENSOR_FAULT
2026-03-13 21:15:00,21,4,228.1,2.381,522.38,2.0,49.998,SENSOR_FAULT
2026-03-13 21:30:00,21,4,226.48,3.018,667.96,0.977,-10.0,SENSOR_FAULT
2026-03-13 21:45:00,21,4,230.96,4.119,869.58,-1.0,49.926,SENSOR_FAULT
2026-03-13 22:00:00,22,4,228.95,1.083,239.87,0.967,-10.0,SENSOR_FAULT
2026-03-13 22:15:00,22,4,-10.0,1.572,338.98,0.931,50.087,SENSOR_FAULT
2026-03-13 22:30:00,22,4,229.41,1.126,249.48,2.0,50.08,SENSOR_FAULT
2026-03-13 22:45:00,22,4,-10.0,1.995,427.03,0.935,49.97,SENSOR_FAULT
2026-03-13 23:00:00,23,4,231.95,500.0,462.83,0.954,49.952,SENSOR_FAULT
2026-03-13 23:15:00,23,4,230.02,1.731,386.47,0.971,100.0,SENSOR_FAULT
2026-03-13 23:30:00,23,4,233.6,2.159,468.52,2.0,49.935,SENSOR_FAULT
2026-03-13 23:45:00,23,4,228.47,1.171,260.82,-1.0,49.933,SENSOR_FAULT
2026-03-14 00:00:00,0,5,233.52,-5.0,109.22,0.92,49.95,SENSOR_FAULT
2026-03-14 00:15:00,0,5,-10.0,0.383,84.19,0.951,50.045,SENSOR_FAULT
2026-03-14 00:30:00,0,5,226.34,500.0,173.08,0.976,50.066,SENSOR_FAULT
2026-03-14 00:45:00,0,5,229.65,500.0,91.74,0.905,50.019,SENSOR_FAULT
2026-03-14 01:00:00,1,5,228.09,0.364,79.95,-1.0,50.057,SENSOR_FAULT
2026-03-14 01:15:00,1,5,500.0,0.443,93.81,0.918,50.075,SENSOR_FAULT
2026-03-14 01:30:00,1,5,-10.0,0.491,103.39,0.903,50.094,SENSOR_FAULT
2026-03-14 01:45:00,1,5,228.21,500.0,131.12,0.984,49.996,SENSOR_FAULT
2026-03-14 02:00:00,2,5,226.53,-5.0,109.84,0.91,50.067,SENSOR_FAULT
2026-03-14 02:15:00,2,5,231.23,-5.0,124.23,0.909,49.966,SENSOR_FAULT
2026-03-14 02:30:00,2,5,233.48,0.873,184.98,0.907,100.0,SENSOR_FAULT
2026-03-14 02:45:00,2,5,231.93,-5.0,134.07,0.966,50.001,SENSOR_FAULT
2026-03-14 03:00:00,3,5,229.91,0.622,131.02,0.916,-10.0,SENSOR_FAULT
2026-03-14 03:15:00,3,5,231.77,500.0,158.39,0.972,50.037,SENSOR_FAULT
2026-03-14 03:30:00,3,5,228.65,-5.0,116.91,0.908,49.943,SENSOR_FAULT
2026-03-14 03:45:00,3,5,231.29,0.483,102.73,-1.0,50.018,SENSOR_FAULT
2026-03-14 04:00:00,4,5,229.85,0.663,148.78,2.0,50.084,SENSOR_FAULT
2026-03-14 04:15:00,4,5,229.74,0.398,87.77,0.96,100.0,SENSOR_FAULT
2026-03-14 04:30:00,4,5,229.25,500.0,137.2,0.918,49.977,SENSOR_FAULT
2026-03-14 04:45:00,4,5,230.96,0.421,89.36,-1.0,50.071,SENSOR_FAULT
2026-03-14 05:00:00,5,5,233.44,0.574,127.72,1.5,50.128,SENSOR_FAULT
2026-03-14 05:15:00,5,5,228.63,0.481,108.1,1.5,50.025,SENSOR_FAULT
2026-03-14 05:30:00,5,5,233.02,0.56,123.91,0.95,100.0,SENSOR_FAULT
2026-03-14 05:45:00,5,5,230.2,0.747,169.52,1.5,49.945,SENSOR_FAULT
2026-03-14 06:00:00,6,5,231.23,2.322,522.8,1.5,49.973,SENSOR_FAULT
2026-03-14 06:15:00,6,5,231.01,500.0,510.79,0.96,50.05,SENSOR_FAULT
2026-03-14 06:30:00,6,5,232.0,3.128,702.79,0.968,-10.0,SENSOR_FAULT
2026-03-14 06:45:00,6,5,230.78,1.792,392.42,2.0,49.936,SENSOR_FAULT
2026-03-14 07:00:00,7,5,230.44,2.454,539.21,0.954,100.0,SENSOR_FAULT
2026-03-14 07:15:00,7,5,0.0,1.826,412.06,0.984,50.005,SENSOR_FAULT
2026-03-14 07:30:00,7,5,500.0,1.451,328.32,0.97,49.945,SENSOR_FAULT
2026-03-14 07:45:00,7,5,230.85,2.112,461.02,-1.0,49.993,SENSOR_FAULT
2026-03-14 08:00:00,8,5,227.76,2.942,656.67,2.0,50.003,SENSOR_FAULT
2026-03-14 08:15:00,8,5,229.24,1.951,428.03,0.957,-10.0,SENSOR_FAULT
2026-03-14 08:30:00,8,5,228.18,1.841,378.75,1.5,50.091,SENSOR_FAULT
2026-03-14 08:45:00,8,5,229.74,1.813,381.25,1.5,49.961,SENSOR_FAULT
2026-03-14 09:00:00,9,5,231.05,2.513,544.6,0.938,-10.0,SENSOR_FAULT
2026-03-14 09:15:00,9,5,500.0,2.456,537.46,0.959,49.996,SENSOR_FAULT
2026-03-14 09:30:00,9,5,232.51,500.0,438.22,0.936,49.963,SENSOR_FAULT
2026-03-14 09:45:00,9,5,228.97,500.0,531.63,0.907,50.045,SENSOR_FAULT
2026-03-14 10:00:00,10,5,500.0,1.371,295.43,0.942,50.002,SENSOR_FAULT
2026-03-14 10:15:00,10,5,230.16,-5.0,444.56,0.929,49.997,SENSOR_FAULT
2026-03-14 10:30:00,10,5,500.0,2.652,595.62,0.969,50.097,SENSOR_FAULT
2026-03-14 10:45:00,10,5,228.86,1.448,299.14,2.0,49.908,SENSOR_FAULT
2026-03-14 11:00:00,11,5,230.52,2.063,470.0,1.5,50.021,SENSOR_FAULT
2026-03-14 11:15:00,11,5,229.3,2.305,509.14,0.963,-10.0,SENSOR_FAULT
2026-03-14 11:30:00,11,5,0.0,1.196,265.37,0.969,50.07,SENSOR_FAULT
2026-03-14 11:45:00,11,5,234.65,2.337,529.5,-1.0,50.104,SENSOR_FAULT
2026-03-14 12:00:00,12,5,500.0,2.089,457.09,0.938,50.022,SENSOR_FAULT
2026-03-14 12:15:00,12,5,230.9,1.941,429.94,0.959,-10.0,SENSOR_FAULT
2026-03-14 12:30:00,12,5,-10.0,2.561,570.14,0.959,50.056,SENSOR_FAULT
2026-03-14 12:45:00,12,5,231.45,500.0,404.43,0.955,49.942,SENSOR_FAULT
2026-03-14 13:00:00,13,5,230.97,2.612,564.13,0.935,100.0,SENSOR_FAULT
2026-03-14 13:15:00,13,5,0.0,2.349,488.66,0.914,49.954,SENSOR_FAULT
2026-03-14 13:30:00,13,5,231.33,1.506,331.51,-1.0,49.974,SENSOR_FAULT
2026-03-14 13:45:00,13,5,233.47,500.0,258.81,0.947,49.957,SENSOR_FAULT
2026-03-14 14:00:00,14,5,230.81,1.938,425.71,-1.0,49.972,SENSOR_FAULT
2026-03-14 14:15:00,14,5,229.04,1.742,385.09,0.965,-10.0,SENSOR_FAULT
2026-03-14 14:30:00,14,5,-10.0,2.565,583.29,0.982,49.98,SENSOR_FAULT
2026-03-14 14:45:00,14,5,233.49,1.895,409.85,0.926,-10.0,SENSOR_FAULT
2026-03-14 15:00:00,15,5,229.31,2.389,526.66,-1.0,49.874,SENSOR_FAULT
2026-03-14 15:15:00,15,5,233.27,-5.0,420.18,0.902,50.005,SENSOR_FAULT
2026-03-14 15:30:00,15,5,228.46,-5.0,470.05,0.924,50.033,SENSOR_FAULT
2026-03-14 15:45:00,15,5,229.28,1.195,251.24,1.5,50.023,SENSOR_FAULT
2026-03-14 16:00:00,16,5,232.95,2.198,504.88,0.986,100.0,SENSOR_FAULT
2026-03-14 16:15:00,16,5,231.94,500.0,266.22,0.985,49.96,SENSOR_FAULT
2026-03-14 16:30:00,16,5,230.85,-5.0,404.13,0.943,50.066,SENSOR_FAULT
2026-03-14 16:45:00,16,5,228.87,2.479,550.72,1.5,50.004,SENSOR_FAULT
2026-03-14 17:00:00,17,5,227.72,3.988,830.73,0.915,-10.0,SENSOR_FAULT
2026-03-14 17:15:00,17,5,228.85,2.493,542.13,-1.0,49.953,SENSOR_FAULT
2026-03-14 17:30:00,17,5,227.5,500.0,877.58,0.917,49.958,SENSOR_FAULT
2026-03-14 17:45:00,17,5,230.64,4.425,937.0,-1.0,49.98,SENSOR_FAULT
2026-03-14 18:00:00,18,5,0.0,4.183,911.73,0.934,49.928,SENSOR_FAULT
2026-03-14 18:15:00,18,5,231.25,3.338,716.64,0.928,-10.0,SENSOR_FAULT
2026-03-14 18:30:00,18,5,230.48,3.858,805.56,0.906,100.0,SENSOR_FAULT
2026-03-14 18:45:00,18,5,-10.0,4.126,878.74,0.941,49.941,SENSOR_FAULT
2026-03-14 19:00:00,19,5,231.09,3.212,722.67,-1.0,50.022,SENSOR_FAULT
2026-03-14 19:15:00,19,5,229.65,3.967,860.96,-1.0,49.983,SENSOR_FAULT
2026-03-14 19:30:00,19,5,233.41,2.496,574.8,-1.0,49.928,SENSOR_FAULT
2026-03-14 19:45:00,19,5,500.0,3.77,806.03,0.924,50.026,SENSOR_FAULT
2026-03-14 20:00:00,20,5,234.36,-5.0,912.7,0.967,49.998,SENSOR_FAULT
2026-03-14 20:15:00,20,5,0.0,3.045,655.97,0.932,50.037,SENSOR_FAULT
2026-03-14 20:30:00,20,5,230.1,3.411,751.24,2.0,50.05,SENSOR_FAULT
2026-03-14 20:45:00,20,5,228.71,3.085,662.68,-1.0,50.034,SENSOR_FAULT
2026-03-14 21:00:00,21,5,229.13,2.778,574.66,0.903,-10.0,SENSOR_FAULT
2026-03-14 21:15:00,21,5,228.83,3.983,897.41,0.985,100.0,SENSOR_FAULT
2026-03-14 21:30:00,21,5,500.0,4.308,897.18,0.91,50.035,SENSOR_FAULT
2026-03-14 21:45:00,21,5,229.1,-5.0,593.46,0.906,50.027,SENSOR_FAULT
