voltage,current,power,power_factor,frequency,hour,day_of_week,apparent_power,reactive_power_estimate,power_change,power_ratio,voltage_deviation,frequency_deviation,power_factor_deviation,night_flag,high_load_flag,condition,label
227.99,0.633,134.84,0.934,49.96,0,3,144.318,51.561,4.84,1.037,2.01,0.04,0.016,1,0,NORMAL,0
231.87,0.73,165.59,0.978,49.975,0,3,169.265,35.31,35.59,1.274,1.87,0.025,0.028,1,0,NORMAL,0
226.9,0.365,79.47,0.961,49.955,0,3,82.819,22.903,-50.53,0.611,3.1,0.045,0.011,1,0,NORMAL,0
232.25,0.672,150.79,0.966,49.969,0,3,156.072,40.351,20.79,1.16,2.25,0.031,0.016,1,0,NORMAL,0
228.81,0.484,105.76,0.955,50.094,1,3,110.744,32.847,-24.24,0.814,1.19,0.094,0.005,1,0,NORMAL,0
228.91,0.433,95.54,0.963,49.917,1,3,99.118,26.712,-34.46,0.735,1.09,0.083,0.013,1,0,NORMAL,0
226.77,0.833,181.3,0.96,50.096,1,3,188.899,52.892,51.3,1.395,3.23,0.096,0.01,1,0,NORMAL,0
231.25,0.846,178.05,0.91,49.967,1,3,195.637,81.113,48.05,1.37,1.25,0.033,0.04,1,0,NORMAL,0
230.2,0.575,128.28,0.969,50.07,2,3,132.365,32.702,-1.72,0.987,0.2,0.07,0.019,1,0,NORMAL,0
229.87,0.804,170.91,0.925,50.014,2,3,184.815,70.224,40.91,1.315,0.13,0.014,0.025,1,0,NORMAL,0
229.51,0.52,113.67,0.952,50.105,2,3,119.345,36.531,-16.33,0.874,0.49,0.105,0.002,1,0,NORMAL,0
230.83,0.708,153.08,0.937,49.96,2,3,163.428,57.09,23.08,1.178,0.83,0.04,0.013,1,0,NORMAL,0
230.55,0.656,137.86,0.912,50.036,3,3,151.241,62.037,7.86,1.06,0.55,0.036,0.038,1,0,NORMAL,0
229.05,0.812,175.25,0.943,49.969,3,3,185.989,61.896,45.25,1.348,0.95,0.031,0.007,1,0,NORMAL,0
233.01,0.483,109.13,0.969,49.973,3,3,112.544,27.805,-20.87,0.839,3.01,0.027,0.019,1,0,NORMAL,0
230.41,0.654,136.63,0.907,50.038,3,3,150.688,63.459,6.63,1.051,0.41,0.038,0.043,1,0,NORMAL,0
228.74,0.757,170.17,0.983,49.971,4,3,173.156,31.792,40.17,1.309,1.26,0.029,0.033,1,0,NORMAL,0
230.59,0.749,163.99,0.949,49.993,4,3,172.712,54.452,33.99,1.261,0.59,0.007,0.001,1,0,NORMAL,0
234.16,0.429,94.82,0.944,49.984,4,3,100.455,33.145,-35.18,0.729,4.16,0.016,0.006,1,0,NORMAL,0
227.64,0.631,141.69,0.987,49.985,4,3,143.641,23.086,11.69,1.09,2.36,0.015,0.037,1,0,NORMAL,0
230.07,0.435,93.01,0.93,50.019,5,3,100.08,36.786,-36.99,0.715,0.07,0.019,0.02,1,0,NORMAL,0
231.34,0.665,138.58,0.901,50.091,5,3,153.841,66.739,8.58,1.066,1.34,0.091,0.049,1,0,NORMAL,0
227.7,0.807,177.94,0.969,50.022,5,3,183.754,45.398,47.94,1.369,2.3,0.022,0.019,1,0,NORMAL,0
225.76,0.816,168.17,0.913,49.892,5,3,184.22,75.154,38.17,1.294,4.24,0.108,0.037,1,0,NORMAL,0
229.63,2.771,578.04,0.909,49.954,6,3,636.305,265.209,78.04,1.156,0.37,0.046,0.041,0,0,NORMAL,0
227.99,1.899,396.54,0.916,50.022,6,3,432.953,173.691,-103.46,0.793,2.01,0.022,0.034,0,0,NORMAL,0
233.46,1.807,380.22,0.901,50.015,6,3,421.862,183.012,-119.78,0.76,3.46,0.015,0.049,0,0,NORMAL,0
231.3,2.136,488.82,0.989,49.946,6,3,494.057,73.079,-11.18,0.978,1.3,0.054,0.039,0,0,NORMAL,0
225.03,2.885,616.65,0.95,49.989,7,3,649.212,202.716,116.65,1.233,4.97,0.011,0.0,0,0,NORMAL,0
229.81,2.478,540.33,0.949,50.004,7,3,569.469,179.54,40.33,1.081,0.19,0.004,0.001,0,0,NORMAL,0
229.4,2.592,549.64,0.924,49.986,7,3,594.605,227.372,49.64,1.099,0.6,0.014,0.026,0,0,NORMAL,0
231.95,3.033,661.06,0.94,49.991,7,3,703.504,240.018,161.06,1.322,1.95,0.009,0.01,0,0,NORMAL,0
229.81,3.048,665.77,0.95,50.051,8,3,700.461,218.719,165.77,1.332,0.19,0.051,0.0,0,0,NORMAL,0
231.22,1.567,344.19,0.95,49.96,8,3,362.322,113.135,-155.81,0.688,1.22,0.04,0.0,0,0,NORMAL,0
230.14,2.243,473.05,0.917,50.007,8,3,516.204,205.907,-26.95,0.946,0.14,0.007,0.033,0,0,NORMAL,0
230.7,2.555,539.15,0.915,50.023,8,3,589.438,237.811,39.15,1.078,0.7,0.023,0.035,0,0,NORMAL,0
227.75,1.515,317.05,0.919,50.081,9,3,345.041,136.035,-107.95,0.746,2.25,0.081,0.031,0,0,NORMAL,0
225.17,1.593,334.53,0.933,49.994,9,3,358.696,129.086,-90.47,0.787,4.83,0.006,0.017,0,0,NORMAL,0
227.1,2.373,501.64,0.931,49.97,9,3,538.908,196.712,76.64,1.18,2.9,0.03,0.019,0,0,NORMAL,0
231.05,1.303,272.74,0.906,50.003,9,3,301.058,127.431,-152.26,0.642,1.05,0.003,0.044,0,0,NORMAL,0
230.74,1.373,290.59,0.917,49.967,10,3,316.806,126.37,-134.41,0.684,0.74,0.033,0.033,0,0,NORMAL,0
229.02,1.464,309.31,0.922,50.049,10,3,335.285,129.819,-115.69,0.728,0.98,0.049,0.028,0,0,NORMAL,0
229.53,1.507,326.29,0.943,50.038,10,3,345.902,115.114,-98.71,0.768,0.47,0.038,0.007,0,0,NORMAL,0
228.73,1.145,248.16,0.948,50.012,10,3,261.896,83.354,-176.84,0.584,1.27,0.012,0.002,0,0,NORMAL,0
230.97,2.907,606.45,0.903,49.987,11,3,671.43,288.473,181.45,1.427,0.97,0.013,0.047,0,0,NORMAL,0
231.31,2.106,443.56,0.91,49.993,11,3,487.139,201.972,18.56,1.044,1.31,0.007,0.04,0,0,NORMAL,0
228.67,1.375,308.25,0.98,50.048,11,3,314.421,62.569,-116.75,0.725,1.33,0.048,0.03,0,0,NORMAL,0
229.79,2.484,548.54,0.961,50.029,11,3,570.798,157.853,123.54,1.291,0.21,0.029,0.011,0,0,NORMAL,0
231.88,2.115,450.9,0.919,50.039,12,3,490.426,193.354,25.9,1.061,1.88,0.039,0.031,0,0,NORMAL,0
231.65,2.164,469.16,0.936,50.017,12,3,501.291,176.454,44.16,1.104,1.65,0.017,0.014,0,0,NORMAL,0
232.49,1.164,247.04,0.913,49.979,12,3,270.618,110.401,-177.96,0.581,2.49,0.021,0.037,0,0,NORMAL,0
231.25,1.904,410.12,0.931,49.99,12,3,440.3,160.718,-14.88,0.965,1.25,0.01,0.019,0,0,NORMAL,0
231.19,1.737,375.3,0.934,49.897,13,3,401.577,143.473,-49.7,0.883,1.19,0.103,0.016,0,0,NORMAL,0
231.08,2.668,575.83,0.934,49.952,13,3,616.521,220.266,150.83,1.355,1.08,0.048,0.016,0,0,NORMAL,0
226.2,2.886,590.51,0.905,49.925,13,3,652.813,277.714,165.51,1.389,3.8,0.075,0.045,0,0,NORMAL,0
226.97,2.429,521.79,0.946,49.9,13,3,551.31,178.716,96.79,1.228,3.03,0.1,0.004,0,0,NORMAL,0
230.07,1.614,355.53,0.957,49.931,14,3,371.333,107.719,-69.47,0.837,0.07,0.069,0.007,0,0,NORMAL,0
229.68,2.157,450.84,0.91,50.045,14,3,495.42,205.405,25.84,1.061,0.32,0.045,0.04,0,0,NORMAL,0
230.85,1.788,404.81,0.981,49.947,14,3,412.76,80.079,-20.19,0.952,0.85,0.053,0.031,0,0,NORMAL,0
233.1,1.152,252.62,0.941,50.027,14,3,268.531,90.873,-172.38,0.594,3.1,0.027,0.009,0,0,NORMAL,0
226.88,1.469,325.15,0.976,50.003,15,3,333.287,72.58,-99.85,0.765,3.12,0.003,0.026,0,0,NORMAL,0
232.33,1.81,382.49,0.91,49.953,15,3,420.517,174.35,-42.51,0.9,2.33,0.047,0.04,0,0,NORMAL,0
226.63,1.504,307.62,0.903,50.02,15,3,340.852,146.444,-117.38,0.724,3.37,0.02,0.047,0,0,NORMAL,0
226.66,1.821,397.77,0.964,50.045,15,3,412.748,109.751,-27.23,0.936,3.34,0.045,0.014,0,0,NORMAL,0
229.81,2.238,479.78,0.933,49.966,16,3,514.315,185.09,54.78,1.129,0.19,0.034,0.017,0,0,NORMAL,0
228.78,2.538,545.28,0.939,49.906,16,3,580.644,199.693,120.28,1.283,1.22,0.094,0.011,0,0,NORMAL,0
229.08,2.114,450.9,0.931,50.037,16,3,484.275,176.77,25.9,1.061,0.92,0.037,0.019,0,0,NORMAL,0
227.96,2.0,435.26,0.954,49.942,16,3,455.92,136.688,10.26,1.024,2.04,0.058,0.004,0,0,NORMAL,0
228.14,4.292,904.21,0.923,49.957,17,3,979.177,376.787,154.21,1.206,1.86,0.043,0.027,0,0,NORMAL,0
229.19,3.07,644.87,0.916,49.971,17,3,703.613,282.274,-105.13,0.86,0.81,0.029,0.034,0,0,NORMAL,0
228.62,2.851,627.85,0.963,50.025,17,3,651.796,175.66,-122.15,0.837,1.38,0.025,0.013,0,0,NORMAL,0
228.14,2.561,531.43,0.91,49.96,17,3,584.267,242.242,-218.57,0.709,1.86,0.04,0.04,0,0,NORMAL,0
229.3,3.891,852.02,0.955,50.042,18,3,892.206,264.634,102.02,1.136,0.7,0.042,0.005,0,0,NORMAL,0
230.22,2.376,521.17,0.953,50.055,18,3,547.003,165.726,-228.83,0.695,0.22,0.055,0.003,0,0,NORMAL,0
226.45,3.569,762.42,0.943,50.017,18,3,808.2,268.963,12.42,1.017,3.55,0.017,0.007,0,0,NORMAL,0
228.42,4.333,976.73,0.987,49.956,18,3,989.744,159.072,226.73,1.302,1.58,0.044,0.037,0,0,NORMAL,0
226.27,3.032,647.11,0.943,49.907,19,3,686.051,228.313,-102.89,0.863,3.73,0.093,0.007,0,0,NORMAL,0
232.24,4.255,947.47,0.959,50.052,19,3,988.181,280.057,197.47,1.263,2.24,0.052,0.009,0,0,NORMAL,0
231.76,4.239,942.53,0.959,49.946,19,3,982.431,278.427,192.53,1.257,1.76,0.054,0.009,0,0,NORMAL,0
228.38,3.585,803.74,0.982,50.011,19,3,818.742,154.645,53.74,1.072,1.62,0.011,0.032,0,0,NORMAL,0
228.66,3.998,864.09,0.945,50.005,20,3,914.183,299.002,114.09,1.152,1.34,0.005,0.005,0,0,NORMAL,0
227.69,2.601,560.4,0.946,49.987,20,3,592.222,191.979,-189.6,0.747,2.31,0.013,0.004,0,0,NORMAL,0
226.89,4.546,985.74,0.956,50.055,20,3,1031.442,302.591,235.74,1.314,3.11,0.055,0.006,0,0,NORMAL,0
229.6,3.725,798.55,0.934,49.992,20,3,855.26,305.561,48.55,1.065,0.4,0.008,0.016,0,0,NORMAL,0
227.41,3.245,710.69,0.963,50.003,21,3,737.945,198.877,-39.31,0.948,2.59,0.003,0.013,0,0,NORMAL,0
232.16,3.441,790.72,0.99,50.043,21,3,798.863,112.693,40.72,1.054,2.16,0.043,0.04,0,0,NORMAL,0
230.26,3.58,754.37,0.915,50.018,21,3,824.331,332.579,4.37,1.006,0.26,0.018,0.035,0,0,NORMAL,0
234.65,4.191,899.35,0.914,50.0,21,3,983.418,398.987,149.35,1.199,4.65,0.0,0.036,0,0,NORMAL,0
228.01,1.837,381.93,0.912,50.012,22,3,418.854,171.81,31.93,1.091,1.99,0.012,0.038,0,0,NORMAL,0
231.69,1.697,354.05,0.901,50.052,22,3,393.178,170.568,4.05,1.012,1.69,0.052,0.049,0,0,NORMAL,0
228.35,2.142,451.09,0.922,50.02,22,3,489.126,189.385,101.09,1.289,1.65,0.02,0.028,0,0,NORMAL,0
232.77,1.469,325.55,0.952,50.004,22,3,341.939,104.667,-24.45,0.93,2.77,0.004,0.002,0,0,NORMAL,0
231.6,1.568,340.96,0.939,50.054,23,3,363.149,124.893,-9.04,0.974,1.6,0.054,0.011,0,0,NORMAL,0
232.42,1.363,297.67,0.939,49.972,23,3,316.788,108.949,-52.33,0.85,2.42,0.028,0.011,0,0,NORMAL,0
231.85,0.777,176.74,0.981,49.976,23,3,180.147,34.95,-173.26,0.505,1.85,0.024,0.031,0,0,NORMAL,0
231.07,1.521,331.87,0.944,49.933,23,3,351.457,115.962,-18.13,0.948,1.07,0.067,0.006,0,0,NORMAL,0
233.15,0.452,97.99,0.93,50.053,0,4,105.384,38.735,-32.01,0.754,3.15,0.053,0.02,1,0,NORMAL,0
229.51,0.464,101.49,0.952,50.012,0,4,106.493,32.597,-28.51,0.781,0.49,0.012,0.002,1,0,NORMAL,0
232.01,0.635,133.77,0.908,49.882,0,4,147.326,61.725,3.77,1.029,2.01,0.118,0.042,1,0,NORMAL,0
230.3,0.673,146.09,0.942,50.048,0,4,154.992,52.017,16.09,1.124,0.3,0.048,0.008,1,0,NORMAL,0
230.82,0.718,161.26,0.973,49.865,1,4,165.729,38.251,31.26,1.24,0.82,0.135,0.023,1,0,NORMAL,0
225.66,0.411,88.83,0.959,50.013,1,4,92.746,26.285,-41.17,0.683,4.34,0.013,0.009,1,0,NORMAL,0
232.57,0.675,154.06,0.982,50.004,1,4,156.985,29.651,24.06,1.185,2.57,0.004,0.032,1,0,NORMAL,0
230.27,0.877,182.77,0.905,49.917,1,4,201.947,85.911,52.77,1.406,0.27,0.083,0.045,1,0,NORMAL,0
229.89,0.762,158.4,0.904,49.972,2,4,175.176,74.894,28.4,1.218,0.11,0.028,0.046,1,0,NORMAL,0
226.8,0.51,114.23,0.987,50.007,2,4,115.668,18.59,-15.77,0.879,3.2,0.007,0.037,1,0,NORMAL,0
232.0,0.779,167.65,0.928,49.974,2,4,180.728,67.336,37.65,1.29,2.0,0.026,0.022,1,0,NORMAL,0
232.48,0.714,155.25,0.935,50.043,2,4,165.991,58.868,25.25,1.194,2.48,0.043,0.015,1,0,NORMAL,0
231.24,0.332,75.11,0.978,50.021,3,4,76.772,16.015,-54.89,0.578,1.24,0.021,0.028,1,0,NORMAL,0
231.91,0.596,129.26,0.935,50.03,3,4,138.218,49.019,-0.74,0.994,1.91,0.03,0.015,1,0,NORMAL,0
228.97,0.598,123.79,0.903,49.913,3,4,136.924,58.828,-6.21,0.952,1.03,0.087,0.047,1,0,NORMAL,0
228.99,0.402,89.43,0.972,49.987,3,4,92.054,21.631,-40.57,0.688,1.01,0.013,0.022,1,0,NORMAL,0
231.41,0.657,144.6,0.951,50.05,4,4,152.036,47.008,14.6,1.112,1.41,0.05,0.001,1,0,NORMAL,0
227.35,0.547,113.38,0.912,50.003,4,4,124.36,51.011,-16.62,0.872,2.65,0.003,0.038,1,0,NORMAL,0
231.07,0.488,103.57,0.919,50.05,4,4,112.762,44.457,-26.43,0.797,1.07,0.05,0.031,1,0,NORMAL,0
228.97,0.465,101.68,0.954,50.02,4,4,106.471,31.921,-28.32,0.782,1.03,0.02,0.004,1,0,NORMAL,0
231.12,0.558,123.01,0.954,49.991,5,4,128.965,38.665,-6.99,0.946,1.12,0.009,0.004,1,0,NORMAL,0
228.21,0.576,123.83,0.942,49.996,5,4,131.449,44.116,-6.17,0.953,1.79,0.004,0.008,1,0,NORMAL,0
231.67,0.515,107.47,0.901,49.977,5,4,119.31,51.759,-22.53,0.827,1.67,0.023,0.049,1,0,NORMAL,0
233.07,0.768,167.95,0.938,49.913,5,4,178.998,62.047,37.95,1.292,3.07,0.087,0.012,1,0,NORMAL,0
231.56,2.278,516.22,0.979,50.045,6,4,527.494,107.535,16.22,1.032,1.56,0.045,0.029,0,0,NORMAL,0
227.14,3.258,673.86,0.911,50.002,6,4,740.022,305.19,173.86,1.348,2.86,0.002,0.039,0,0,NORMAL,0
226.41,1.487,313.37,0.931,49.979,6,4,336.672,122.892,-186.63,0.627,3.59,0.021,0.019,0,0,NORMAL,0
231.27,2.466,529.29,0.928,50.001,6,4,570.312,212.487,29.29,1.059,1.27,0.001,0.022,0,0,NORMAL,0
232.14,2.743,623.56,0.979,49.963,7,4,636.76,129.81,123.56,1.247,2.14,0.037,0.029,0,0,NORMAL,0
230.72,2.678,587.2,0.951,50.06,7,4,617.868,191.039,87.2,1.174,0.72,0.06,0.001,0,0,NORMAL,0
231.15,3.16,694.53,0.951,50.051,7,4,730.434,225.844,194.53,1.389,1.15,0.051,0.001,0,0,NORMAL,0
232.47,2.076,475.13,0.985,50.0,7,4,482.608,83.276,-24.87,0.95,2.47,0.0,0.035,0,0,NORMAL,0
225.67,3.0,666.7,0.985,49.91,8,4,677.01,116.821,166.7,1.333,4.33,0.09,0.035,0,0,NORMAL,0
231.03,2.327,502.63,0.935,50.099,8,4,537.607,190.661,2.63,1.005,1.03,0.099,0.015,0,0,NORMAL,0
232.6,2.038,448.33,0.946,50.047,8,4,474.039,153.668,-51.67,0.897,2.6,0.047,0.004,0,0,NORMAL,0
229.02,2.226,472.73,0.927,49.988,8,4,509.799,191.206,-27.27,0.945,0.98,0.012,0.023,0,0,NORMAL,0
227.76,1.36,305.09,0.985,50.092,9,4,309.754,53.449,-119.91,0.718,2.24,0.092,0.035,0,0,NORMAL,0
226.85,2.73,578.59,0.934,49.971,9,4,619.3,221.259,153.59,1.361,3.15,0.029,0.016,0,0,NORMAL,0
229.12,2.234,470.85,0.92,49.941,9,4,511.854,200.605,45.85,1.108,0.88,0.059,0.03,0,0,NORMAL,0
232.54,1.93,431.49,0.961,49.864,9,4,448.802,124.116,6.49,1.015,2.54,0.136,0.011,0,0,NORMAL,0
230.85,1.322,285.74,0.936,50.014,10,4,305.184,107.425,-139.26,0.672,0.85,0.014,0.014,0,0,NORMAL,0
234.81,1.484,341.42,0.98,49.998,10,4,348.458,69.342,-83.58,0.803,4.81,0.002,0.03,0,0,NORMAL,0
230.91,1.781,391.77,0.952,49.979,10,4,411.251,125.883,-33.23,0.922,0.91,0.021,0.002,0,0,NORMAL,0
230.11,1.754,374.17,0.927,49.943,10,4,403.613,151.38,-50.83,0.88,0.11,0.057,0.023,0,0,NORMAL,0
234.17,2.261,484.14,0.914,49.953,11,4,529.458,214.809,59.14,1.139,4.17,0.047,0.036,0,0,NORMAL,0
227.8,1.378,289.41,0.922,50.03,11,4,313.908,121.542,-135.59,0.681,2.2,0.03,0.028,0,0,NORMAL,0
233.89,2.183,504.0,0.987,50.078,11,4,510.582,82.061,79.0,1.186,3.89,0.078,0.037,0,0,NORMAL,0
231.3,1.661,358.57,0.933,49.997,11,4,384.189,138.261,-66.43,0.844,1.3,0.003,0.017,0,0,NORMAL,0
230.46,1.335,284.61,0.925,49.941,12,4,307.664,116.902,-140.39,0.67,0.46,0.059,0.025,0,0,NORMAL,0
228.16,2.328,483.59,0.91,49.998,12,4,531.156,220.222,58.59,1.138,1.84,0.002,0.04,0,0,NORMAL,0
232.35,1.866,391.82,0.904,50.059,12,4,433.565,185.363,-33.18,0.922,2.35,0.059,0.046,0,0,NORMAL,0
227.6,2.215,466.87,0.926,50.036,12,4,504.134,190.322,41.87,1.099,2.4,0.036,0.024,0,0,NORMAL,0
231.25,1.822,383.08,0.909,50.043,13,4,421.338,175.612,-41.92,0.901,1.25,0.043,0.041,0,0,NORMAL,0
230.47,1.145,247.37,0.937,50.171,13,4,263.888,92.184,-177.63,0.582,0.47,0.171,0.013,0,0,NORMAL,0
228.68,2.501,528.51,0.924,49.935,13,4,571.929,218.701,103.51,1.244,1.32,0.065,0.026,0,0,NORMAL,0
231.39,1.273,283.63,0.963,50.023,13,4,294.559,79.384,-141.37,0.667,1.39,0.023,0.013,0,0,NORMAL,0
231.51,2.676,570.09,0.92,49.946,14,4,619.521,242.802,145.09,1.341,1.51,0.054,0.03,0,0,NORMAL,0
231.95,1.797,377.41,0.906,49.905,14,4,416.814,176.428,-47.59,0.888,1.95,0.095,0.044,0,0,NORMAL,0
227.17,1.519,328.44,0.951,50.027,14,4,345.071,106.693,-96.56,0.773,2.83,0.027,0.001,0,0,NORMAL,0
232.09,1.185,254.27,0.924,50.022,14,4,275.027,105.168,-170.73,0.598,2.09,0.022,0.026,0,0,NORMAL,0
229.9,1.355,295.67,0.949,49.993,15,4,311.514,98.213,-129.33,0.696,0.1,0.007,0.001,0,0,NORMAL,0
229.57,2.49,542.48,0.949,49.96,15,4,571.629,180.221,117.48,1.276,0.43,0.04,0.001,0,0,NORMAL,0
230.49,1.119,255.18,0.989,50.022,15,4,257.918,38.15,-169.82,0.6,0.49,0.022,0.039,0,0,NORMAL,0
232.03,2.316,491.1,0.914,50.025,15,4,537.381,218.023,66.1,1.156,2.03,0.025,0.036,0,0,NORMAL,0
226.27,2.613,539.53,0.913,49.961,16,4,591.244,241.203,114.53,1.269,3.73,0.039,0.037,0,0,NORMAL,0
230.82,1.915,410.2,0.928,50.061,16,4,442.02,164.688,-14.8,0.965,0.82,0.061,0.022,0,0,NORMAL,0
227.48,1.684,365.4,0.954,49.921,16,4,383.076,114.849,-59.6,0.86,2.52,0.079,0.004,0,0,NORMAL,0
228.76,1.86,418.98,0.985,50.074,16,4,425.494,73.421,-6.02,0.986,1.24,0.074,0.035,0,0,NORMAL,0
229.5,3.529,794.18,0.981,49.97,17,4,809.905,157.128,44.18,1.059,0.5,0.03,0.031,0,0,NORMAL,0
231.77,2.753,595.91,0.934,50.085,17,4,638.063,227.963,-154.09,0.795,1.77,0.085,0.016,0,0,NORMAL,0
229.42,4.342,952.08,0.956,49.99,17,4,996.142,292.235,202.08,1.269,0.58,0.01,0.006,0,0,NORMAL,0
229.28,3.666,766.22,0.912,49.976,17,4,840.54,344.781,16.22,1.022,0.72,0.024,0.038,0,0,NORMAL,0
228.62,4.176,930.46,0.975,49.934,18,4,954.717,212.143,180.46,1.241,1.38,0.066,0.025,0,0,NORMAL,0
223.77,4.403,895.67,0.909,49.942,18,4,985.259,410.652,145.67,1.194,6.23,0.058,0.041,0,0,NORMAL,0
232.62,4.638,977.29,0.906,49.979,18,4,1078.892,456.671,227.29,1.303,2.62,0.021,0.044,0,0,NORMAL,0
228.2,2.768,582.02,0.921,49.885,18,4,631.658,246.07,-167.98,0.776,1.8,0.115,0.029,0,0,NORMAL,0
232.05,3.785,836.19,0.952,49.99,19,4,878.309,268.849,86.19,1.115,2.05,0.01,0.002,0,0,NORMAL,0
227.95,2.917,635.61,0.956,50.021,19,4,664.93,195.068,-114.39,0.847,2.05,0.021,0.006,0,0,NORMAL,0
226.8,3.393,755.36,0.982,50.006,19,4,769.532,145.35,5.36,1.007,3.2,0.006,0.032,0,0,NORMAL,0
229.3,3.378,753.58,0.973,50.013,19,4,774.575,178.776,3.58,1.005,0.7,0.013,0.023,0,0,NORMAL,0
229.01,3.085,671.41,0.95,49.984,20,4,706.496,220.603,-78.59,0.895,0.99,0.016,0.0,0,0,NORMAL,0
230.41,4.769,1007.6,0.917,49.997,20,4,1098.825,438.307,257.6,1.343,0.41,0.003,0.033,0,0,NORMAL,0
234.25,3.82,854.63,0.955,50.005,20,4,894.835,265.413,104.63,1.14,4.25,0.005,0.005,0,0,NORMAL,0
230.99,3.957,897.39,0.982,50.038,20,4,914.027,172.642,147.39,1.197,0.99,0.038,0.032,0,0,NORMAL,0
229.61,2.872,649.02,0.984,49.989,21,4,659.44,117.491,-100.98,0.865,0.39,0.011,0.034,0,0,NORMAL,0
230.74,2.94,625.09,0.922,49.867,21,4,678.376,262.66,-124.91,0.833,0.74,0.133,0.028,0,0,NORMAL,0
231.73,4.254,944.88,0.959,49.93,21,4,985.779,279.376,194.88,1.26,1.73,0.07,0.009,0,0,NORMAL,0
230.56,3.083,647.62,0.911,49.931,21,4,710.816,293.145,-102.38,0.863,0.56,0.069,0.039,0,0,NORMAL,0
224.51,0.932,205.58,0.982,49.963,22,4,209.243,39.522,-144.42,0.587,5.49,0.037,0.032,0,0,NORMAL,0
234.38,1.486,342.98,0.985,50.022,22,4,348.289,60.099,-7.02,0.98,4.38,0.022,0.035,0,0,NORMAL,0
229.85,1.697,374.27,0.96,49.996,22,4,390.055,109.216,24.27,1.069,0.15,0.004,0.01,0,0,NORMAL,0
230.85,1.961,435.99,0.963,49.983,22,4,452.697,122.002,85.99,1.246,0.85,0.017,0.013,0,0,NORMAL,0
227.97,1.596,327.98,0.901,49.985,23,4,363.84,157.841,-22.02,0.937,2.03,0.015,0.049,0,0,NORMAL,0
235.8,1.724,368.19,0.906,49.953,23,4,406.519,172.071,18.19,1.052,5.8,0.047,0.044,0,0,NORMAL,0
231.54,1.57,339.71,0.934,49.917,23,4,363.518,129.875,-10.29,0.971,1.54,0.083,0.016,0,0,NORMAL,0
228.99,0.951,205.38,0.944,50.099,23,4,217.769,71.852,-144.62,0.587,1.01,0.099,0.006,0,0,NORMAL,0
226.87,0.614,128.18,0.921,50.001,0,5,139.298,54.265,-1.82,0.986,3.13,0.001,0.029,1,0,NORMAL,0
233.51,0.777,163.52,0.901,49.946,0,5,181.437,78.711,33.52,1.258,3.51,0.054,0.049,1,0,NORMAL,0
231.32,0.508,109.0,0.927,50.035,0,5,117.511,44.074,-21.0,0.838,1.32,0.035,0.023,1,0,NORMAL,0
231.93,0.664,140.32,0.911,49.963,0,5,154.002,63.511,10.32,1.079,1.93,0.037,0.039,1,0,NORMAL,0
232.77,0.809,177.63,0.943,49.894,1,5,188.311,62.669,47.63,1.366,2.77,0.106,0.007,1,0,NORMAL,0
232.09,0.479,103.74,0.933,50.085,1,5,111.171,40.008,-26.26,0.798,2.09,0.085,0.017,1,0,NORMAL,0
231.69,0.581,124.02,0.921,49.94,1,5,134.612,52.44,-5.98,0.954,1.69,0.06,0.029,1,0,NORMAL,0
231.81,0.577,126.31,0.944,50.007,1,5,133.754,44.132,-3.69,0.972,1.81,0.007,0.006,1,0,NORMAL,0
230.51,0.568,126.27,0.964,50.042,2,5,130.93,34.814,-3.73,0.971,0.51,0.042,0.014,1,0,NORMAL,0
228.88,0.84,177.33,0.922,49.945,2,5,192.259,74.441,47.33,1.364,1.12,0.055,0.028,1,0,NORMAL,0
229.02,0.697,146.02,0.915,49.954,2,5,159.627,64.402,16.02,1.123,0.98,0.046,0.035,1,0,NORMAL,0
228.54,0.773,170.83,0.967,50.019,2,5,176.661,45.009,40.83,1.314,1.46,0.019,0.017,1,0,NORMAL,0
226.91,0.806,177.12,0.968,49.986,3,5,182.889,45.896,47.12,1.362,3.09,0.014,0.018,1,0,NORMAL,0
229.73,0.299,63.94,0.931,50.016,3,5,68.689,25.073,-66.06,0.492,0.27,0.016,0.019,1,0,NORMAL,0
232.63,0.754,162.32,0.925,50.076,3,5,175.403,66.647,32.32,1.249,2.63,0.076,0.025,1,0,NORMAL,0
229.31,0.492,104.23,0.925,49.967,3,5,112.821,42.868,-25.77,0.802,0.69,0.033,0.025,1,0,NORMAL,0
229.71,0.664,150.46,0.987,49.913,4,5,152.527,24.514,20.46,1.157,0.29,0.087,0.037,1,0,NORMAL,0
231.86,0.553,116.93,0.912,50.124,4,5,128.219,52.594,-13.07,0.899,1.86,0.124,0.038,1,0,NORMAL,0
228.5,0.555,118.88,0.938,49.989,4,5,126.818,43.959,-11.12,0.914,1.5,0.011,0.012,1,0,NORMAL,0
229.36,0.583,129.63,0.97,49.927,4,5,133.717,32.507,-0.37,0.997,0.64,0.073,0.02,1,0,NORMAL,0
231.47,0.468,105.43,0.973,49.986,5,5,108.328,25.003,-24.57,0.811,1.47,0.014,0.023,1,0,NORMAL,0
230.72,0.619,139.64,0.978,50.014,5,5,142.816,29.792,9.64,1.074,0.72,0.014,0.028,1,0,NORMAL,0
229.53,0.65,138.19,0.926,50.115,5,5,149.195,56.324,8.19,1.063,0.47,0.115,0.024,1,0,NORMAL,0
227.24,0.448,99.14,0.974,50.018,5,5,101.804,23.063,-30.86,0.763,2.76,0.018,0.024,1,0,NORMAL,0
223.46,1.406,290.28,0.924,50.054,6,5,314.185,120.142,-209.72,0.581,6.54,0.054,0.026,0,0,NORMAL,0
228.52,2.124,479.72,0.988,50.025,6,5,485.376,74.968,-20.28,0.959,1.48,0.025,0.038,0,0,NORMAL,0
228.52,2.198,474.14,0.944,49.97,6,5,502.287,165.727,-25.86,0.948,1.48,0.03,0.006,0,0,NORMAL,0
227.99,3.273,708.77,0.95,50.026,6,5,746.211,233.004,208.77,1.418,2.01,0.026,0.0,0,0,NORMAL,0
233.62,2.546,542.99,0.913,50.019,7,5,594.797,242.653,42.99,1.086,3.62,0.019,0.037,0,0,NORMAL,0
228.33,3.213,676.35,0.922,49.991,7,5,733.624,284.052,176.35,1.353,1.67,0.009,0.028,0,0,NORMAL,0
231.96,2.221,504.02,0.978,50.077,7,5,515.183,107.47,4.02,1.008,1.96,0.077,0.028,0,0,NORMAL,0
229.93,2.703,614.66,0.989,49.982,7,5,621.501,91.93,114.66,1.229,0.07,0.018,0.039,0,0,NORMAL,0
228.99,2.927,652.83,0.974,50.005,8,5,670.254,151.845,152.83,1.306,1.01,0.005,0.024,0,0,NORMAL,0
232.3,2.455,549.39,0.963,49.97,8,5,570.297,153.696,49.39,1.099,2.3,0.03,0.013,0,0,NORMAL,0
230.06,2.972,633.68,0.927,49.994,8,5,683.738,256.444,133.68,1.267,0.06,0.006,0.023,0,0,NORMAL,0
232.54,1.706,368.16,0.928,50.038,8,5,396.713,147.807,-131.84,0.736,2.54,0.038,0.022,0,0,NORMAL,0
228.14,2.062,455.86,0.969,50.045,9,5,470.425,116.223,30.86,1.073,1.86,0.045,0.019,0,0,NORMAL,0
228.45,2.222,483.29,0.952,50.106,9,5,507.616,155.38,58.29,1.137,1.55,0.106,0.002,0,0,NORMAL,0
227.36,1.412,306.59,0.955,50.064,9,5,321.032,95.22,-118.41,0.721,2.64,0.064,0.005,0,0,NORMAL,0
229.67,2.041,462.37,0.986,50.015,9,5,468.756,78.163,37.37,1.088,0.33,0.015,0.036,0,0,NORMAL,0
230.19,1.931,411.84,0.926,50.04,10,5,444.497,167.808,-13.16,0.969,0.19,0.04,0.024,0,0,NORMAL,0
228.26,2.364,501.77,0.93,49.914,10,5,539.607,198.338,76.77,1.181,1.74,0.086,0.02,0,0,NORMAL,0
230.04,1.316,287.47,0.95,50.032,10,5,302.733,94.528,-137.53,0.676,0.04,0.032,0.0,0,0,NORMAL,0
229.19,2.04,423.28,0.906,49.992,10,5,467.548,197.902,-1.72,0.996,0.81,0.008,0.044,0,0,NORMAL,0
231.32,1.417,315.23,0.962,50.033,11,5,327.78,89.5,-109.77,0.742,1.32,0.033,0.012,0,0,NORMAL,0
230.29,1.445,321.73,0.967,50.009,11,5,332.769,84.782,-103.27,0.757,0.29,0.009,0.017,0,0,NORMAL,0
227.63,1.483,317.15,0.939,49.921,11,5,337.575,116.098,-107.85,0.746,2.37,0.079,0.011,0,0,NORMAL,0
229.84,2.141,462.21,0.939,50.069,11,5,492.087,169.237,37.21,1.088,0.16,0.069,0.011,0,0,NORMAL,0
228.2,2.161,466.77,0.947,50.101,12,5,493.14,158.413,41.77,1.098,1.8,0.101,0.003,0,0,NORMAL,0
227.53,1.79,372.66,0.915,50.062,12,5,407.279,164.318,-52.34,0.877,2.47,0.062,0.035,0,0,NORMAL,0
229.46,1.365,307.66,0.982,50.046,12,5,313.213,59.16,-117.34,0.724,0.54,0.046,0.032,0,0,NORMAL,0
229.74,1.759,398.39,0.986,49.993,12,5,404.113,67.384,-26.61,0.937,0.26,0.007,0.036,0,0,NORMAL,0
229.95,2.502,539.42,0.938,50.058,13,5,575.335,199.431,114.42,1.269,0.05,0.058,0.012,0,0,NORMAL,0
232.07,1.179,253.12,0.925,49.95,13,5,273.611,103.963,-171.88,0.596,2.07,0.05,0.025,0,0,NORMAL,0
227.55,1.959,437.91,0.982,49.956,13,5,445.77,84.198,12.91,1.03,2.45,0.044,0.032,0,0,NORMAL,0
226.23,1.747,379.83,0.961,49.948,13,5,395.224,109.298,-45.17,0.894,3.77,0.052,0.011,0,0,NORMAL,0
234.29,1.486,337.64,0.97,50.091,14,5,348.155,84.638,-87.36,0.794,4.29,0.091,0.02,0,0,NORMAL,0
229.0,2.621,553.18,0.922,49.953,14,5,600.209,232.395,128.18,1.302,1.0,0.047,0.028,0,0,NORMAL,0
230.46,1.526,318.45,0.905,50.064,14,5,351.682,149.61,-106.55,0.749,0.46,0.064,0.045,0,0,NORMAL,0
228.0,2.673,558.17,0.916,49.988,14,5,609.444,244.496,133.17,1.313,2.0,0.012,0.034,0,0,NORMAL,0
229.81,1.264,267.94,0.922,49.885,15,5,290.48,112.471,-157.06,0.63,0.19,0.115,0.028,0,0,NORMAL,0
229.75,1.207,263.93,0.951,50.048,15,5,277.308,85.741,-161.07,0.621,0.25,0.048,0.001,0,0,NORMAL,0
231.07,2.15,458.72,0.924,49.995,15,5,496.8,189.973,33.72,1.079,1.07,0.005,0.026,0,0,NORMAL,0
232.45,1.935,440.35,0.979,50.005,15,5,449.791,91.694,15.35,1.036,2.45,0.005,0.029,0,0,NORMAL,0
229.31,1.692,360.47,0.929,49.996,16,5,387.993,143.588,-64.53,0.848,0.69,0.004,0.021,0,0,NORMAL,0
229.54,1.814,374.9,0.9,49.994,16,5,416.386,181.498,-50.1,0.882,0.46,0.006,0.05,0,0,NORMAL,0
230.04,2.546,549.52,0.938,50.027,16,5,585.682,203.018,124.52,1.293,0.04,0.027,0.012,0,0,NORMAL,0
232.08,1.669,378.61,0.978,50.038,16,5,387.342,80.801,-46.39,0.891,2.08,0.038,0.028,0,0,NORMAL,0
227.68,3.966,834.0,0.924,49.901,17,5,902.979,345.292,84.0,1.112,2.32,0.099,0.026,0,0,NORMAL,0
229.8,4.013,845.85,0.917,50.072,17,5,922.187,367.849,95.85,1.128,0.2,0.072,0.033,0,0,NORMAL,0
229.26,4.312,955.89,0.967,49.97,17,5,988.569,251.864,205.89,1.275,0.74,0.03,0.017,0,0,NORMAL,0
233.81,3.892,900.07,0.989,49.902,17,5,909.989,134.601,150.07,1.2,3.81,0.098,0.039,0,0,NORMAL,0
230.07,4.678,978.43,0.909,49.951,18,5,1076.267,448.584,228.43,1.305,0.07,0.049,0.041,0,0,NORMAL,0
228.01,2.632,557.26,0.928,50.025,18,5,600.122,223.594,-192.74,0.743,1.99,0.025,0.022,0,0,NORMAL,0
232.1,3.727,809.81,0.936,50.076,18,5,865.037,304.493,59.81,1.08,2.1,0.076,0.014,0,0,NORMAL,0
230.31,4.605,988.23,0.932,49.96,18,5,1060.578,384.415,238.23,1.318,0.31,0.04,0.018,0,0,NORMAL,0
230.94,2.343,524.08,0.969,49.967,19,5,541.092,133.683,-225.92,0.699,0.94,0.033,0.019,0,0,NORMAL,0
226.57,3.783,776.74,0.906,49.943,19,5,857.114,362.797,26.74,1.036,3.43,0.057,0.044,0,0,NORMAL,0
228.15,3.408,745.43,0.959,49.995,19,5,777.535,220.358,-4.57,0.994,1.85,0.005,0.009,0,0,NORMAL,0
230.91,3.039,676.41,0.964,50.023,19,5,701.735,186.593,-73.59,0.902,0.91,0.023,0.014,0,0,NORMAL,0
230.8,4.113,924.16,0.973,49.938,20,5,949.28,219.099,174.16,1.232,0.8,0.062,0.023,0,0,NORMAL,0
230.19,4.155,870.13,0.91,49.975,20,5,956.439,396.548,120.13,1.16,0.19,0.025,0.04,0,0,NORMAL,0
227.25,3.621,801.13,0.974,49.986,20,5,822.872,186.42,51.13,1.068,2.75,0.014,0.024,0,0,NORMAL,0
227.89,2.832,597.56,0.926,50.111,20,5,645.384,243.648,-152.44,0.797,2.11,0.111,0.024,0,0,NORMAL,0
228.97,2.395,532.03,0.97,49.998,21,5,548.383,133.315,-217.97,0.709,1.03,0.002,0.02,0,0,NORMAL,0
229.95,2.562,557.34,0.946,50.012,21,5,589.132,190.977,-192.66,0.743,0.05,0.012,0.004,0,0,NORMAL,0
227.99,4.401,989.12,0.986,49.941,21,5,1003.384,167.31,239.12,1.319,2.01,0.059,0.036,0,0,NORMAL,0
231.71,2.513,557.47,0.957,50.023,21,5,582.287,168.914,-192.53,0.743,1.71,0.023,0.007,0,0,NORMAL,0
228.44,1.842,392.06,0.932,50.085,22,5,420.786,152.518,42.06,1.12,1.56,0.085,0.018,0,0,NORMAL,0
230.47,1.136,238.57,0.911,50.002,22,5,261.814,107.974,-111.43,0.682,0.47,0.002,0.039,0,0,NORMAL,0
232.41,0.966,219.46,0.978,49.99,22,5,224.508,46.833,-130.54,0.627,2.41,0.01,0.028,0,0,NORMAL,0
229.98,1.258,278.94,0.964,49.99,22,5,289.315,76.929,-71.06,0.797,0.02,0.01,0.014,0,0,NORMAL,0
228.98,1.392,288.72,0.906,50.073,23,5,318.74,134.916,-61.28,0.825,1.02,0.073,0.044,0,0,NORMAL,0
228.84,2.183,463.19,0.927,50.028,23,5,499.558,187.365,113.19,1.323,1.16,0.028,0.023,0,0,NORMAL,0
229.09,1.277,275.46,0.942,49.977,23,5,292.548,98.183,-74.54,0.787,0.91,0.023,0.008,0,0,NORMAL,0
228.43,2.068,449.01,0.95,50.009,23,5,472.393,147.505,99.01,1.283,1.57,0.009,0.0,0,0,NORMAL,0
228.89,0.437,96.15,0.961,49.931,0,6,100.025,27.662,-33.85,0.74,1.11,0.069,0.011,1,0,NORMAL,0
228.52,0.818,174.03,0.931,50.016,0,6,186.929,68.233,44.03,1.339,1.48,0.016,0.019,1,0,NORMAL,0
233.55,0.465,102.86,0.947,49.906,0,6,108.601,34.886,-27.14,0.791,3.55,0.094,0.003,1,0,NORMAL,0
230.98,0.667,140.61,0.913,49.958,0,6,154.064,62.852,10.61,1.082,0.98,0.042,0.037,1,0,NORMAL,0
232.15,0.574,121.65,0.912,50.053,1,6,133.254,54.66,-8.35,0.936,2.15,0.053,0.038,1,0,NORMAL,0
228.31,0.565,125.95,0.976,49.996,1,6,128.995,28.091,-4.05,0.969,1.69,0.004,0.026,1,0,NORMAL,0
229.35,0.757,168.85,0.972,49.964,1,6,173.618,40.797,38.85,1.299,0.65,0.036,0.022,1,0,NORMAL,0
228.33,0.58,128.89,0.973,50.004,1,6,132.431,30.566,-1.11,0.991,1.67,0.004,0.023,1,0,NORMAL,0
227.18,0.612,132.06,0.95,49.991,2,6,139.034,43.413,2.06,1.016,2.82,0.009,0.0,1,0,NORMAL,0
231.15,0.667,147.42,0.956,50.026,2,6,154.177,45.23,17.42,1.134,1.15,0.026,0.006,1,0,NORMAL,0
230.58,0.802,173.83,0.941,50.022,2,6,184.925,62.58,43.83,1.337,0.58,0.022,0.009,1,0,NORMAL,0
233.14,0.792,167.57,0.907,50.094,2,6,184.647,77.76,37.57,1.289,3.14,0.094,0.043,1,0,NORMAL,0
227.99,0.667,146.27,0.962,50.029,3,6,152.069,41.522,16.27,1.125,2.01,0.029,0.012,1,0,NORMAL,0
226.33,0.611,136.74,0.99,49.899,3,6,138.288,19.508,6.74,1.052,3.67,0.101,0.04,1,0,NORMAL,0
233.33,0.743,167.5,0.966,50.02,3,6,173.364,44.822,37.5,1.288,3.33,0.02,0.016,1,0,NORMAL,0
225.46,0.445,95.72,0.954,49.97,3,6,100.33,30.08,-34.28,0.736,4.54,0.03,0.004,1,0,NORMAL,0
227.43,0.839,186.28,0.977,50.052,4,6,190.814,40.689,56.28,1.433,2.57,0.052,0.027,1,0,NORMAL,0
229.28,0.775,169.46,0.954,49.97,4,6,177.692,53.273,39.46,1.304,0.72,0.03,0.004,1,0,NORMAL,0
228.83,0.697,156.47,0.981,50.012,4,6,159.495,30.943,26.47,1.204,1.17,0.012,0.031,1,0,NORMAL,0
229.31,0.697,148.69,0.93,50.039,4,6,159.829,58.747,18.69,1.144,0.69,0.039,0.02,1,0,NORMAL,0
229.52,0.502,109.8,0.953,49.989,5,6,115.219,34.908,-20.2,0.845,0.48,0.011,0.003,1,0,NORMAL,0
229.81,0.817,179.22,0.954,50.042,5,6,187.755,56.29,49.22,1.379,0.19,0.042,0.004,1,0,NORMAL,0
227.43,0.377,78.56,0.916,49.991,5,6,85.741,34.397,-51.44,0.604,2.57,0.009,0.034,1,0,NORMAL,0
228.89,0.494,105.23,0.93,50.005,5,6,113.072,41.561,-24.77,0.809,1.11,0.005,0.02,1,0,NORMAL,0
229.95,3.156,674.04,0.929,50.001,6,6,725.722,268.575,174.04,1.348,0.05,0.001,0.021,0,0,NORMAL,0
232.12,2.254,488.65,0.934,49.961,6,6,523.198,186.925,-11.35,0.977,2.12,0.039,0.016,0,0,NORMAL,0
229.39,2.874,624.61,0.947,50.045,6,6,659.267,211.779,124.61,1.249,0.61,0.045,0.003,0,0,NORMAL,0
228.43,2.286,489.84,0.938,50.01,6,6,522.191,181.01,-10.16,0.98,1.57,0.01,0.012,0,0,NORMAL,0
228.96,1.547,330.78,0.934,49.967,7,6,354.201,126.546,-169.22,0.662,1.04,0.033,0.016,0,0,NORMAL,0
228.34,2.252,466.59,0.907,50.006,7,6,514.222,216.554,-33.41,0.933,1.66,0.006,0.043,0,0,NORMAL,0
231.45,2.057,429.63,0.902,50.005,7,6,476.093,205.546,-70.37,0.859,1.45,0.005,0.048,0,0,NORMAL,0
230.09,2.752,592.35,0.936,49.976,7,6,633.208,222.889,92.35,1.185,0.09,0.024,0.014,0,0,NORMAL,0
227.88,2.098,451.52,0.945,50.075,8,6,478.092,156.37,-48.48,0.903,2.12,0.075,0.005,0,0,NORMAL,0
231.61,1.927,403.58,0.904,50.015,8,6,446.312,190.813,-96.42,0.807,1.61,0.015,0.046,0,0,NORMAL,0
229.79,2.763,598.71,0.943,49.961,8,6,634.91,211.293,98.71,1.197,0.21,0.039,0.007,0,0,NORMAL,0
228.81,2.863,603.03,0.921,49.954,8,6,655.083,255.196,103.03,1.206,1.19,0.046,0.029,0,0,NORMAL,0
231.37,1.389,293.41,0.913,49.964,9,6,321.373,131.107,-131.59,0.69,1.37,0.036,0.037,0,0,NORMAL,0
230.82,2.472,520.31,0.912,49.924,9,6,570.587,234.049,95.31,1.224,0.82,0.076,0.038,0,0,NORMAL,0
231.3,2.595,574.54,0.957,49.975,9,6,600.224,174.118,149.54,1.352,1.3,0.025,0.007,0,0,NORMAL,0
227.26,1.343,287.22,0.941,49.958,9,6,305.21,103.285,-137.78,0.676,2.74,0.042,0.009,0,0,NORMAL,0
229.78,2.583,539.76,0.91,49.965,10,6,593.522,246.079,114.76,1.27,0.22,0.035,0.04,0,0,NORMAL,0
233.91,1.585,364.42,0.983,49.97,10,6,370.747,68.071,-60.58,0.857,3.91,0.03,0.033,0,0,NORMAL,0
230.58,2.452,555.63,0.983,49.889,10,6,565.382,103.807,130.63,1.307,0.58,0.111,0.033,0,0,NORMAL,0
228.44,2.041,453.39,0.972,50.06,10,6,466.246,109.559,28.39,1.067,1.56,0.06,0.022,0,0,NORMAL,0
230.11,2.283,500.15,0.952,49.957,11,6,525.341,160.806,75.15,1.177,0.11,0.043,0.002,0,0,NORMAL,0
230.76,2.359,507.1,0.931,49.986,11,6,544.363,198.703,82.1,1.193,0.76,0.014,0.019,0,0,NORMAL,0
234.14,1.615,358.3,0.947,49.962,11,6,378.136,121.47,-66.7,0.843,4.14,0.038,0.003,0,0,NORMAL,0
233.51,1.633,346.78,0.909,50.028,11,6,381.322,158.933,-78.22,0.816,3.51,0.028,0.041,0,0,NORMAL,0
230.32,2.594,574.87,0.962,49.994,12,6,597.45,163.133,149.87,1.353,0.32,0.006,0.012,0,0,NORMAL,0
230.11,1.553,340.06,0.952,49.972,12,6,357.361,109.387,-84.94,0.8,0.11,0.028,0.002,0,0,NORMAL,0
229.7,1.432,302.67,0.92,50.027,12,6,328.93,128.914,-122.33,0.712,0.3,0.027,0.03,0,0,NORMAL,0
229.9,1.912,405.08,0.922,49.979,12,6,439.569,170.197,-19.92,0.953,0.1,0.021,0.028,0,0,NORMAL,0
230.74,1.556,324.12,0.903,49.976,13,6,359.031,154.254,-100.88,0.763,0.74,0.024,0.047,0,0,NORMAL,0
230.11,1.915,400.65,0.909,49.952,13,6,440.661,183.666,-24.35,0.943,0.11,0.048,0.041,0,0,NORMAL,0
228.4,1.444,322.99,0.979,50.032,13,6,329.81,67.235,-102.01,0.76,1.6,0.032,0.029,0,0,NORMAL,0
226.48,1.269,266.43,0.927,49.986,13,6,287.403,107.794,-158.57,0.627,3.52,0.014,0.023,0,0,NORMAL,0
232.25,2.638,570.25,0.931,50.002,14,6,612.675,223.638,145.25,1.342,2.25,0.002,0.019,0,0,NORMAL,0
232.05,1.292,288.21,0.961,49.927,14,6,299.809,82.912,-136.79,0.678,2.05,0.073,0.011,0,0,NORMAL,0
230.2,1.509,337.04,0.97,49.954,14,6,347.372,84.448,-87.96,0.793,0.2,0.046,0.02,0,0,NORMAL,0
232.0,1.843,388.22,0.908,49.969,14,6,427.576,179.142,-36.78,0.913,2.0,0.031,0.042,0,0,NORMAL,0
228.84,2.334,488.42,0.914,50.069,15,6,534.113,216.697,63.42,1.149,1.16,0.069,0.036,0,0,NORMAL,0
228.76,1.254,264.59,0.922,50.053,15,6,286.865,111.071,-160.41,0.623,1.24,0.053,0.028,0,0,NORMAL,0
231.9,2.316,515.07,0.959,50.024,15,6,537.08,152.212,90.07,1.212,1.9,0.024,0.009,0,0,NORMAL,0
233.78,1.42,306.92,0.925,50.058,15,6,331.968,126.137,-118.08,0.722,3.78,0.058,0.025,0,0,NORMAL,0
227.97,1.394,295.53,0.93,50.013,16,6,317.79,116.807,-129.47,0.695,2.03,0.013,0.02,0,0,NORMAL,0
232.48,1.925,417.66,0.933,50.019,16,6,447.524,161.053,-7.34,0.983,2.48,0.019,0.017,0,0,NORMAL,0
230.44,2.219,474.26,0.927,49.963,16,6,511.346,191.786,49.26,1.116,0.44,0.037,0.023,0,0,NORMAL,0
230.83,1.424,297.77,0.906,49.988,16,6,328.702,139.132,-127.23,0.701,0.83,0.012,0.044,0,0,NORMAL,0
231.41,3.507,784.06,0.966,50.034,17,6,811.555,209.821,34.06,1.045,1.41,0.034,0.016,0,0,NORMAL,0
227.84,2.553,525.3,0.903,50.033,17,6,581.676,249.911,-224.7,0.7,2.16,0.033,0.047,0,0,NORMAL,0
229.35,3.229,688.04,0.929,50.045,17,6,740.571,274.07,-61.96,0.917,0.65,0.045,0.021,0,0,NORMAL,0
232.64,4.412,987.65,0.962,49.919,17,6,1026.408,280.26,237.65,1.317,2.64,0.081,0.012,0,0,NORMAL,0
228.64,3.116,695.1,0.976,50.044,18,6,712.442,155.149,-54.9,0.927,1.36,0.044,0.026,0,0,NORMAL,0
228.91,3.299,734.18,0.972,50.0,18,6,755.174,177.451,-15.82,0.979,1.09,0.0,0.022,0,0,NORMAL,0
231.34,3.584,793.02,0.957,50.06,18,6,829.123,240.518,43.02,1.057,1.34,0.06,0.007,0,0,NORMAL,0
229.95,2.833,632.04,0.97,49.949,18,6,651.448,158.37,-117.96,0.843,0.05,0.051,0.02,0,0,NORMAL,0
229.44,3.694,819.03,0.966,49.98,19,6,847.551,219.128,69.03,1.092,0.56,0.02,0.016,0,0,NORMAL,0
231.13,4.311,904.55,0.908,50.087,19,6,996.401,417.462,154.55,1.206,1.13,0.087,0.042,0,0,NORMAL,0
229.03,2.305,520.3,0.986,50.083,19,6,527.914,88.027,-229.7,0.694,0.97,0.083,0.036,0,0,NORMAL,0
230.38,4.05,893.51,0.958,49.964,19,6,933.039,267.566,143.51,1.191,0.38,0.036,0.008,0,0,NORMAL,0
232.7,3.806,862.79,0.974,49.878,20,6,885.656,200.644,112.79,1.15,2.7,0.122,0.024,0,0,NORMAL,0
229.88,2.61,566.54,0.944,50.09,20,6,599.987,197.963,-183.46,0.755,0.12,0.09,0.006,0,0,NORMAL,0
232.67,2.413,516.8,0.92,49.971,20,6,561.433,220.036,-233.2,0.689,2.67,0.029,0.03,0,0,NORMAL,0
224.36,3.721,825.37,0.989,50.027,20,6,834.844,123.486,75.37,1.1,5.64,0.027,0.039,0,0,NORMAL,0
229.57,2.624,563.78,0.936,50.068,21,6,602.392,212.042,-186.22,0.752,0.43,0.068,0.014,0,0,NORMAL,0
228.36,3.837,810.16,0.925,49.986,21,6,876.217,332.934,60.16,1.08,1.64,0.014,0.025,0,0,NORMAL,0
229.09,2.664,576.71,0.945,50.048,21,6,610.296,199.61,-173.29,0.769,0.91,0.048,0.005,0,0,NORMAL,0
232.09,2.985,663.99,0.958,50.023,21,6,692.789,198.67,-86.01,0.885,2.09,0.023,0.008,0,0,NORMAL,0
229.15,1.935,407.61,0.919,50.051,22,6,443.405,174.816,57.61,1.165,0.85,0.051,0.031,0,0,NORMAL,0
231.1,2.321,501.67,0.935,50.106,22,6,536.383,190.227,151.67,1.433,1.1,0.106,0.015,0,0,NORMAL,0
230.75,1.858,421.54,0.983,49.974,22,6,428.734,78.718,71.54,1.204,0.75,0.026,0.033,0,0,NORMAL,0
228.79,2.127,477.22,0.981,49.972,22,6,486.636,94.411,127.22,1.363,1.21,0.028,0.031,0,0,NORMAL,0
230.82,2.186,469.03,0.93,50.073,23,6,504.573,185.46,119.03,1.34,0.82,0.073,0.02,0,0,NORMAL,0
231.21,1.944,407.26,0.906,49.842,23,6,449.472,190.252,57.26,1.164,1.21,0.158,0.044,0,0,NORMAL,0
227.79,1.1,231.35,0.923,49.965,23,6,250.569,96.419,-118.65,0.661,2.21,0.035,0.027,0,0,NORMAL,0
231.48,1.112,250.76,0.974,50.045,23,6,257.406,58.315,-99.24,0.716,1.48,0.045,0.024,0,0,NORMAL,0
228.12,0.62,132.77,0.939,50.019,0,0,141.434,48.642,2.77,1.021,1.88,0.019,0.011,1,0,NORMAL,0
229.16,0.857,184.53,0.94,50.06,0,0,196.39,67.003,54.53,1.419,0.84,0.06,0.01,1,0,NORMAL,0
232.41,0.385,85.92,0.96,50.017,0,0,89.478,25.054,-44.08,0.661,2.41,0.017,0.01,1,0,NORMAL,0
231.03,0.438,93.09,0.92,50.059,0,0,101.191,39.659,-36.91,0.716,1.03,0.059,0.03,1,0,NORMAL,0
227.15,0.583,130.92,0.988,49.889,1,0,132.428,20.454,0.92,1.007,2.85,0.111,0.038,1,0,NORMAL,0
229.22,0.547,123.59,0.985,49.921,1,0,125.383,21.635,-6.41,0.951,0.78,0.079,0.035,1,0,NORMAL,0
229.04,0.473,101.23,0.934,49.995,1,0,108.336,38.705,-28.77,0.779,0.96,0.005,0.016,1,0,NORMAL,0
227.06,0.655,145.61,0.979,49.981,1,0,148.724,30.319,15.61,1.12,2.94,0.019,0.029,1,0,NORMAL,0
231.12,0.743,156.92,0.914,50.054,2,0,171.722,69.67,26.92,1.207,1.12,0.054,0.036,1,0,NORMAL,0
228.97,0.555,121.36,0.955,49.968,2,0,127.078,37.692,-8.64,0.934,1.03,0.032,0.005,1,0,NORMAL,0
226.91,0.507,111.97,0.973,50.07,2,0,115.043,26.553,-18.03,0.861,3.09,0.07,0.023,1,0,NORMAL,0
230.21,0.476,103.3,0.943,49.942,2,0,109.58,36.467,-26.7,0.795,0.21,0.058,0.007,1,0,NORMAL,0
229.52,0.651,141.34,0.945,50.078,3,0,149.418,48.87,11.34,1.087,0.48,0.078,0.005,1,0,NORMAL,0
229.55,0.573,124.33,0.946,49.933,3,0,131.532,42.638,-5.67,0.956,0.45,0.067,0.004,1,0,NORMAL,0
232.59,0.409,92.01,0.968,50.033,3,0,95.129,23.873,-37.99,0.708,2.59,0.033,0.018,1,0,NORMAL,0
228.88,0.484,106.14,0.959,50.061,3,0,110.778,31.395,-23.86,0.816,1.12,0.061,0.009,1,0,NORMAL,0
226.74,0.692,150.99,0.962,50.019,4,0,156.904,42.843,20.99,1.161,3.26,0.019,0.012,1,0,NORMAL,0
229.84,0.472,100.92,0.931,50.049,4,0,108.484,39.599,-29.08,0.776,0.16,0.049,0.019,1,0,NORMAL,0
229.99,0.789,164.14,0.904,49.937,4,0,181.462,77.581,34.14,1.263,0.01,0.063,0.046,1,0,NORMAL,0
231.32,0.607,131.0,0.934,49.952,4,0,140.411,50.165,1.0,1.008,1.32,0.048,0.016,1,0,NORMAL,0
225.28,0.809,168.04,0.922,50.001,5,0,182.252,70.566,38.04,1.293,4.72,0.001,0.028,1,0,NORMAL,0
229.89,0.309,70.16,0.989,49.964,5,0,71.036,10.507,-59.84,0.54,0.11,0.036,0.039,1,0,NORMAL,0
227.8,0.69,151.78,0.965,50.111,5,0,157.182,41.221,21.78,1.168,2.2,0.111,0.015,1,0,NORMAL,0
229.73,0.357,78.85,0.961,50.06,5,0,82.014,22.681,-51.15,0.607,0.27,0.06,0.011,1,0,NORMAL,0
229.62,2.047,439.13,0.934,49.944,6,0,470.032,167.93,-60.87,0.878,0.38,0.056,0.016,0,0,NORMAL,0
233.24,2.836,634.74,0.96,50.023,6,0,661.469,185.211,134.74,1.269,3.24,0.023,0.01,0,0,NORMAL,0
231.81,3.056,667.19,0.942,50.08,6,0,708.411,237.752,167.19,1.334,1.81,0.08,0.008,0,0,NORMAL,0
228.74,1.911,420.31,0.962,50.01,6,0,437.122,119.356,-79.69,0.841,1.26,0.01,0.012,0,0,NORMAL,0
231.06,1.607,354.62,0.955,49.99,7,0,371.313,110.134,-145.38,0.709,1.06,0.01,0.005,0,0,NORMAL,0
229.28,2.912,629.7,0.943,49.969,7,0,667.663,222.194,129.7,1.259,0.72,0.031,0.007,0,0,NORMAL,0
228.69,1.965,410.66,0.914,50.009,7,0,449.376,182.318,-89.34,0.821,1.31,0.009,0.036,0,0,NORMAL,0
229.25,2.74,571.6,0.91,50.008,7,0,628.145,260.434,71.6,1.143,0.75,0.008,0.04,0,0,NORMAL,0
230.18,1.506,328.18,0.947,50.026,8,0,346.651,111.356,-171.82,0.656,0.18,0.026,0.003,0,0,NORMAL,0
231.28,1.842,389.07,0.913,49.983,8,0,426.018,173.798,-110.93,0.778,1.28,0.017,0.037,0,0,NORMAL,0
228.51,3.327,696.59,0.916,50.107,8,0,760.253,304.997,196.59,1.393,1.49,0.107,0.034,0,0,NORMAL,0
230.11,1.533,328.86,0.932,50.093,8,0,352.759,127.86,-171.14,0.658,0.11,0.093,0.018,0,0,NORMAL,0
230.85,1.53,323.64,0.917,49.961,9,0,353.2,140.887,-101.36,0.762,0.85,0.039,0.033,0,0,NORMAL,0
228.55,2.736,584.78,0.935,50.051,9,0,625.313,221.766,159.78,1.376,1.45,0.051,0.015,0,0,NORMAL,0
229.93,1.716,362.73,0.92,49.993,9,0,394.56,154.635,-62.27,0.853,0.07,0.007,0.03,0,0,NORMAL,0
229.64,2.723,577.73,0.924,49.932,9,0,625.31,239.114,152.73,1.359,0.36,0.068,0.026,0,0,NORMAL,0
232.39,1.971,427.26,0.933,50.009,10,0,458.041,164.838,2.26,1.005,2.39,0.009,0.017,0,0,NORMAL,0
229.05,1.642,359.01,0.955,49.992,10,0,376.1,111.553,-65.99,0.845,0.95,0.008,0.005,0,0,NORMAL,0
231.43,2.678,594.68,0.96,49.906,10,0,619.77,173.535,169.68,1.399,1.43,0.094,0.01,0,0,NORMAL,0
228.86,1.279,279.19,0.954,49.947,10,0,292.712,87.757,-145.81,0.657,1.14,0.053,0.004,0,0,NORMAL,0
232.3,2.264,501.29,0.953,49.924,11,0,525.927,159.34,76.29,1.18,2.3,0.076,0.003,0,0,NORMAL,0
231.51,1.22,274.78,0.973,50.042,11,0,282.442,65.189,-150.22,0.647,1.51,0.042,0.023,0,0,NORMAL,0
231.74,1.305,282.23,0.933,49.984,11,0,302.421,108.834,-142.77,0.664,1.74,0.016,0.017,0,0,NORMAL,0
233.13,2.116,473.01,0.959,49.973,11,0,493.303,139.805,48.01,1.113,3.13,0.027,0.009,0,0,NORMAL,0
228.99,1.541,339.13,0.961,49.974,12,0,352.874,97.587,-85.87,0.798,1.01,0.026,0.011,0,0,NORMAL,0
231.75,2.246,502.98,0.966,49.885,12,0,520.51,134.574,77.98,1.183,1.75,0.115,0.016,0,0,NORMAL,0
229.99,2.099,441.85,0.915,49.993,12,0,482.749,194.767,16.85,1.04,0.01,0.007,0.035,0,0,NORMAL,0
230.45,1.775,396.96,0.971,50.026,12,0,409.049,97.795,-28.04,0.934,0.45,0.026,0.021,0,0,NORMAL,0
229.58,1.364,282.53,0.902,50.012,13,0,313.147,135.197,-142.47,0.665,0.42,0.012,0.048,0,0,NORMAL,0
231.65,2.739,593.34,0.935,49.971,13,0,634.489,225.02,168.34,1.396,1.65,0.029,0.015,0,0,NORMAL,0
228.88,2.331,481.81,0.903,49.946,13,0,533.519,229.222,56.81,1.134,1.12,0.054,0.047,0,0,NORMAL,0
229.79,1.513,321.24,0.924,50.051,13,0,347.672,132.947,-103.76,0.756,0.21,0.051,0.026,0,0,NORMAL,0
226.13,1.561,325.1,0.921,49.955,14,0,352.989,137.511,-99.9,0.765,3.87,0.045,0.029,0,0,NORMAL,0
228.04,2.475,530.66,0.94,49.938,14,0,564.399,192.559,105.66,1.249,1.96,0.062,0.01,0,0,NORMAL,0
230.93,2.164,460.29,0.921,49.999,14,0,499.733,194.677,35.29,1.083,0.93,0.001,0.029,0,0,NORMAL,0
230.76,1.412,314.9,0.966,49.998,14,0,325.833,84.242,-110.1,0.741,0.76,0.002,0.016,0,0,NORMAL,0
226.16,1.528,311.31,0.901,50.046,15,0,345.572,149.916,-113.69,0.732,3.84,0.046,0.049,0,0,NORMAL,0
232.06,1.376,300.26,0.941,50.0,15,0,319.315,108.058,-124.74,0.706,2.06,0.0,0.009,0,0,NORMAL,0
229.91,2.225,486.61,0.951,49.983,15,0,511.55,158.167,61.61,1.145,0.09,0.017,0.001,0,0,NORMAL,0
227.02,1.842,408.7,0.977,50.035,15,0,418.171,89.17,-16.3,0.962,2.98,0.035,0.027,0,0,NORMAL,0
230.79,2.094,471.15,0.975,49.934,16,0,483.274,107.386,46.15,1.109,0.79,0.066,0.025,0,0,NORMAL,0
234.36,2.59,584.07,0.962,49.971,16,0,606.992,165.739,159.07,1.374,4.36,0.029,0.012,0,0,NORMAL,0
228.76,1.982,437.34,0.964,50.037,16,0,453.402,120.561,12.34,1.029,1.24,0.037,0.014,0,0,NORMAL,0
228.58,1.688,368.54,0.955,50.006,16,0,385.843,114.443,-56.46,0.867,1.42,0.006,0.005,0,0,NORMAL,0
232.22,4.201,939.99,0.964,49.98,17,0,975.556,259.403,189.99,1.253,2.22,0.02,0.014,0,0,NORMAL,0
226.41,4.129,873.85,0.935,50.004,17,0,934.847,331.541,123.85,1.165,3.59,0.004,0.015,0,0,NORMAL,0
229.92,2.777,602.82,0.944,49.946,17,0,638.488,210.666,-147.18,0.804,0.08,0.054,0.006,0,0,NORMAL,0
228.9,2.556,555.46,0.949,50.037,17,0,585.068,184.458,-194.54,0.741,1.1,0.037,0.001,0,0,NORMAL,0
229.92,3.383,733.9,0.944,50.007,18,0,777.819,256.638,-16.1,0.979,0.08,0.007,0.006,0,0,NORMAL,0
230.28,3.107,659.14,0.921,50.09,18,0,715.48,278.724,-90.86,0.879,0.28,0.09,0.029,0,0,NORMAL,0
232.99,2.754,623.62,0.972,50.006,18,0,641.654,150.777,-126.38,0.831,2.99,0.006,0.022,0,0,NORMAL,0
232.15,3.482,793.85,0.982,49.917,18,0,808.346,152.681,43.85,1.058,2.15,0.083,0.032,0,0,NORMAL,0
232.46,2.631,556.04,0.909,49.949,19,0,611.602,254.913,-193.96,0.741,2.46,0.051,0.041,0,0,NORMAL,0
228.83,3.578,758.9,0.927,50.041,19,0,818.754,307.083,8.9,1.012,1.17,0.041,0.023,0,0,NORMAL,0
230.95,3.149,692.54,0.952,49.965,19,0,727.262,222.613,-57.46,0.923,0.95,0.035,0.002,0,0,NORMAL,0
228.68,3.161,709.6,0.982,50.064,19,0,722.857,136.534,-40.4,0.946,1.32,0.064,0.032,0,0,NORMAL,0
231.22,4.627,971.87,0.908,50.014,20,0,1069.855,448.237,221.87,1.296,1.22,0.014,0.042,0,0,NORMAL,0
230.28,4.043,891.21,0.957,49.96,20,0,931.022,270.078,141.21,1.188,0.28,0.04,0.007,0,0,NORMAL,0
231.35,3.348,726.94,0.938,50.024,20,0,774.56,268.49,-23.06,0.969,1.35,0.024,0.012,0,0,NORMAL,0
228.32,2.484,520.97,0.919,49.886,20,0,567.147,223.602,-229.03,0.695,1.68,0.114,0.031,0,0,NORMAL,0
228.9,3.181,703.59,0.966,50.077,21,0,728.131,188.252,-46.41,0.938,1.1,0.077,0.016,0,0,NORMAL,0
230.05,3.494,777.69,0.967,50.022,21,0,803.795,204.788,27.69,1.037,0.05,0.022,0.017,0,0,NORMAL,0
228.78,2.503,521.86,0.911,49.917,21,0,572.636,236.159,-228.14,0.696,1.22,0.083,0.039,0,0,NORMAL,0
230.23,2.858,650.29,0.988,49.926,21,0,657.997,101.63,-99.71,0.867,0.23,0.074,0.038,0,0,NORMAL,0
227.18,1.621,342.67,0.93,49.98,22,0,368.259,135.357,-7.33,0.979,2.82,0.02,0.02,0,0,NORMAL,0
227.5,1.429,315.02,0.969,50.071,22,0,325.098,80.319,-34.98,0.9,2.5,0.071,0.019,0,0,NORMAL,0
227.81,1.271,283.78,0.98,49.967,22,0,289.547,57.619,-66.22,0.811,2.19,0.033,0.03,0,0,NORMAL,0
230.42,1.082,225.19,0.903,49.979,22,0,249.314,107.116,-124.81,0.643,0.42,0.021,0.047,0,0,NORMAL,0
231.75,1.602,343.92,0.926,49.994,23,0,371.264,140.161,-6.08,0.983,1.75,0.006,0.024,0,0,NORMAL,0
228.57,0.934,202.49,0.949,50.002,23,0,213.484,67.307,-147.51,0.579,1.43,0.002,0.001,0,0,NORMAL,0
229.44,1.693,379.32,0.977,50.099,23,0,388.442,82.831,29.32,1.084,0.56,0.099,0.027,0,0,NORMAL,0
226.4,2.297,475.55,0.915,49.963,23,0,520.041,209.812,125.55,1.359,3.6,0.037,0.035,0,0,NORMAL,0
227.84,0.593,130.84,0.968,49.954,0,1,135.109,33.906,0.84,1.006,2.16,0.046,0.018,1,0,NORMAL,0
228.95,0.623,138.47,0.971,50.006,0,1,142.636,34.101,8.47,1.065,1.05,0.006,0.021,1,0,NORMAL,0
229.92,0.804,169.33,0.917,50.044,0,1,184.856,73.737,39.33,1.303,0.08,0.044,0.033,1,0,NORMAL,0
228.6,0.674,140.42,0.911,50.018,0,1,154.076,63.542,10.42,1.08,1.4,0.018,0.039,1,0,NORMAL,0
229.99,0.761,169.19,0.967,49.998,1,1,175.022,44.592,39.19,1.301,0.01,0.002,0.017,1,0,NORMAL,0
228.37,0.432,93.63,0.95,50.014,1,1,98.656,30.805,-36.37,0.72,1.63,0.014,0.0,1,0,NORMAL,0
228.24,0.344,74.65,0.951,49.999,1,1,78.515,24.276,-55.35,0.574,1.76,0.001,0.001,1,0,NORMAL,0
227.22,0.714,150.93,0.931,50.045,1,1,162.235,59.219,20.93,1.161,2.78,0.045,0.019,1,0,NORMAL,0
231.13,0.689,153.27,0.963,49.986,2,1,159.249,42.918,23.27,1.179,1.13,0.014,0.013,1,0,NORMAL,0
226.86,0.485,107.44,0.977,49.914,2,1,110.027,23.462,-22.56,0.826,3.14,0.086,0.027,1,0,NORMAL,0
232.84,0.734,157.74,0.922,50.0,2,1,170.905,66.173,27.74,1.213,2.84,0.0,0.028,1,0,NORMAL,0
229.88,0.824,182.56,0.964,50.01,2,1,189.421,50.367,52.56,1.404,0.12,0.01,0.014,1,0,NORMAL,0
225.48,0.626,135.66,0.962,50.027,3,1,141.15,38.541,5.66,1.044,4.52,0.027,0.012,1,0,NORMAL,0
228.44,0.846,180.17,0.933,49.962,3,1,193.26,69.55,50.17,1.386,1.56,0.038,0.017,1,0,NORMAL,0
228.71,0.856,183.53,0.937,50.023,3,1,195.776,68.39,53.53,1.412,1.29,0.023,0.013,1,0,NORMAL,0
229.66,0.674,143.14,0.925,49.982,3,1,154.791,58.815,13.14,1.101,0.34,0.018,0.025,1,0,NORMAL,0
229.67,0.707,151.4,0.932,49.935,4,1,162.377,58.855,21.4,1.165,0.33,0.065,0.018,1,0,NORMAL,0
228.32,0.676,141.11,0.914,49.969,4,1,154.344,62.62,11.11,1.085,1.68,0.031,0.036,1,0,NORMAL,0
228.5,0.697,155.48,0.976,49.973,4,1,159.264,34.683,25.48,1.196,1.5,0.027,0.026,1,0,NORMAL,0
233.21,0.474,105.75,0.956,50.042,4,1,110.542,32.429,-24.25,0.813,3.21,0.042,0.006,1,0,NORMAL,0
228.13,0.526,116.71,0.973,49.917,5,1,119.996,27.696,-13.29,0.898,1.87,0.083,0.023,1,0,NORMAL,0
230.83,0.552,125.17,0.983,50.007,5,1,127.418,23.395,-4.83,0.963,0.83,0.007,0.033,1,0,NORMAL,0
233.09,0.519,114.99,0.951,49.967,5,1,120.974,37.404,-15.01,0.885,3.09,0.033,0.001,1,0,NORMAL,0
231.24,0.64,138.23,0.934,50.032,5,1,147.994,52.874,8.23,1.063,1.24,0.032,0.016,1,0,NORMAL,0
231.91,2.638,588.53,0.962,49.933,6,1,611.779,167.046,88.53,1.177,1.91,0.067,0.012,0,0,NORMAL,0
230.68,3.074,658.92,0.929,49.989,6,1,709.11,262.427,158.92,1.318,0.68,0.011,0.021,0,0,NORMAL,0
232.31,1.609,369.44,0.988,50.087,6,1,373.787,57.733,-130.56,0.739,2.31,0.087,0.038,0,0,NORMAL,0
229.25,1.669,376.34,0.984,49.994,6,1,382.618,68.171,-123.66,0.753,0.75,0.006,0.034,0,0,NORMAL,0
230.28,1.788,379.16,0.921,50.055,7,1,411.741,160.399,-120.84,0.758,0.28,0.055,0.029,0,0,NORMAL,0
232.12,1.567,335.56,0.923,49.957,7,1,363.732,139.964,-164.44,0.671,2.12,0.043,0.027,0,0,NORMAL,0
229.78,1.571,351.35,0.973,50.036,7,1,360.984,83.317,-148.65,0.703,0.22,0.036,0.023,0,0,NORMAL,0
229.66,1.655,354.11,0.932,50.026,7,1,380.087,137.766,-145.89,0.708,0.34,0.026,0.018,0,0,NORMAL,0
231.36,1.593,362.91,0.985,50.058,8,1,368.556,63.596,-137.09,0.726,1.36,0.058,0.035,0,0,NORMAL,0
229.98,2.613,566.92,0.943,49.979,8,1,600.938,199.988,66.92,1.134,0.02,0.021,0.007,0,0,NORMAL,0
229.96,1.789,398.85,0.969,50.101,8,1,411.398,101.64,-101.15,0.798,0.04,0.101,0.019,0,0,NORMAL,0
229.23,1.822,396.79,0.95,50.098,8,1,417.657,130.413,-103.21,0.794,0.77,0.098,0.0,0,0,NORMAL,0
229.86,2.531,542.93,0.933,49.983,9,1,581.776,209.367,117.93,1.277,0.14,0.017,0.017,0,0,NORMAL,0
229.37,2.688,572.36,0.928,50.042,9,1,616.547,229.713,147.36,1.347,0.63,0.042,0.022,0,0,NORMAL,0
231.14,2.82,588.91,0.904,49.958,9,1,651.815,278.672,163.91,1.386,1.14,0.042,0.046,0,0,NORMAL,0
229.9,2.333,507.09,0.945,50.019,9,1,536.357,175.426,82.09,1.193,0.1,0.019,0.005,0,0,NORMAL,0
229.64,1.634,355.29,0.947,49.99,10,1,375.232,120.537,-69.71,0.836,0.36,0.01,0.003,0,0,NORMAL,0
225.91,1.467,316.73,0.956,50.015,10,1,331.41,97.225,-108.27,0.745,4.09,0.015,0.006,0,0,NORMAL,0
229.49,1.492,314.61,0.919,50.008,10,1,342.399,134.993,-110.39,0.74,0.51,0.008,0.031,0,0,NORMAL,0
227.44,2.402,507.0,0.928,49.978,10,1,546.311,203.545,82.0,1.193,2.56,0.022,0.022,0,0,NORMAL,0
230.45,1.142,257.58,0.979,50.039,11,1,263.174,53.651,-167.42,0.606,0.45,0.039,0.029,0,0,NORMAL,0
230.56,2.144,451.98,0.914,49.974,11,1,494.321,200.553,26.98,1.063,0.56,0.026,0.036,0,0,NORMAL,0
226.64,1.538,314.06,0.901,49.943,11,1,348.572,151.217,-110.94,0.739,3.36,0.057,0.049,0,0,NORMAL,0
229.72,2.16,469.83,0.947,49.93,11,1,496.195,159.395,44.83,1.105,0.28,0.07,0.003,0,0,NORMAL,0
231.57,1.638,362.76,0.956,50.086,12,1,379.312,111.277,-62.24,0.854,1.57,0.086,0.006,0,0,NORMAL,0
230.59,1.95,441.44,0.982,50.039,12,1,449.651,84.93,16.44,1.039,0.59,0.039,0.032,0,0,NORMAL,0
229.14,2.561,558.46,0.952,50.071,12,1,586.828,179.627,133.46,1.314,0.86,0.071,0.002,0,0,NORMAL,0
228.55,2.403,510.66,0.93,49.937,12,1,549.206,201.866,85.66,1.202,1.45,0.063,0.02,0,0,NORMAL,0
231.91,2.597,563.79,0.936,49.963,13,1,602.27,211.999,138.79,1.327,1.91,0.037,0.014,0,0,NORMAL,0
226.18,1.577,330.77,0.927,49.967,13,1,356.686,133.779,-94.23,0.778,3.82,0.033,0.023,0,0,NORMAL,0
228.78,2.017,417.28,0.904,50.062,13,1,461.449,197.285,-7.72,0.982,1.22,0.062,0.046,0,0,NORMAL,0
232.36,2.549,574.43,0.97,49.996,13,1,592.286,143.988,149.43,1.352,2.36,0.004,0.02,0,0,NORMAL,0
228.24,1.735,372.51,0.941,50.068,14,1,395.996,134.008,-52.49,0.876,1.76,0.068,0.009,0,0,NORMAL,0
231.52,2.562,560.4,0.945,50.037,14,1,593.154,194.003,135.4,1.319,1.52,0.037,0.005,0,0,NORMAL,0
229.73,2.586,560.63,0.944,50.008,14,1,594.082,196.015,135.63,1.319,0.27,0.008,0.006,0,0,NORMAL,0
229.73,2.436,517.89,0.926,49.999,14,1,559.622,211.271,92.89,1.219,0.27,0.001,0.024,0,0,NORMAL,0
228.73,2.127,481.44,0.989,49.96,15,1,486.509,71.962,56.44,1.133,1.27,0.04,0.039,0,0,NORMAL,0
232.58,2.216,481.64,0.935,49.931,15,1,515.397,182.784,56.64,1.133,2.58,0.069,0.015,0,0,NORMAL,0
229.0,2.052,429.86,0.915,49.928,15,1,469.908,189.586,4.86,1.011,1.0,0.072,0.035,0,0,NORMAL,0
223.92,1.742,356.97,0.915,50.038,15,1,390.069,157.375,-68.03,0.84,6.08,0.038,0.035,0,0,NORMAL,0
231.41,2.545,582.64,0.989,49.971,16,1,588.938,87.113,157.64,1.371,1.41,0.029,0.039,0,0,NORMAL,0
230.14,1.373,287.06,0.909,49.979,16,1,315.982,131.7,-137.94,0.675,0.14,0.021,0.041,0,0,NORMAL,0
230.53,1.772,377.89,0.925,49.881,16,1,408.499,155.216,-47.11,0.889,0.53,0.119,0.025,0,0,NORMAL,0
234.44,1.738,389.94,0.957,49.933,16,1,407.457,118.198,-35.06,0.918,4.44,0.067,0.007,0,0,NORMAL,0
231.1,2.341,516.94,0.955,50.057,17,1,541.005,160.465,-233.06,0.689,1.1,0.057,0.005,0,0,NORMAL,0
232.92,4.117,869.48,0.907,49.944,17,1,958.932,403.835,119.48,1.159,2.92,0.056,0.043,0,0,NORMAL,0
229.98,4.204,871.34,0.901,49.977,17,1,966.836,419.432,121.34,1.162,0.02,0.023,0.049,0,0,NORMAL,0
230.42,3.244,701.21,0.938,50.041,17,1,747.482,259.104,-48.79,0.935,0.42,0.041,0.012,0,0,NORMAL,0
227.02,3.051,636.08,0.918,50.011,18,1,692.638,274.687,-113.92,0.848,2.98,0.011,0.032,0,0,NORMAL,0
229.89,4.482,956.09,0.928,49.947,18,1,1030.367,383.894,206.09,1.275,0.11,0.053,0.022,0,0,NORMAL,0
230.31,4.213,900.52,0.928,50.033,18,1,970.296,361.513,150.52,1.201,0.31,0.033,0.022,0,0,NORMAL,0
231.15,4.3,911.0,0.917,50.0,18,1,993.945,396.472,161.0,1.215,1.15,0.0,0.033,0,0,NORMAL,0
229.53,3.39,746.27,0.959,50.026,19,1,778.107,220.52,-3.73,0.995,0.47,0.026,0.009,0,0,NORMAL,0
229.66,3.527,747.5,0.923,50.014,19,1,810.011,311.692,-2.5,0.997,0.34,0.014,0.027,0,0,NORMAL,0
228.98,4.557,975.85,0.935,49.989,19,1,1043.462,370.061,225.85,1.301,1.02,0.011,0.015,0,0,NORMAL,0
233.87,3.178,710.9,0.957,49.922,19,1,743.239,215.605,-39.1,0.948,3.87,0.078,0.007,0,0,NORMAL,0
229.88,3.925,819.16,0.908,49.962,20,1,902.279,378.028,69.16,1.092,0.12,0.038,0.042,0,0,NORMAL,0
231.72,3.467,757.61,0.943,50.02,20,1,803.373,267.357,7.61,1.01,1.72,0.02,0.007,0,0,NORMAL,0
231.15,3.389,749.34,0.957,50.117,20,1,783.367,227.245,-0.66,0.999,1.15,0.117,0.007,0,0,NORMAL,0
229.23,2.424,541.5,0.975,50.013,20,1,555.654,123.469,-208.5,0.722,0.77,0.013,0.025,0,0,NORMAL,0
233.55,3.84,817.3,0.911,49.983,21,1,896.832,369.859,67.3,1.09,3.55,0.017,0.039,0,0,NORMAL,0
227.73,4.34,921.17,0.932,49.998,21,1,988.348,358.235,171.17,1.228,2.27,0.002,0.018,0,0,NORMAL,0
229.27,4.199,872.68,0.906,50.079,21,1,962.705,407.491,122.68,1.164,0.73,0.079,0.044,0,0,NORMAL,0
232.38,4.529,956.74,0.909,49.937,21,1,1052.449,438.657,206.74,1.276,2.38,0.063,0.041,0,0,NORMAL,0
229.52,1.804,390.45,0.943,49.969,22,1,414.054,137.794,40.45,1.116,0.48,0.031,0.007,0,0,NORMAL,0
231.03,1.542,336.44,0.945,49.933,22,1,356.248,116.518,-13.56,0.961,1.03,0.067,0.005,0,0,NORMAL,0
230.28,1.541,341.44,0.962,50.025,22,1,354.861,96.895,-8.56,0.976,0.28,0.025,0.012,0,0,NORMAL,0
231.46,1.615,357.91,0.957,49.956,22,1,373.808,108.437,7.91,1.023,1.46,0.044,0.007,0,0,NORMAL,0
228.81,0.996,225.02,0.987,50.097,23,1,227.895,36.627,-124.98,0.643,1.19,0.097,0.037,0,0,NORMAL,0
230.11,2.102,467.02,0.966,49.98,23,1,483.691,125.055,117.02,1.334,0.11,0.02,0.016,0,0,NORMAL,0
231.91,1.016,214.9,0.912,50.02,23,1,235.621,96.649,-135.1,0.614,1.91,0.02,0.038,0,0,NORMAL,0
230.91,1.097,248.99,0.983,50.058,23,1,253.308,46.509,-101.01,0.711,0.91,0.058,0.033,0,0,NORMAL,0
231.12,0.745,168.64,0.98,50.1,0,2,172.184,34.264,38.64,1.297,1.12,0.1,0.03,1,0,NORMAL,0
227.99,0.559,121.37,0.952,50.076,0,2,127.446,39.011,-8.63,0.934,2.01,0.076,0.002,1,0,NORMAL,0
230.43,0.458,96.03,0.909,49.971,0,2,105.537,43.987,-33.97,0.739,0.43,0.029,0.041,1,0,NORMAL,0
225.4,0.226,48.03,0.943,50.011,0,2,50.94,16.953,-81.97,0.369,4.6,0.011,0.007,1,0,NORMAL,0
226.34,0.56,119.1,0.939,50.078,1,2,126.75,43.592,-10.9,0.916,3.66,0.078,0.011,1,0,NORMAL,0
233.83,0.453,100.06,0.945,49.925,1,2,105.925,34.645,-29.94,0.77,3.83,0.075,0.005,1,0,NORMAL,0
229.96,0.684,143.85,0.914,50.027,1,2,157.293,63.816,13.85,1.107,0.04,0.027,0.036,1,0,NORMAL,0
227.46,0.462,95.98,0.913,50.099,1,2,105.087,42.871,-34.02,0.738,2.54,0.099,0.037,1,0,NORMAL,0
227.67,0.693,148.95,0.943,49.962,2,2,157.775,52.506,18.95,1.146,2.33,0.038,0.007,1,0,NORMAL,0
229.9,0.514,113.41,0.96,49.932,2,2,118.169,33.087,-16.59,0.872,0.1,0.068,0.01,1,0,NORMAL,0
225.08,0.455,97.55,0.953,49.95,2,2,102.411,31.028,-32.45,0.75,4.92,0.05,0.003,1,0,NORMAL,0
225.6,0.581,128.27,0.979,49.992,2,2,131.074,26.721,-1.73,0.987,4.4,0.008,0.029,1,0,NORMAL,0
229.78,0.618,131.82,0.928,49.975,3,2,142.004,52.908,1.82,1.014,0.22,0.025,0.022,1,0,NORMAL,0
225.93,0.664,140.7,0.937,49.984,3,2,150.018,52.406,10.7,1.082,4.07,0.016,0.013,1,0,NORMAL,0
227.29,0.427,91.7,0.944,49.989,3,2,97.053,32.022,-38.3,0.705,2.71,0.011,0.006,1,0,NORMAL,0
228.8,0.656,148.49,0.989,50.079,3,2,150.093,22.201,18.49,1.142,1.2,0.079,0.039,1,0,NORMAL,0
229.42,0.734,153.33,0.911,49.985,4,2,168.394,69.447,23.33,1.179,0.58,0.015,0.039,1,0,NORMAL,0
228.22,0.61,132.72,0.953,49.986,4,2,139.214,42.178,2.72,1.021,1.78,0.014,0.003,1,0,NORMAL,0
229.8,0.493,102.53,0.905,50.079,4,2,113.291,48.195,-27.47,0.789,0.2,0.079,0.045,1,0,NORMAL,0
231.37,0.41,89.79,0.946,50.017,4,2,94.862,30.751,-40.21,0.691,1.37,0.017,0.004,1,0,NORMAL,0
226.86,0.792,175.05,0.975,50.042,5,2,179.673,39.924,45.05,1.347,3.14,0.042,0.025,1,0,NORMAL,0
228.8,0.591,124.2,0.919,49.939,5,2,135.221,53.312,-5.8,0.955,1.2,0.061,0.031,1,0,NORMAL,0
230.73,0.794,170.52,0.931,50.06,5,2,183.2,66.871,40.52,1.312,0.73,0.06,0.019,1,0,NORMAL,0
229.8,0.569,126.42,0.966,50.048,5,2,130.756,33.806,-3.58,0.972,0.2,0.048,0.016,1,0,NORMAL,0
230.14,1.438,326.1,0.985,49.985,6,2,330.941,57.105,-173.9,0.652,0.14,0.015,0.035,0,0,NORMAL,0
231.08,1.659,346.4,0.903,50.111,6,2,383.362,164.708,-153.6,0.693,1.08,0.111,0.047,0,0,NORMAL,0
232.21,1.533,345.99,0.972,49.994,6,2,355.978,83.648,-154.01,0.692,2.21,0.006,0.022,0,0,NORMAL,0
229.42,2.257,477.24,0.922,50.055,6,2,517.801,200.487,-22.76,0.954,0.58,0.055,0.028,0,0,NORMAL,0
231.43,2.391,510.19,0.922,49.945,7,2,553.349,214.251,10.19,1.02,1.43,0.055,0.028,0,0,NORMAL,0
230.89,2.808,628.25,0.969,49.982,7,2,648.339,160.179,128.25,1.256,0.89,0.018,0.019,0,0,NORMAL,0
228.43,2.848,587.45,0.903,49.96,7,2,650.569,279.511,87.45,1.175,1.57,0.04,0.047,0,0,NORMAL,0
230.33,1.542,326.06,0.918,50.025,7,2,355.169,140.853,-173.94,0.652,0.33,0.025,0.032,0,0,NORMAL,0
231.26,2.118,463.2,0.946,50.063,8,2,489.809,158.78,-36.8,0.926,1.26,0.063,0.004,0,0,NORMAL,0
230.35,2.393,529.05,0.96,49.982,8,2,551.228,154.344,29.05,1.058,0.35,0.018,0.01,0,0,NORMAL,0
230.54,2.459,537.33,0.948,49.961,8,2,566.898,180.427,37.33,1.075,0.54,0.039,0.002,0,0,NORMAL,0
231.25,2.778,578.97,0.901,50.055,8,2,642.413,278.691,78.97,1.158,1.25,0.055,0.049,0,0,NORMAL,0
229.05,1.269,284.74,0.979,49.974,9,2,290.664,59.255,-140.26,0.67,0.95,0.026,0.029,0,0,NORMAL,0
230.0,2.5,542.15,0.943,50.075,9,2,575.0,191.356,117.15,1.276,0.0,0.075,0.007,0,0,NORMAL,0
227.42,2.34,487.82,0.917,49.949,9,2,532.163,212.273,62.82,1.148,2.58,0.051,0.033,0,0,NORMAL,0
228.2,2.11,452.52,0.94,50.05,9,2,481.502,164.276,27.52,1.065,1.8,0.05,0.01,0,0,NORMAL,0
230.02,1.214,256.29,0.918,49.972,10,2,279.244,110.743,-168.71,0.603,0.02,0.028,0.032,0,0,NORMAL,0
229.45,2.352,528.02,0.978,49.997,10,2,539.666,112.577,103.02,1.242,0.55,0.003,0.028,0,0,NORMAL,0
231.64,1.864,396.77,0.919,50.042,10,2,431.777,170.231,-28.23,0.934,1.64,0.042,0.031,0,0,NORMAL,0
228.51,2.004,437.38,0.955,50.031,10,2,457.934,135.826,12.38,1.029,1.49,0.031,0.005,0,0,NORMAL,0
229.42,1.307,285.02,0.95,49.96,11,2,299.852,93.629,-139.98,0.671,0.58,0.04,0.0,0,0,NORMAL,0
227.36,1.83,386.12,0.928,49.95,11,2,416.069,155.019,-38.88,0.909,2.64,0.05,0.022,0,0,NORMAL,0
231.67,1.946,429.49,0.953,49.996,11,2,450.83,136.588,4.49,1.011,1.67,0.004,0.003,0,0,NORMAL,0
229.91,1.92,427.93,0.969,49.988,11,2,441.427,109.059,2.93,1.007,0.09,0.012,0.019,0,0,NORMAL,0
227.41,1.71,381.64,0.981,49.997,12,2,388.871,75.444,-43.36,0.898,2.59,0.003,0.031,0,0,NORMAL,0
228.7,1.658,362.61,0.956,49.946,12,2,379.185,111.24,-62.39,0.853,1.3,0.054,0.006,0,0,NORMAL,0
231.35,1.924,411.49,0.924,49.964,12,2,445.117,170.21,-13.51,0.968,1.35,0.036,0.026,0,0,NORMAL,0
229.5,1.376,299.77,0.949,49.982,12,2,315.792,99.562,-125.23,0.705,0.5,0.018,0.001,0,0,NORMAL,0
231.15,1.755,375.08,0.925,49.981,13,2,405.668,154.141,-49.92,0.883,1.15,0.019,0.025,0,0,NORMAL,0
230.74,1.76,390.9,0.962,50.018,13,2,406.102,110.886,-34.1,0.92,0.74,0.018,0.012,0,0,NORMAL,0
230.62,1.338,283.85,0.92,49.968,13,2,308.57,120.934,-141.15,0.668,0.62,0.032,0.03,0,0,NORMAL,0
228.7,1.115,244.26,0.958,50.043,13,2,255.0,73.126,-180.74,0.575,1.3,0.043,0.008,0,0,NORMAL,0
228.82,2.429,517.19,0.931,49.956,14,2,555.804,202.879,92.19,1.217,1.18,0.044,0.019,0,0,NORMAL,0
230.24,1.491,329.17,0.959,49.997,14,2,343.288,97.29,-95.83,0.775,0.24,0.003,0.009,0,0,NORMAL,0
230.83,1.882,408.88,0.941,50.014,14,2,434.422,147.011,-16.12,0.962,0.83,0.014,0.009,0,0,NORMAL,0
229.37,1.847,417.84,0.986,49.987,14,2,423.646,70.641,-7.16,0.983,0.63,0.013,0.036,0,0,NORMAL,0
232.08,1.827,386.38,0.911,50.05,15,2,424.01,174.864,-38.62,0.909,2.08,0.05,0.039,0,0,NORMAL,0
227.17,1.717,360.33,0.924,49.992,15,2,390.051,149.153,-64.67,0.848,2.83,0.008,0.026,0,0,NORMAL,0
232.38,2.699,575.29,0.917,49.94,15,2,627.194,250.18,150.29,1.354,2.38,0.06,0.033,0,0,NORMAL,0
231.33,1.983,452.77,0.987,49.911,15,2,458.727,73.727,27.77,1.065,1.33,0.089,0.037,0,0,NORMAL,0
232.06,1.713,382.89,0.963,50.005,16,2,397.519,107.132,-42.11,0.901,2.06,0.005,0.013,0,0,NORMAL,0
230.58,2.265,504.03,0.965,49.947,16,2,522.264,136.964,79.03,1.186,0.58,0.053,0.015,0,0,NORMAL,0
231.53,2.51,539.6,0.929,49.973,16,2,581.14,215.068,114.6,1.27,1.53,0.027,0.021,0,0,NORMAL,0
230.17,2.546,559.44,0.955,50.052,16,2,586.013,173.815,134.44,1.316,0.17,0.052,0.005,0,0,NORMAL,0
230.15,3.271,740.13,0.983,49.973,17,2,752.821,138.222,-9.87,0.987,0.15,0.027,0.033,0,0,NORMAL,0
232.98,2.522,548.55,0.934,49.997,17,2,587.576,209.925,-201.45,0.731,2.98,0.003,0.016,0,0,NORMAL,0
228.28,2.475,551.37,0.976,50.06,17,2,564.993,123.039,-198.63,0.735,1.72,0.06,0.026,0,0,NORMAL,0
232.24,2.99,640.03,0.922,50.032,17,2,694.398,268.864,-109.97,0.853,2.24,0.032,0.028,0,0,NORMAL,0
228.23,3.43,726.82,0.929,50.064,18,2,782.829,289.709,-23.18,0.969,1.77,0.064,0.021,0,0,NORMAL,0
230.13,2.821,611.59,0.942,49.952,18,2,649.197,217.879,-138.41,0.815,0.13,0.048,0.008,0,0,NORMAL,0
229.94,4.424,938.03,0.922,50.037,18,2,1017.255,393.871,188.03,1.251,0.06,0.037,0.028,0,0,NORMAL,0
235.28,2.883,646.64,0.953,49.964,18,2,678.312,205.508,-103.36,0.862,5.28,0.036,0.003,0,0,NORMAL,0
227.11,2.819,620.84,0.97,50.049,19,2,640.223,155.641,-129.16,0.828,2.89,0.049,0.02,0,0,NORMAL,0
229.17,2.929,631.28,0.941,49.964,19,2,671.239,227.152,-118.72,0.842,0.83,0.036,0.009,0,0,NORMAL,0
228.39,4.128,899.11,0.954,50.027,19,2,942.794,282.656,149.11,1.199,1.61,0.027,0.004,0,0,NORMAL,0
228.02,2.489,527.53,0.929,49.93,19,2,567.542,210.036,-222.47,0.703,1.98,0.07,0.021,0,0,NORMAL,0
228.71,3.774,787.5,0.912,50.005,20,2,863.152,354.056,37.5,1.05,1.29,0.005,0.038,0,0,NORMAL,0
229.94,2.52,569.02,0.982,49.935,20,2,579.449,109.447,-180.98,0.759,0.06,0.065,0.032,0,0,NORMAL,0
228.44,3.065,654.29,0.934,50.072,20,2,700.169,250.151,-95.71,0.872,1.56,0.072,0.016,0,0,NORMAL,0
231.14,4.114,914.21,0.961,50.008,20,2,950.91,262.973,164.21,1.219,1.14,0.008,0.011,0,0,NORMAL,0
227.07,3.381,748.93,0.976,50.038,21,2,767.724,167.188,-1.07,0.999,2.93,0.038,0.026,0,0,NORMAL,0
226.04,2.441,545.63,0.989,49.977,21,2,551.764,81.614,-204.37,0.728,3.96,0.023,0.039,0,0,NORMAL,0
228.64,4.673,990.41,0.927,49.975,21,2,1068.435,400.729,240.41,1.321,1.36,0.025,0.023,0,0,NORMAL,0
228.81,3.532,753.43,0.932,50.079,21,2,808.157,292.923,3.43,1.005,1.19,0.079,0.018,0,0,NORMAL,0
232.82,1.734,370.58,0.918,50.076,22,2,403.71,160.103,20.58,1.059,2.82,0.076,0.032,0,0,NORMAL,0
227.66,1.192,263.72,0.972,50.037,22,2,271.371,63.767,-86.28,0.753,2.34,0.037,0.022,0,0,NORMAL,0
229.18,1.147,245.89,0.935,49.981,22,2,262.869,93.226,-104.11,0.703,0.82,0.019,0.015,0,0,NORMAL,0
228.63,1.398,305.31,0.955,50.02,22,2,319.625,94.803,-44.69,0.872,1.37,0.02,0.005,0,0,NORMAL,0
231.29,1.325,288.86,0.943,49.96,23,2,306.459,101.987,-61.14,0.825,1.29,0.04,0.007,0,0,NORMAL,0
231.69,1.973,424.95,0.93,50.029,23,2,457.124,168.02,74.95,1.214,1.69,0.029,0.02,0,0,NORMAL,0
227.19,0.994,209.35,0.927,49.971,23,2,225.827,84.699,-140.65,0.598,2.81,0.029,0.023,0,0,NORMAL,0
231.71,1.203,273.03,0.98,50.047,23,2,278.747,55.47,-76.97,0.78,1.71,0.047,0.03,0,0,NORMAL,0
230.61,0.387,86.38,0.969,49.974,0,3,89.246,22.049,-43.62,0.664,0.61,0.026,0.019,1,0,NORMAL,0
227.04,0.84,174.43,0.914,50.041,0,3,190.714,77.375,44.43,1.342,2.96,0.041,0.036,1,0,NORMAL,0
231.22,0.845,179.52,0.918,50.162,0,3,195.381,77.484,49.52,1.381,1.22,0.162,0.032,1,0,NORMAL,0
231.6,0.563,118.34,0.907,50.054,0,3,130.391,54.912,-11.66,0.91,1.6,0.054,0.043,1,0,NORMAL,0
229.95,0.593,126.24,0.926,50.09,1,3,136.36,51.479,-3.76,0.971,0.05,0.09,0.024,1,0,NORMAL,0
227.41,0.831,180.24,0.954,49.929,1,3,188.978,56.657,50.24,1.386,2.59,0.071,0.004,1,0,NORMAL,0
226.81,0.635,134.14,0.931,49.94,1,3,144.024,52.572,4.14,1.032,3.19,0.06,0.019,1,0,NORMAL,0
229.8,0.664,150.59,0.987,50.04,1,3,152.587,24.524,20.59,1.158,0.2,0.04,0.037,1,0,NORMAL,0
230.66,0.642,143.09,0.967,50.01,2,3,148.084,37.728,13.09,1.101,0.66,0.01,0.017,1,0,NORMAL,0
228.88,0.769,163.15,0.927,49.944,2,3,176.009,66.014,33.15,1.255,1.12,0.056,0.023,1,0,NORMAL,0
229.04,0.422,90.9,0.94,50.064,2,3,96.655,32.976,-39.1,0.699,0.96,0.064,0.01,1,0,NORMAL,0
228.34,0.863,183.7,0.932,50.08,2,3,197.057,71.425,53.7,1.413,1.66,0.08,0.018,1,0,NORMAL,0
229.49,0.702,154.58,0.96,50.032,3,3,161.102,45.109,24.58,1.189,0.51,0.032,0.01,1,0,NORMAL,0
227.82,0.85,177.28,0.915,50.0,3,3,193.647,78.128,47.28,1.364,2.18,0.0,0.035,1,0,NORMAL,0
228.66,0.599,126.08,0.92,49.924,3,3,136.967,53.68,-3.92,0.97,1.34,0.076,0.03,1,0,NORMAL,0
228.42,0.583,125.76,0.944,50.032,3,3,133.169,43.938,-4.24,0.967,1.58,0.032,0.006,1,0,NORMAL,0
233.33,0.607,138.84,0.98,49.967,4,3,141.631,28.184,8.84,1.068,3.33,0.033,0.03,1,0,NORMAL,0
229.18,0.579,125.16,0.943,50.087,4,3,132.695,44.16,-4.84,0.963,0.82,0.087,0.007,1,0,NORMAL,0
229.23,0.532,116.19,0.952,50.086,4,3,121.95,37.329,-13.81,0.894,0.77,0.086,0.002,1,0,NORMAL,0
233.31,0.383,83.28,0.932,49.99,4,3,89.358,32.388,-46.72,0.641,3.31,0.01,0.018,1,0,NORMAL,0
232.04,0.709,148.95,0.905,49.974,5,3,164.516,69.987,18.95,1.146,2.04,0.026,0.045,1,0,NORMAL,0
227.31,0.504,103.33,0.903,50.019,5,3,114.564,49.221,-26.67,0.795,2.69,0.019,0.047,1,0,NORMAL,0
228.0,0.628,140.68,0.982,49.998,5,3,143.184,27.045,10.68,1.082,2.0,0.002,0.032,1,0,NORMAL,0
230.85,0.486,105.51,0.941,50.028,5,3,112.193,37.967,-24.49,0.812,0.85,0.028,0.009,1,0,NORMAL,0
227.38,2.608,556.32,0.938,50.044,6,3,593.007,205.557,56.32,1.113,2.62,0.044,0.012,0,0,NORMAL,0
227.57,2.998,642.49,0.942,49.978,6,3,682.255,228.974,142.49,1.285,2.43,0.022,0.008,0,0,NORMAL,0
227.15,2.861,629.28,0.968,50.056,6,3,649.876,163.087,129.28,1.259,2.85,0.056,0.018,0,0,NORMAL,0
229.66,2.579,578.16,0.976,49.97,6,3,592.293,128.984,78.16,1.156,0.34,0.03,0.026,0,0,NORMAL,0
233.21,2.781,594.26,0.916,50.028,7,3,648.557,260.187,94.26,1.189,3.21,0.028,0.034,0,0,NORMAL,0
228.58,2.651,581.86,0.96,49.952,7,3,605.966,169.67,81.86,1.164,1.42,0.048,0.01,0,0,NORMAL,0
233.23,1.849,403.29,0.935,50.052,7,3,431.242,152.939,-96.71,0.807,3.23,0.052,0.015,0,0,NORMAL,0
228.93,2.846,591.86,0.908,49.979,7,3,651.535,272.974,91.86,1.184,1.07,0.021,0.042,0,0,NORMAL,0
228.79,3.208,676.07,0.921,49.971,8,3,733.958,285.923,176.07,1.352,1.21,0.029,0.029,0,0,NORMAL,0
230.38,1.688,366.99,0.943,50.013,8,3,388.881,129.417,-133.01,0.734,0.38,0.013,0.007,0,0,NORMAL,0
226.55,1.962,435.62,0.98,50.067,8,3,444.491,88.453,-64.38,0.871,3.45,0.067,0.03,0,0,NORMAL,0
228.41,2.18,475.54,0.955,49.98,8,3,497.934,147.69,-24.46,0.951,1.59,0.02,0.005,0,0,NORMAL,0
227.75,2.716,579.94,0.938,50.074,9,3,618.569,214.418,154.94,1.365,2.25,0.074,0.012,0,0,NORMAL,0
234.75,2.287,492.26,0.917,49.956,9,3,536.873,214.152,67.26,1.158,4.75,0.044,0.033,0,0,NORMAL,0
231.31,2.539,556.23,0.947,50.003,9,3,587.296,188.659,131.23,1.309,1.31,0.003,0.003,0,0,NORMAL,0
230.55,1.674,367.59,0.953,50.074,9,3,385.941,116.929,-57.41,0.865,0.55,0.074,0.003,0,0,NORMAL,0
227.41,1.287,279.4,0.954,49.96,10,3,292.677,87.746,-145.6,0.657,2.59,0.04,0.004,0,0,NORMAL,0
228.78,1.786,373.22,0.913,50.023,10,3,408.601,166.693,-51.78,0.878,1.22,0.023,0.037,0,0,NORMAL,0
231.14,1.971,417.25,0.916,50.009,10,3,455.577,182.768,-7.75,0.982,1.14,0.009,0.034,0,0,NORMAL,0
229.94,2.779,589.71,0.923,50.017,10,3,639.003,245.888,164.71,1.388,0.06,0.017,0.027,0,0,NORMAL,0
234.97,2.411,550.9,0.972,50.033,11,3,566.513,133.12,125.9,1.296,4.97,0.033,0.022,0,0,NORMAL,0
229.28,1.726,373.51,0.944,50.059,11,3,395.737,130.572,-51.49,0.879,0.72,0.059,0.006,0,0,NORMAL,0
228.51,2.482,510.72,0.9,50.049,11,3,567.162,247.22,85.72,1.202,1.49,0.049,0.05,0,0,NORMAL,0
233.22,1.995,433.68,0.932,50.069,11,3,465.274,168.642,8.68,1.02,3.22,0.069,0.018,0,0,NORMAL,0
230.8,1.641,347.82,0.918,50.02,12,3,378.743,150.202,-77.18,0.818,0.8,0.02,0.032,0,0,NORMAL,0
228.99,2.17,486.88,0.98,49.978,12,3,496.908,98.884,61.88,1.146,1.01,0.022,0.03,0,0,NORMAL,0
225.87,2.477,524.26,0.937,49.907,12,3,559.48,195.443,99.26,1.234,4.13,0.093,0.013,0,0,NORMAL,0
229.71,2.523,565.26,0.976,50.001,12,3,579.558,126.211,140.26,1.33,0.29,0.001,0.026,0,0,NORMAL,0
230.38,1.106,247.89,0.973,50.093,13,3,254.8,58.809,-177.11,0.583,0.38,0.093,0.023,0,0,NORMAL,0
230.07,1.576,334.78,0.923,50.051,13,3,362.59,139.525,-90.22,0.788,0.07,0.051,0.027,0,0,NORMAL,0
230.73,2.046,438.38,0.929,50.019,13,3,472.074,174.705,13.38,1.031,0.73,0.019,0.021,0,0,NORMAL,0
232.28,2.106,476.22,0.974,49.956,13,3,489.182,110.823,51.22,1.121,2.28,0.044,0.024,0,0,NORMAL,0
229.98,1.743,376.09,0.938,50.034,14,3,400.855,138.951,-48.91,0.885,0.02,0.034,0.012,0,0,NORMAL,0
229.04,2.593,566.27,0.953,50.012,14,3,593.901,179.934,141.27,1.332,0.96,0.012,0.003,0,0,NORMAL,0
230.81,1.314,275.98,0.91,50.01,14,3,303.284,125.744,-149.02,0.649,0.81,0.01,0.04,0,0,NORMAL,0
229.77,2.769,593.33,0.932,49.937,14,3,636.233,230.608,168.33,1.396,0.23,0.063,0.018,0,0,NORMAL,0
234.07,2.231,491.85,0.942,50.022,15,3,522.21,175.26,66.85,1.157,4.07,0.022,0.008,0,0,NORMAL,0
226.82,1.271,277.18,0.961,49.978,15,3,288.288,79.726,-147.82,0.652,3.18,0.022,0.011,0,0,NORMAL,0
227.46,2.471,549.47,0.978,49.933,15,3,562.054,117.247,124.47,1.293,2.54,0.067,0.028,0,0,NORMAL,0
233.18,2.439,534.82,0.94,50.015,15,3,568.726,194.035,109.82,1.258,3.18,0.015,0.01,0,0,NORMAL,0
226.5,1.312,288.23,0.97,50.039,16,3,297.168,72.243,-136.77,0.678,3.5,0.039,0.02,0,0,NORMAL,0
233.0,2.403,553.19,0.988,49.983,16,3,559.899,86.479,128.19,1.302,3.0,0.017,0.038,0,0,NORMAL,0
230.47,1.447,325.82,0.977,49.965,16,3,333.49,71.113,-99.18,0.767,0.47,0.035,0.027,0,0,NORMAL,0
230.46,2.406,547.37,0.987,49.917,16,3,554.487,89.117,122.37,1.288,0.46,0.083,0.037,0,0,NORMAL,0
231.08,3.45,745.58,0.935,50.06,17,3,797.226,282.734,-4.42,0.994,1.08,0.06,0.015,0,0,NORMAL,0
231.07,3.316,738.0,0.963,50.072,17,3,766.228,206.5,-12.0,0.984,1.07,0.072,0.013,0,0,NORMAL,0
229.8,2.5,540.61,0.941,50.073,17,3,574.5,194.415,-209.39,0.721,0.2,0.073,0.009,0,0,NORMAL,0
229.08,3.734,776.53,0.908,50.055,17,3,855.385,358.381,26.53,1.035,0.92,0.055,0.042,0,0,NORMAL,0
227.32,2.685,593.99,0.973,49.965,18,3,610.354,140.873,-156.01,0.792,2.68,0.035,0.023,0,0,NORMAL,0
229.95,2.816,641.09,0.99,49.973,18,3,647.539,91.347,-108.91,0.855,0.05,0.027,0.04,0,0,NORMAL,0
233.06,3.345,706.26,0.906,49.948,18,3,779.586,329.981,-43.74,0.942,3.06,0.052,0.044,0,0,NORMAL,0
227.54,2.548,532.64,0.919,50.007,18,3,579.772,228.579,-217.36,0.71,2.46,0.007,0.031,0,0,NORMAL,0
229.16,2.44,522.05,0.934,49.991,19,3,559.15,199.769,-227.95,0.696,0.84,0.009,0.016,0,0,NORMAL,0
232.38,3.749,850.93,0.977,50.015,19,3,871.193,185.773,100.93,1.135,2.38,0.015,0.027,0,0,NORMAL,0
229.55,4.028,832.88,0.901,50.141,19,3,924.627,401.121,82.88,1.111,0.45,0.141,0.049,0,0,NORMAL,0
229.52,3.348,703.35,0.915,50.068,19,3,768.433,310.027,-46.65,0.938,0.48,0.068,0.035,0,0,NORMAL,0
232.2,2.763,585.44,0.913,49.954,20,3,641.569,261.734,-164.56,0.781,2.2,0.046,0.037,0,0,NORMAL,0
229.77,3.04,657.81,0.942,50.034,20,3,698.501,234.426,-92.19,0.877,0.23,0.034,0.008,0,0,NORMAL,0
234.4,3.19,724.85,0.969,49.998,20,3,747.736,184.736,-25.15,0.966,4.4,0.002,0.019,0,0,NORMAL,0
226.7,2.78,570.83,0.906,49.995,20,3,630.226,266.761,-179.17,0.761,3.3,0.005,0.044,0,0,NORMAL,0
229.12,3.74,844.45,0.986,49.957,21,3,856.909,142.886,94.45,1.126,0.88,0.043,0.036,0,0,NORMAL,0
230.28,2.764,575.59,0.904,49.956,21,3,636.494,272.122,-174.41,0.767,0.28,0.044,0.046,0,0,NORMAL,0
228.08,4.281,928.3,0.951,50.019,21,3,976.41,301.897,178.3,1.238,1.92,0.019,0.001,0,0,NORMAL,0
229.02,3.99,886.22,0.97,49.975,21,3,913.79,222.147,136.22,1.182,0.98,0.025,0.02,0,0,NORMAL,0
230.63,1.117,240.81,0.935,50.051,22,3,257.614,91.362,-109.19,0.688,0.63,0.051,0.015,0,0,NORMAL,0
230.3,2.174,495.45,0.99,49.939,22,3,500.672,70.629,145.45,1.416,0.3,0.061,0.04,0,0,NORMAL,0
227.64,1.636,359.91,0.966,50.023,22,3,372.419,96.286,9.91,1.028,2.36,0.023,0.016,0,0,NORMAL,0
230.57,1.443,327.58,0.985,50.032,22,3,332.713,57.411,-22.42,0.936,0.57,0.032,0.035,0,0,NORMAL,0
231.95,2.106,447.91,0.917,49.939,23,3,488.487,194.851,97.91,1.28,1.95,0.061,0.033,0,0,NORMAL,0
232.23,0.98,217.38,0.955,50.064,23,3,227.585,67.503,-132.62,0.621,2.23,0.064,0.005,0,0,NORMAL,0
229.24,1.723,372.21,0.943,49.938,23,3,394.981,131.447,22.21,1.063,0.76,0.062,0.007,0,0,NORMAL,0
228.85,1.465,309.9,0.924,49.872,23,3,335.265,128.203,-40.1,0.885,1.15,0.128,0.026,0,0,NORMAL,0
227.94,0.825,180.97,0.963,49.912,0,4,188.05,50.68,50.97,1.392,2.06,0.088,0.013,1,0,NORMAL,0
232.12,0.749,171.28,0.986,50.044,0,4,173.858,28.99,41.28,1.318,2.12,0.044,0.036,1,0,NORMAL,0
226.69,0.294,61.3,0.918,50.014,0,4,66.647,26.431,-68.7,0.472,3.31,0.014,0.032,1,0,NORMAL,0
227.96,0.582,121.01,0.912,49.951,0,4,132.673,54.421,-8.99,0.931,2.04,0.049,0.038,1,0,NORMAL,0
232.92,0.67,147.78,0.947,50.113,1,4,156.056,50.131,17.78,1.137,2.92,0.113,0.003,1,0,NORMAL,0
228.35,0.469,104.44,0.976,49.967,1,4,107.096,23.322,-25.56,0.803,1.65,0.033,0.026,1,0,NORMAL,0
231.54,0.818,172.06,0.909,49.979,1,4,189.4,78.941,42.06,1.324,1.54,0.021,0.041,1,0,NORMAL,0
232.63,0.476,107.68,0.973,49.957,1,4,110.732,25.557,-22.32,0.828,2.63,0.043,0.023,1,0,NORMAL,0
236.15,0.404,92.06,0.966,50.069,2,4,95.405,24.666,-37.94,0.708,6.15,0.069,0.016,1,0,NORMAL,0
230.95,0.623,142.34,0.989,49.941,2,4,143.882,21.282,12.34,1.095,0.95,0.059,0.039,1,0,NORMAL,0
231.34,0.608,136.7,0.973,50.028,2,4,140.655,32.464,6.7,1.052,1.34,0.028,0.023,1,0,NORMAL,0
232.54,0.604,130.2,0.928,50.052,2,4,140.454,52.33,0.2,1.002,2.54,0.052,0.022,1,0,NORMAL,0
232.2,0.453,101.08,0.962,50.024,3,4,105.187,28.721,-28.92,0.778,2.2,0.024,0.012,1,0,NORMAL,0
229.86,0.42,94.2,0.975,49.964,3,4,96.541,21.452,-35.8,0.725,0.14,0.036,0.025,1,0,NORMAL,0
226.32,0.476,98.9,0.918,50.013,3,4,107.728,42.723,-31.1,0.761,3.68,0.013,0.032,1,0,NORMAL,0
230.44,0.602,135.38,0.975,49.957,3,4,138.725,30.825,5.38,1.041,0.44,0.043,0.025,1,0,NORMAL,0
227.91,0.561,124.86,0.977,50.036,4,4,127.858,27.264,-5.14,0.96,2.09,0.036,0.027,1,0,NORMAL,0
230.4,0.49,104.72,0.927,50.017,4,4,112.896,42.343,-25.28,0.806,0.4,0.017,0.023,1,0,NORMAL,0
229.37,0.542,115.24,0.927,50.038,4,4,124.319,46.627,-14.76,0.886,0.63,0.038,0.023,1,0,NORMAL,0
229.38,0.495,105.64,0.93,49.956,4,4,113.543,41.734,-24.36,0.813,0.62,0.044,0.02,1,0,NORMAL,0
233.64,0.682,145.57,0.914,49.912,5,4,159.342,64.648,15.57,1.12,3.64,0.088,0.036,1,0,NORMAL,0
230.31,0.425,93.66,0.956,49.91,5,4,97.882,28.715,-36.34,0.72,0.31,0.09,0.006,1,0,NORMAL,0
228.82,0.464,96.28,0.907,50.034,5,4,106.172,44.712,-33.72,0.741,1.18,0.034,0.043,1,0,NORMAL,0
228.21,0.687,147.19,0.94,50.009,5,4,156.78,53.489,17.19,1.132,1.79,0.009,0.01,1,0,NORMAL,0
229.68,1.795,383.84,0.931,50.01,6,4,412.276,150.489,-116.16,0.768,0.32,0.01,0.019,0,0,NORMAL,0
229.13,1.749,364.35,0.909,50.085,6,4,400.748,167.03,-135.65,0.729,0.87,0.085,0.041,0,0,NORMAL,0
233.93,1.453,315.56,0.928,49.971,6,4,339.9,126.64,-184.44,0.631,3.93,0.029,0.022,0,0,NORMAL,0
231.28,2.194,490.94,0.967,50.005,6,4,507.428,129.281,-9.06,0.982,1.28,0.005,0.017,0,0,NORMAL,0
227.09,1.816,379.92,0.922,49.963,7,4,412.395,159.675,-120.08,0.76,2.91,0.037,0.028,0,0,NORMAL,0
229.41,3.175,670.91,0.921,50.006,7,4,728.377,283.748,170.91,1.342,0.59,0.006,0.029,0,0,NORMAL,0
230.37,2.227,476.86,0.93,49.939,7,4,513.034,188.571,-23.14,0.954,0.37,0.061,0.02,0,0,NORMAL,0
236.35,2.559,578.42,0.956,50.044,7,4,604.82,177.434,78.42,1.157,6.35,0.044,0.006,0,0,NORMAL,0
229.19,2.942,638.42,0.947,49.975,8,4,674.277,216.6,138.42,1.277,0.81,0.025,0.003,0,0,NORMAL,0
227.76,1.699,362.36,0.936,49.965,8,4,386.964,136.211,-137.64,0.725,2.24,0.035,0.014,0,0,NORMAL,0
230.39,3.081,681.51,0.96,50.003,8,4,709.832,198.753,181.51,1.363,0.39,0.003,0.01,0,0,NORMAL,0
231.68,3.169,669.53,0.912,49.975,8,4,734.194,301.159,169.53,1.339,1.68,0.025,0.038,0,0,NORMAL,0
234.46,1.947,416.7,0.913,49.965,9,4,456.494,186.231,-8.3,0.98,4.46,0.035,0.037,0,0,NORMAL,0
229.91,1.186,268.11,0.983,49.999,9,4,272.673,50.064,-156.89,0.631,0.09,0.001,0.033,0,0,NORMAL,0
228.84,1.966,413.01,0.918,49.96,9,4,449.899,178.421,-11.99,0.972,1.16,0.04,0.032,0,0,NORMAL,0
228.11,1.588,346.41,0.956,50.036,9,4,362.239,106.269,-78.59,0.815,1.89,0.036,0.006,0,0,NORMAL,0
227.74,2.208,469.17,0.933,49.963,10,4,502.85,180.964,44.17,1.104,2.26,0.037,0.017,0,0,NORMAL,0
228.39,2.245,476.69,0.93,49.962,10,4,512.736,188.461,51.69,1.122,1.61,0.038,0.02,0,0,NORMAL,0
229.38,2.564,557.35,0.948,50.068,10,4,588.13,187.184,132.35,1.311,0.62,0.068,0.002,0,0,NORMAL,0
226.97,1.534,337.17,0.968,49.933,10,4,348.172,87.374,-87.83,0.793,3.03,0.067,0.018,0,0,NORMAL,0
233.13,1.162,254.45,0.939,50.004,11,4,270.897,93.166,-170.55,0.599,3.13,0.004,0.011,0,0,NORMAL,0
228.53,2.527,542.02,0.939,50.016,11,4,577.495,198.611,117.02,1.275,1.47,0.016,0.011,0,0,NORMAL,0
227.3,2.397,511.24,0.939,50.051,11,4,544.838,187.379,86.24,1.203,2.7,0.051,0.011,0,0,NORMAL,0
226.83,1.606,336.62,0.924,49.924,11,4,364.289,139.301,-88.38,0.792,3.17,0.076,0.026,0,0,NORMAL,0
228.23,1.978,428.51,0.949,49.933,12,4,451.439,142.328,3.51,1.008,1.77,0.067,0.001,0,0,NORMAL,0
230.89,2.591,554.19,0.927,50.0,12,4,598.236,224.375,129.19,1.304,0.89,0.0,0.023,0,0,NORMAL,0
230.5,1.52,341.22,0.974,49.938,12,4,350.36,79.373,-83.78,0.803,0.5,0.062,0.024,0,0,NORMAL,0
228.59,2.137,476.4,0.975,49.976,12,4,488.497,108.546,51.4,1.121,1.41,0.024,0.025,0,0,NORMAL,0
231.31,1.43,320.02,0.967,50.012,13,4,330.773,84.273,-104.98,0.753,1.31,0.012,0.017,0,0,NORMAL,0
230.18,2.554,547.86,0.932,50.088,13,4,587.88,213.082,122.86,1.289,0.18,0.088,0.018,0,0,NORMAL,0
231.49,1.293,286.93,0.959,49.993,13,4,299.317,84.828,-138.07,0.675,1.49,0.007,0.009,0,0,NORMAL,0
225.46,1.984,430.61,0.963,50.026,13,4,447.313,120.551,5.61,1.013,4.54,0.026,0.013,0,0,NORMAL,0
229.41,2.752,582.54,0.923,50.053,14,4,631.336,242.938,157.54,1.371,0.59,0.053,0.027,0,0,NORMAL,0
231.87,1.587,346.14,0.941,49.996,14,4,367.978,124.526,-78.86,0.814,1.87,0.004,0.009,0,0,NORMAL,0
232.53,2.037,429.48,0.907,50.018,14,4,473.664,199.474,4.48,1.011,2.53,0.018,0.043,0,0,NORMAL,0
230.14,2.417,519.42,0.934,49.975,14,4,556.248,198.733,94.42,1.222,0.14,0.025,0.016,0,0,NORMAL,0
230.98,2.721,614.42,0.978,49.995,15,4,628.497,131.107,189.42,1.446,0.98,0.005,0.028,0,0,NORMAL,0
232.1,2.295,499.14,0.937,50.033,15,4,532.669,186.077,74.14,1.174,2.1,0.033,0.013,0,0,NORMAL,0
233.05,2.715,600.5,0.949,49.988,15,4,632.731,199.485,175.5,1.413,3.05,0.012,0.001,0,0,NORMAL,0
230.36,1.281,280.08,0.949,50.036,15,4,295.091,93.035,-144.92,0.659,0.36,0.036,0.001,0,0,NORMAL,0
229.15,2.816,581.91,0.902,50.036,16,4,645.286,278.593,156.91,1.369,0.85,0.036,0.048,0,0,NORMAL,0
231.99,1.624,368.83,0.979,49.997,16,4,376.752,76.805,-56.17,0.868,1.99,0.003,0.029,0,0,NORMAL,0
231.87,2.699,578.14,0.924,49.901,16,4,625.817,239.308,153.14,1.36,1.87,0.099,0.026,0,0,NORMAL,0
229.25,1.739,383.09,0.961,50.013,16,4,398.666,110.25,-41.91,0.901,0.75,0.013,0.011,0,0,NORMAL,0
230.06,2.492,565.4,0.986,49.992,17,4,573.31,95.597,-184.6,0.754,0.06,0.008,0.036,0,0,NORMAL,0
228.26,2.49,533.12,0.938,50.043,17,4,568.367,197.016,-216.88,0.711,1.74,0.043,0.012,0,0,NORMAL,0
229.62,3.638,811.67,0.972,49.978,17,4,835.358,196.293,61.67,1.082,0.38,0.022,0.022,0,0,NORMAL,0
230.7,3.056,649.77,0.922,49.96,17,4,705.019,272.976,-100.23,0.866,0.7,0.04,0.028,0,0,NORMAL,0
232.0,3.422,777.9,0.98,49.985,18,4,793.904,157.985,27.9,1.037,2.0,0.015,0.03,0,0,NORMAL,0
228.91,4.355,983.37,0.986,50.028,18,4,996.903,166.229,233.37,1.311,1.09,0.028,0.036,0,0,NORMAL,0
229.79,2.559,577.05,0.981,49.994,18,4,588.033,114.083,-172.95,0.769,0.21,0.006,0.031,0,0,NORMAL,0
225.4,3.812,843.39,0.982,50.003,18,4,859.225,162.291,93.39,1.125,4.6,0.003,0.032,0,0,NORMAL,0
230.49,3.273,716.21,0.95,49.956,19,4,754.394,235.559,-33.79,0.955,0.49,0.044,0.0,0,0,NORMAL,0
228.94,3.205,696.34,0.949,49.932,19,4,733.753,231.335,-53.66,0.928,1.06,0.068,0.001,0,0,NORMAL,0
228.48,2.764,599.16,0.949,49.985,19,4,631.519,199.103,-150.84,0.799,1.52,0.015,0.001,0,0,NORMAL,0
226.44,3.727,821.31,0.973,50.015,19,4,843.942,194.786,71.31,1.095,3.56,0.015,0.023,0,0,NORMAL,0
229.33,4.012,852.1,0.926,49.935,20,4,920.072,347.349,102.1,1.136,0.67,0.065,0.024,0,0,NORMAL,0
228.22,4.237,896.54,0.927,50.024,20,4,966.968,362.672,146.54,1.195,1.78,0.024,0.023,0,0,NORMAL,0
229.68,3.669,825.31,0.979,50.017,20,4,842.696,171.792,75.31,1.1,0.32,0.017,0.029,0,0,NORMAL,0
230.19,3.932,892.91,0.986,49.914,20,4,905.107,150.922,142.91,1.191,0.19,0.086,0.036,0,0,NORMAL,0
233.72,3.736,836.75,0.958,49.915,21,4,873.178,250.4,86.75,1.116,3.72,0.085,0.008,0,0,NORMAL,0
229.91,4.393,948.5,0.939,50.006,21,4,1009.995,347.354,198.5,1.265,0.09,0.006,0.011,0,0,NORMAL,0
227.5,2.261,497.49,0.967,49.986,21,4,514.378,131.051,-252.51,0.663,2.5,0.014,0.017,0,0,NORMAL,0
227.31,3.692,804.8,0.959,49.975,21,4,839.229,237.842,54.8,1.073,2.69,0.025,0.009,0,0,NORMAL,0
227.08,1.25,277.54,0.978,50.051,22,4,283.85,59.212,-72.46,0.793,2.92,0.051,0.028,0,0,NORMAL,0
231.09,0.998,210.17,0.911,49.935,22,4,230.628,95.112,-139.83,0.6,1.09,0.065,0.039,0,0,NORMAL,0
229.98,2.246,500.8,0.969,49.942,22,4,516.535,127.616,150.8,1.431,0.02,0.058,0.019,0,0,NORMAL,0
232.33,1.164,265.07,0.98,49.874,22,4,270.432,53.815,-84.93,0.757,2.33,0.126,0.03,0,0,NORMAL,0
228.03,1.646,338.68,0.902,49.993,23,4,375.337,162.047,-11.32,0.968,1.97,0.007,0.048,0,0,NORMAL,0
228.75,1.723,355.25,0.901,50.011,23,4,394.136,170.984,5.25,1.015,1.25,0.011,0.049,0,0,NORMAL,0
230.4,2.029,433.2,0.927,50.077,23,4,467.482,175.334,83.2,1.238,0.4,0.077,0.023,0,0,NORMAL,0
230.07,1.013,214.81,0.921,50.017,23,4,233.061,90.792,-135.19,0.614,0.07,0.017,0.029,0,0,NORMAL,0
229.28,0.698,154.18,0.964,50.004,0,5,160.037,42.554,24.18,1.186,0.72,0.004,0.014,1,0,NORMAL,0
231.72,0.405,91.42,0.975,50.052,0,5,93.847,20.853,-38.58,0.703,1.72,0.052,0.025,1,0,NORMAL,0
235.57,0.435,96.95,0.947,50.009,0,5,102.473,32.918,-33.05,0.746,5.57,0.009,0.003,1,0,NORMAL,0
231.01,0.851,178.21,0.906,49.923,0,5,196.59,83.212,48.21,1.371,1.01,0.077,0.044,1,0,NORMAL,0
229.6,0.672,142.72,0.926,50.003,1,5,154.291,58.249,12.72,1.098,0.4,0.003,0.024,1,0,NORMAL,0
225.13,0.735,151.87,0.917,50.044,1,5,165.471,66.004,21.87,1.168,4.87,0.044,0.033,1,0,NORMAL,0
227.35,0.567,118.16,0.916,49.965,1,5,128.907,51.715,-11.84,0.909,2.65,0.035,0.034,1,0,NORMAL,0
232.66,0.613,135.56,0.95,49.949,1,5,142.621,44.533,5.56,1.043,2.66,0.051,0.0,1,0,NORMAL,0
232.95,0.545,116.25,0.916,49.933,2,5,126.958,50.933,-13.75,0.894,2.95,0.067,0.034,1,0,NORMAL,0
227.34,0.396,85.41,0.948,49.939,2,5,90.027,28.653,-44.59,0.657,2.66,0.061,0.002,1,0,NORMAL,0
231.2,0.54,114.72,0.919,50.0,2,5,124.848,49.222,-15.28,0.882,1.2,0.0,0.031,1,0,NORMAL,0
233.02,0.485,111.3,0.984,50.037,2,5,113.015,20.136,-18.7,0.856,3.02,0.037,0.034,1,0,NORMAL,0
226.7,0.723,153.44,0.936,49.971,3,5,163.904,57.694,23.44,1.18,3.3,0.029,0.014,1,0,NORMAL,0
233.97,0.755,160.87,0.911,50.004,3,5,176.647,72.85,30.87,1.237,3.97,0.004,0.039,1,0,NORMAL,0
230.42,0.274,60.1,0.951,50.068,3,5,63.135,19.521,-69.9,0.462,0.42,0.068,0.001,1,0,NORMAL,0
234.2,0.588,125.95,0.914,50.0,3,5,137.71,55.871,-4.05,0.969,4.2,0.0,0.036,1,0,NORMAL,0
231.51,0.437,99.33,0.982,50.017,4,5,101.17,19.109,-30.67,0.764,1.51,0.017,0.032,1,0,NORMAL,0
230.76,0.66,137.44,0.902,50.089,4,5,152.302,65.754,7.44,1.057,0.76,0.089,0.048,1,0,NORMAL,0
230.74,0.416,93.93,0.978,49.991,4,5,95.988,20.024,-36.07,0.723,0.74,0.009,0.028,1,0,NORMAL,0
227.27,0.52,112.56,0.953,49.906,4,5,118.18,35.805,-17.44,0.866,2.73,0.094,0.003,1,0,NORMAL,0
231.5,0.423,89.91,0.918,49.941,5,5,97.924,38.835,-40.09,0.692,1.5,0.059,0.032,1,0,NORMAL,0
233.81,0.702,160.88,0.98,49.953,5,5,164.135,32.662,30.88,1.238,3.81,0.047,0.03,1,0,NORMAL,0
229.24,0.635,138.96,0.955,50.033,5,5,145.567,43.176,8.96,1.069,0.76,0.033,0.005,1,0,NORMAL,0
231.26,0.604,133.96,0.959,50.029,5,5,139.681,39.586,3.96,1.03,1.26,0.029,0.009,1,0,NORMAL,0
230.07,1.751,386.67,0.96,49.93,6,5,402.853,112.799,-113.33,0.773,0.07,0.07,0.01,0,0,NORMAL,0
234.42,1.904,419.96,0.941,50.064,6,5,446.336,151.043,-80.04,0.84,4.42,0.064,0.009,0,0,NORMAL,0
228.23,2.596,583.14,0.984,50.075,6,5,592.485,105.562,83.14,1.166,1.77,0.075,0.034,0,0,NORMAL,0
229.0,2.304,480.46,0.911,50.001,6,5,527.616,217.592,-19.54,0.961,1.0,0.001,0.039,0,0,NORMAL,0
234.09,1.654,349.84,0.903,49.961,7,5,387.185,166.35,-150.16,0.7,4.09,0.039,0.047,0,0,NORMAL,0
229.42,2.89,601.13,0.907,50.054,7,5,663.024,279.22,101.13,1.202,0.58,0.054,0.043,0,0,NORMAL,0
227.71,1.589,335.48,0.927,50.039,7,5,361.831,135.709,-164.52,0.671,2.29,0.039,0.023,0,0,NORMAL,0
230.96,2.136,457.87,0.928,50.003,7,5,493.331,183.805,-42.13,0.916,0.96,0.003,0.022,0,0,NORMAL,0
230.05,3.187,672.16,0.917,50.105,8,5,733.169,292.452,172.16,1.344,0.05,0.105,0.033,0,0,NORMAL,0
230.71,1.618,341.83,0.916,50.055,8,5,373.289,149.755,-158.17,0.684,0.71,0.055,0.034,0,0,NORMAL,0
232.3,2.839,648.81,0.984,50.001,8,5,659.5,117.502,148.81,1.298,2.3,0.001,0.034,0,0,NORMAL,0
231.98,1.753,385.02,0.947,50.046,8,5,406.661,130.633,-114.98,0.77,1.98,0.046,0.003,0,0,NORMAL,0
229.43,2.01,436.71,0.947,49.979,9,5,461.154,148.138,11.71,1.028,0.57,0.021,0.003,0,0,NORMAL,0
228.15,1.749,365.58,0.916,49.954,9,5,399.034,160.084,-59.42,0.86,1.85,0.046,0.034,0,0,NORMAL,0
229.28,2.3,490.77,0.931,50.023,9,5,527.344,192.491,65.77,1.155,0.72,0.023,0.019,0,0,NORMAL,0
224.88,2.107,466.94,0.985,49.949,9,5,473.822,81.76,41.94,1.099,5.12,0.051,0.035,0,0,NORMAL,0
233.77,1.345,298.03,0.948,49.996,10,5,314.421,100.071,-126.97,0.701,3.77,0.004,0.002,0,0,NORMAL,0
232.82,1.301,281.32,0.929,49.933,10,5,302.899,112.097,-143.68,0.662,2.82,0.067,0.021,0,0,NORMAL,0
229.98,1.441,300.2,0.906,49.906,10,5,331.401,140.275,-124.8,0.706,0.02,0.094,0.044,0,0,NORMAL,0
232.02,2.36,532.47,0.972,50.031,10,5,547.567,128.668,107.47,1.253,2.02,0.031,0.022,0,0,NORMAL,0
228.53,2.243,475.71,0.928,50.055,11,5,512.593,190.982,50.71,1.119,1.47,0.055,0.022,0,0,NORMAL,0
226.44,2.033,425.21,0.924,50.017,11,5,460.353,176.035,0.21,1.0,3.56,0.017,0.026,0,0,NORMAL,0
230.96,2.508,572.41,0.988,50.084,11,5,579.248,89.467,147.41,1.347,0.96,0.084,0.038,0,0,NORMAL,0
228.82,2.617,540.09,0.902,50.014,11,5,598.822,258.533,115.09,1.271,1.18,0.014,0.048,0,0,NORMAL,0
229.28,1.76,384.51,0.953,50.018,12,5,403.533,122.258,-40.49,0.905,0.72,0.018,0.003,0,0,NORMAL,0
228.58,1.53,342.49,0.979,50.043,12,5,349.727,71.296,-82.51,0.806,1.42,0.043,0.029,0,0,NORMAL,0
230.03,1.982,424.8,0.932,50.015,12,5,455.919,165.252,-0.2,1.0,0.03,0.015,0.018,0,0,NORMAL,0
231.38,2.327,529.3,0.983,49.994,12,5,538.421,98.857,104.3,1.245,1.38,0.006,0.033,0,0,NORMAL,0
229.07,2.449,553.22,0.986,49.977,13,5,560.992,93.543,128.22,1.302,0.93,0.023,0.036,0,0,NORMAL,0
229.43,1.377,288.91,0.915,49.916,13,5,315.925,127.461,-136.09,0.68,0.57,0.084,0.035,0,0,NORMAL,0
227.87,1.656,345.42,0.916,50.009,13,5,377.353,151.386,-79.58,0.813,2.13,0.009,0.034,0,0,NORMAL,0
230.47,2.671,556.36,0.904,50.09,13,5,615.585,263.183,131.36,1.309,0.47,0.09,0.046,0,0,NORMAL,0
233.09,1.252,266.7,0.914,49.959,14,5,291.829,118.399,-158.3,0.628,3.09,0.041,0.036,0,0,NORMAL,0
230.08,2.405,530.23,0.958,49.978,14,5,553.342,158.681,105.23,1.248,0.08,0.022,0.008,0,0,NORMAL,0
225.1,2.407,521.34,0.962,50.0,14,5,541.816,147.942,96.34,1.227,4.9,0.0,0.012,0,0,NORMAL,0
233.31,2.809,600.29,0.916,50.017,14,5,655.368,262.919,175.29,1.412,3.31,0.017,0.034,0,0,NORMAL,0
229.39,1.385,291.05,0.916,49.909,15,5,317.705,127.456,-133.95,0.685,0.61,0.091,0.034,0,0,NORMAL,0
232.64,2.548,584.26,0.985,49.971,15,5,592.767,102.284,159.26,1.375,2.64,0.029,0.035,0,0,NORMAL,0
227.51,2.025,430.52,0.934,50.023,15,5,460.708,164.598,5.52,1.013,2.49,0.023,0.016,0,0,NORMAL,0
229.69,1.973,425.17,0.938,49.971,15,5,453.178,157.088,0.17,1.0,0.31,0.029,0.012,0,0,NORMAL,0
228.75,2.567,558.36,0.951,50.016,16,5,587.201,181.557,133.36,1.314,1.25,0.016,0.001,0,0,NORMAL,0
232.02,2.37,510.55,0.928,50.069,16,5,549.887,204.877,85.55,1.201,2.02,0.069,0.022,0,0,NORMAL,0
228.7,2.656,587.6,0.967,50.025,16,5,607.427,154.758,162.6,1.383,1.3,0.025,0.017,0,0,NORMAL,0
230.9,1.534,348.8,0.985,50.04,16,5,354.201,61.119,-76.2,0.821,0.9,0.04,0.035,0,0,NORMAL,0
226.92,4.036,890.91,0.973,50.004,17,5,915.849,211.383,140.91,1.188,3.08,0.004,0.023,0,0,NORMAL,0
231.77,3.57,754.09,0.911,49.974,17,5,827.419,341.233,4.09,1.005,1.77,0.026,0.039,0,0,NORMAL,0
226.95,3.378,729.69,0.952,50.012,17,5,766.637,234.666,-20.31,0.973,3.05,0.012,0.002,0,0,NORMAL,0
232.46,2.172,498.32,0.987,49.992,17,5,504.903,81.148,-251.68,0.664,2.46,0.008,0.037,0,0,NORMAL,0
230.86,2.906,622.56,0.928,49.931,18,5,670.879,249.956,-127.44,0.83,0.86,0.069,0.022,0,0,NORMAL,0
235.18,2.9,614.58,0.901,49.994,18,5,682.022,295.874,-135.42,0.819,5.18,0.006,0.049,0,0,NORMAL,0
228.76,4.244,935.06,0.963,50.017,18,5,970.857,261.647,185.06,1.247,1.24,0.017,0.013,0,0,NORMAL,0
229.44,3.985,900.76,0.985,50.065,18,5,914.318,157.77,150.76,1.201,0.56,0.065,0.035,0,0,NORMAL,0
230.69,2.326,530.44,0.989,50.075,19,5,536.585,79.369,-219.56,0.707,0.69,0.075,0.039,0,0,NORMAL,0
229.6,3.766,827.88,0.958,49.994,19,5,864.674,247.961,77.88,1.104,0.4,0.006,0.008,0,0,NORMAL,0
230.56,4.237,901.41,0.923,50.021,19,5,976.883,375.904,151.41,1.202,0.56,0.021,0.027,0,0,NORMAL,0
231.45,4.41,979.18,0.959,49.994,19,5,1020.694,289.271,229.18,1.306,1.45,0.006,0.009,0,0,NORMAL,0
231.16,3.138,690.17,0.951,50.001,20,5,725.38,224.281,-59.83,0.92,1.16,0.001,0.001,0,0,NORMAL,0
232.1,2.964,663.98,0.965,49.956,20,5,687.944,180.413,-86.02,0.885,2.1,0.044,0.015,0,0,NORMAL,0
230.99,3.742,797.3,0.922,49.986,20,5,864.365,334.673,47.3,1.063,0.99,0.014,0.028,0,0,NORMAL,0
230.78,4.291,916.58,0.926,50.008,20,5,990.277,373.853,166.58,1.222,0.78,0.008,0.024,0,0,NORMAL,0
231.64,3.417,760.26,0.961,50.025,21,5,791.514,218.892,10.26,1.014,1.64,0.025,0.011,0,0,NORMAL,0
227.1,4.447,909.84,0.901,49.949,21,5,1009.914,438.12,159.84,1.213,2.9,0.051,0.049,0,0,NORMAL,0
229.7,4.293,945.55,0.959,49.976,21,5,986.102,279.467,195.55,1.261,0.3,0.024,0.009,0,0,NORMAL,0
230.57,3.787,848.82,0.972,50.017,21,5,873.169,205.178,98.82,1.132,0.57,0.017,0.022,0,0,NORMAL,0
229.37,0.857,190.2,0.968,49.985,22,5,196.57,49.329,-159.8,0.543,0.63,0.015,0.018,0,0,NORMAL,0
230.75,1.28,277.44,0.939,49.963,22,5,295.36,101.579,-72.56,0.793,0.75,0.037,0.011,0,0,NORMAL,0
227.43,2.056,460.74,0.985,50.122,22,5,467.596,80.686,110.74,1.316,2.57,0.122,0.035,0,0,NORMAL,0
228.87,1.945,410.45,0.922,49.933,22,5,445.152,172.358,60.45,1.173,1.13,0.067,0.028,0,0,NORMAL,0
230.04,1.849,405.87,0.954,49.962,23,5,425.344,127.521,55.87,1.16,0.04,0.038,0.004,0,0,NORMAL,0
229.51,1.823,389.05,0.93,50.083,23,5,418.397,153.786,39.05,1.112,0.49,0.083,0.02,0,0,NORMAL,0
232.28,1.334,296.07,0.955,49.988,23,5,309.862,91.907,-53.93,0.846,2.28,0.012,0.005,0,0,NORMAL,0
230.89,1.364,286.12,0.908,49.997,23,5,314.934,131.948,-63.88,0.817,0.89,0.003,0.042,0,0,NORMAL,0
226.59,0.663,146.76,0.977,49.991,0,6,150.229,32.035,16.76,1.129,3.41,0.009,0.027,1,0,NORMAL,0
228.81,0.5,107.92,0.944,50.043,0,6,114.405,37.747,-22.08,0.83,1.19,0.043,0.006,1,0,NORMAL,0
231.96,0.526,119.4,0.978,50.068,0,6,122.011,25.452,-10.6,0.918,1.96,0.068,0.028,1,0,NORMAL,0
228.92,0.655,137.02,0.913,50.091,0,6,149.943,61.171,7.02,1.054,1.08,0.091,0.037,1,0,NORMAL,0
233.44,0.589,133.36,0.97,49.992,1,6,137.496,33.426,3.36,1.026,3.44,0.008,0.02,1,0,NORMAL,0
229.83,0.315,67.1,0.927,49.909,1,6,72.396,27.153,-62.9,0.516,0.17,0.091,0.023,1,0,NORMAL,0
229.69,0.746,157.45,0.919,50.011,1,6,171.349,67.556,27.45,1.211,0.31,0.011,0.031,1,0,NORMAL,0
230.31,0.539,117.34,0.945,50.03,1,6,124.137,40.602,-12.66,0.903,0.31,0.03,0.005,1,0,NORMAL,0
233.83,0.53,113.56,0.916,49.995,2,6,123.93,49.718,-16.44,0.874,3.83,0.005,0.034,1,0,NORMAL,0
230.29,0.55,116.71,0.921,50.077,2,6,126.66,49.342,-13.29,0.898,0.29,0.077,0.029,1,0,NORMAL,0
229.55,0.486,100.55,0.902,49.992,2,6,111.561,48.165,-29.45,0.773,0.45,0.008,0.048,1,0,NORMAL,0
229.1,0.727,154.56,0.928,50.02,2,6,166.556,62.055,24.56,1.189,0.9,0.02,0.022,1,0,NORMAL,0
228.3,0.557,121.72,0.957,49.997,3,6,127.163,36.888,-8.28,0.936,1.7,0.003,0.007,1,0,NORMAL,0
233.09,0.565,128.48,0.976,49.988,3,6,131.696,28.679,-1.52,0.988,3.09,0.012,0.026,1,0,NORMAL,0
232.08,0.636,134.54,0.911,49.994,3,6,147.603,60.872,4.54,1.035,2.08,0.006,0.039,1,0,NORMAL,0
230.69,0.729,163.77,0.974,50.026,3,6,168.173,38.099,33.77,1.26,0.69,0.026,0.024,1,0,NORMAL,0
229.14,0.57,117.7,0.901,49.991,4,6,130.61,56.661,-12.3,0.905,0.86,0.009,0.049,1,0,NORMAL,0
232.4,0.424,90.67,0.92,49.985,4,6,98.538,38.619,-39.33,0.697,2.4,0.015,0.03,1,0,NORMAL,0
228.44,0.728,154.74,0.93,50.015,4,6,166.304,61.127,24.74,1.19,1.56,0.015,0.02,1,0,NORMAL,0
228.05,0.443,99.02,0.981,50.04,4,6,101.026,19.6,-30.98,0.762,1.95,0.04,0.031,1,0,NORMAL,0
230.25,0.637,139.46,0.951,50.018,5,6,146.669,45.349,9.46,1.073,0.25,0.018,0.001,1,0,NORMAL,0
227.55,0.502,112.27,0.984,49.962,5,6,114.23,20.352,-17.73,0.864,2.45,0.038,0.034,1,0,NORMAL,0
232.91,0.373,82.78,0.953,50.035,5,6,86.875,26.321,-47.22,0.637,2.91,0.035,0.003,1,0,NORMAL,0
231.89,0.579,126.32,0.941,50.035,5,6,134.264,45.436,-3.68,0.972,1.89,0.035,0.009,1,0,NORMAL,0
228.79,2.413,535.85,0.97,49.949,6,6,552.07,134.211,35.85,1.072,1.21,0.051,0.02,0,0,NORMAL,0
230.45,1.85,399.34,0.937,49.962,6,6,426.332,148.93,-100.66,0.799,0.45,0.038,0.013,0,0,NORMAL,0
225.76,3.392,704.09,0.919,50.101,6,6,765.778,301.914,204.09,1.408,4.24,0.101,0.031,0,0,NORMAL,0
228.72,1.753,372.5,0.929,49.988,6,6,400.946,148.382,-127.5,0.745,1.28,0.012,0.021,0,0,NORMAL,0
232.32,2.081,476.89,0.987,50.009,7,6,483.458,77.701,-23.11,0.954,2.32,0.009,0.037,0,0,NORMAL,0
230.75,2.309,491.97,0.923,49.977,7,6,532.802,205.022,-8.03,0.984,0.75,0.023,0.027,0,0,NORMAL,0
228.66,2.52,556.16,0.965,50.051,7,6,576.223,151.114,56.16,1.112,1.34,0.051,0.015,0,0,NORMAL,0
227.87,2.499,514.6,0.904,49.952,7,6,569.447,243.457,14.6,1.029,2.13,0.048,0.046,0,0,NORMAL,0
229.37,3.209,705.85,0.959,50.028,8,6,736.048,208.601,205.85,1.412,0.63,0.028,0.009,0,0,NORMAL,0
230.25,2.701,598.87,0.963,50.009,8,6,621.905,167.604,98.87,1.198,0.25,0.009,0.013,0,0,NORMAL,0
232.19,2.939,621.58,0.911,49.952,8,6,682.406,281.429,121.58,1.243,2.19,0.048,0.039,0,0,NORMAL,0
227.7,2.425,518.27,0.939,49.965,8,6,552.172,189.902,18.27,1.037,2.3,0.035,0.011,0,0,NORMAL,0
230.71,1.89,398.03,0.913,49.952,9,6,436.042,177.887,-26.97,0.937,0.71,0.048,0.037,0,0,NORMAL,0
228.37,2.698,595.31,0.966,49.958,9,6,616.142,159.299,170.31,1.401,1.63,0.042,0.016,0,0,NORMAL,0
227.92,1.675,361.13,0.946,49.935,9,6,381.766,123.756,-63.87,0.85,2.08,0.065,0.004,0,0,NORMAL,0
230.55,2.173,468.96,0.936,50.071,9,6,500.985,176.347,43.96,1.103,0.55,0.071,0.014,0,0,NORMAL,0
229.28,8.761,1986.72,0.989,49.988,10,6,2008.722,297.121,1561.72,4.675,0.72,0.012,0.039,0,1,POWER_SPIKE,1
230.81,7.115,1540.38,0.938,50.11,10,6,1642.213,569.249,1115.38,3.624,0.81,0.11,0.012,0,1,POWER_SPIKE,1
227.44,13.198,2914.79,0.971,50.048,10,6,3001.753,717.658,2489.79,6.858,2.56,0.048,0.021,0,1,POWER_SPIKE,1
228.12,11.827,2482.14,0.92,49.96,10,6,2697.975,1057.386,2057.14,5.84,1.88,0.04,0.03,0,1,POWER_SPIKE,1
231.72,7.268,1552.78,0.922,50.029,11,6,1684.141,652.082,1127.78,3.654,1.72,0.029,0.028,0,1,POWER_SPIKE,1
231.49,5.035,1120.17,0.961,49.984,11,6,1165.552,322.332,695.17,2.636,1.49,0.016,0.011,0,1,POWER_SPIKE,1
229.83,9.073,2026.84,0.972,50.014,11,6,2085.248,489.993,1601.84,4.769,0.17,0.014,0.022,0,1,POWER_SPIKE,1
232.32,5.64,1200.32,0.916,50.049,11,6,1310.285,525.658,775.32,2.824,2.32,0.049,0.034,0,1,POWER_SPIKE,1
227.63,8.152,1749.95,0.943,49.956,12,6,1855.64,617.543,1324.95,4.118,2.37,0.044,0.007,0,1,POWER_SPIKE,1
229.59,6.06,1352.4,0.972,49.98,12,6,1391.315,326.932,927.4,3.182,0.41,0.02,0.022,0,1,POWER_SPIKE,1
228.53,12.315,2583.54,0.918,49.909,12,6,2814.347,1116.115,2158.54,6.079,1.47,0.091,0.032,0,1,POWER_SPIKE,1
231.94,9.1,2081.16,0.986,50.006,12,6,2110.654,351.942,1656.16,4.897,1.94,0.006,0.036,0,1,POWER_SPIKE,1
232.06,15.252,3319.96,0.938,49.887,13,6,3539.379,1226.874,2894.96,7.812,2.06,0.113,0.012,0,1,POWER_SPIKE,1
229.09,7.338,1536.46,0.914,49.948,13,6,1681.062,682.031,1111.46,3.615,0.91,0.052,0.036,0,1,POWER_SPIKE,1
228.33,8.887,1889.11,0.931,50.016,13,6,2029.169,740.685,1464.11,4.445,1.67,0.016,0.019,0,1,POWER_SPIKE,1
229.87,9.818,2060.59,0.913,50.032,13,6,2256.864,920.709,1635.59,4.848,0.13,0.032,0.037,0,1,POWER_SPIKE,1
232.17,9.575,2091.94,0.941,49.995,14,6,2223.028,752.287,1666.94,4.922,2.17,0.005,0.009,0,1,POWER_SPIKE,1
233.05,11.214,2459.19,0.941,50.035,14,6,2613.423,884.399,2034.19,5.786,3.05,0.035,0.009,0,1,POWER_SPIKE,1
228.45,9.344,2006.58,0.94,50.001,14,6,2134.637,728.284,1581.58,4.721,1.55,0.001,0.01,0,1,POWER_SPIKE,1
230.04,6.909,1522.49,0.958,50.047,14,6,1589.346,455.774,1097.49,3.582,0.04,0.047,0.008,0,1,POWER_SPIKE,1
226.43,10.381,2275.39,0.968,50.067,15,6,2350.57,589.876,1850.39,5.354,3.57,0.067,0.018,0,1,POWER_SPIKE,1
227.79,14.983,3225.32,0.945,49.987,15,6,3412.978,1116.284,2800.32,7.589,2.21,0.013,0.005,0,1,POWER_SPIKE,1
231.87,7.023,1530.75,0.94,50.037,15,6,1628.423,555.576,1105.75,3.602,1.87,0.037,0.01,0,1,POWER_SPIKE,1
231.01,7.427,1657.33,0.966,49.983,15,6,1715.711,443.584,1232.33,3.9,1.01,0.017,0.016,0,1,POWER_SPIKE,1
231.6,9.505,2115.54,0.961,50.037,16,6,2201.358,608.782,1690.54,4.978,1.6,0.037,0.011,0,1,POWER_SPIKE,1
230.93,8.965,1989.61,0.961,50.045,16,6,2070.287,572.535,1564.61,4.681,0.93,0.045,0.011,0,1,POWER_SPIKE,1
229.7,8.649,1933.14,0.973,49.984,16,6,1986.675,458.535,1508.14,4.549,0.3,0.016,0.023,0,1,POWER_SPIKE,1
229.89,4.565,952.9,0.908,49.981,16,6,1049.448,439.687,527.9,2.242,0.11,0.019,0.042,0,1,POWER_SPIKE,1
228.45,15.161,3138.06,0.906,50.08,17,6,3463.53,1466.035,2388.06,4.184,1.55,0.08,0.044,0,1,POWER_SPIKE,1
232.06,15.503,3543.56,0.985,50.032,17,6,3597.626,620.786,2793.56,4.725,2.06,0.032,0.035,0,1,POWER_SPIKE,1
229.65,8.743,1835.09,0.914,50.037,17,6,2007.83,814.605,1085.09,2.447,0.35,0.037,0.036,0,1,POWER_SPIKE,1
230.31,15.738,3378.22,0.932,50.024,17,6,3624.619,1313.773,2628.22,4.504,0.31,0.024,0.018,0,1,POWER_SPIKE,1
230.84,24.243,5249.38,0.938,50.026,18,6,5596.254,1939.859,4499.38,6.999,0.84,0.026,0.012,0,1,POWER_SPIKE,1
230.37,10.078,2163.74,0.932,50.024,18,6,2321.669,841.508,1413.74,2.885,0.37,0.024,0.018,0,1,POWER_SPIKE,1
230.07,16.274,3433.4,0.917,50.003,18,6,3744.159,1493.497,2683.4,4.578,0.07,0.003,0.033,0,1,POWER_SPIKE,1
229.29,22.486,4753.6,0.922,49.959,18,6,5155.815,1996.279,4003.6,6.338,0.71,0.041,0.028,0,1,POWER_SPIKE,1
229.08,20.691,4441.29,0.937,50.003,19,6,4739.894,1655.784,3691.29,5.922,0.92,0.003,0.013,0,1,POWER_SPIKE,1
230.45,12.281,2790.46,0.986,49.977,19,6,2830.156,471.915,2040.46,3.721,0.45,0.023,0.036,0,1,POWER_SPIKE,1
230.25,20.053,4557.22,0.987,50.001,19,6,4617.203,742.078,3807.22,6.076,0.25,0.001,0.037,0,1,POWER_SPIKE,1
229.98,11.418,2463.16,0.938,49.916,19,6,2625.912,910.234,1713.16,3.284,0.02,0.084,0.012,0,1,POWER_SPIKE,1
227.75,23.831,5015.0,0.924,49.979,20,6,5427.51,2075.439,4265.0,6.687,2.25,0.021,0.026,0,1,POWER_SPIKE,1
230.98,13.093,2748.95,0.909,49.986,20,6,3024.221,1260.484,1998.95,3.665,0.98,0.014,0.041,0,1,POWER_SPIKE,1
229.75,14.097,2966.64,0.916,49.989,20,6,3238.786,1299.33,2216.64,3.956,0.25,0.011,0.034,0,1,POWER_SPIKE,1
229.47,13.958,3042.82,0.95,50.024,20,6,3202.942,1000.118,2292.82,4.057,0.53,0.024,0.0,0,1,POWER_SPIKE,1
230.45,14.12,3149.82,0.968,49.976,21,6,3253.954,816.58,2399.82,4.2,0.45,0.024,0.018,0,1,POWER_SPIKE,1
228.27,19.67,4359.91,0.971,50.022,21,6,4490.071,1073.484,3609.91,5.813,1.73,0.022,0.021,0,1,POWER_SPIKE,1
231.09,15.278,3251.77,0.921,49.958,21,6,3530.593,1375.387,2501.77,4.336,1.09,0.042,0.029,0,1,POWER_SPIKE,1
228.84,9.992,2252.38,0.985,50.01,21,6,2286.569,394.557,1502.38,3.003,1.16,0.01,0.035,0,1,POWER_SPIKE,1
227.96,4.63,1028.01,0.974,49.97,22,6,1055.455,239.111,678.01,2.937,2.04,0.03,0.024,0,1,POWER_SPIKE,1
233.13,2.91,650.0,0.958,49.971,22,6,678.408,194.546,300.0,1.857,3.13,0.029,0.008,0,0,POWER_SPIKE,1
226.77,6.904,1521.72,0.972,49.963,22,6,1565.62,367.891,1171.72,4.348,3.23,0.037,0.022,0,1,POWER_SPIKE,1
231.29,4.785,1065.73,0.963,50.063,22,6,1106.723,298.263,715.73,3.045,1.29,0.063,0.013,0,1,POWER_SPIKE,1
228.24,8.986,1987.36,0.969,50.008,23,6,2050.965,506.713,1637.36,5.678,1.76,0.008,0.019,0,1,POWER_SPIKE,1
229.82,4.648,1025.58,0.96,50.032,23,6,1068.203,299.097,675.58,2.93,0.18,0.032,0.01,0,1,POWER_SPIKE,1
230.23,5.684,1185.65,0.906,50.048,23,6,1308.627,553.913,835.65,3.388,0.23,0.048,0.044,0,1,POWER_SPIKE,1
231.12,5.334,1187.28,0.963,49.926,23,6,1232.794,332.24,837.28,3.392,1.12,0.074,0.013,0,1,POWER_SPIKE,1
234.53,2.062,465.77,0.963,49.948,0,0,483.601,130.331,335.77,3.583,4.53,0.052,0.013,1,1,POWER_SPIKE,1
228.89,1.79,397.44,0.97,50.035,0,0,409.713,99.603,267.44,3.057,1.11,0.035,0.02,1,1,POWER_SPIKE,1
228.87,3.953,840.54,0.929,49.982,0,0,904.723,334.82,710.54,6.466,1.13,0.018,0.021,1,1,POWER_SPIKE,1
229.3,1.994,426.57,0.933,49.984,0,0,457.224,164.544,296.57,3.281,0.7,0.016,0.017,1,1,POWER_SPIKE,1
230.86,3.557,806.29,0.982,49.998,1,0,821.169,155.103,676.29,6.202,0.86,0.002,0.032,1,1,POWER_SPIKE,1
229.44,2.782,575.85,0.902,49.926,1,0,638.302,275.578,445.85,4.43,0.56,0.074,0.048,1,1,POWER_SPIKE,1
231.75,1.684,362.62,0.929,50.094,1,0,390.267,144.43,232.62,2.789,1.75,0.094,0.021,1,1,POWER_SPIKE,1
228.72,2.655,556.3,0.916,50.036,1,0,607.252,243.616,426.3,4.279,1.28,0.036,0.034,1,1,POWER_SPIKE,1
229.19,1.923,425.83,0.966,50.042,2,0,440.732,113.948,295.83,3.276,0.81,0.042,0.016,1,1,POWER_SPIKE,1
231.86,2.828,611.86,0.933,49.954,2,0,655.7,235.971,481.86,4.707,1.86,0.046,0.017,1,1,POWER_SPIKE,1
230.78,3.343,759.14,0.984,50.016,2,0,771.498,137.457,629.14,5.84,0.78,0.016,0.034,1,1,POWER_SPIKE,1
230.47,2.813,634.74,0.979,49.945,2,0,648.312,132.165,504.74,4.883,0.47,0.055,0.029,1,1,POWER_SPIKE,1
228.71,3.077,671.28,0.954,50.048,3,0,703.741,210.986,541.28,5.164,1.29,0.048,0.004,1,1,POWER_SPIKE,1
227.97,2.854,626.51,0.963,49.993,3,0,650.626,175.345,496.51,4.819,2.03,0.007,0.013,1,1,POWER_SPIKE,1
231.79,2.1,466.34,0.958,49.904,3,0,486.759,139.587,336.34,3.587,1.79,0.096,0.008,1,1,POWER_SPIKE,1
230.41,2.767,606.41,0.951,49.996,3,0,637.544,197.123,476.41,4.665,0.41,0.004,0.001,1,1,POWER_SPIKE,1
231.08,2.903,632.55,0.943,49.962,4,0,670.825,223.246,502.55,4.866,1.08,0.038,0.007,1,1,POWER_SPIKE,1
232.0,1.91,406.7,0.918,50.028,4,0,443.12,175.733,276.7,3.128,2.0,0.028,0.032,1,1,POWER_SPIKE,1
229.53,3.383,757.82,0.976,50.013,4,0,776.5,169.099,627.82,5.829,0.47,0.013,0.026,1,1,POWER_SPIKE,1
229.2,1.606,335.6,0.912,50.032,4,0,368.095,150.989,205.6,2.582,0.8,0.032,0.038,1,1,POWER_SPIKE,1
232.55,3.389,732.14,0.929,49.982,5,0,788.112,291.664,602.14,5.632,2.55,0.018,0.021,1,1,POWER_SPIKE,1
230.5,3.171,686.28,0.939,49.917,5,0,730.915,251.374,556.28,5.279,0.5,0.083,0.011,1,1,POWER_SPIKE,1
227.18,3.005,640.28,0.938,50.023,5,0,682.676,236.64,510.28,4.925,2.82,0.023,0.012,1,1,POWER_SPIKE,1
229.27,4.3,946.37,0.96,50.012,5,0,985.861,276.041,816.37,7.28,0.73,0.012,0.01,1,1,POWER_SPIKE,1
226.02,9.715,1989.37,0.906,49.995,6,0,2195.784,929.426,1489.37,3.979,3.98,0.005,0.044,0,1,POWER_SPIKE,1
228.64,12.181,2626.22,0.943,49.947,6,0,2785.064,926.849,2126.22,5.252,1.36,0.053,0.007,0,1,POWER_SPIKE,1
233.2,9.229,1984.27,0.922,50.022,6,0,2152.203,833.311,1484.27,3.969,3.2,0.022,0.028,0,1,POWER_SPIKE,1
232.88,16.08,3493.79,0.933,49.978,6,0,3744.71,1347.633,2993.79,6.988,2.88,0.022,0.017,0,1,POWER_SPIKE,1
232.54,11.746,2575.8,0.943,49.972,7,0,2731.415,908.995,2075.8,5.152,2.54,0.028,0.007,0,1,POWER_SPIKE,1
232.65,12.024,2540.02,0.908,50.024,7,0,2797.384,1172.02,2040.02,5.08,2.65,0.024,0.042,0,1,POWER_SPIKE,1
229.16,11.713,2592.81,0.966,49.961,7,0,2684.151,693.966,2092.81,5.186,0.84,0.039,0.016,0,1,POWER_SPIKE,1
227.98,7.859,1685.96,0.941,50.057,7,0,1791.695,606.321,1185.96,3.372,2.02,0.057,0.009,0,1,POWER_SPIKE,1
231.48,13.641,3021.9,0.957,49.963,8,0,3157.619,915.987,2521.9,6.044,1.48,0.037,0.007,0,1,POWER_SPIKE,1
231.8,12.157,2603.91,0.924,50.084,8,0,2817.993,1077.579,2103.91,5.208,1.8,0.084,0.026,0,1,POWER_SPIKE,1
227.26,11.192,2416.3,0.95,50.028,8,0,2543.494,794.206,1916.3,4.833,2.74,0.028,0.0,0,1,POWER_SPIKE,1
231.94,11.059,2313.73,0.902,50.082,8,0,2565.024,1107.413,1813.73,4.627,1.94,0.082,0.048,0,1,POWER_SPIKE,1
233.44,9.48,1998.45,0.903,50.05,9,0,2213.011,950.799,1573.45,4.702,3.44,0.05,0.047,0,1,POWER_SPIKE,1
226.87,4.862,996.07,0.903,49.932,9,0,1103.042,473.912,571.07,2.344,3.13,0.068,0.047,0,1,POWER_SPIKE,1
229.84,12.637,2828.94,0.974,50.061,9,0,2904.488,658.006,2403.94,6.656,0.16,0.061,0.024,0,1,POWER_SPIKE,1
231.15,11.024,2418.24,0.949,50.016,9,0,2548.198,803.386,1993.24,5.69,1.15,0.016,0.001,0,1,POWER_SPIKE,1
234.32,10.543,2314.69,0.937,49.989,10,0,2470.436,862.996,1889.69,5.446,4.32,0.011,0.013,0,1,POWER_SPIKE,1
231.6,5.676,1214.65,0.924,49.977,10,0,1314.562,502.678,789.65,2.858,1.6,0.023,0.026,0,1,POWER_SPIKE,1
233.35,5.15,1108.11,0.922,49.982,10,0,1201.753,465.306,683.11,2.607,3.35,0.018,0.028,0,1,POWER_SPIKE,1
228.94,14.399,2996.43,0.909,50.004,10,0,3296.507,1373.971,2571.43,7.05,1.06,0.004,0.041,0,1,POWER_SPIKE,1
227.92,8.243,1728.42,0.92,50.005,11,0,1878.745,736.314,1303.42,4.067,2.08,0.005,0.03,0,1,POWER_SPIKE,1
229.07,5.838,1220.97,0.913,49.89,11,0,1337.311,545.569,795.97,2.873,0.93,0.11,0.037,0,1,POWER_SPIKE,1
226.86,6.55,1439.94,0.969,49.972,11,0,1485.933,367.116,1014.94,3.388,3.14,0.028,0.019,0,1,POWER_SPIKE,1
230.78,6.512,1474.32,0.981,50.023,11,0,1502.839,291.562,1049.32,3.469,0.78,0.023,0.031,0,1,POWER_SPIKE,1
228.87,6.11,1331.31,0.952,49.89,12,0,1398.396,428.046,906.31,3.132,1.13,0.11,0.002,0,1,POWER_SPIKE,1
229.65,6.669,1419.68,0.927,50.055,12,0,1531.536,574.42,994.68,3.34,0.35,0.055,0.023,0,1,POWER_SPIKE,1
231.19,9.891,2140.31,0.936,50.038,12,0,2286.7,804.919,1715.31,5.036,1.19,0.038,0.014,0,1,POWER_SPIKE,1
229.65,5.659,1270.97,0.978,49.956,12,0,1299.589,271.101,845.97,2.991,0.35,0.044,0.028,0,1,POWER_SPIKE,1
233.27,12.686,2737.32,0.925,50.09,13,0,2959.263,1124.423,2312.32,6.441,3.27,0.09,0.025,0,1,POWER_SPIKE,1
229.31,10.882,2467.94,0.989,50.002,13,0,2495.351,369.101,2042.94,5.807,0.69,0.002,0.039,0,1,POWER_SPIKE,1
230.08,5.549,1230.76,0.964,50.017,13,0,1276.714,339.481,805.76,2.896,0.08,0.017,0.014,0,1,POWER_SPIKE,1
234.35,5.751,1315.42,0.976,49.945,13,0,1347.747,293.5,890.42,3.095,4.35,0.055,0.026,0,1,POWER_SPIKE,1
230.85,7.838,1711.59,0.946,50.029,14,0,1809.402,586.548,1286.59,4.027,0.85,0.029,0.004,0,1,POWER_SPIKE,1
230.29,12.58,2842.09,0.981,50.016,14,0,2897.048,562.05,2417.09,6.687,0.29,0.016,0.031,0,1,POWER_SPIKE,1
226.73,10.176,2233.29,0.968,49.972,14,0,2307.204,578.993,1808.29,5.255,3.27,0.028,0.018,0,1,POWER_SPIKE,1
232.24,9.274,2003.03,0.93,50.054,14,0,2153.794,791.647,1578.03,4.713,2.24,0.054,0.02,0,1,POWER_SPIKE,1
231.51,13.301,3033.04,0.985,49.943,15,0,3079.315,531.349,2608.04,7.137,1.51,0.057,0.035,0,1,POWER_SPIKE,1
226.16,8.593,1815.12,0.934,49.971,15,0,1943.393,694.322,1390.12,4.271,3.84,0.029,0.016,0,1,POWER_SPIKE,1
230.62,10.481,2354.25,0.974,50.076,15,0,2417.128,547.596,1929.25,5.539,0.62,0.076,0.024,0,1,POWER_SPIKE,1
227.18,5.711,1275.27,0.983,50.03,15,0,1297.425,238.214,850.27,3.001,2.82,0.03,0.033,0,1,POWER_SPIKE,1
230.25,6.051,1311.0,0.941,50.037,16,0,1393.243,471.482,886.0,3.085,0.25,0.037,0.009,0,1,POWER_SPIKE,1
225.17,5.015,1036.57,0.918,50.038,16,0,1129.228,447.829,611.57,2.439,4.83,0.038,0.032,0,1,POWER_SPIKE,1
230.36,4.134,919.98,0.966,50.019,16,0,952.308,246.212,494.98,2.165,0.36,0.019,0.016,0,1,POWER_SPIKE,1
229.24,8.941,1973.79,0.963,49.989,16,0,2049.635,552.379,1548.79,4.644,0.76,0.011,0.013,0,1,POWER_SPIKE,1
226.63,14.824,3195.04,0.951,49.981,17,0,3359.563,1038.746,2445.04,4.26,3.37,0.019,0.001,0,1,POWER_SPIKE,1
228.81,16.163,3502.19,0.947,49.974,17,0,3698.256,1188.004,2752.19,4.67,1.19,0.026,0.003,0,1,POWER_SPIKE,1
227.48,16.417,3488.09,0.934,49.966,17,0,3734.539,1334.25,2738.09,4.651,2.52,0.034,0.016,0,1,POWER_SPIKE,1
230.7,14.888,3400.3,0.99,49.953,17,0,3434.662,484.519,2650.3,4.534,0.7,0.047,0.04,0,1,POWER_SPIKE,1
227.91,20.618,4501.72,0.958,49.99,18,0,4699.048,1347.538,3751.72,6.002,2.09,0.01,0.008,0,1,POWER_SPIKE,1
231.29,17.971,4073.46,0.98,50.006,18,0,4156.513,827.136,3323.46,5.431,1.29,0.006,0.03,0,1,POWER_SPIKE,1
229.8,14.955,3350.81,0.975,49.918,18,0,3436.659,763.642,2600.81,4.468,0.2,0.082,0.025,0,1,POWER_SPIKE,1
233.51,22.227,4801.06,0.925,50.026,18,0,5190.227,1972.115,4051.06,6.401,3.51,0.026,0.025,0,1,POWER_SPIKE,1
227.81,14.613,3245.73,0.975,49.985,19,0,3328.988,739.717,2495.73,4.328,2.19,0.015,0.025,0,1,POWER_SPIKE,1
230.74,13.894,2888.59,0.901,50.046,19,0,3205.902,1390.781,2138.59,3.851,0.74,0.046,0.049,0,1,POWER_SPIKE,1
231.97,9.196,2039.39,0.956,50.043,19,0,2133.196,625.809,1289.39,2.719,1.97,0.043,0.006,0,1,POWER_SPIKE,1
230.51,11.979,2543.18,0.921,49.943,19,0,2761.279,1075.691,1793.18,3.391,0.51,0.057,0.029,0,1,POWER_SPIKE,1
229.17,17.868,3709.9,0.906,49.948,20,0,4094.81,1733.242,2959.9,4.947,0.83,0.052,0.044,0,1,POWER_SPIKE,1
232.06,15.341,3260.94,0.916,49.96,20,0,3560.032,1428.208,2510.94,4.348,2.06,0.04,0.034,0,1,POWER_SPIKE,1
230.8,19.512,4224.24,0.938,50.053,20,0,4503.37,1561.027,3474.24,5.632,0.8,0.053,0.012,0,1,POWER_SPIKE,1
229.48,22.213,4878.16,0.957,49.995,20,0,5097.439,1478.706,4128.16,6.504,0.52,0.005,0.007,0,1,POWER_SPIKE,1
224.87,17.833,3969.99,0.99,50.086,21,0,4010.107,565.695,3219.99,5.293,5.13,0.086,0.04,0,1,POWER_SPIKE,1
231.7,21.455,4916.33,0.989,50.012,21,0,4971.123,735.306,4166.33,6.555,1.7,0.012,0.039,0,1,POWER_SPIKE,1
231.53,12.173,2686.02,0.953,50.109,21,0,2818.415,853.896,1936.02,3.581,1.53,0.109,0.003,0,1,POWER_SPIKE,1
230.34,7.687,1752.85,0.99,49.996,21,0,1770.624,249.777,1002.85,2.337,0.34,0.004,0.04,0,1,POWER_SPIKE,1
229.92,6.165,1342.36,0.947,50.071,22,0,1417.457,455.335,992.36,3.835,0.08,0.071,0.003,0,1,POWER_SPIKE,1
231.65,8.043,1702.89,0.914,49.987,22,0,1863.161,755.911,1352.89,4.865,1.65,0.013,0.036,0,1,POWER_SPIKE,1
227.42,7.519,1566.27,0.916,50.016,22,0,1709.971,686.003,1216.27,4.475,2.58,0.016,0.034,0,1,POWER_SPIKE,1
226.09,7.805,1694.03,0.96,49.991,22,0,1764.632,494.097,1344.03,4.84,3.91,0.009,0.01,0,1,POWER_SPIKE,1
229.93,7.184,1541.11,0.933,50.017,23,0,1651.817,594.45,1191.11,4.403,0.07,0.017,0.017,0,1,POWER_SPIKE,1
232.28,5.051,1060.67,0.904,49.988,23,0,1173.246,501.601,710.67,3.03,2.28,0.012,0.046,0,1,POWER_SPIKE,1
231.04,4.092,865.97,0.916,49.929,23,0,945.416,379.28,515.97,2.474,1.04,0.071,0.034,0,1,POWER_SPIKE,1
229.17,12.436,2647.61,0.929,49.908,23,0,2849.958,1054.712,2297.61,7.565,0.83,0.092,0.021,0,1,POWER_SPIKE,1
232.24,1.775,404.84,0.982,50.069,0,1,412.226,77.862,274.84,3.114,2.24,0.069,0.032,1,1,POWER_SPIKE,1
231.9,2.135,456.47,0.922,49.991,0,1,495.106,191.7,326.47,3.511,1.9,0.009,0.028,1,1,POWER_SPIKE,1
232.86,1.359,291.14,0.92,49.97,0,1,316.457,124.025,161.14,2.24,2.86,0.03,0.03,1,1,POWER_SPIKE,1
228.3,2.299,503.76,0.96,50.013,0,1,524.862,146.961,373.76,3.875,1.7,0.013,0.01,1,1,POWER_SPIKE,1
227.27,3.811,788.23,0.91,50.076,1,1,866.126,359.103,658.23,6.063,2.73,0.076,0.04,1,1,POWER_SPIKE,1
227.98,3.231,724.74,0.984,49.943,1,1,736.603,131.239,594.74,5.575,2.02,0.057,0.034,1,1,POWER_SPIKE,1
230.6,2.542,557.37,0.951,49.974,1,1,586.185,181.243,427.37,4.287,0.6,0.026,0.001,1,1,POWER_SPIKE,1
230.28,1.576,328.88,0.906,50.003,1,1,362.921,153.616,198.88,2.53,0.28,0.003,0.044,1,1,POWER_SPIKE,1
227.74,4.39,917.86,0.918,50.013,2,1,999.779,396.493,787.86,7.06,2.26,0.013,0.032,1,1,POWER_SPIKE,1
229.19,1.938,402.86,0.907,50.08,2,1,444.17,187.054,272.86,3.099,0.81,0.08,0.043,1,1,POWER_SPIKE,1
229.04,2.795,592.09,0.925,49.997,2,1,640.167,243.242,462.09,4.555,0.96,0.003,0.025,1,1,POWER_SPIKE,1
229.7,2.427,527.29,0.946,50.021,2,1,557.482,180.717,397.29,4.056,0.3,0.021,0.004,1,1,POWER_SPIKE,1
229.09,3.26,704.24,0.943,49.966,3,1,746.833,248.541,574.24,5.417,0.91,0.034,0.007,1,1,POWER_SPIKE,1
230.43,4.092,859.85,0.912,50.086,3,1,942.92,386.776,729.85,6.614,0.43,0.086,0.038,1,1,POWER_SPIKE,1
231.58,2.792,612.28,0.947,49.967,3,1,646.571,207.7,482.28,4.71,1.58,0.033,0.003,1,1,POWER_SPIKE,1
231.56,3.863,844.39,0.944,50.037,3,1,894.516,295.142,714.39,6.495,1.56,0.037,0.006,1,1,POWER_SPIKE,1
228.85,2.832,593.11,0.915,50.024,4,1,648.103,261.48,463.11,4.562,1.15,0.024,0.035,1,1,POWER_SPIKE,1
228.01,2.837,615.71,0.952,50.01,4,1,646.864,198.004,485.71,4.736,1.99,0.01,0.002,1,1,POWER_SPIKE,1
229.34,1.58,356.86,0.985,50.076,4,1,362.357,62.526,226.86,2.745,0.66,0.076,0.035,1,1,POWER_SPIKE,1
227.34,4.484,917.54,0.9,49.997,4,1,1019.393,444.343,787.54,7.058,2.66,0.003,0.05,1,1,POWER_SPIKE,1
232.29,1.864,413.14,0.954,50.042,5,1,432.989,129.813,283.14,3.178,2.29,0.042,0.004,1,1,POWER_SPIKE,1
227.75,3.812,785.63,0.905,50.013,5,1,868.183,369.335,655.63,6.043,2.25,0.013,0.045,1,1,POWER_SPIKE,1
229.22,1.961,424.77,0.945,49.974,5,1,449.5,147.018,294.77,3.267,0.78,0.026,0.005,1,1,POWER_SPIKE,1
227.28,1.95,404.73,0.913,50.045,5,1,443.196,180.806,274.73,3.113,2.72,0.045,0.037,1,1,POWER_SPIKE,1
225.26,10.513,2290.04,0.967,50.056,6,1,2368.158,603.351,1790.04,4.58,4.74,0.056,0.017,0,1,POWER_SPIKE,1
227.88,6.617,1486.67,0.986,50.043,6,1,1507.882,251.432,986.67,2.973,2.12,0.043,0.036,0,1,POWER_SPIKE,1
231.57,6.878,1567.35,0.984,49.948,6,1,1592.738,283.776,1067.35,3.135,1.57,0.052,0.034,0,1,POWER_SPIKE,1
232.87,6.457,1362.24,0.906,50.021,6,1,1503.642,636.458,862.24,2.724,2.87,0.021,0.044,0,1,POWER_SPIKE,1
229.77,10.295,2207.01,0.933,50.006,7,1,2365.482,851.281,1707.01,4.414,0.23,0.006,0.017,0,1,POWER_SPIKE,1
229.31,7.747,1756.89,0.989,49.933,7,1,1776.465,262.767,1256.89,3.514,0.69,0.067,0.039,0,1,POWER_SPIKE,1
232.69,13.146,2918.27,0.954,49.967,7,1,3058.943,917.091,2418.27,5.837,2.69,0.033,0.004,0,1,POWER_SPIKE,1
227.8,11.075,2457.24,0.974,49.984,7,1,2522.885,571.555,1957.24,4.914,2.2,0.016,0.024,0,1,POWER_SPIKE,1
233.22,12.399,2752.94,0.952,49.964,8,1,2891.695,885.142,2252.94,5.506,3.22,0.036,0.002,0,1,POWER_SPIKE,1
231.95,8.49,1780.2,0.904,49.983,8,1,1969.255,841.921,1280.2,3.56,1.95,0.017,0.046,0,1,POWER_SPIKE,1
231.59,9.96,2119.74,0.919,50.06,8,1,2306.636,909.409,1619.74,4.239,1.59,0.06,0.031,0,1,POWER_SPIKE,1
231.62,8.78,1992.98,0.98,49.991,8,1,2033.624,404.686,1492.98,3.986,1.62,0.009,0.03,0,1,POWER_SPIKE,1
231.84,8.591,1830.36,0.919,50.031,9,1,1991.737,785.257,1405.36,4.307,1.84,0.031,0.031,0,1,POWER_SPIKE,1
228.61,12.998,2742.6,0.923,49.998,9,1,2971.473,1143.423,2317.6,6.453,1.39,0.002,0.027,0,1,POWER_SPIKE,1
230.35,6.475,1351.27,0.906,50.032,9,1,1491.516,631.326,926.27,3.179,0.35,0.032,0.044,0,1,POWER_SPIKE,1
228.81,7.161,1572.86,0.96,50.099,9,1,1638.508,458.782,1147.86,3.701,1.19,0.099,0.01,0,1,POWER_SPIKE,1
228.83,8.315,1737.25,0.913,50.046,10,1,1902.721,776.233,1312.25,4.088,1.17,0.046,0.037,0,1,POWER_SPIKE,1
229.48,7.75,1737.63,0.977,49.962,10,1,1778.47,379.24,1312.63,4.089,0.52,0.038,0.027,0,1,POWER_SPIKE,1
234.1,12.285,2792.6,0.971,49.943,10,1,2875.918,687.573,2367.6,6.571,4.1,0.057,0.021,0,1,POWER_SPIKE,1
230.24,7.114,1488.95,0.909,49.969,10,1,1637.927,682.682,1063.95,3.503,0.24,0.031,0.041,0,1,POWER_SPIKE,1
230.33,6.925,1473.85,0.924,50.071,11,1,1595.035,609.929,1048.85,3.468,0.33,0.071,0.026,0,1,POWER_SPIKE,1
233.58,3.998,911.41,0.976,50.04,11,1,933.853,203.366,486.41,2.144,3.58,0.04,0.026,0,1,POWER_SPIKE,1
234.98,6.716,1511.77,0.958,49.976,11,1,1578.126,452.556,1086.77,3.557,4.98,0.024,0.008,0,1,POWER_SPIKE,1
231.01,6.919,1508.81,0.944,50.012,11,1,1598.358,527.371,1083.81,3.55,1.01,0.012,0.006,0,1,POWER_SPIKE,1
229.12,5.329,1149.01,0.941,49.936,12,1,1220.98,413.188,724.01,2.704,0.88,0.064,0.009,0,1,POWER_SPIKE,1
226.74,10.368,2205.0,0.938,49.946,12,1,2350.84,814.884,1780.0,5.188,3.26,0.054,0.012,0,1,POWER_SPIKE,1
231.94,8.471,1848.74,0.941,50.002,12,1,1964.764,664.889,1423.74,4.35,1.94,0.002,0.009,0,1,POWER_SPIKE,1
228.8,10.263,2324.64,0.99,49.93,12,1,2348.174,331.251,1899.64,5.47,1.2,0.07,0.04,0,1,POWER_SPIKE,1
229.28,6.396,1451.87,0.99,50.049,13,1,1466.475,206.872,1026.87,3.416,0.72,0.049,0.04,0,1,POWER_SPIKE,1
232.62,4.677,1036.76,0.953,50.087,13,1,1087.964,329.621,611.76,2.439,2.62,0.087,0.003,0,1,POWER_SPIKE,1
231.96,3.505,775.53,0.954,49.922,13,1,813.02,243.749,350.53,1.825,1.96,0.078,0.004,0,0,POWER_SPIKE,1
231.91,8.969,1967.7,0.946,50.004,13,1,2080.001,674.267,1542.7,4.63,1.91,0.004,0.004,0,1,POWER_SPIKE,1
229.74,9.633,2186.44,0.988,49.992,14,1,2213.085,341.82,1761.44,5.145,0.26,0.008,0.038,0,1,POWER_SPIKE,1
227.6,5.044,1087.23,0.947,50.0,14,1,1148.014,368.781,662.23,2.558,2.4,0.0,0.003,0,1,POWER_SPIKE,1
233.36,9.822,2241.65,0.978,49.983,14,1,2292.062,478.135,1816.65,5.274,3.36,0.017,0.028,0,1,POWER_SPIKE,1
231.26,9.581,2091.57,0.944,49.979,14,1,2215.702,731.061,1666.57,4.921,1.26,0.021,0.006,0,1,POWER_SPIKE,1
233.62,6.976,1561.18,0.958,49.927,15,1,1629.733,467.356,1136.18,3.673,3.62,0.073,0.008,0,1,POWER_SPIKE,1
233.05,8.653,1837.0,0.911,49.988,15,1,2016.582,831.651,1412.0,4.322,3.05,0.012,0.039,0,1,POWER_SPIKE,1
229.12,9.032,2032.07,0.982,50.008,15,1,2069.412,390.872,1607.07,4.781,0.88,0.008,0.032,0,1,POWER_SPIKE,1
235.1,9.222,2005.48,0.925,50.002,15,1,2168.092,823.804,1580.48,4.719,5.1,0.002,0.025,0,1,POWER_SPIKE,1
231.35,9.007,1925.42,0.924,49.994,16,1,2083.769,796.818,1500.42,4.53,1.35,0.006,0.026,0,1,POWER_SPIKE,1
232.9,7.075,1530.68,0.929,50.072,16,1,1647.768,609.805,1105.68,3.602,2.9,0.072,0.021,0,1,POWER_SPIKE,1
230.05,8.434,1879.99,0.969,49.984,16,1,1940.242,479.358,1454.99,4.424,0.05,0.016,0.019,0,1,POWER_SPIKE,1
227.99,6.283,1369.52,0.956,50.002,16,1,1432.461,420.236,944.52,3.222,2.01,0.002,0.006,0,1,POWER_SPIKE,1
229.15,13.082,2698.0,0.9,49.996,17,1,2997.74,1306.685,1948.0,3.597,0.85,0.004,0.05,0,1,POWER_SPIKE,1
229.7,21.939,4918.41,0.976,49.948,17,1,5039.388,1097.43,4168.41,6.558,0.3,0.052,0.026,0,1,POWER_SPIKE,1
230.38,14.472,3024.01,0.907,49.993,17,1,3334.059,1404.074,2274.01,4.032,0.38,0.007,0.043,0,1,POWER_SPIKE,1
227.89,21.476,4801.12,0.981,49.998,17,1,4894.166,949.506,4051.12,6.401,2.11,0.002,0.031,0,1,POWER_SPIKE,1
232.13,14.326,3199.19,0.962,49.996,18,1,3325.494,908.024,2449.19,4.266,2.13,0.004,0.012,0,1,POWER_SPIKE,1
232.19,14.628,3141.74,0.925,50.051,18,1,3396.475,1290.549,2391.74,4.189,2.19,0.051,0.025,0,1,POWER_SPIKE,1
230.2,16.426,3584.62,0.948,49.943,18,1,3781.265,1203.465,2834.62,4.779,0.2,0.057,0.002,0,1,POWER_SPIKE,1
228.16,11.068,2426.68,0.961,49.969,18,1,2525.275,698.361,1676.68,3.236,1.84,0.031,0.011,0,1,POWER_SPIKE,1
229.18,11.947,2524.46,0.922,50.032,19,1,2738.013,1060.131,1774.46,3.366,0.82,0.032,0.028,0,1,POWER_SPIKE,1
230.8,14.315,3089.16,0.935,49.999,19,1,3303.902,1171.721,2339.16,4.119,0.8,0.001,0.015,0,1,POWER_SPIKE,1
226.41,18.697,3873.31,0.915,49.97,19,1,4233.188,1707.896,3123.31,5.164,3.59,0.03,0.035,0,1,POWER_SPIKE,1
232.07,26.74,5597.35,0.902,49.916,19,1,6205.552,2679.16,4847.35,7.463,2.07,0.084,0.048,0,1,POWER_SPIKE,1
228.32,12.751,2832.61,0.973,49.988,20,1,2911.308,671.945,2082.61,3.777,1.68,0.012,0.023,0,1,POWER_SPIKE,1
229.93,12.17,2742.27,0.98,49.984,20,1,2798.248,556.844,1992.27,3.656,0.07,0.016,0.03,0,1,POWER_SPIKE,1
229.07,16.899,3530.42,0.912,50.052,20,1,3871.054,1587.868,2780.42,4.707,0.93,0.052,0.038,0,1,POWER_SPIKE,1
223.73,21.887,4426.64,0.904,50.004,20,1,4896.779,2093.532,3676.64,5.902,6.27,0.004,0.046,0,1,POWER_SPIKE,1
231.03,12.262,2580.78,0.911,49.968,21,1,2832.89,1168.302,1830.78,3.441,1.03,0.032,0.039,0,1,POWER_SPIKE,1
229.19,12.332,2611.62,0.924,49.972,21,1,2826.371,1080.783,1861.62,3.482,0.81,0.028,0.026,0,1,POWER_SPIKE,1
226.34,22.012,4658.32,0.935,49.964,21,1,4982.196,1766.924,3908.32,6.211,3.66,0.036,0.015,0,1,POWER_SPIKE,1
228.38,15.705,3407.31,0.95,49.996,21,1,3586.708,1119.949,2657.31,4.543,1.62,0.004,0.0,0,1,POWER_SPIKE,1
228.39,6.404,1421.58,0.972,49.989,22,1,1462.61,343.685,1071.58,4.062,1.61,0.011,0.022,0,1,POWER_SPIKE,1
229.07,5.58,1251.37,0.979,49.989,22,1,1278.211,260.576,901.37,3.575,0.93,0.011,0.029,0,1,POWER_SPIKE,1
228.54,8.358,1719.18,0.9,50.057,22,1,1910.137,832.61,1369.18,4.912,1.46,0.057,0.05,0,1,POWER_SPIKE,1
229.84,10.114,2094.54,0.901,49.966,22,1,2324.602,1008.457,1744.54,5.984,0.16,0.034,0.049,0,1,POWER_SPIKE,1
230.85,7.665,1649.09,0.932,50.045,23,1,1769.465,641.357,1299.09,4.712,0.85,0.045,0.018,0,1,POWER_SPIKE,1
228.22,8.399,1895.83,0.989,49.967,23,1,1916.82,283.527,1545.83,5.417,1.78,0.033,0.039,0,1,POWER_SPIKE,1
231.46,4.048,878.96,0.938,49.914,23,1,936.95,324.78,528.96,2.511,1.46,0.086,0.012,0,1,POWER_SPIKE,1
230.76,9.092,2009.95,0.958,49.952,23,1,2098.07,601.66,1659.95,5.743,0.76,0.048,0.008,0,1,POWER_SPIKE,1
229.3,1.65,360.92,0.954,50.057,0,2,378.345,113.43,230.92,2.776,0.7,0.057,0.004,1,1,POWER_SPIKE,1
228.01,2.419,537.28,0.974,50.058,0,2,551.556,124.954,407.28,4.133,1.99,0.058,0.024,1,1,POWER_SPIKE,1
229.16,1.762,388.05,0.961,49.968,0,2,403.78,111.665,258.05,2.985,0.84,0.032,0.011,1,1,POWER_SPIKE,1
229.81,3.041,637.38,0.912,49.884,0,2,698.852,286.662,507.38,4.903,0.19,0.116,0.038,1,1,POWER_SPIKE,1
224.93,3.099,656.63,0.942,50.121,1,2,697.058,233.942,526.63,5.051,5.07,0.121,0.008,1,1,POWER_SPIKE,1
229.69,2.449,531.51,0.945,49.887,1,2,562.511,183.981,401.51,4.089,0.31,0.113,0.005,1,1,POWER_SPIKE,1
234.51,3.711,807.61,0.928,49.953,1,2,870.267,324.244,677.61,6.212,4.51,0.047,0.022,1,1,POWER_SPIKE,1
230.37,3.108,695.3,0.971,49.961,1,2,715.99,171.179,565.3,5.348,0.37,0.039,0.021,1,1,POWER_SPIKE,1
229.42,1.891,414.42,0.955,50.039,2,2,433.833,128.677,284.42,3.188,0.58,0.039,0.005,1,1,POWER_SPIKE,1
230.4,1.396,317.06,0.986,50.11,2,2,321.638,53.632,187.06,2.439,0.4,0.11,0.036,1,1,POWER_SPIKE,1
227.55,3.435,771.42,0.987,49.888,2,2,781.634,125.624,641.42,5.934,2.45,0.112,0.037,1,1,POWER_SPIKE,1
232.24,2.24,509.85,0.98,50.04,2,2,520.218,103.522,379.85,3.922,2.24,0.04,0.03,1,1,POWER_SPIKE,1
233.62,2.468,566.78,0.983,49.993,3,2,576.574,105.862,436.78,4.36,3.62,0.007,0.033,1,1,POWER_SPIKE,1
228.81,5.204,1093.16,0.918,50.042,3,2,1190.727,472.219,963.16,8.409,1.19,0.042,0.032,1,1,POWER_SPIKE,1
231.51,2.407,513.87,0.922,49.943,3,2,557.245,215.759,383.87,3.953,1.51,0.057,0.028,1,1,POWER_SPIKE,1
228.06,2.329,525.77,0.99,50.08,3,2,531.152,74.928,395.77,4.044,1.94,0.08,0.04,1,1,POWER_SPIKE,1
227.92,3.494,750.95,0.943,50.028,4,2,796.352,265.02,620.95,5.777,2.08,0.028,0.007,1,1,POWER_SPIKE,1
233.34,2.298,517.35,0.965,50.1,4,2,536.215,140.622,387.35,3.98,3.34,0.1,0.015,1,1,POWER_SPIKE,1
229.96,1.994,434.79,0.948,49.947,4,2,458.54,145.94,304.79,3.345,0.04,0.053,0.002,1,1,POWER_SPIKE,1
229.73,3.897,883.59,0.987,49.942,4,2,895.258,143.886,753.59,6.797,0.27,0.058,0.037,1,1,POWER_SPIKE,1
231.27,2.052,457.89,0.965,49.971,5,2,474.566,124.455,327.89,3.522,1.27,0.029,0.015,1,1,POWER_SPIKE,1
229.28,1.757,383.44,0.952,50.017,5,2,402.845,123.31,253.44,2.95,0.72,0.017,0.002,1,1,POWER_SPIKE,1
231.22,3.999,907.95,0.982,50.103,5,2,924.649,174.649,777.95,6.984,1.22,0.103,0.032,1,1,POWER_SPIKE,1
229.53,2.312,509.51,0.96,49.943,5,2,530.673,148.589,379.51,3.919,0.47,0.057,0.01,1,1,POWER_SPIKE,1
228.09,10.127,2231.3,0.966,50.029,6,2,2309.867,597.198,1731.3,4.463,1.91,0.029,0.016,0,1,POWER_SPIKE,1
228.92,5.563,1254.45,0.985,50.064,6,2,1273.482,219.745,754.45,2.509,1.08,0.064,0.035,0,1,POWER_SPIKE,1
230.65,11.482,2606.06,0.984,50.068,6,2,2648.323,471.848,2106.06,5.212,0.65,0.068,0.034,0,1,POWER_SPIKE,1
231.87,6.634,1461.21,0.95,50.008,6,2,1538.226,480.311,961.21,2.922,1.87,0.008,0.0,0,1,POWER_SPIKE,1
229.94,13.585,3005.0,0.962,49.971,7,2,3123.735,852.934,2505.0,6.01,0.06,0.029,0.012,0,1,POWER_SPIKE,1
229.41,8.267,1773.33,0.935,50.056,7,2,1896.532,672.601,1273.33,3.547,0.59,0.056,0.015,0,1,POWER_SPIKE,1
229.22,12.263,2673.23,0.951,49.931,7,2,2810.925,869.112,2173.23,5.346,0.78,0.069,0.001,0,1,POWER_SPIKE,1
231.25,8.184,1862.19,0.984,49.968,7,2,1892.55,337.193,1362.19,3.724,1.25,0.032,0.034,0,1,POWER_SPIKE,1
228.65,9.956,2183.03,0.959,49.928,8,2,2276.439,645.157,1683.03,4.366,1.35,0.072,0.009,0,1,POWER_SPIKE,1
227.85,6.067,1304.94,0.944,49.963,8,2,1382.366,456.105,804.94,2.61,2.15,0.037,0.006,0,1,POWER_SPIKE,1
230.81,9.758,2119.46,0.941,50.086,8,2,2252.244,762.174,1619.46,4.239,0.81,0.086,0.009,0,1,POWER_SPIKE,1
229.48,7.471,1611.68,0.94,49.971,8,2,1714.445,584.925,1111.68,3.223,0.52,0.029,0.01,0,1,POWER_SPIKE,1
230.64,10.839,2287.42,0.915,50.002,9,2,2499.907,1008.597,1862.42,5.382,0.64,0.002,0.035,0,1,POWER_SPIKE,1
230.1,10.095,2229.9,0.96,49.952,9,2,2322.86,650.401,1804.9,5.247,0.1,0.048,0.01,0,1,POWER_SPIKE,1
229.37,10.93,2351.57,0.938,50.008,9,2,2507.014,869.019,1926.57,5.533,0.63,0.008,0.012,0,1,POWER_SPIKE,1
230.65,8.726,1934.06,0.961,49.91,9,2,2012.652,556.596,1509.06,4.551,0.65,0.09,0.011,0,1,POWER_SPIKE,1
229.28,4.932,1024.55,0.906,49.904,10,2,1130.809,478.646,599.55,2.411,0.72,0.096,0.044,0,1,POWER_SPIKE,1
230.24,14.871,3228.74,0.943,49.994,10,2,3423.899,1139.449,2803.74,7.597,0.24,0.006,0.007,0,1,POWER_SPIKE,1
227.42,9.103,1910.84,0.923,49.97,10,2,2070.204,796.614,1485.84,4.496,2.58,0.03,0.027,0,1,POWER_SPIKE,1
232.75,13.024,2797.9,0.923,49.945,10,2,3031.336,1166.458,2372.9,6.583,2.75,0.055,0.027,0,1,POWER_SPIKE,1
231.28,9.142,1974.79,0.934,50.015,11,2,2114.362,755.404,1549.79,4.647,1.28,0.015,0.016,0,1,POWER_SPIKE,1
230.06,9.78,2079.03,0.924,50.076,11,2,2249.987,860.378,1654.03,4.892,0.06,0.076,0.026,0,1,POWER_SPIKE,1
228.34,7.288,1565.97,0.941,50.139,11,2,1664.142,563.157,1140.97,3.685,1.66,0.139,0.009,0,1,POWER_SPIKE,1
230.71,9.882,2140.76,0.939,49.988,11,2,2279.876,784.089,1715.76,5.037,0.71,0.012,0.011,0,1,POWER_SPIKE,1
229.1,10.932,2421.83,0.967,50.004,12,2,2504.521,638.093,1996.83,5.698,0.9,0.004,0.017,0,1,POWER_SPIKE,1
233.26,9.796,2207.36,0.966,50.039,12,2,2285.015,590.772,1782.36,5.194,3.26,0.039,0.016,0,1,POWER_SPIKE,1
228.37,11.473,2436.72,0.93,49.982,12,2,2620.089,963.039,2011.72,5.733,1.63,0.018,0.02,0,1,POWER_SPIKE,1
233.89,8.96,2016.04,0.962,49.994,12,2,2095.654,572.217,1591.04,4.744,3.89,0.006,0.012,0,1,POWER_SPIKE,1
231.08,6.793,1503.78,0.958,49.91,13,2,1569.726,450.148,1078.78,3.538,1.08,0.09,0.008,0,1,POWER_SPIKE,1
228.12,10.941,2413.59,0.967,49.998,13,2,2495.861,635.886,1988.59,5.679,1.88,0.002,0.017,0,1,POWER_SPIKE,1
230.46,9.265,2021.94,0.947,50.05,13,2,2135.212,685.902,1596.94,4.758,0.46,0.05,0.003,0,1,POWER_SPIKE,1
227.36,7.247,1571.94,0.954,50.028,13,2,1647.678,493.985,1146.94,3.699,2.64,0.028,0.004,0,1,POWER_SPIKE,1
232.29,10.541,2252.76,0.92,50.003,14,2,2448.569,959.639,1827.76,5.301,2.29,0.003,0.03,0,1,POWER_SPIKE,1
232.67,15.705,3306.84,0.905,49.941,14,2,3654.082,1554.489,2881.84,7.781,2.67,0.059,0.045,0,1,POWER_SPIKE,1
230.36,7.127,1566.32,0.954,49.967,14,2,1641.776,492.215,1141.32,3.685,0.36,0.033,0.004,0,1,POWER_SPIKE,1
232.55,11.824,2702.91,0.983,50.05,14,2,2749.671,504.855,2277.91,6.36,2.55,0.05,0.033,0,1,POWER_SPIKE,1
227.59,16.255,3362.88,0.909,49.915,15,2,3699.475,1541.927,2937.88,7.913,2.41,0.085,0.041,0,1,POWER_SPIKE,1
229.46,10.179,2174.46,0.931,49.986,15,2,2335.673,852.566,1749.46,5.116,0.54,0.014,0.019,0,1,POWER_SPIKE,1
230.75,8.272,1885.91,0.988,49.94,15,2,1908.764,294.816,1460.91,4.437,0.75,0.06,0.038,0,1,POWER_SPIKE,1
230.1,8.999,1975.47,0.954,49.89,15,2,2070.67,620.801,1550.47,4.648,0.1,0.11,0.004,0,1,POWER_SPIKE,1
228.2,6.34,1390.42,0.961,49.99,16,2,1446.788,400.107,965.42,3.272,1.8,0.01,0.011,0,1,POWER_SPIKE,1
228.44,8.276,1786.59,0.945,50.005,16,2,1890.569,618.349,1361.59,4.204,1.56,0.005,0.005,0,1,POWER_SPIKE,1
229.46,5.942,1317.06,0.966,49.994,16,2,1363.451,352.51,892.06,3.099,0.54,0.006,0.016,0,1,POWER_SPIKE,1
234.57,11.853,2624.55,0.944,49.975,16,2,2780.358,917.367,2199.55,6.175,4.57,0.025,0.006,0,1,POWER_SPIKE,1
228.61,16.484,3534.82,0.938,50.096,17,2,3768.407,1306.263,2784.82,4.713,1.39,0.096,0.012,0,1,POWER_SPIKE,1
230.05,13.499,2981.14,0.96,49.985,17,2,3105.445,869.525,2231.14,3.975,0.05,0.015,0.01,0,1,POWER_SPIKE,1
231.93,15.581,3357.09,0.929,49.993,17,2,3613.701,1337.358,2607.09,4.476,1.93,0.007,0.021,0,1,POWER_SPIKE,1
232.02,14.115,3219.25,0.983,49.947,17,2,3274.962,601.301,2469.25,4.292,2.02,0.053,0.033,0,1,POWER_SPIKE,1
230.74,13.351,2809.42,0.912,49.901,18,2,3080.61,1263.636,2059.42,3.746,0.74,0.099,0.038,0,1,POWER_SPIKE,1
229.69,16.736,3459.69,0.9,50.062,18,2,3844.092,1675.601,2709.69,4.613,0.31,0.062,0.05,0,1,POWER_SPIKE,1
230.44,8.136,1801.72,0.961,50.028,18,2,1874.86,518.489,1051.72,2.402,0.44,0.028,0.011,0,1,POWER_SPIKE,1
230.14,24.221,5211.86,0.935,50.062,18,2,5574.221,1976.885,4461.86,6.949,0.14,0.062,0.015,0,1,POWER_SPIKE,1
231.6,19.976,4524.74,0.978,50.016,19,2,4626.442,965.098,3774.74,6.033,1.6,0.016,0.028,0,1,POWER_SPIKE,1
228.43,16.016,3409.69,0.932,50.048,19,2,3658.535,1326.066,2659.69,4.546,1.57,0.048,0.018,0,1,POWER_SPIKE,1
232.87,15.599,3316.61,0.913,50.061,19,2,3632.539,1481.929,2566.61,4.422,2.87,0.061,0.037,0,1,POWER_SPIKE,1
228.95,12.45,2690.85,0.944,49.962,19,2,2850.427,940.486,1940.85,3.588,1.05,0.038,0.006,0,1,POWER_SPIKE,1
228.86,19.087,4276.54,0.979,50.107,20,2,4368.251,890.513,3526.54,5.702,1.14,0.107,0.029,0,1,POWER_SPIKE,1
233.07,10.901,2461.98,0.969,50.143,20,2,2540.696,627.706,1711.98,3.283,3.07,0.143,0.019,0,1,POWER_SPIKE,1
227.72,8.795,1970.66,0.984,50.008,20,2,2002.797,356.835,1220.66,2.628,2.28,0.008,0.034,0,1,POWER_SPIKE,1
228.05,13.919,2929.8,0.923,50.081,20,2,3174.228,1221.443,2179.8,3.906,1.95,0.081,0.027,0,1,POWER_SPIKE,1
231.13,9.836,2116.43,0.931,50.089,21,2,2273.395,829.833,1366.43,2.822,1.13,0.089,0.019,0,1,POWER_SPIKE,1
229.74,17.794,3814.06,0.933,50.033,21,2,4087.994,1471.172,3064.06,5.085,0.26,0.033,0.017,0,1,POWER_SPIKE,1
229.65,11.022,2445.07,0.966,50.085,21,2,2531.202,654.422,1695.07,3.26,0.35,0.085,0.016,0,1,POWER_SPIKE,1
230.04,17.354,3756.61,0.941,50.015,21,2,3992.114,1350.958,3006.61,5.009,0.04,0.015,0.009,0,1,POWER_SPIKE,1
229.71,11.53,2444.56,0.923,50.07,22,2,2648.556,1019.164,2094.56,6.984,0.29,0.07,0.027,0,1,POWER_SPIKE,1
233.39,5.362,1236.42,0.988,49.952,22,2,1251.437,193.289,886.42,3.533,3.39,0.048,0.038,0,1,POWER_SPIKE,1
226.48,4.562,977.51,0.946,49.979,22,2,1033.202,334.93,627.51,2.793,3.52,0.021,0.004,0,1,POWER_SPIKE,1
232.58,6.629,1453.81,0.943,50.001,22,2,1541.773,513.091,1103.81,4.154,2.58,0.001,0.007,0,1,POWER_SPIKE,1
231.58,5.826,1252.06,0.928,49.966,23,2,1349.185,502.68,902.06,3.577,1.58,0.034,0.022,0,1,POWER_SPIKE,1
233.1,7.759,1683.83,0.931,50.017,23,2,1808.623,660.182,1333.83,4.811,3.1,0.017,0.019,0,1,POWER_SPIKE,1
231.71,5.604,1259.53,0.97,49.96,23,2,1298.503,315.672,909.53,3.599,1.71,0.04,0.02,0,1,POWER_SPIKE,1
232.32,6.176,1417.54,0.988,49.926,23,2,1434.808,221.612,1067.54,4.05,2.32,0.074,0.038,0,1,POWER_SPIKE,1
230.63,2.183,484.44,0.962,50.053,0,3,503.465,137.471,354.44,3.726,0.63,0.053,0.012,1,1,POWER_SPIKE,1
228.91,3.425,751.14,0.958,49.982,0,3,784.017,224.831,621.14,5.778,1.09,0.018,0.008,1,1,POWER_SPIKE,1
227.71,4.153,917.35,0.97,50.03,0,3,945.68,229.899,787.35,7.057,2.29,0.03,0.02,1,1,POWER_SPIKE,1
228.45,2.704,560.38,0.907,50.052,0,3,617.729,260.145,430.38,4.311,1.55,0.052,0.043,1,1,POWER_SPIKE,1
229.78,2.375,495.52,0.908,50.016,1,3,545.727,228.644,365.52,3.812,0.22,0.016,0.042,1,1,POWER_SPIKE,1
231.54,3.56,786.31,0.954,50.051,1,3,824.282,247.125,656.31,6.049,1.54,0.051,0.004,1,1,POWER_SPIKE,1
229.76,2.79,583.32,0.91,50.039,1,3,641.03,265.776,453.32,4.487,0.24,0.039,0.04,1,1,POWER_SPIKE,1
234.36,2.001,454.78,0.97,50.049,1,3,468.954,114.005,324.78,3.498,4.36,0.049,0.02,1,1,POWER_SPIKE,1
229.15,1.278,274.14,0.936,49.948,2,3,292.854,103.085,144.14,2.109,0.85,0.052,0.014,1,1,POWER_SPIKE,1
231.48,3.385,760.03,0.97,50.057,2,3,783.56,190.487,630.03,5.846,1.48,0.057,0.02,1,1,POWER_SPIKE,1
228.14,2.422,546.48,0.989,50.007,2,3,552.555,81.731,416.48,4.204,1.86,0.007,0.039,1,1,POWER_SPIKE,1
229.93,1.671,379.53,0.988,50.032,2,3,384.213,59.343,249.53,2.919,0.07,0.032,0.038,1,1,POWER_SPIKE,1
229.27,2.123,441.93,0.908,49.95,3,3,486.74,203.93,311.93,3.399,0.73,0.05,0.042,1,1,POWER_SPIKE,1
233.42,2.422,535.98,0.948,50.045,3,3,565.343,179.932,405.98,4.123,3.42,0.045,0.002,1,1,POWER_SPIKE,1
232.81,2.438,524.93,0.925,50.024,3,3,567.591,215.666,394.93,4.038,2.81,0.024,0.025,1,1,POWER_SPIKE,1
231.77,1.898,410.94,0.934,50.033,3,3,439.899,157.164,280.94,3.161,1.77,0.033,0.016,1,1,POWER_SPIKE,1
232.94,3.778,799.15,0.908,50.112,4,3,880.047,368.714,669.15,6.147,2.94,0.112,0.042,1,1,POWER_SPIKE,1
229.15,3.051,686.51,0.982,50.009,4,3,699.137,132.054,556.51,5.281,0.85,0.009,0.032,1,1,POWER_SPIKE,1
228.37,3.005,625.9,0.912,49.974,4,3,686.252,281.494,495.9,4.815,1.63,0.026,0.038,1,1,POWER_SPIKE,1
228.96,2.465,554.87,0.983,49.956,4,3,564.386,103.624,424.87,4.268,1.04,0.044,0.033,1,1,POWER_SPIKE,1
229.93,2.673,553.8,0.901,49.963,5,3,614.603,266.626,423.8,4.26,0.07,0.037,0.049,1,1,POWER_SPIKE,1
230.64,3.904,814.81,0.905,49.973,5,3,900.419,383.048,684.81,6.268,0.64,0.027,0.045,1,1,POWER_SPIKE,1
228.44,2.296,479.97,0.915,50.075,5,3,524.498,211.611,349.97,3.692,1.56,0.075,0.035,1,1,POWER_SPIKE,1
225.94,2.417,498.0,0.912,49.94,5,3,546.097,224.004,368.0,3.831,4.06,0.06,0.038,1,1,POWER_SPIKE,1
230.21,10.792,2265.76,0.912,50.033,6,3,2484.426,1019.087,1765.76,4.532,0.21,0.033,0.038,0,1,POWER_SPIKE,1
226.22,6.743,1423.15,0.933,49.964,6,3,1525.401,548.956,923.15,2.846,3.78,0.036,0.017,0,1,POWER_SPIKE,1
228.46,8.052,1756.79,0.955,50.008,6,3,1839.56,545.624,1256.79,3.514,1.54,0.008,0.005,0,1,POWER_SPIKE,1
231.71,4.749,1075.02,0.977,49.95,6,3,1100.391,234.647,575.02,2.15,1.71,0.05,0.027,0,1,POWER_SPIKE,1
231.59,6.554,1454.18,0.958,49.985,7,3,1517.841,435.268,954.18,2.908,1.59,0.015,0.008,0,1,POWER_SPIKE,1
226.71,14.954,3271.46,0.965,50.069,7,3,3390.221,889.085,2771.46,6.543,3.29,0.069,0.015,0,1,POWER_SPIKE,1
229.07,8.519,1758.3,0.901,50.017,7,3,1951.447,846.575,1258.3,3.517,0.93,0.017,0.049,0,1,POWER_SPIKE,1
228.11,8.753,1926.73,0.965,49.922,7,3,1996.647,523.62,1426.73,3.853,1.89,0.078,0.015,0,1,POWER_SPIKE,1
230.98,13.22,3004.7,0.984,49.969,8,3,3053.556,544.047,2504.7,6.009,0.98,0.031,0.034,0,1,POWER_SPIKE,1
228.55,13.768,2844.54,0.904,50.003,8,3,3146.676,1345.306,2344.54,5.689,1.45,0.003,0.046,0,1,POWER_SPIKE,1
230.87,11.949,2488.38,0.902,50.012,8,3,2758.666,1191.015,1988.38,4.977,0.87,0.012,0.048,0,1,POWER_SPIKE,1
225.89,10.747,2279.57,0.939,49.954,8,3,2427.64,834.907,1779.57,4.559,4.11,0.046,0.011,0,1,POWER_SPIKE,1
230.65,3.609,798.24,0.959,50.034,9,3,832.416,235.912,373.24,1.878,0.65,0.034,0.009,0,0,POWER_SPIKE,1
231.75,6.714,1448.5,0.931,50.03,9,3,1555.97,567.959,1023.5,3.408,1.75,0.03,0.019,0,1,POWER_SPIKE,1
231.23,16.707,3496.19,0.905,50.042,9,3,3863.16,1643.433,3071.19,8.226,1.23,0.042,0.045,0,1,POWER_SPIKE,1
229.16,8.929,1903.0,0.93,50.003,9,3,2046.17,752.089,1478.0,4.478,0.84,0.003,0.02,0,1,POWER_SPIKE,1
232.44,11.446,2466.37,0.927,49.848,10,3,2660.508,997.854,2041.37,5.803,2.44,0.152,0.023,0,1,POWER_SPIKE,1
228.83,6.404,1367.17,0.933,50.055,10,3,1465.427,527.373,942.17,3.217,1.17,0.055,0.017,0,1,POWER_SPIKE,1
227.4,4.816,1009.7,0.922,49.928,10,3,1095.158,424.034,584.7,2.376,2.6,0.072,0.028,0,1,POWER_SPIKE,1
229.06,7.825,1699.23,0.948,49.929,10,3,1792.395,570.466,1274.23,3.998,0.94,0.071,0.002,0,1,POWER_SPIKE,1
227.28,7.671,1710.31,0.981,49.909,11,3,1743.465,338.246,1285.31,4.024,2.72,0.091,0.031,0,1,POWER_SPIKE,1
231.16,7.926,1659.9,0.906,50.021,11,3,1832.174,775.518,1234.9,3.906,1.16,0.021,0.044,0,1,POWER_SPIKE,1
229.24,5.925,1298.42,0.956,50.069,11,3,1358.247,398.464,873.42,3.055,0.76,0.069,0.006,0,1,POWER_SPIKE,1
230.79,5.601,1190.45,0.921,50.013,11,3,1292.655,503.57,765.45,2.801,0.79,0.013,0.029,0,1,POWER_SPIKE,1
230.2,6.049,1272.63,0.914,50.055,12,3,1392.48,564.949,847.63,2.994,0.2,0.055,0.036,0,1,POWER_SPIKE,1
229.66,8.789,1905.42,0.944,49.959,12,3,2018.482,665.989,1480.42,4.483,0.34,0.041,0.006,0,1,POWER_SPIKE,1
230.44,4.892,1095.67,0.972,50.138,12,3,1127.312,264.897,670.67,2.578,0.44,0.138,0.022,0,1,POWER_SPIKE,1
232.26,6.432,1477.51,0.989,49.98,12,3,1493.896,220.97,1052.51,3.476,2.26,0.02,0.039,0,1,POWER_SPIKE,1
229.0,7.254,1549.84,0.933,49.994,13,3,1661.166,597.814,1124.84,3.647,1.0,0.006,0.017,0,1,POWER_SPIKE,1
228.47,8.39,1767.27,0.922,50.004,13,3,1916.863,742.19,1342.27,4.158,1.53,0.004,0.028,0,1,POWER_SPIKE,1
227.84,6.799,1439.15,0.929,49.874,13,3,1549.084,573.285,1014.15,3.386,2.16,0.126,0.021,0,1,POWER_SPIKE,1
228.82,11.884,2564.33,0.943,50.053,13,3,2719.297,904.962,2139.33,6.034,1.18,0.053,0.007,0,1,POWER_SPIKE,1
229.81,11.428,2447.7,0.932,50.024,14,3,2626.269,951.913,2022.7,5.759,0.19,0.024,0.018,0,1,POWER_SPIKE,1
227.37,14.186,3015.82,0.935,50.022,14,3,3225.471,1143.906,2590.82,7.096,2.63,0.022,0.015,0,1,POWER_SPIKE,1
230.92,7.365,1564.6,0.92,50.027,14,3,1700.726,666.546,1139.6,3.681,0.92,0.027,0.03,0,1,POWER_SPIKE,1
230.68,13.213,3008.28,0.987,50.002,14,3,3047.975,489.871,2583.28,7.078,0.68,0.002,0.037,0,1,POWER_SPIKE,1
232.81,9.857,2212.29,0.964,49.984,15,3,2294.808,610.195,1787.29,5.205,2.81,0.016,0.014,0,1,POWER_SPIKE,1
229.77,8.638,1837.82,0.926,49.946,15,3,1984.753,749.291,1412.82,4.324,0.23,0.054,0.024,0,1,POWER_SPIKE,1
231.87,6.739,1532.88,0.981,49.908,15,3,1562.572,303.151,1107.88,3.607,1.87,0.092,0.031,0,1,POWER_SPIKE,1
228.74,9.772,2020.68,0.904,50.022,15,3,2235.247,955.641,1595.68,4.755,1.26,0.022,0.046,0,1,POWER_SPIKE,1
228.73,8.781,1865.83,0.929,49.918,16,3,2008.478,743.297,1440.83,4.39,1.27,0.082,0.021,0,1,POWER_SPIKE,1
230.59,9.739,2025.65,0.902,50.006,16,3,2245.716,969.557,1600.65,4.766,0.59,0.006,0.048,0,1,POWER_SPIKE,1
231.87,8.014,1741.22,0.937,49.954,16,3,1858.206,649.126,1316.22,4.097,1.87,0.046,0.013,0,1,POWER_SPIKE,1
228.49,7.363,1605.08,0.954,49.994,16,3,1682.372,504.386,1180.08,3.777,1.51,0.006,0.004,0,1,POWER_SPIKE,1
229.95,11.36,2431.9,0.931,50.029,17,3,2612.232,953.515,1681.9,3.243,0.05,0.029,0.019,0,1,POWER_SPIKE,1
227.5,21.447,4659.62,0.955,49.991,17,3,4879.193,1447.197,3909.62,6.213,2.5,0.009,0.005,0,1,POWER_SPIKE,1
228.31,9.658,2145.59,0.973,50.02,17,3,2205.018,508.929,1395.59,2.861,1.69,0.02,0.023,0,1,POWER_SPIKE,1
230.77,15.758,3301.87,0.908,49.957,17,3,3636.474,1523.574,2551.87,4.402,0.77,0.043,0.042,0,1,POWER_SPIKE,1
227.7,23.868,5282.57,0.972,49.985,18,3,5434.744,1277.061,4532.57,7.043,2.3,0.015,0.022,0,1,POWER_SPIKE,1
226.69,23.034,5085.8,0.974,50.015,18,3,5221.577,1182.938,4335.8,6.781,3.31,0.015,0.024,0,1,POWER_SPIKE,1
229.56,16.075,3409.81,0.924,49.934,18,3,3690.177,1411.096,2659.81,4.546,0.44,0.066,0.026,0,1,POWER_SPIKE,1
229.14,18.842,3911.61,0.906,50.049,18,3,4317.456,1827.483,3161.61,5.215,0.86,0.049,0.044,0,1,POWER_SPIKE,1
231.09,16.112,3507.42,0.942,50.058,19,3,3723.322,1249.595,2757.42,4.677,1.09,0.058,0.008,0,1,POWER_SPIKE,1
230.67,8.257,1868.49,0.981,49.906,19,3,1904.642,369.515,1118.49,2.491,0.67,0.094,0.031,0,1,POWER_SPIKE,1
229.42,17.669,3915.76,0.966,50.004,19,3,4053.622,1048.032,3165.76,5.221,0.58,0.004,0.016,0,1,POWER_SPIKE,1
228.56,12.132,2642.58,0.953,50.05,19,3,2772.89,840.103,1892.58,3.523,1.44,0.05,0.003,0,1,POWER_SPIKE,1
228.64,13.402,2782.37,0.908,50.103,20,3,3064.233,1283.822,2032.37,3.71,1.36,0.103,0.042,0,1,POWER_SPIKE,1
231.11,15.25,3281.32,0.931,49.949,20,3,3524.428,1286.484,2531.32,4.375,1.11,0.051,0.019,0,1,POWER_SPIKE,1
233.68,18.913,4331.3,0.98,49.927,20,3,4419.59,879.487,3581.3,5.775,3.68,0.073,0.03,0,1,POWER_SPIKE,1
230.25,18.496,4186.39,0.983,50.028,20,3,4258.704,781.922,3436.39,5.582,0.25,0.028,0.033,0,1,POWER_SPIKE,1
229.94,22.729,5001.62,0.957,50.039,21,3,5226.306,1516.088,4251.62,6.669,0.06,0.039,0.007,0,1,POWER_SPIKE,1
226.56,13.209,2717.21,0.908,49.968,21,3,2992.631,1253.823,1967.21,3.623,3.44,0.032,0.042,0,1,POWER_SPIKE,1
226.64,14.928,3078.83,0.91,50.042,21,3,3383.282,1402.737,2328.83,4.105,3.36,0.042,0.04,0,1,POWER_SPIKE,1
228.27,18.086,3794.05,0.919,49.973,21,3,4128.491,1627.689,3044.05,5.059,1.73,0.027,0.031,0,1,POWER_SPIKE,1
228.0,7.693,1669.84,0.952,50.043,22,3,1754.004,536.897,1319.84,4.771,2.0,0.043,0.002,0,1,POWER_SPIKE,1
229.6,7.28,1536.16,0.919,49.945,22,3,1671.488,658.997,1186.16,4.389,0.4,0.055,0.031,0,1,POWER_SPIKE,1
229.2,6.884,1437.49,0.911,49.992,22,3,1577.813,650.7,1087.49,4.107,0.8,0.008,0.039,0,1,POWER_SPIKE,1
230.74,9.544,2125.19,0.965,49.967,22,3,2202.183,577.522,1775.19,6.072,0.74,0.033,0.015,0,1,POWER_SPIKE,1
229.94,5.662,1231.7,0.946,49.944,23,3,1301.92,422.039,881.7,3.519,0.06,0.056,0.004,0,1,POWER_SPIKE,1
229.61,6.71,1468.26,0.953,50.022,23,3,1540.683,466.781,1118.26,4.195,0.39,0.022,0.003,0,1,POWER_SPIKE,1
229.29,5.796,1273.04,0.958,49.904,23,3,1328.965,381.105,923.04,3.637,0.71,0.096,0.008,0,1,POWER_SPIKE,1
232.04,5.937,1311.44,0.952,49.941,23,3,1377.621,421.687,961.44,3.747,2.04,0.059,0.002,0,1,POWER_SPIKE,1
230.82,2.3,490.49,0.924,49.978,0,4,530.886,203.007,360.49,3.773,0.82,0.022,0.026,1,1,POWER_SPIKE,1
227.45,2.119,441.54,0.916,49.972,0,4,481.967,193.355,311.54,3.396,2.55,0.028,0.034,1,1,POWER_SPIKE,1
231.66,2.814,622.51,0.955,49.957,0,4,651.891,193.355,492.51,4.789,1.66,0.043,0.005,1,1,POWER_SPIKE,1
228.66,3.056,636.63,0.911,49.96,0,4,698.785,288.183,506.63,4.897,1.34,0.04,0.039,1,1,POWER_SPIKE,1
230.4,3.612,777.19,0.934,49.994,1,4,832.205,297.324,647.19,5.978,0.4,0.006,0.016,1,1,POWER_SPIKE,1
226.76,3.202,675.3,0.93,49.971,1,4,726.086,266.88,545.3,5.195,3.24,0.029,0.02,1,1,POWER_SPIKE,1
230.13,2.426,509.17,0.912,50.048,1,4,558.295,229.007,379.17,3.917,0.13,0.048,0.038,1,1,POWER_SPIKE,1
228.51,1.422,315.1,0.97,49.993,1,4,324.941,78.995,185.1,2.424,1.49,0.007,0.02,1,1,POWER_SPIKE,1
231.49,4.824,1063.06,0.952,49.983,2,4,1116.708,341.822,933.06,8.177,1.49,0.017,0.002,1,1,POWER_SPIKE,1
228.87,2.474,533.42,0.942,50.009,2,4,566.224,190.032,403.42,4.103,1.13,0.009,0.008,1,1,POWER_SPIKE,1
229.32,2.945,624.11,0.924,49.957,2,4,675.347,258.248,494.11,4.801,0.68,0.043,0.026,1,1,POWER_SPIKE,1
226.89,1.673,346.9,0.914,50.028,2,4,379.587,154.004,216.9,2.668,3.11,0.028,0.036,1,1,POWER_SPIKE,1
229.8,3.364,698.92,0.904,50.045,3,4,773.047,330.503,568.92,5.376,0.2,0.045,0.046,1,1,POWER_SPIKE,1
230.24,2.638,565.36,0.931,49.973,3,4,607.373,221.703,435.36,4.349,0.24,0.027,0.019,1,1,POWER_SPIKE,1
229.91,2.672,575.56,0.937,49.926,3,4,614.32,214.6,445.56,4.427,0.09,0.074,0.013,1,1,POWER_SPIKE,1
231.21,4.432,923.35,0.901,49.958,3,4,1024.723,444.544,793.35,7.103,1.21,0.042,0.049,1,1,POWER_SPIKE,1
230.76,2.776,576.61,0.9,50.045,4,4,640.59,279.227,446.61,4.435,0.76,0.045,0.05,1,1,POWER_SPIKE,1
228.48,2.609,562.82,0.944,50.01,4,4,596.104,196.682,432.82,4.329,1.52,0.01,0.006,1,1,POWER_SPIKE,1
233.46,1.785,387.64,0.93,49.956,4,4,416.726,153.172,257.64,2.982,3.46,0.044,0.02,1,1,POWER_SPIKE,1
235.19,1.639,369.36,0.958,50.138,4,4,385.476,110.542,239.36,2.841,5.19,0.138,0.008,1,1,POWER_SPIKE,1
225.44,3.934,845.19,0.953,49.992,5,4,886.881,268.699,715.19,6.501,4.56,0.008,0.003,1,1,POWER_SPIKE,1
229.3,1.114,236.35,0.925,49.952,5,4,255.44,97.059,106.35,1.818,0.7,0.048,0.025,1,0,POWER_SPIKE,1
231.3,2.735,570.65,0.902,50.043,5,4,632.606,273.119,440.65,4.39,1.3,0.043,0.048,1,1,POWER_SPIKE,1
231.13,1.792,406.29,0.981,49.981,5,4,414.185,80.355,276.29,3.125,1.13,0.019,0.031,1,1,POWER_SPIKE,1
228.02,9.857,2202.59,0.98,49.967,6,4,2247.593,447.265,1702.59,4.405,1.98,0.033,0.03,0,1,POWER_SPIKE,1
230.27,12.099,2599.46,0.933,50.006,6,4,2786.037,1002.629,2099.46,5.199,0.27,0.006,0.017,0,1,POWER_SPIKE,1
227.72,10.835,2329.27,0.944,50.012,6,4,2467.346,814.09,1829.27,4.659,2.28,0.012,0.006,0,1,POWER_SPIKE,1
228.08,5.869,1278.4,0.955,49.936,6,4,1338.602,397.037,778.4,2.557,1.92,0.064,0.005,0,1,POWER_SPIKE,1
223.66,16.545,3504.33,0.947,50.0,7,4,3700.455,1188.71,3004.33,7.009,6.34,0.0,0.003,0,1,POWER_SPIKE,1
229.11,7.798,1704.32,0.954,50.112,7,4,1786.6,535.634,1204.32,3.409,0.89,0.112,0.004,0,1,POWER_SPIKE,1
232.55,17.045,3686.33,0.93,50.018,7,4,3963.815,1456.938,3186.33,7.373,2.55,0.018,0.02,0,1,POWER_SPIKE,1
227.83,9.446,2016.55,0.937,49.989,7,4,2152.082,751.785,1516.55,4.033,2.17,0.011,0.013,0,1,POWER_SPIKE,1
226.57,12.701,2592.87,0.901,50.003,8,4,2877.666,1248.386,2092.87,5.186,3.43,0.003,0.049,0,1,POWER_SPIKE,1
230.91,11.248,2407.65,0.927,50.044,8,4,2597.276,974.138,1907.65,4.815,0.91,0.044,0.023,0,1,POWER_SPIKE,1
229.63,10.305,2271.71,0.96,50.056,8,4,2366.337,662.574,1771.71,4.543,0.37,0.056,0.01,0,1,POWER_SPIKE,1
231.04,12.33,2785.97,0.978,50.076,8,4,2848.723,594.258,2285.97,5.572,1.04,0.076,0.028,0,1,POWER_SPIKE,1
230.83,8.3,1772.29,0.925,50.009,9,4,1915.889,727.975,1347.29,4.17,0.83,0.009,0.025,0,1,POWER_SPIKE,1
233.47,7.701,1625.4,0.904,49.861,9,4,1797.952,768.683,1200.4,3.824,3.47,0.139,0.046,0,1,POWER_SPIKE,1
227.61,8.191,1769.34,0.949,49.969,9,4,1864.354,587.786,1344.34,4.163,2.39,0.031,0.001,0,1,POWER_SPIKE,1
230.82,5.759,1277.46,0.961,50.04,9,4,1329.292,367.614,852.46,3.006,0.82,0.04,0.011,0,1,POWER_SPIKE,1
231.09,8.16,1770.65,0.939,50.052,10,4,1885.694,648.523,1345.65,4.166,1.09,0.052,0.011,0,1,POWER_SPIKE,1
230.41,9.755,2083.48,0.927,50.026,10,4,2247.65,843.006,1658.48,4.902,0.41,0.026,0.023,0,1,POWER_SPIKE,1
229.59,6.429,1417.04,0.96,49.981,10,4,1476.034,413.29,992.04,3.334,0.41,0.019,0.01,0,1,POWER_SPIKE,1
230.8,13.634,2916.92,0.927,49.957,10,4,3146.727,1180.216,2491.92,6.863,0.8,0.043,0.023,0,1,POWER_SPIKE,1
230.96,8.414,1787.83,0.92,49.998,11,4,1943.297,761.614,1362.83,4.207,0.96,0.002,0.03,0,1,POWER_SPIKE,1
229.41,9.326,1949.12,0.911,50.009,11,4,2139.478,882.334,1524.12,4.586,0.59,0.009,0.039,0,1,POWER_SPIKE,1
228.06,10.039,2154.35,0.941,50.002,11,4,2289.494,774.78,1729.35,5.069,1.94,0.002,0.009,0,1,POWER_SPIKE,1
230.33,9.442,2098.58,0.965,49.98,11,4,2174.776,570.335,1673.58,4.938,0.33,0.02,0.015,0,1,POWER_SPIKE,1
231.97,8.364,1810.1,0.933,49.984,12,4,1940.197,698.231,1385.1,4.259,1.97,0.016,0.017,0,1,POWER_SPIKE,1
229.06,14.586,3184.1,0.953,50.015,12,4,3341.069,1012.245,2759.1,7.492,0.94,0.015,0.003,0,1,POWER_SPIKE,1
228.34,4.388,936.85,0.935,49.988,12,4,1001.956,355.341,511.85,2.204,1.66,0.012,0.015,0,1,POWER_SPIKE,1
227.25,10.607,2193.44,0.91,49.977,12,4,2410.441,999.389,1768.44,5.161,2.75,0.023,0.04,0,1,POWER_SPIKE,1
228.74,7.327,1550.31,0.925,49.997,13,4,1675.978,636.816,1125.31,3.648,1.26,0.003,0.025,0,1,POWER_SPIKE,1
231.75,3.997,868.05,0.937,49.987,13,4,926.305,323.585,443.05,2.042,1.75,0.013,0.013,0,1,POWER_SPIKE,1
229.28,8.868,1856.38,0.913,50.006,13,4,2033.255,829.486,1431.38,4.368,0.72,0.006,0.037,0,1,POWER_SPIKE,1
227.86,11.933,2479.8,0.912,49.952,13,4,2719.053,1115.329,2054.8,5.835,2.14,0.048,0.038,0,1,POWER_SPIKE,1
232.29,5.136,1083.27,0.908,49.984,14,4,1193.041,499.849,658.27,2.549,2.29,0.016,0.042,0,1,POWER_SPIKE,1
228.73,4.004,887.35,0.969,49.99,14,4,915.835,226.267,462.35,2.088,1.27,0.01,0.019,0,1,POWER_SPIKE,1
232.4,9.269,2001.25,0.929,49.961,14,4,2154.116,797.195,1576.25,4.709,2.4,0.039,0.021,0,1,POWER_SPIKE,1
234.45,12.212,2668.36,0.932,49.931,14,4,2863.103,1037.756,2243.36,6.278,4.45,0.069,0.018,0,1,POWER_SPIKE,1
231.33,8.311,1797.63,0.935,50.024,15,4,1922.584,681.84,1372.63,4.23,1.33,0.024,0.015,0,1,POWER_SPIKE,1
230.24,7.607,1642.91,0.938,50.047,15,4,1751.436,607.109,1217.91,3.866,0.24,0.047,0.012,0,1,POWER_SPIKE,1
229.16,11.197,2363.28,0.921,49.989,15,4,2565.905,999.58,1938.28,5.561,0.84,0.011,0.029,0,1,POWER_SPIKE,1
234.45,9.934,2214.99,0.951,50.046,15,4,2329.026,720.114,1789.99,5.212,4.45,0.046,0.001,0,1,POWER_SPIKE,1
228.68,9.012,1978.53,0.96,50.037,16,4,2060.864,577.042,1553.53,4.655,1.32,0.037,0.01,0,1,POWER_SPIKE,1
229.76,11.986,2610.79,0.948,49.996,16,4,2753.903,876.486,2185.79,6.143,0.24,0.004,0.002,0,1,POWER_SPIKE,1
230.77,11.1,2533.46,0.989,49.921,16,4,2561.547,378.893,2108.46,5.961,0.77,0.079,0.039,0,1,POWER_SPIKE,1
228.89,6.76,1516.33,0.98,49.995,16,4,1547.296,307.908,1091.33,3.568,1.11,0.005,0.03,0,1,POWER_SPIKE,1
232.78,15.35,3315.85,0.928,50.038,17,4,3573.173,1331.293,2565.85,4.421,2.78,0.038,0.022,0,1,POWER_SPIKE,1
229.28,11.787,2564.66,0.949,50.038,17,4,2702.523,852.041,1814.66,3.42,0.72,0.038,0.001,0,1,POWER_SPIKE,1
228.99,20.93,4586.72,0.957,50.075,17,4,4792.761,1390.322,3836.72,6.116,1.01,0.075,0.007,0,1,POWER_SPIKE,1
228.14,12.149,2619.2,0.945,49.932,17,4,2771.673,906.532,1869.2,3.492,1.86,0.068,0.005,0,1,POWER_SPIKE,1
231.59,16.937,3796.98,0.968,49.996,18,4,3922.44,984.337,3046.98,5.063,1.59,0.004,0.018,0,1,POWER_SPIKE,1
229.91,10.709,2260.17,0.918,49.969,18,4,2462.106,976.423,1510.17,3.014,0.09,0.031,0.032,0,1,POWER_SPIKE,1
228.61,15.118,3345.42,0.968,50.052,18,4,3456.126,867.315,2595.42,4.461,1.39,0.052,0.018,0,1,POWER_SPIKE,1
231.65,9.068,2014.57,0.959,49.975,18,4,2100.602,595.323,1264.57,2.686,1.65,0.025,0.009,0,1,POWER_SPIKE,1
228.41,9.327,2098.42,0.985,49.988,19,4,2130.38,367.606,1348.42,2.798,1.59,0.012,0.035,0,1,POWER_SPIKE,1
234.39,16.636,3657.46,0.938,50.025,19,4,3899.312,1351.639,2907.46,4.877,4.39,0.025,0.012,0,1,POWER_SPIKE,1
231.05,11.382,2493.06,0.948,50.02,19,4,2629.811,836.991,1743.06,3.324,1.05,0.02,0.002,0,1,POWER_SPIKE,1
231.32,15.166,3430.93,0.978,50.011,19,4,3508.199,731.827,2680.93,4.575,1.32,0.011,0.028,0,1,POWER_SPIKE,1
229.95,13.273,2881.14,0.944,49.987,20,4,3052.126,1007.035,2131.14,3.842,0.05,0.013,0.006,0,1,POWER_SPIKE,1
229.36,19.33,4318.25,0.974,49.98,20,4,4433.529,1004.407,3568.25,5.758,0.64,0.02,0.024,0,1,POWER_SPIKE,1
228.53,10.272,2173.84,0.926,50.024,20,4,2347.46,886.221,1423.84,2.898,1.47,0.024,0.024,0,1,POWER_SPIKE,1
233.3,11.818,2602.75,0.944,49.927,20,4,2757.139,909.706,1852.75,3.47,3.3,0.073,0.006,0,1,POWER_SPIKE,1
226.77,20.803,4340.13,0.92,50.009,21,4,4717.496,1848.873,3590.13,5.787,3.23,0.009,0.03,0,1,POWER_SPIKE,1
229.59,13.748,3061.75,0.97,50.026,21,4,3156.403,767.337,2311.75,4.082,0.41,0.026,0.02,0,1,POWER_SPIKE,1
233.37,22.148,4755.08,0.92,49.999,21,4,5168.679,2025.7,4005.08,6.34,3.37,0.001,0.03,0,1,POWER_SPIKE,1
228.98,27.032,5830.78,0.942,49.978,21,4,6189.787,2077.372,5080.78,7.774,1.02,0.022,0.008,0,1,POWER_SPIKE,1
230.77,7.868,1706.65,0.94,49.928,22,4,1815.698,619.47,1356.65,4.876,0.77,0.072,0.01,0,1,POWER_SPIKE,1
233.09,11.826,2538.72,0.921,50.004,22,4,2756.522,1073.838,2188.72,7.253,3.09,0.004,0.029,0,1,POWER_SPIKE,1
230.07,7.864,1727.78,0.955,49.946,22,4,1809.27,536.64,1377.78,4.937,0.07,0.054,0.005,0,1,POWER_SPIKE,1
229.44,6.08,1333.61,0.956,49.986,22,4,1394.995,409.245,983.61,3.81,0.56,0.014,0.006,0,1,POWER_SPIKE,1
230.53,6.995,1507.77,0.935,49.879,23,4,1612.557,571.89,1157.77,4.308,0.53,0.121,0.015,0,1,POWER_SPIKE,1
230.17,6.902,1479.01,0.931,49.924,23,4,1588.633,579.882,1129.01,4.226,0.17,0.076,0.019,0,1,POWER_SPIKE,1
231.71,10.918,2299.7,0.909,50.05,23,4,2529.81,1054.415,1949.7,6.571,1.71,0.05,0.041,0,1,POWER_SPIKE,1
230.87,5.503,1185.3,0.933,49.992,23,4,1270.478,457.215,835.3,3.387,0.87,0.008,0.017,0,1,POWER_SPIKE,1
231.37,2.438,526.95,0.934,49.949,0,5,564.08,201.531,396.95,4.053,1.37,0.051,0.016,1,1,POWER_SPIKE,1
233.23,3.202,710.94,0.952,49.942,0,5,746.802,228.595,580.94,5.469,3.23,0.058,0.002,1,1,POWER_SPIKE,1
231.63,1.679,374.16,0.962,49.916,0,5,388.907,106.191,244.16,2.878,1.63,0.084,0.012,1,1,POWER_SPIKE,1
234.32,1.135,241.95,0.91,50.007,0,5,265.953,110.266,111.95,1.861,4.32,0.007,0.04,1,0,POWER_SPIKE,1
229.57,3.238,695.71,0.936,49.983,1,5,743.348,261.658,565.71,5.352,0.43,0.017,0.014,1,1,POWER_SPIKE,1
230.6,2.151,453.85,0.915,50.063,1,5,496.021,200.121,323.85,3.491,0.6,0.063,0.035,1,1,POWER_SPIKE,1
229.88,1.389,309.09,0.968,50.028,1,5,319.303,80.129,179.09,2.378,0.12,0.028,0.018,1,1,POWER_SPIKE,1
230.16,2.145,486.78,0.986,49.902,1,5,493.693,82.321,356.78,3.744,0.16,0.098,0.036,1,1,POWER_SPIKE,1
231.69,2.621,585.99,0.965,49.983,2,5,607.259,159.254,455.99,4.508,1.69,0.017,0.015,1,1,POWER_SPIKE,1
227.48,1.795,403.13,0.987,49.925,2,5,408.327,65.626,273.13,3.101,2.52,0.075,0.037,1,1,POWER_SPIKE,1
230.0,2.57,559.11,0.946,50.045,2,5,591.1,191.615,429.11,4.301,0.0,0.045,0.004,1,1,POWER_SPIKE,1
224.41,2.675,550.55,0.917,49.948,2,5,600.297,239.451,420.55,4.235,5.59,0.052,0.033,1,1,POWER_SPIKE,1
233.98,3.973,908.23,0.977,49.988,3,5,929.603,198.228,778.23,6.986,3.98,0.012,0.027,1,1,POWER_SPIKE,1
226.4,2.186,480.15,0.97,49.927,3,5,494.91,120.315,350.15,3.693,3.6,0.073,0.02,1,1,POWER_SPIKE,1
226.06,1.833,387.94,0.936,49.986,3,5,414.368,145.858,257.94,2.984,3.94,0.014,0.014,1,1,POWER_SPIKE,1
232.38,2.113,459.6,0.936,50.099,3,5,491.019,172.839,329.6,3.535,2.38,0.099,0.014,1,1,POWER_SPIKE,1
227.87,3.053,654.69,0.941,50.033,4,5,695.687,235.425,524.69,5.036,2.13,0.033,0.009,1,1,POWER_SPIKE,1
234.26,1.667,369.81,0.947,49.995,4,5,390.511,125.445,239.81,2.845,4.26,0.005,0.003,1,1,POWER_SPIKE,1
228.15,2.522,557.0,0.968,49.965,4,5,575.394,144.395,427.0,4.285,1.85,0.035,0.018,1,1,POWER_SPIKE,1
229.25,2.627,591.44,0.982,49.946,4,5,602.24,113.752,461.44,4.55,0.75,0.054,0.032,1,1,POWER_SPIKE,1
229.67,2.34,497.7,0.926,50.014,5,5,537.428,202.892,367.7,3.828,0.33,0.014,0.024,1,1,POWER_SPIKE,1
231.09,3.39,706.53,0.902,49.937,5,5,783.395,338.22,576.53,5.435,1.09,0.063,0.048,1,1,POWER_SPIKE,1
229.31,3.021,640.83,0.925,49.921,5,5,692.746,263.221,510.83,4.929,0.69,0.079,0.025,1,1,POWER_SPIKE,1
230.54,1.738,376.94,0.941,50.096,5,5,400.679,135.592,246.94,2.9,0.54,0.096,0.009,1,1,POWER_SPIKE,1
229.37,8.28,1800.43,0.948,49.986,6,5,1899.184,604.454,1300.43,3.601,0.63,0.014,0.002,0,1,POWER_SPIKE,1
230.33,13.823,2995.9,0.941,49.902,6,5,3183.852,1077.436,2495.9,5.992,0.33,0.098,0.009,0,1,POWER_SPIKE,1
231.12,7.028,1588.58,0.978,50.004,6,5,1624.311,338.839,1088.58,3.177,1.12,0.004,0.028,0,1,POWER_SPIKE,1
228.44,8.666,1809.37,0.914,49.985,6,5,1979.661,803.177,1309.37,3.619,1.56,0.015,0.036,0,1,POWER_SPIKE,1
228.95,7.462,1676.02,0.981,50.086,7,5,1708.425,331.448,1176.02,3.352,1.05,0.086,0.031,0,1,POWER_SPIKE,1
231.56,13.826,3073.58,0.96,49.987,7,5,3201.549,896.434,2573.58,6.147,1.56,0.013,0.01,0,1,POWER_SPIKE,1
230.41,4.989,1093.29,0.951,49.978,7,5,1149.515,355.42,593.29,2.187,0.41,0.022,0.001,0,1,POWER_SPIKE,1
229.69,12.254,2724.59,0.968,49.971,7,5,2814.621,706.33,2224.59,5.449,0.31,0.029,0.018,0,1,POWER_SPIKE,1
231.32,7.407,1624.2,0.948,49.95,8,5,1713.387,545.32,1124.2,3.248,1.32,0.05,0.002,0,1,POWER_SPIKE,1
234.48,14.177,3101.48,0.933,49.944,8,5,3324.223,1196.309,2601.48,6.203,4.48,0.056,0.017,0,1,POWER_SPIKE,1
229.31,6.966,1515.92,0.949,50.014,8,5,1597.373,503.614,1015.92,3.032,0.69,0.014,0.001,0,1,POWER_SPIKE,1
229.28,9.334,2097.23,0.98,50.008,8,5,2140.1,425.874,1597.23,4.194,0.72,0.008,0.03,0,1,POWER_SPIKE,1
230.06,10.977,2298.13,0.91,49.932,9,5,2525.369,1047.039,1873.13,5.407,0.06,0.068,0.04,0,1,POWER_SPIKE,1
228.97,6.741,1447.84,0.938,50.056,9,5,1543.487,535.027,1022.84,3.407,1.03,0.056,0.012,0,1,POWER_SPIKE,1
229.76,6.319,1310.96,0.903,50.024,9,5,1451.853,623.775,885.96,3.085,0.24,0.024,0.047,0,1,POWER_SPIKE,1
231.64,13.066,2944.87,0.973,49.97,9,5,3026.608,698.557,2519.87,6.929,1.64,0.03,0.023,0,1,POWER_SPIKE,1
230.3,8.513,1895.79,0.967,49.977,10,5,1960.544,499.5,1470.79,4.461,0.3,0.023,0.017,0,1,POWER_SPIKE,1
229.3,9.134,1993.98,0.952,49.999,10,5,2094.426,641.1,1568.98,4.692,0.7,0.001,0.002,0,1,POWER_SPIKE,1
233.4,11.037,2387.9,0.927,49.972,10,5,2576.036,966.171,1962.9,5.619,3.4,0.028,0.023,0,1,POWER_SPIKE,1
227.39,9.004,1848.77,0.903,50.046,10,5,2047.42,879.654,1423.77,4.35,2.61,0.046,0.047,0,1,POWER_SPIKE,1
228.84,7.4,1605.27,0.948,50.02,11,5,1693.416,538.964,1180.27,3.777,1.16,0.02,0.002,0,1,POWER_SPIKE,1
231.86,9.205,1959.17,0.918,50.126,11,5,2134.271,846.41,1534.17,4.61,1.86,0.126,0.032,0,1,POWER_SPIKE,1
225.49,5.064,1098.48,0.962,49.958,11,5,1141.881,311.79,673.48,2.585,4.51,0.042,0.012,0,1,POWER_SPIKE,1
231.42,7.832,1649.39,0.91,49.998,11,5,1812.481,751.47,1224.39,3.881,1.42,0.002,0.04,0,1,POWER_SPIKE,1
231.25,9.011,1904.58,0.914,49.964,12,5,2083.794,845.425,1479.58,4.481,1.25,0.036,0.036,0,1,POWER_SPIKE,1
232.81,8.413,1825.52,0.932,49.975,12,5,1958.631,709.922,1400.52,4.295,2.81,0.025,0.018,0,1,POWER_SPIKE,1
227.29,10.196,2250.3,0.971,49.989,12,5,2317.449,554.054,1825.3,5.295,2.71,0.011,0.021,0,1,POWER_SPIKE,1
230.42,7.1,1562.46,0.955,50.125,12,5,1635.982,485.242,1137.46,3.676,0.42,0.125,0.005,0,1,POWER_SPIKE,1
228.83,6.637,1419.96,0.935,50.004,13,5,1518.745,538.619,994.96,3.341,1.17,0.004,0.015,0,1,POWER_SPIKE,1
230.78,10.646,2341.4,0.953,49.985,13,5,2456.884,744.363,1916.4,5.509,0.78,0.015,0.003,0,1,POWER_SPIKE,1
230.97,8.764,1941.31,0.959,50.084,13,5,2024.221,573.677,1516.31,4.568,0.97,0.084,0.009,0,1,POWER_SPIKE,1
229.33,11.229,2420.58,0.94,49.916,13,5,2575.147,878.574,1995.58,5.695,0.67,0.084,0.01,0,1,POWER_SPIKE,1
229.04,14.295,3041.75,0.929,50.015,14,5,3274.127,1211.688,2616.75,7.157,0.96,0.015,0.021,0,1,POWER_SPIKE,1
228.13,6.915,1465.59,0.929,49.935,14,5,1577.519,583.808,1040.59,3.448,1.87,0.065,0.021,0,1,POWER_SPIKE,1
231.04,11.384,2585.35,0.983,49.927,14,5,2630.159,482.912,2160.35,6.083,1.04,0.073,0.033,0,1,POWER_SPIKE,1
227.52,10.419,2197.42,0.927,49.953,14,5,2370.531,889.094,1772.42,5.17,2.48,0.047,0.023,0,1,POWER_SPIKE,1
231.78,10.226,2282.43,0.963,49.987,15,5,2370.182,638.767,1857.43,5.37,1.78,0.013,0.013,0,1,POWER_SPIKE,1
230.55,7.134,1613.47,0.981,49.967,15,5,1644.744,319.093,1188.47,3.796,0.55,0.033,0.031,0,1,POWER_SPIKE,1
230.59,4.201,912.58,0.942,49.943,15,5,968.709,325.111,487.58,2.147,0.59,0.057,0.008,0,1,POWER_SPIKE,1
229.94,6.952,1526.62,0.955,50.031,15,5,1598.543,474.137,1101.62,3.592,0.06,0.031,0.005,0,1,POWER_SPIKE,1
228.97,9.739,2029.22,0.91,50.01,16,5,2229.939,924.551,1604.22,4.775,1.03,0.01,0.04,0,1,POWER_SPIKE,1
229.87,6.793,1416.33,0.907,49.932,16,5,1561.507,657.598,991.33,3.333,0.13,0.068,0.043,0,1,POWER_SPIKE,1
229.09,8.486,1891.67,0.973,49.905,16,5,1944.058,448.698,1466.67,4.451,0.91,0.095,0.023,0,1,POWER_SPIKE,1
230.74,8.575,1899.49,0.96,50.044,16,5,1978.595,554.007,1474.49,4.469,0.74,0.044,0.01,0,1,POWER_SPIKE,1
231.37,11.337,2470.82,0.942,49.944,17,5,2623.042,880.327,1720.82,3.294,1.37,0.056,0.008,0,1,POWER_SPIKE,1
230.99,9.54,2034.05,0.923,50.015,17,5,2203.645,847.962,1284.05,2.712,0.99,0.015,0.027,0,1,POWER_SPIKE,1
228.26,13.875,2970.73,0.938,49.896,17,5,3167.108,1097.831,2220.73,3.961,1.74,0.104,0.012,0,1,POWER_SPIKE,1
228.47,11.691,2580.12,0.966,49.964,17,5,2671.043,690.577,1830.12,3.44,1.53,0.036,0.016,0,1,POWER_SPIKE,1
229.25,14.753,3256.97,0.963,50.05,18,5,3382.125,911.487,2506.97,4.343,0.75,0.05,0.013,0,1,POWER_SPIKE,1
230.27,15.378,3367.67,0.951,49.874,18,5,3541.092,1094.873,2617.67,4.49,0.27,0.126,0.001,0,1,POWER_SPIKE,1
227.38,12.634,2818.13,0.981,49.944,18,5,2872.719,557.33,2068.13,3.758,2.62,0.056,0.031,0,1,POWER_SPIKE,1
231.46,22.922,4854.57,0.915,50.01,18,5,5305.526,2140.535,4104.57,6.473,1.46,0.01,0.035,0,1,POWER_SPIKE,1
229.46,12.614,2790.12,0.964,50.022,19,5,2894.408,769.63,2040.12,3.72,0.54,0.022,0.014,0,1,POWER_SPIKE,1
230.81,24.754,5553.6,0.972,49.966,19,5,5713.471,1342.556,4803.6,7.405,0.81,0.034,0.022,0,1,POWER_SPIKE,1
227.48,17.423,3638.41,0.918,49.904,19,5,3963.384,1571.8,2888.41,4.851,2.52,0.096,0.032,0,1,POWER_SPIKE,1
227.56,10.821,2398.33,0.974,50.107,19,5,2462.427,557.858,1648.33,3.198,2.44,0.107,0.024,0,1,POWER_SPIKE,1
229.99,7.681,1681.65,0.952,50.015,20,5,1766.553,540.738,931.65,2.242,0.01,0.015,0.002,0,1,POWER_SPIKE,1
227.57,12.952,2844.24,0.965,49.926,20,5,2947.487,772.978,2094.24,3.792,2.43,0.074,0.015,0,1,POWER_SPIKE,1
231.42,10.569,2242.9,0.917,49.958,20,5,2445.878,975.629,1492.9,2.991,1.42,0.042,0.033,0,1,POWER_SPIKE,1
228.65,16.579,3472.35,0.916,49.918,20,5,3790.788,1520.782,2722.35,4.63,1.35,0.082,0.034,0,1,POWER_SPIKE,1
230.92,20.204,4371.52,0.937,50.056,21,5,4665.508,1629.799,3621.52,5.829,0.92,0.056,0.013,0,1,POWER_SPIKE,1
227.08,22.774,5057.64,0.978,49.969,21,5,5171.52,1078.804,4307.64,6.744,2.92,0.031,0.028,0,1,POWER_SPIKE,1
230.27,10.295,2242.69,0.946,50.023,21,5,2370.63,768.479,1492.69,2.99,0.27,0.023,0.004,0,1,POWER_SPIKE,1
229.99,14.065,3147.51,0.973,49.958,21,5,3234.809,746.611,2397.51,4.197,0.01,0.042,0.023,0,1,POWER_SPIKE,1
226.02,5.784,1274.52,0.975,50.021,22,5,1307.3,290.488,924.52,3.641,3.98,0.021,0.025,0,1,POWER_SPIKE,1
233.52,5.657,1191.64,0.902,50.039,22,5,1321.023,570.333,841.64,3.405,3.52,0.039,0.048,0,1,POWER_SPIKE,1
228.92,9.271,2016.19,0.95,50.158,22,5,2122.317,662.693,1666.19,5.761,1.08,0.158,0.0,0,1,POWER_SPIKE,1
229.51,3.294,706.03,0.934,50.003,22,5,756.006,270.101,356.03,2.017,0.49,0.003,0.016,0,1,POWER_SPIKE,1
231.21,9.544,2054.47,0.931,49.994,23,5,2206.668,805.476,1704.47,5.87,1.21,0.006,0.019,0,1,POWER_SPIKE,1
227.7,6.477,1420.35,0.963,50.009,23,5,1474.813,397.464,1070.35,4.058,2.3,0.009,0.013,0,1,POWER_SPIKE,1
231.91,7.914,1795.07,0.978,49.966,23,5,1835.336,382.86,1445.07,5.129,1.91,0.034,0.028,0,1,POWER_SPIKE,1
231.56,8.238,1783.64,0.935,49.929,23,5,1907.591,676.523,1433.64,5.096,1.56,0.071,0.015,0,1,POWER_SPIKE,1
228.06,1.643,340.31,0.908,50.021,0,6,374.703,156.989,210.31,2.618,1.94,0.021,0.042,1,1,POWER_SPIKE,1
230.03,2.292,477.75,0.906,50.002,0,6,527.229,223.164,347.75,3.675,0.03,0.002,0.044,1,1,POWER_SPIKE,1
231.04,2.093,468.64,0.969,50.102,0,6,483.567,119.47,338.64,3.605,1.04,0.102,0.019,1,1,POWER_SPIKE,1
230.46,2.055,448.5,0.947,49.929,0,6,473.595,152.135,318.5,3.45,0.46,0.071,0.003,1,1,POWER_SPIKE,1
232.48,2.771,614.55,0.954,50.04,1,6,644.202,193.136,484.55,4.727,2.48,0.04,0.004,1,1,POWER_SPIKE,1
230.25,1.662,363.17,0.949,50.05,1,6,382.675,120.648,233.17,2.794,0.25,0.05,0.001,1,1,POWER_SPIKE,1
228.25,2.722,610.11,0.982,50.053,1,6,621.297,117.351,480.11,4.693,1.75,0.053,0.032,1,1,POWER_SPIKE,1
231.74,2.496,550.19,0.951,50.07,1,6,578.423,178.843,420.19,4.232,1.74,0.07,0.001,1,1,POWER_SPIKE,1
230.41,2.736,571.7,0.907,50.008,2,6,630.402,265.481,441.7,4.398,0.41,0.008,0.043,1,1,POWER_SPIKE,1
227.76,2.438,526.41,0.948,49.958,2,6,555.279,176.729,396.41,4.049,2.24,0.042,0.002,1,1,POWER_SPIKE,1
229.09,2.155,460.2,0.932,50.124,2,6,493.689,178.942,330.2,3.54,0.91,0.124,0.018,1,1,POWER_SPIKE,1
231.76,2.196,498.17,0.979,49.987,2,6,508.945,103.754,368.17,3.832,1.76,0.013,0.029,1,1,POWER_SPIKE,1
228.86,3.6,784.33,0.952,49.963,3,6,823.896,252.193,654.33,6.033,1.14,0.037,0.002,1,1,POWER_SPIKE,1
229.25,2.776,626.81,0.985,50.019,3,6,636.398,109.813,496.81,4.822,0.75,0.019,0.035,1,1,POWER_SPIKE,1
227.8,2.928,657.76,0.986,50.021,3,6,666.998,111.219,527.76,5.06,2.2,0.021,0.036,1,1,POWER_SPIKE,1
229.52,3.22,689.45,0.933,50.015,3,6,739.054,265.968,559.45,5.303,0.48,0.015,0.017,1,1,POWER_SPIKE,1
232.45,4.818,1077.3,0.962,49.947,4,6,1119.944,305.8,947.3,8.287,2.45,0.053,0.012,1,1,POWER_SPIKE,1
228.51,4.171,925.58,0.971,49.99,4,6,953.115,227.87,795.58,7.12,1.49,0.01,0.021,1,1,POWER_SPIKE,1
228.51,2.091,445.85,0.933,49.938,4,6,477.814,171.954,315.85,3.43,1.49,0.062,0.017,1,1,POWER_SPIKE,1
229.69,2.076,435.38,0.913,49.99,4,6,476.836,194.53,305.38,3.349,0.31,0.01,0.037,1,1,POWER_SPIKE,1
230.12,2.271,482.29,0.923,50.091,5,6,522.603,201.097,352.29,3.71,0.12,0.091,0.027,1,1,POWER_SPIKE,1
230.22,3.449,772.67,0.973,49.985,5,6,794.029,183.266,642.67,5.944,0.22,0.015,0.023,1,1,POWER_SPIKE,1
229.07,4.873,1049.35,0.94,50.043,5,6,1116.258,380.839,919.35,8.072,0.93,0.043,0.01,1,1,POWER_SPIKE,1
231.27,2.002,427.77,0.924,49.915,5,6,463.003,177.049,297.77,3.291,1.27,0.085,0.026,1,1,POWER_SPIKE,1
228.74,7.319,1520.09,0.908,50.02,6,6,1674.148,701.418,1020.09,3.04,1.26,0.02,0.042,0,1,POWER_SPIKE,1
229.34,14.572,3231.7,0.967,49.972,6,6,3341.942,851.448,2731.7,6.463,0.66,0.028,0.017,0,1,POWER_SPIKE,1
227.77,9.068,1995.29,0.966,50.003,6,6,2065.418,533.998,1495.29,3.991,2.23,0.003,0.016,0,1,POWER_SPIKE,1
231.11,6.526,1441.78,0.956,50.041,6,6,1508.224,442.463,941.78,2.884,1.11,0.041,0.006,0,1,POWER_SPIKE,1
232.79,6.449,1382.65,0.921,50.074,7,6,1501.263,584.836,882.65,2.765,2.79,0.074,0.029,0,1,POWER_SPIKE,1
230.17,13.65,2833.85,0.902,49.86,7,6,3141.82,1356.437,2333.85,5.668,0.17,0.14,0.048,0,1,POWER_SPIKE,1
227.84,8.552,1790.63,0.919,50.056,7,6,1948.488,768.206,1290.63,3.581,2.16,0.056,0.031,0,1,POWER_SPIKE,1
230.39,16.834,3603.0,0.929,50.046,7,6,3878.385,1435.312,3103.0,7.206,0.39,0.046,0.021,0,1,POWER_SPIKE,1
228.36,6.127,1310.97,0.937,49.965,8,6,1399.162,488.768,810.97,2.622,1.64,0.035,0.013,0,1,POWER_SPIKE,1
229.11,5.303,1168.9,0.962,50.019,8,6,1214.97,331.747,668.9,2.338,0.89,0.019,0.012,0,1,POWER_SPIKE,1
228.9,10.255,2302.81,0.981,49.961,8,6,2347.37,455.408,1802.81,4.606,1.1,0.039,0.031,0,1,POWER_SPIKE,1
228.92,15.727,3456.26,0.96,50.069,8,6,3600.225,1008.063,2956.26,6.913,1.08,0.069,0.01,0,1,POWER_SPIKE,1
230.28,8.465,1890.77,0.97,49.982,9,6,1949.32,473.889,1465.77,4.449,0.28,0.018,0.02,0,1,POWER_SPIKE,1
233.24,9.989,2266.88,0.973,49.972,9,6,2329.834,537.738,1841.88,5.334,3.24,0.028,0.023,0,1,POWER_SPIKE,1
228.28,15.424,3355.46,0.953,49.995,9,6,3520.991,1066.756,2930.46,7.895,1.72,0.005,0.003,0,1,POWER_SPIKE,1
232.68,9.422,2045.51,0.933,50.017,9,6,2192.311,788.961,1620.51,4.813,2.68,0.017,0.017,0,1,POWER_SPIKE,1
230.7,6.029,1275.39,0.917,49.947,10,6,1390.89,554.808,850.39,3.001,0.7,0.053,0.033,0,1,POWER_SPIKE,1
229.69,6.092,1313.84,0.939,49.963,10,6,1399.271,481.233,888.84,3.091,0.31,0.037,0.011,0,1,POWER_SPIKE,1
229.03,7.657,1588.76,0.906,49.936,10,6,1753.683,742.295,1163.76,3.738,0.97,0.064,0.044,0,1,POWER_SPIKE,1
228.6,5.244,1154.42,0.963,50.032,10,6,1198.778,323.072,729.42,2.716,1.4,0.032,0.013,0,1,POWER_SPIKE,1
226.72,13.215,2714.44,0.906,50.008,11,6,2996.105,1268.184,2289.44,6.387,3.28,0.008,0.044,0,1,POWER_SPIKE,1
228.84,6.449,1412.23,0.957,50.029,11,6,1475.789,428.109,987.23,3.323,1.16,0.029,0.007,0,1,POWER_SPIKE,1
230.38,9.704,2177.44,0.974,49.974,11,6,2235.608,506.472,1752.44,5.123,0.38,0.026,0.024,0,1,POWER_SPIKE,1
229.89,6.389,1417.3,0.965,49.978,11,6,1468.767,385.184,992.3,3.335,0.11,0.022,0.015,0,1,POWER_SPIKE,1
230.67,11.784,2476.37,0.911,50.068,12,6,2718.215,1121.009,2051.37,5.827,0.67,0.068,0.039,0,1,POWER_SPIKE,1
227.9,8.82,1831.22,0.911,49.971,12,6,2010.078,828.969,1406.22,4.309,2.1,0.029,0.039,0,1,POWER_SPIKE,1
229.78,12.537,2800.15,0.972,49.89,12,6,2880.752,676.922,2375.15,6.589,0.22,0.11,0.022,0,1,POWER_SPIKE,1
226.12,8.987,1843.14,0.907,49.969,12,6,2032.14,855.797,1418.14,4.337,3.88,0.031,0.043,0,1,POWER_SPIKE,1
227.56,15.223,3370.52,0.973,49.919,13,6,3464.146,799.543,2945.52,7.931,2.44,0.081,0.023,0,1,POWER_SPIKE,1
230.02,7.761,1617.31,0.906,49.982,13,6,1785.185,755.629,1192.31,3.805,0.02,0.018,0.044,0,1,POWER_SPIKE,1
231.31,7.085,1601.1,0.977,49.947,13,6,1638.831,349.463,1176.1,3.767,1.31,0.053,0.027,0,1,POWER_SPIKE,1
231.55,5.899,1262.06,0.924,49.982,13,6,1365.913,522.315,837.06,2.97,1.55,0.018,0.026,0,1,POWER_SPIKE,1
231.9,6.299,1371.74,0.939,50.012,14,6,1460.738,502.373,946.74,3.228,1.9,0.012,0.011,0,1,POWER_SPIKE,1
230.56,11.936,2702.4,0.982,50.031,14,6,2751.964,519.794,2277.4,6.359,0.56,0.031,0.032,0,1,POWER_SPIKE,1
227.49,9.521,2111.75,0.975,49.968,14,6,2165.932,481.281,1686.75,4.969,2.51,0.032,0.025,0,1,POWER_SPIKE,1
227.44,11.762,2455.83,0.918,49.887,14,6,2675.149,1060.912,2030.83,5.778,2.56,0.113,0.032,0,1,POWER_SPIKE,1
231.45,11.186,2418.16,0.934,50.068,15,6,2589.0,924.98,1993.16,5.69,1.45,0.068,0.016,0,1,POWER_SPIKE,1
230.04,7.946,1804.11,0.987,49.955,15,6,1827.898,293.78,1379.11,4.245,0.04,0.045,0.037,0,1,POWER_SPIKE,1
231.02,4.947,1108.6,0.97,50.042,15,6,1142.856,277.834,683.6,2.608,1.02,0.042,0.02,0,1,POWER_SPIKE,1
227.19,8.998,1862.22,0.911,50.008,15,6,2044.256,843.064,1437.22,4.382,2.81,0.008,0.039,0,1,POWER_SPIKE,1
230.08,3.828,862.3,0.979,49.926,16,6,880.746,179.549,437.3,2.029,0.08,0.074,0.029,0,1,POWER_SPIKE,1
226.64,9.56,2047.57,0.945,49.901,16,6,2166.678,708.656,1622.57,4.818,3.36,0.099,0.005,0,1,POWER_SPIKE,1
224.16,8.895,1910.26,0.958,49.994,16,6,1993.903,571.788,1485.26,4.495,5.84,0.006,0.008,0,1,POWER_SPIKE,1
226.89,11.593,2433.08,0.925,50.035,16,6,2630.336,999.441,2008.08,5.725,3.11,0.035,0.025,0,1,POWER_SPIKE,1
228.48,18.682,3918.43,0.918,49.954,17,6,4268.463,1692.789,3168.43,5.225,1.52,0.046,0.032,0,1,POWER_SPIKE,1
230.74,22.688,5057.07,0.966,50.066,17,6,5235.029,1353.475,4307.07,6.743,0.74,0.066,0.016,0,1,POWER_SPIKE,1
224.95,14.136,3039.95,0.956,50.055,17,6,3179.893,932.875,2289.95,4.053,5.05,0.055,0.006,0,1,POWER_SPIKE,1
227.52,11.097,2486.81,0.985,50.01,17,6,2524.789,435.663,1736.81,3.316,2.48,0.01,0.035,0,1,POWER_SPIKE,1
230.21,15.805,3412.82,0.938,50.021,18,6,3638.469,1261.222,2662.82,4.55,0.21,0.021,0.012,0,1,POWER_SPIKE,1
229.58,15.058,3401.79,0.984,49.996,18,6,3457.016,615.931,2651.79,4.536,0.42,0.004,0.034,0,1,POWER_SPIKE,1
231.34,14.986,3335.02,0.962,50.065,18,6,3466.861,946.625,2585.02,4.447,1.34,0.065,0.012,0,1,POWER_SPIKE,1
233.13,17.754,4018.99,0.971,50.029,18,6,4138.99,989.548,3268.99,5.359,3.13,0.029,0.021,0,1,POWER_SPIKE,1
230.5,17.903,3936.83,0.954,49.935,19,6,4126.641,1237.194,3186.83,5.249,0.5,0.065,0.004,0,1,POWER_SPIKE,1
231.7,19.845,4253.17,0.925,49.882,19,6,4598.086,1747.122,3503.17,5.671,1.7,0.118,0.025,0,1,POWER_SPIKE,1
232.1,10.78,2467.01,0.986,49.98,19,6,2502.038,417.203,1717.01,3.289,2.1,0.02,0.036,0,1,POWER_SPIKE,1
234.41,8.485,1871.52,0.941,49.893,19,6,1988.969,673.08,1121.52,2.495,4.41,0.107,0.009,0,1,POWER_SPIKE,1
234.08,15.309,3422.34,0.955,50.014,20,6,3583.531,1062.896,2672.34,4.563,4.08,0.014,0.005,0,1,POWER_SPIKE,1
230.1,20.771,4454.4,0.932,50.059,20,6,4779.407,1732.336,3704.4,5.939,0.1,0.059,0.018,0,1,POWER_SPIKE,1
225.57,16.991,3713.83,0.969,50.009,20,6,3832.66,946.9,2963.83,4.952,4.43,0.009,0.019,0,1,POWER_SPIKE,1
230.72,18.157,3967.16,0.947,49.962,20,6,4189.183,1345.706,3217.16,5.29,0.72,0.038,0.003,0,1,POWER_SPIKE,1
229.77,11.368,2557.13,0.979,49.971,21,6,2612.025,532.488,1807.13,3.41,0.23,0.029,0.029,0,1,POWER_SPIKE,1
228.05,16.663,3663.2,0.964,50.107,21,6,3799.997,1010.428,2913.2,4.884,1.95,0.107,0.014,0,1,POWER_SPIKE,1
230.94,22.364,4829.02,0.935,49.972,21,6,5164.742,1831.664,4079.02,6.439,0.94,0.028,0.015,0,1,POWER_SPIKE,1
227.59,25.82,5682.36,0.967,50.034,21,6,5876.374,1497.161,4932.36,7.576,2.41,0.034,0.017,0,1,POWER_SPIKE,1
230.15,7.445,1675.69,0.978,50.052,22,6,1713.467,357.438,1325.69,4.788,0.15,0.052,0.028,0,1,POWER_SPIKE,1
228.67,5.31,1103.69,0.909,49.999,22,6,1214.238,506.09,753.69,3.153,1.33,0.001,0.041,0,1,POWER_SPIKE,1
230.42,5.537,1178.85,0.924,49.995,22,6,1275.836,487.87,828.85,3.368,0.42,0.005,0.026,0,1,POWER_SPIKE,1
226.88,6.989,1512.78,0.954,50.114,22,6,1585.664,475.393,1162.78,4.322,3.12,0.114,0.004,0,1,POWER_SPIKE,1
228.07,6.521,1342.93,0.903,50.027,23,6,1487.244,638.981,992.93,3.837,1.93,0.027,0.047,0,1,POWER_SPIKE,1
225.95,7.203,1513.66,0.93,50.051,23,6,1627.518,598.21,1163.66,4.325,4.05,0.051,0.02,0,1,POWER_SPIKE,1
233.29,4.544,1009.18,0.952,50.018,23,6,1060.07,324.485,659.18,2.883,3.29,0.018,0.002,0,1,POWER_SPIKE,1
227.44,9.612,2059.42,0.942,49.937,23,6,2186.153,733.701,1709.42,5.884,2.56,0.063,0.008,0,1,POWER_SPIKE,1
230.32,1.374,294.63,0.931,50.069,0,0,316.46,115.514,164.63,2.266,0.32,0.069,0.019,1,1,POWER_SPIKE,1
227.08,3.092,654.42,0.932,50.019,0,0,702.131,254.493,524.42,5.034,2.92,0.019,0.018,1,1,POWER_SPIKE,1
227.06,1.505,316.47,0.926,50.045,0,0,341.725,129.009,186.47,2.434,2.94,0.045,0.024,1,1,POWER_SPIKE,1
228.03,4.396,963.32,0.961,50.002,0,0,1002.42,277.218,833.32,7.41,1.97,0.002,0.011,1,1,POWER_SPIKE,1
230.01,4.439,940.34,0.921,49.958,1,0,1021.014,397.749,810.34,7.233,0.01,0.042,0.029,1,1,POWER_SPIKE,1
226.17,3.572,771.59,0.955,50.033,1,0,807.879,239.622,641.59,5.935,3.83,0.033,0.005,1,1,POWER_SPIKE,1
226.84,1.602,350.66,0.965,49.982,1,0,363.398,95.301,220.66,2.697,3.16,0.018,0.015,1,1,POWER_SPIKE,1
232.32,2.168,459.88,0.913,50.003,1,0,503.67,205.477,329.88,3.538,2.32,0.003,0.037,1,1,POWER_SPIKE,1
230.89,2.17,482.52,0.963,50.005,2,0,501.031,135.029,352.52,3.712,0.89,0.005,0.013,1,1,POWER_SPIKE,1
229.67,2.2,483.04,0.956,50.0,2,0,505.274,148.231,353.04,3.716,0.33,0.0,0.006,1,1,POWER_SPIKE,1
232.02,3.875,858.63,0.955,49.96,2,0,899.077,266.672,728.63,6.605,2.02,0.04,0.005,1,1,POWER_SPIKE,1
233.71,3.048,673.94,0.946,50.003,2,0,712.348,230.919,543.94,5.184,3.71,0.003,0.004,1,1,POWER_SPIKE,1
234.61,1.644,365.2,0.947,50.014,3,0,385.699,123.899,235.2,2.809,4.61,0.014,0.003,1,1,POWER_SPIKE,1
229.1,1.525,334.31,0.957,50.026,3,0,349.377,101.35,204.31,2.572,0.9,0.026,0.007,1,1,POWER_SPIKE,1
225.89,2.283,489.88,0.95,50.023,3,0,515.707,161.029,359.88,3.768,4.11,0.023,0.0,1,1,POWER_SPIKE,1
234.48,2.123,456.05,0.916,49.997,3,0,497.801,199.707,326.05,3.508,4.48,0.003,0.034,1,1,POWER_SPIKE,1
228.23,4.364,908.42,0.912,50.009,4,0,995.996,408.548,778.42,6.988,1.77,0.009,0.038,1,1,POWER_SPIKE,1
228.64,2.007,445.99,0.972,49.977,4,0,458.88,107.828,315.99,3.431,1.36,0.023,0.022,1,1,POWER_SPIKE,1
228.37,2.265,497.63,0.962,50.019,4,0,517.258,141.237,367.63,3.828,1.63,0.019,0.012,1,1,POWER_SPIKE,1
229.44,3.847,858.85,0.973,50.062,4,0,882.656,203.721,728.85,6.607,0.56,0.062,0.023,1,1,POWER_SPIKE,1
228.89,3.637,787.47,0.946,49.941,5,0,832.473,269.86,657.47,6.057,1.11,0.059,0.004,1,1,POWER_SPIKE,1
231.14,2.269,506.02,0.965,49.954,5,0,524.457,137.539,376.02,3.892,1.14,0.046,0.015,1,1,POWER_SPIKE,1
227.23,2.98,618.19,0.913,50.025,5,0,677.145,276.248,488.19,4.755,2.77,0.025,0.037,1,1,POWER_SPIKE,1
230.01,1.645,364.02,0.962,50.031,5,0,378.366,103.313,234.02,2.8,0.01,0.031,0.012,1,1,POWER_SPIKE,1
228.78,5.633,1183.06,0.918,49.993,6,0,1288.718,511.08,683.06,2.366,1.22,0.007,0.032,0,1,POWER_SPIKE,1
228.99,9.038,1951.59,0.943,50.013,6,0,2069.612,688.752,1451.59,3.903,1.01,0.013,0.007,0,1,POWER_SPIKE,1
230.14,9.309,1962.35,0.916,49.918,6,0,2142.373,859.474,1462.35,3.925,0.14,0.082,0.034,0,1,POWER_SPIKE,1
231.49,5.193,1160.07,0.965,49.984,6,0,1202.128,315.258,660.07,2.32,1.49,0.016,0.015,0,1,POWER_SPIKE,1
228.44,11.948,2614.8,0.958,49.97,7,0,2729.401,782.705,2114.8,5.23,1.56,0.03,0.008,0,1,POWER_SPIKE,1
229.0,6.539,1430.12,0.955,49.958,7,0,1497.431,444.147,930.12,2.86,1.0,0.042,0.005,0,1,POWER_SPIKE,1
227.91,12.346,2729.3,0.97,49.974,7,0,2813.777,684.043,2229.3,5.459,2.09,0.026,0.02,0,1,POWER_SPIKE,1
227.09,16.231,3409.55,0.925,50.04,7,0,3685.898,1400.52,2909.55,6.819,2.91,0.04,0.025,0,1,POWER_SPIKE,1
231.1,12.281,2650.75,0.934,50.001,8,0,2838.139,1013.99,2150.75,5.301,1.1,0.001,0.016,0,1,POWER_SPIKE,1
228.28,12.998,2682.29,0.904,50.028,8,0,2967.183,1268.567,2182.29,5.365,1.72,0.028,0.046,0,1,POWER_SPIKE,1
225.88,8.801,1894.54,0.953,49.994,8,0,1987.97,602.296,1394.54,3.789,4.12,0.006,0.003,0,1,POWER_SPIKE,1
228.93,9.505,2021.54,0.929,50.006,8,0,2175.98,805.286,1521.54,4.043,1.07,0.006,0.021,0,1,POWER_SPIKE,1
231.55,10.551,2250.16,0.921,50.056,9,0,2443.084,951.734,1825.16,5.294,1.55,0.056,0.029,0,1,POWER_SPIKE,1
230.23,8.296,1806.76,0.946,50.081,9,0,1909.988,619.154,1381.76,4.251,0.23,0.081,0.004,0,1,POWER_SPIKE,1
230.35,6.139,1336.39,0.945,50.028,9,0,1414.119,462.516,911.39,3.144,0.35,0.028,0.005,0,1,POWER_SPIKE,1
229.51,10.759,2264.45,0.917,50.017,9,0,2469.298,984.971,1839.45,5.328,0.49,0.017,0.033,0,1,POWER_SPIKE,1
228.31,14.076,3040.24,0.946,50.076,10,0,3213.692,1041.772,2615.24,7.154,1.69,0.076,0.004,0,1,POWER_SPIKE,1
230.34,8.631,1882.71,0.947,49.941,10,0,1988.065,638.633,1457.71,4.43,0.34,0.059,0.003,0,1,POWER_SPIKE,1
228.49,15.04,3378.15,0.983,50.067,10,0,3436.49,630.959,2953.15,7.949,1.51,0.067,0.033,0,1,POWER_SPIKE,1
229.44,5.508,1211.97,0.959,50.049,10,0,1263.756,358.156,786.97,2.852,0.56,0.049,0.009,0,1,POWER_SPIKE,1
228.53,8.157,1757.8,0.943,49.927,11,0,1864.119,620.365,1332.8,4.136,1.47,0.073,0.007,0,1,POWER_SPIKE,1
233.11,7.246,1540.37,0.912,50.022,11,0,1689.115,692.858,1115.37,3.624,3.11,0.022,0.038,0,1,POWER_SPIKE,1
233.02,10.027,2135.62,0.914,50.064,11,0,2336.492,947.948,1710.62,5.025,3.02,0.064,0.036,0,1,POWER_SPIKE,1
230.95,6.876,1430.85,0.901,50.0,11,0,1588.012,688.91,1005.85,3.367,0.95,0.0,0.049,0,1,POWER_SPIKE,1
231.57,9.176,1971.91,0.928,50.015,12,0,2124.886,791.691,1546.91,4.64,1.57,0.015,0.022,0,1,POWER_SPIKE,1
229.09,5.317,1176.72,0.966,50.065,12,0,1218.072,314.923,751.72,2.769,0.91,0.065,0.016,0,1,POWER_SPIKE,1
230.9,11.945,2501.58,0.907,50.068,12,0,2758.101,1161.521,2076.58,5.886,0.9,0.068,0.043,0,1,POWER_SPIKE,1
232.02,5.207,1169.47,0.968,49.976,12,0,1208.128,303.18,744.47,2.752,2.02,0.024,0.018,0,1,POWER_SPIKE,1
231.65,7.944,1729.83,0.94,50.014,13,0,1840.228,627.839,1304.83,4.07,1.65,0.014,0.01,0,1,POWER_SPIKE,1
230.01,6.648,1390.02,0.909,50.031,13,0,1529.106,637.326,965.02,3.271,0.01,0.031,0.041,0,1,POWER_SPIKE,1
229.87,6.449,1384.67,0.934,50.029,13,0,1482.432,529.633,959.67,3.258,0.13,0.029,0.016,0,1,POWER_SPIKE,1
227.11,5.245,1120.88,0.941,49.974,13,0,1191.192,403.107,695.88,2.637,2.89,0.026,0.009,0,1,POWER_SPIKE,1
233.03,9.354,2068.56,0.949,50.037,14,0,2179.763,687.227,1643.56,4.867,3.03,0.037,0.001,0,1,POWER_SPIKE,1
226.75,14.452,3087.03,0.942,49.978,14,0,3276.991,1099.8,2662.03,7.264,3.25,0.022,0.008,0,1,POWER_SPIKE,1
232.05,10.733,2288.86,0.919,50.051,14,0,2490.593,981.935,1863.86,5.386,2.05,0.051,0.031,0,1,POWER_SPIKE,1
233.15,6.606,1517.08,0.985,50.023,14,0,1540.189,265.766,1092.08,3.57,3.15,0.023,0.035,0,1,POWER_SPIKE,1
234.04,5.023,1083.94,0.922,49.972,15,0,1175.583,455.174,658.94,2.55,4.04,0.028,0.028,0,1,POWER_SPIKE,1
228.57,10.795,2351.43,0.953,50.096,15,0,2467.413,747.553,1926.43,5.533,1.43,0.096,0.003,0,1,POWER_SPIKE,1
230.79,4.492,999.28,0.964,50.002,15,0,1036.709,275.663,574.28,2.351,0.79,0.002,0.014,0,1,POWER_SPIKE,1
229.48,10.455,2322.43,0.968,50.026,15,0,2399.213,602.083,1897.43,5.465,0.52,0.026,0.018,0,1,POWER_SPIKE,1
228.66,9.151,2044.43,0.977,49.941,16,0,2092.468,446.196,1619.43,4.81,1.34,0.059,0.027,0,1,POWER_SPIKE,1
230.39,7.002,1582.54,0.981,49.988,16,0,1613.191,312.971,1157.54,3.724,0.39,0.012,0.031,0,1,POWER_SPIKE,1
232.26,7.528,1666.36,0.953,49.948,16,0,1748.453,529.729,1241.36,3.921,2.26,0.052,0.003,0,1,POWER_SPIKE,1
231.22,6.987,1554.04,0.962,49.959,16,0,1615.534,441.121,1129.04,3.657,1.22,0.041,0.012,0,1,POWER_SPIKE,1
231.71,12.676,2796.19,0.952,49.962,17,0,2937.156,899.058,2046.19,3.728,1.71,0.038,0.002,0,1,POWER_SPIKE,1
229.5,13.755,3033.59,0.961,49.997,17,0,3156.773,873.0,2283.59,4.045,0.5,0.003,0.011,0,1,POWER_SPIKE,1
225.44,15.653,3345.38,0.948,49.958,17,0,3528.812,1123.116,2595.38,4.461,4.56,0.042,0.002,0,1,POWER_SPIKE,1
226.78,19.052,4057.09,0.939,50.049,17,0,4320.613,1485.933,3307.09,5.409,3.22,0.049,0.011,0,1,POWER_SPIKE,1
231.74,15.264,3303.83,0.934,50.074,18,0,3537.279,1263.774,2553.83,4.405,1.74,0.074,0.016,0,1,POWER_SPIKE,1
230.25,18.847,4005.48,0.923,50.06,18,0,4339.522,1669.848,3255.48,5.341,0.25,0.06,0.027,0,1,POWER_SPIKE,1
232.03,13.318,3018.99,0.977,49.962,18,0,3090.176,658.947,2268.99,4.025,2.03,0.038,0.027,0,1,POWER_SPIKE,1
228.07,17.594,3836.16,0.956,50.024,18,0,4012.664,1177.182,3086.16,5.115,1.93,0.024,0.006,0,1,POWER_SPIKE,1
231.71,15.672,3268.27,0.9,49.954,19,0,3631.359,1582.873,2518.27,4.358,1.71,0.046,0.05,0,1,POWER_SPIKE,1
232.41,12.998,2954.3,0.978,49.896,19,0,3020.865,630.167,2204.3,3.939,2.41,0.104,0.028,0,1,POWER_SPIKE,1
228.06,14.115,3161.12,0.982,50.003,19,0,3219.067,608.02,2411.12,4.215,1.94,0.003,0.032,0,1,POWER_SPIKE,1
225.92,27.32,5696.93,0.923,50.041,19,0,6172.134,2375.037,4946.93,7.596,4.08,0.041,0.027,0,1,POWER_SPIKE,1
230.6,21.813,4823.82,0.959,50.019,20,0,5030.078,1425.555,4073.82,6.432,0.6,0.019,0.009,0,1,POWER_SPIKE,1
228.99,16.759,3515.22,0.916,49.981,20,0,3837.643,1539.579,2765.22,4.687,1.01,0.019,0.034,0,1,POWER_SPIKE,1
228.09,18.062,4037.41,0.98,49.996,20,0,4119.762,819.822,3287.41,5.383,1.91,0.004,0.03,0,1,POWER_SPIKE,1
226.55,20.374,4472.67,0.969,50.011,20,0,4615.73,1140.366,3722.67,5.964,3.45,0.011,0.019,0,1,POWER_SPIKE,1
228.77,16.815,3800.56,0.988,50.012,21,0,3846.768,594.148,3050.56,5.067,1.23,0.012,0.038,0,1,POWER_SPIKE,1
230.43,17.256,3765.58,0.947,49.944,21,0,3976.3,1277.321,3015.58,5.021,0.43,0.056,0.003,0,1,POWER_SPIKE,1
229.76,16.588,3624.56,0.951,50.025,21,0,3811.259,1178.406,2874.56,4.833,0.24,0.025,0.001,0,1,POWER_SPIKE,1
226.17,8.397,1868.79,0.984,49.959,21,0,1899.149,338.369,1118.79,2.492,3.83,0.041,0.034,0,1,POWER_SPIKE,1
233.11,5.551,1260.35,0.974,50.037,22,0,1293.994,293.152,910.35,3.601,3.11,0.037,0.024,0,1,POWER_SPIKE,1
226.94,6.835,1495.27,0.964,50.124,22,0,1551.135,412.45,1145.27,4.272,3.06,0.124,0.014,0,1,POWER_SPIKE,1
227.74,10.629,2335.87,0.965,49.984,22,0,2420.648,634.815,1985.87,6.674,2.26,0.016,0.015,0,1,POWER_SPIKE,1
229.51,7.91,1681.01,0.926,50.017,22,0,1815.424,685.365,1331.01,4.803,0.49,0.017,0.024,0,1,POWER_SPIKE,1
231.43,7.943,1726.14,0.939,50.025,23,0,1838.248,632.205,1376.14,4.932,1.43,0.025,0.011,0,1,POWER_SPIKE,1
227.44,6.106,1354.01,0.975,50.002,23,0,1388.749,308.587,1004.01,3.869,2.56,0.002,0.025,0,1,POWER_SPIKE,1
227.3,9.733,2019.84,0.913,49.951,23,0,2212.311,902.533,1669.84,5.771,2.7,0.049,0.037,0,1,POWER_SPIKE,1
230.36,10.385,2246.46,0.939,49.974,23,0,2392.289,822.749,1896.46,6.418,0.36,0.026,0.011,0,1,POWER_SPIKE,1
231.09,2.101,471.91,0.972,50.041,0,1,485.52,114.088,341.91,3.63,1.09,0.041,0.022,1,1,POWER_SPIKE,1
231.28,3.125,680.06,0.941,50.057,0,1,722.75,244.583,550.06,5.231,1.28,0.057,0.009,1,1,POWER_SPIKE,1
229.53,4.38,923.91,0.919,49.883,0,1,1005.341,396.363,793.91,7.107,0.47,0.117,0.031,1,1,POWER_SPIKE,1
226.09,3.49,774.89,0.982,50.041,0,1,789.054,149.037,644.89,5.961,3.91,0.041,0.032,1,1,POWER_SPIKE,1
231.95,4.075,855.4,0.905,50.066,1,1,945.196,402.097,725.4,6.58,1.95,0.066,0.045,1,1,POWER_SPIKE,1
229.26,3.192,691.64,0.945,50.043,1,1,731.798,239.349,561.64,5.32,0.74,0.043,0.005,1,1,POWER_SPIKE,1
232.31,2.396,537.7,0.966,50.064,1,1,556.615,143.908,407.7,4.136,2.31,0.064,0.016,1,1,POWER_SPIKE,1
230.08,2.255,485.6,0.936,50.025,1,1,518.83,182.628,355.6,3.735,0.08,0.025,0.014,1,1,POWER_SPIKE,1
228.44,2.785,617.17,0.97,50.027,2,1,636.205,154.665,487.17,4.747,1.56,0.027,0.02,1,1,POWER_SPIKE,1
228.29,1.418,305.33,0.943,49.982,2,1,323.715,107.73,175.33,2.349,1.71,0.018,0.007,1,1,POWER_SPIKE,1
229.51,2.867,644.74,0.98,49.922,2,1,658.005,130.941,514.74,4.96,0.49,0.078,0.03,1,1,POWER_SPIKE,1
232.26,3.928,887.64,0.973,49.966,2,1,912.317,210.567,757.64,6.828,2.26,0.034,0.023,1,1,POWER_SPIKE,1
232.37,3.827,878.57,0.988,49.982,3,1,889.28,137.353,748.57,6.758,2.37,0.018,0.038,1,1,POWER_SPIKE,1
231.71,2.33,529.08,0.98,50.005,3,1,539.884,107.436,399.08,4.07,1.71,0.005,0.03,1,1,POWER_SPIKE,1
229.96,1.613,353.59,0.953,49.878,3,1,370.925,112.379,223.59,2.72,0.04,0.122,0.003,1,1,POWER_SPIKE,1
232.45,2.815,633.37,0.968,50.081,3,1,654.347,164.208,503.37,4.872,2.45,0.081,0.018,1,1,POWER_SPIKE,1
230.67,4.015,910.31,0.983,49.974,4,1,926.14,170.044,780.31,7.002,0.67,0.026,0.033,1,1,POWER_SPIKE,1
228.63,2.677,602.28,0.984,50.055,4,1,612.043,109.047,472.28,4.633,1.37,0.055,0.034,1,1,POWER_SPIKE,1
229.4,3.29,703.45,0.932,50.067,4,1,754.726,273.557,573.45,5.411,0.6,0.067,0.018,1,1,POWER_SPIKE,1
229.22,1.859,391.26,0.918,49.914,4,1,426.12,168.991,261.26,3.01,0.78,0.086,0.032,1,1,POWER_SPIKE,1
229.25,5.36,1174.81,0.956,50.035,5,1,1228.78,360.483,1044.81,9.037,0.75,0.035,0.006,1,1,POWER_SPIKE,1
230.83,1.323,299.83,0.982,50.029,5,1,305.388,57.682,169.83,2.306,0.83,0.029,0.032,1,1,POWER_SPIKE,1
230.88,1.527,328.24,0.931,49.991,5,1,352.554,128.689,198.24,2.525,0.88,0.009,0.019,1,1,POWER_SPIKE,1
227.36,1.459,325.4,0.981,49.938,5,1,331.718,64.356,195.4,2.503,2.64,0.062,0.031,1,1,POWER_SPIKE,1
232.34,14.255,3153.1,0.952,49.937,6,1,3312.007,1013.799,2653.1,6.306,2.34,0.063,0.002,0,1,POWER_SPIKE,1
229.62,6.983,1529.67,0.954,50.018,6,1,1603.436,480.721,1029.67,3.059,0.38,0.018,0.004,0,1,POWER_SPIKE,1
229.55,14.621,3121.4,0.93,49.885,6,1,3356.251,1233.622,2621.4,6.243,0.45,0.115,0.02,0,1,POWER_SPIKE,1
229.34,4.82,1075.57,0.973,49.982,6,1,1105.419,255.136,575.57,2.151,0.66,0.018,0.023,0,1,POWER_SPIKE,1
232.67,11.499,2622.02,0.98,50.002,7,1,2675.472,532.412,2122.02,5.244,2.67,0.002,0.03,0,1,POWER_SPIKE,1
233.51,11.575,2494.79,0.923,49.977,7,1,2702.878,1040.067,1994.79,4.99,3.51,0.023,0.027,0,1,POWER_SPIKE,1
228.94,8.649,1908.85,0.964,50.02,7,1,1980.102,526.514,1408.85,3.818,1.06,0.02,0.014,0,1,POWER_SPIKE,1
226.91,14.376,3170.79,0.972,50.054,7,1,3262.058,766.521,2670.79,6.342,3.09,0.054,0.022,0,1,POWER_SPIKE,1
228.41,11.939,2675.19,0.981,49.966,8,1,2726.987,529.057,2175.19,5.35,1.59,0.034,0.031,0,1,POWER_SPIKE,1
227.28,9.123,1994.75,0.962,50.02,8,1,2073.475,566.161,1494.75,3.99,2.72,0.02,0.012,0,1,POWER_SPIKE,1
231.64,8.754,1861.45,0.918,49.969,8,1,2027.777,804.176,1361.45,3.723,1.64,0.031,0.032,0,1,POWER_SPIKE,1
227.52,8.892,1853.15,0.916,50.029,8,1,2023.108,811.627,1353.15,3.706,2.48,0.029,0.034,0,1,POWER_SPIKE,1
235.65,9.239,2072.69,0.952,49.939,9,1,2177.17,666.428,1647.69,4.877,5.65,0.061,0.002,0,1,POWER_SPIKE,1
230.7,9.137,1987.84,0.943,50.043,9,1,2107.906,701.496,1562.84,4.677,0.7,0.043,0.007,0,1,POWER_SPIKE,1
233.82,6.283,1416.13,0.964,49.999,9,1,1469.091,390.635,991.13,3.332,3.82,0.001,0.014,0,1,POWER_SPIKE,1
232.49,4.657,1041.48,0.962,50.015,9,1,1082.706,295.632,616.48,2.451,2.49,0.015,0.012,0,1,POWER_SPIKE,1
230.36,11.378,2426.98,0.926,50.058,10,1,2621.036,989.503,2001.98,5.711,0.36,0.058,0.024,0,1,POWER_SPIKE,1
232.96,11.986,2649.9,0.949,49.912,10,1,2792.259,880.332,2224.9,6.235,2.96,0.088,0.001,0,1,POWER_SPIKE,1
228.53,8.108,1741.64,0.94,50.045,10,1,1852.921,632.169,1316.64,4.098,1.47,0.045,0.01,0,1,POWER_SPIKE,1
229.57,4.544,1002.47,0.961,50.109,10,1,1043.166,288.486,577.47,2.359,0.43,0.109,0.011,0,1,POWER_SPIKE,1
232.92,8.22,1822.75,0.952,50.035,11,1,1914.602,586.056,1397.75,4.289,2.92,0.035,0.002,0,1,POWER_SPIKE,1
230.79,5.431,1198.37,0.956,50.002,11,1,1253.42,367.712,773.37,2.82,0.79,0.002,0.006,0,1,POWER_SPIKE,1
230.48,8.37,1772.86,0.919,50.031,11,1,1929.118,760.569,1347.86,4.171,0.48,0.031,0.031,0,1,POWER_SPIKE,1
229.04,11.608,2610.81,0.982,50.047,11,1,2658.696,502.177,2185.81,6.143,0.96,0.047,0.032,0,1,POWER_SPIKE,1
229.48,8.352,1862.91,0.972,50.039,12,1,1916.617,450.368,1437.91,4.383,0.52,0.039,0.022,0,1,POWER_SPIKE,1
229.6,6.476,1393.23,0.937,49.979,12,1,1486.89,519.414,968.23,3.278,0.4,0.021,0.013,0,1,POWER_SPIKE,1
229.9,11.283,2344.94,0.904,50.07,12,1,2593.962,1109.003,1919.94,5.518,0.1,0.07,0.046,0,1,POWER_SPIKE,1
227.45,13.791,3039.58,0.969,50.009,12,1,3136.763,774.971,2614.58,7.152,2.55,0.009,0.019,0,1,POWER_SPIKE,1
229.35,10.407,2265.02,0.949,50.06,13,1,2386.845,752.515,1840.02,5.329,0.65,0.06,0.001,0,1,POWER_SPIKE,1
231.83,10.776,2330.92,0.933,49.997,13,1,2498.2,899.043,1905.92,5.485,1.83,0.003,0.017,0,1,POWER_SPIKE,1
229.91,8.236,1736.45,0.917,50.064,13,1,1893.539,755.308,1311.45,4.086,0.09,0.064,0.033,0,1,POWER_SPIKE,1
231.08,10.205,2200.15,0.933,50.008,13,1,2358.171,848.65,1775.15,5.177,1.08,0.008,0.017,0,1,POWER_SPIKE,1
233.06,6.657,1529.73,0.986,49.98,14,1,1551.48,258.702,1104.73,3.599,3.06,0.02,0.036,0,1,POWER_SPIKE,1
230.01,6.695,1472.2,0.956,49.925,14,1,1539.917,451.76,1047.2,3.464,0.01,0.075,0.006,0,1,POWER_SPIKE,1
226.14,10.74,2319.49,0.955,49.972,14,1,2428.744,720.379,1894.49,5.458,3.86,0.028,0.005,0,1,POWER_SPIKE,1
232.99,8.952,1931.44,0.926,50.079,14,1,2085.726,787.411,1506.44,4.545,2.99,0.079,0.024,0,1,POWER_SPIKE,1
228.87,6.458,1410.16,0.954,49.963,15,1,1478.042,443.127,985.16,3.318,1.13,0.037,0.004,0,1,POWER_SPIKE,1
229.57,6.916,1565.42,0.986,50.034,15,1,1587.706,264.743,1140.42,3.683,0.43,0.034,0.036,0,1,POWER_SPIKE,1
230.96,5.82,1274.37,0.948,49.966,15,1,1344.187,427.815,849.37,2.999,0.96,0.034,0.002,0,1,POWER_SPIKE,1
225.28,8.493,1735.4,0.907,50.008,15,1,1913.303,805.75,1310.4,4.083,4.72,0.008,0.043,0,1,POWER_SPIKE,1
232.4,5.393,1161.93,0.927,49.919,16,1,1253.333,470.077,736.93,2.734,2.4,0.081,0.023,0,1,POWER_SPIKE,1
232.02,7.262,1563.63,0.928,50.042,16,1,1684.929,627.771,1138.63,3.679,2.02,0.042,0.022,0,1,POWER_SPIKE,1
227.6,9.773,2102.07,0.945,49.936,16,1,2224.335,727.514,1677.07,4.946,2.4,0.064,0.005,0,1,POWER_SPIKE,1
232.37,7.733,1687.25,0.939,50.019,16,1,1796.917,617.991,1262.25,3.97,2.37,0.019,0.011,0,1,POWER_SPIKE,1
230.4,17.467,3803.05,0.945,50.009,17,1,4024.397,1316.261,3053.05,5.071,0.4,0.009,0.005,0,1,POWER_SPIKE,1
229.02,8.779,1885.95,0.938,49.977,17,1,2010.567,696.933,1135.95,2.515,0.98,0.023,0.012,0,1,POWER_SPIKE,1
232.23,13.559,2843.4,0.903,50.015,17,1,3148.807,1352.855,2093.4,3.791,2.23,0.015,0.047,0,1,POWER_SPIKE,1
228.22,14.523,3098.9,0.935,50.017,17,1,3314.439,1175.458,2348.9,4.132,1.78,0.017,0.015,0,1,POWER_SPIKE,1
230.14,17.021,3580.27,0.914,49.931,18,1,3917.213,1589.269,2830.27,4.774,0.14,0.069,0.036,0,1,POWER_SPIKE,1
227.63,9.119,1890.99,0.911,49.958,18,1,2075.758,856.056,1140.99,2.521,2.37,0.042,0.039,0,1,POWER_SPIKE,1
229.05,23.172,5100.47,0.961,49.978,18,1,5307.547,1467.793,4350.47,6.801,0.95,0.022,0.011,0,1,POWER_SPIKE,1
230.2,23.25,4827.67,0.902,49.952,18,1,5352.15,2310.716,4077.67,6.437,0.2,0.048,0.048,0,1,POWER_SPIKE,1
227.77,15.136,3337.16,0.968,50.031,19,1,3447.527,865.158,2587.16,4.45,2.23,0.031,0.018,0,1,POWER_SPIKE,1
228.8,14.526,3230.38,0.972,49.967,19,1,3323.549,780.97,2480.38,4.307,1.2,0.033,0.022,0,1,POWER_SPIKE,1
227.31,17.252,3658.91,0.933,49.954,19,1,3921.552,1411.274,2908.91,4.879,2.69,0.046,0.017,0,1,POWER_SPIKE,1
228.32,20.117,4395.66,0.957,50.08,19,1,4593.113,1332.407,3645.66,5.861,1.68,0.08,0.007,0,1,POWER_SPIKE,1
229.9,10.368,2340.75,0.982,50.004,20,1,2383.603,450.217,1590.75,3.121,0.1,0.004,0.032,0,1,POWER_SPIKE,1
226.99,10.563,2191.45,0.914,49.993,20,1,2397.695,972.779,1441.45,2.922,3.01,0.007,0.036,0,1,POWER_SPIKE,1
224.65,20.661,4298.08,0.926,50.056,20,1,4641.494,1752.273,3548.08,5.731,5.35,0.056,0.024,0,1,POWER_SPIKE,1
231.06,12.299,2773.7,0.976,49.928,20,1,2841.807,618.862,2023.7,3.698,1.06,0.072,0.026,0,1,POWER_SPIKE,1
228.99,16.712,3719.66,0.972,49.905,21,1,3826.881,899.244,2969.66,4.96,1.01,0.095,0.022,0,1,POWER_SPIKE,1
231.14,14.345,3229.5,0.974,50.026,21,1,3315.703,751.166,2479.5,4.306,1.14,0.026,0.024,0,1,POWER_SPIKE,1
229.62,14.85,3177.88,0.932,49.907,21,1,3409.857,1235.931,2427.88,4.237,0.38,0.093,0.018,0,1,POWER_SPIKE,1
226.89,15.157,3101.96,0.902,50.077,21,1,3438.972,1484.728,2351.96,4.136,3.11,0.077,0.048,0,1,POWER_SPIKE,1
232.99,7.488,1633.04,0.936,49.996,22,1,1744.629,614.109,1283.04,4.666,2.99,0.004,0.014,0,1,POWER_SPIKE,1
225.15,11.104,2372.48,0.949,50.027,22,1,2500.066,788.211,2022.48,6.779,4.85,0.027,0.001,0,1,POWER_SPIKE,1
232.95,8.985,1913.06,0.914,50.014,22,1,2093.056,849.182,1563.06,5.466,2.95,0.014,0.036,0,1,POWER_SPIKE,1
227.69,9.899,2050.99,0.91,50.019,22,1,2253.903,934.487,1700.99,5.86,2.31,0.019,0.04,0,1,POWER_SPIKE,1
228.4,10.419,2151.34,0.904,50.093,23,1,2379.7,1017.399,1801.34,6.147,1.6,0.093,0.046,0,1,POWER_SPIKE,1
229.17,6.61,1402.73,0.926,50.065,23,1,1514.814,571.878,1052.73,4.008,0.83,0.065,0.024,0,1,POWER_SPIKE,1
232.01,9.692,2057.53,0.915,49.985,23,1,2248.641,907.223,1707.53,5.879,2.01,0.015,0.035,0,1,POWER_SPIKE,1
229.65,7.199,1567.33,0.948,50.009,23,1,1653.25,526.181,1217.33,4.478,0.35,0.009,0.002,0,1,POWER_SPIKE,1
229.21,3.046,686.3,0.983,50.038,0,2,698.174,128.189,556.3,5.279,0.79,0.038,0.033,1,1,POWER_SPIKE,1
228.45,3.489,758.07,0.951,50.014,0,2,797.062,246.444,628.07,5.831,1.55,0.014,0.001,1,1,POWER_SPIKE,1
229.62,4.111,862.82,0.914,49.976,0,2,943.968,382.981,732.82,6.637,0.38,0.024,0.036,1,1,POWER_SPIKE,1
231.43,4.678,991.67,0.916,50.004,0,2,1082.63,434.327,861.67,7.628,1.43,0.004,0.034,1,1,POWER_SPIKE,1
231.99,3.533,790.15,0.964,50.012,1,2,819.621,217.939,660.15,6.078,1.99,0.012,0.014,1,1,POWER_SPIKE,1
225.43,3.326,732.53,0.977,50.011,1,2,749.78,159.883,602.53,5.635,4.57,0.011,0.027,1,1,POWER_SPIKE,1
230.57,2.207,477.89,0.939,50.018,1,2,508.868,175.008,347.89,3.676,0.57,0.018,0.011,1,1,POWER_SPIKE,1
226.03,1.456,304.05,0.924,49.947,1,2,329.1,125.845,174.05,2.339,3.97,0.053,0.026,1,1,POWER_SPIKE,1
230.36,2.543,575.22,0.982,50.037,2,2,585.805,110.647,445.22,4.425,0.36,0.037,0.032,1,1,POWER_SPIKE,1
228.54,1.706,353.33,0.906,49.919,2,2,389.889,165.031,223.33,2.718,1.46,0.081,0.044,1,1,POWER_SPIKE,1
227.24,2.812,620.57,0.971,49.981,2,2,638.999,152.772,490.57,4.774,2.76,0.019,0.021,1,1,POWER_SPIKE,1
234.03,2.663,597.6,0.959,49.985,2,2,623.222,176.625,467.6,4.597,4.03,0.015,0.009,1,1,POWER_SPIKE,1
229.45,4.572,999.65,0.953,50.034,3,2,1049.045,317.83,869.65,7.69,0.55,0.034,0.003,1,1,POWER_SPIKE,1
230.08,4.064,850.8,0.91,50.03,3,2,935.045,387.677,720.8,6.545,0.08,0.03,0.04,1,1,POWER_SPIKE,1
232.21,3.097,703.3,0.978,50.009,3,2,719.154,150.019,573.3,5.41,2.21,0.009,0.028,1,1,POWER_SPIKE,1
228.72,3.076,650.07,0.924,49.987,3,2,703.543,269.029,520.07,5.001,1.28,0.013,0.026,1,1,POWER_SPIKE,1
229.48,3.327,724.59,0.949,50.014,4,2,763.48,240.707,594.59,5.574,0.52,0.014,0.001,1,1,POWER_SPIKE,1
232.21,2.909,626.13,0.927,49.98,4,2,675.499,253.354,496.13,4.816,2.21,0.02,0.023,1,1,POWER_SPIKE,1
227.52,2.724,576.91,0.931,50.027,4,2,619.764,226.226,446.91,4.438,2.48,0.027,0.019,1,1,POWER_SPIKE,1
234.64,1.535,334.97,0.93,50.033,4,2,360.172,132.385,204.97,2.577,4.64,0.033,0.02,1,1,POWER_SPIKE,1
230.55,2.592,558.74,0.935,49.926,5,2,597.586,211.932,428.74,4.298,0.55,0.074,0.015,1,1,POWER_SPIKE,1
229.45,3.668,817.98,0.972,50.042,5,2,841.623,197.765,687.98,6.292,0.55,0.042,0.022,1,1,POWER_SPIKE,1
230.92,1.302,279.61,0.93,49.983,5,2,300.658,110.51,149.61,2.151,0.92,0.017,0.02,1,1,POWER_SPIKE,1
232.05,2.693,571.78,0.915,49.939,5,2,624.911,252.123,441.78,4.398,2.05,0.061,0.035,1,1,POWER_SPIKE,1
227.25,14.769,3057.64,0.911,50.073,6,2,3356.255,1384.141,2557.64,6.115,2.75,0.073,0.039,0,1,POWER_SPIKE,1
230.41,10.538,2384.39,0.982,50.049,6,2,2428.061,458.614,1884.39,4.769,0.41,0.049,0.032,0,1,POWER_SPIKE,1
227.79,9.034,1996.16,0.97,49.947,6,2,2057.855,500.275,1496.16,3.992,2.21,0.053,0.02,0,1,POWER_SPIKE,1
233.8,8.5,1850.12,0.931,49.917,6,2,1987.3,725.403,1350.12,3.7,3.8,0.083,0.019,0,1,POWER_SPIKE,1
226.8,9.663,2156.52,0.984,49.99,7,2,2191.568,390.468,1656.52,4.313,3.2,0.01,0.034,0,1,POWER_SPIKE,1
231.07,9.618,2151.25,0.968,49.897,7,2,2222.431,557.72,1651.25,4.303,1.07,0.103,0.018,0,1,POWER_SPIKE,1
230.26,8.701,1911.27,0.954,49.977,7,2,2003.492,600.66,1411.27,3.823,0.26,0.023,0.004,0,1,POWER_SPIKE,1
228.76,13.291,2827.55,0.93,50.053,7,2,3040.449,1117.546,2327.55,5.655,1.24,0.053,0.02,0,1,POWER_SPIKE,1
228.95,12.15,2564.67,0.922,49.919,8,2,2781.742,1077.063,2064.67,5.129,1.05,0.081,0.028,0,1,POWER_SPIKE,1
231.1,11.312,2486.02,0.951,49.941,8,2,2614.203,808.288,1986.02,4.972,1.1,0.059,0.001,0,1,POWER_SPIKE,1
231.3,10.569,2219.75,0.908,49.989,8,2,2444.61,1024.219,1719.75,4.439,1.3,0.011,0.042,0,1,POWER_SPIKE,1
234.15,7.401,1616.84,0.933,49.968,8,2,1732.944,623.646,1116.84,3.234,4.15,0.032,0.017,0,1,POWER_SPIKE,1
229.35,9.483,2007.43,0.923,49.946,9,2,2174.926,836.911,1582.43,4.723,0.65,0.054,0.027,0,1,POWER_SPIKE,1
230.09,10.573,2252.76,0.926,50.015,9,2,2432.742,918.417,1827.76,5.301,0.09,0.015,0.024,0,1,POWER_SPIKE,1
229.34,4.454,986.72,0.966,49.888,9,2,1021.48,264.096,561.72,2.322,0.66,0.112,0.016,0,1,POWER_SPIKE,1
230.7,6.913,1524.73,0.956,49.969,9,2,1594.829,467.87,1099.73,3.588,0.7,0.031,0.006,0,1,POWER_SPIKE,1
229.42,8.642,1958.86,0.988,49.994,10,2,1982.648,306.228,1533.86,4.609,0.58,0.006,0.038,0,1,POWER_SPIKE,1
231.05,12.127,2642.29,0.943,49.941,10,2,2801.943,932.466,2217.29,6.217,1.05,0.059,0.007,0,1,POWER_SPIKE,1
230.73,13.325,2865.32,0.932,49.959,10,2,3074.477,1114.37,2440.32,6.742,0.73,0.041,0.018,0,1,POWER_SPIKE,1
231.72,8.165,1797.3,0.95,49.952,10,2,1891.994,590.775,1372.3,4.229,1.72,0.048,0.0,0,1,POWER_SPIKE,1
229.59,11.054,2406.01,0.948,50.068,11,2,2537.888,807.734,1981.01,5.661,0.41,0.068,0.002,0,1,POWER_SPIKE,1
233.21,8.3,1786.62,0.923,49.958,11,2,1935.643,744.835,1361.62,4.204,3.21,0.042,0.027,0,1,POWER_SPIKE,1
225.01,9.552,2013.82,0.937,49.993,11,2,2149.296,750.812,1588.82,4.738,4.99,0.007,0.013,0,1,POWER_SPIKE,1
231.78,6.579,1408.98,0.924,50.017,11,2,1524.881,583.103,983.98,3.315,1.78,0.017,0.026,0,1,POWER_SPIKE,1
230.46,8.304,1722.43,0.9,50.072,12,2,1913.74,834.18,1297.43,4.053,0.46,0.072,0.05,0,1,POWER_SPIKE,1
229.5,8.661,1828.73,0.92,49.997,12,2,1987.699,779.016,1403.73,4.303,0.5,0.003,0.03,0,1,POWER_SPIKE,1
230.05,4.455,974.64,0.951,50.026,12,2,1024.873,316.881,549.64,2.293,0.05,0.026,0.001,0,1,POWER_SPIKE,1
229.66,8.711,1950.57,0.975,49.922,12,2,2000.568,444.536,1525.57,4.59,0.34,0.078,0.025,0,1,POWER_SPIKE,1
230.5,7.899,1778.95,0.977,49.95,13,2,1820.719,388.249,1353.95,4.186,0.5,0.05,0.027,0,1,POWER_SPIKE,1
233.59,8.789,1898.96,0.925,49.951,13,2,2053.023,780.081,1473.96,4.468,3.59,0.049,0.025,0,1,POWER_SPIKE,1
231.81,7.853,1693.08,0.93,49.981,13,2,1820.404,669.107,1268.08,3.984,1.81,0.019,0.02,0,1,POWER_SPIKE,1
228.6,14.176,3004.16,0.927,50.015,13,2,3240.634,1215.436,2579.16,7.069,1.4,0.015,0.023,0,1,POWER_SPIKE,1
230.08,10.387,2232.18,0.934,49.991,14,2,2389.841,853.826,1807.18,5.252,0.08,0.009,0.016,0,1,POWER_SPIKE,1
230.16,8.636,1790.88,0.901,50.017,14,2,1987.662,862.286,1365.88,4.214,0.16,0.017,0.049,0,1,POWER_SPIKE,1
233.05,9.229,2032.57,0.945,50.004,14,2,2150.818,703.469,1607.57,4.783,3.05,0.004,0.005,0,1,POWER_SPIKE,1
235.62,14.286,3110.27,0.924,50.02,14,2,3366.067,1287.159,2685.27,7.318,5.62,0.02,0.026,0,1,POWER_SPIKE,1
230.14,8.134,1851.45,0.989,50.026,15,2,1871.959,276.892,1426.45,4.356,0.14,0.026,0.039,0,1,POWER_SPIKE,1
228.46,12.349,2688.69,0.953,50.001,15,2,2821.253,854.756,2263.69,6.326,1.54,0.001,0.003,0,1,POWER_SPIKE,1
229.12,11.467,2514.29,0.957,49.989,15,2,2627.319,762.154,2089.29,5.916,0.88,0.011,0.007,0,1,POWER_SPIKE,1
227.94,11.254,2477.91,0.966,49.99,15,2,2565.237,663.222,2052.91,5.83,2.06,0.01,0.016,0,1,POWER_SPIKE,1
227.07,5.923,1305.89,0.971,49.957,16,2,1344.936,321.547,880.89,3.073,2.93,0.043,0.021,0,1,POWER_SPIKE,1
230.11,7.36,1531.1,0.904,49.972,16,2,1693.61,724.073,1106.1,3.603,0.11,0.028,0.046,0,1,POWER_SPIKE,1
232.85,6.685,1480.37,0.951,50.012,16,2,1556.602,481.287,1055.37,3.483,2.85,0.012,0.001,0,1,POWER_SPIKE,1
230.31,10.407,2368.13,0.988,49.939,16,2,2396.836,370.201,1943.13,5.572,0.31,0.061,0.038,0,1,POWER_SPIKE,1
230.68,16.634,3737.37,0.974,50.058,17,2,3837.131,869.294,2987.37,4.983,0.68,0.058,0.024,0,1,POWER_SPIKE,1
226.8,13.82,3081.2,0.983,50.029,17,2,3134.376,575.489,2331.2,4.108,3.2,0.029,0.033,0,1,POWER_SPIKE,1
230.08,12.344,2683.87,0.945,49.951,17,2,2840.108,928.915,1933.87,3.578,0.08,0.049,0.005,0,1,POWER_SPIKE,1
229.81,15.661,3253.62,0.904,50.034,17,2,3599.054,1538.713,2503.62,4.338,0.19,0.034,0.046,0,1,POWER_SPIKE,1
231.17,14.045,3178.5,0.979,49.991,18,2,3246.783,661.89,2428.5,4.238,1.17,0.009,0.029,0,1,POWER_SPIKE,1
229.28,18.176,3763.24,0.903,50.066,18,2,4167.393,1790.481,3013.24,5.018,0.72,0.066,0.047,0,1,POWER_SPIKE,1
229.88,23.356,4987.87,0.929,49.909,18,2,5369.077,1986.987,4237.87,6.65,0.12,0.091,0.021,0,1,POWER_SPIKE,1
230.85,16.755,3566.09,0.922,50.057,18,2,3867.892,1497.609,2816.09,4.755,0.85,0.057,0.028,0,1,POWER_SPIKE,1
229.68,20.328,4426.08,0.948,49.99,19,2,4668.935,1485.983,3676.08,5.901,0.32,0.01,0.002,0,1,POWER_SPIKE,1
229.63,8.786,1892.53,0.938,49.977,19,2,2017.529,699.347,1142.53,2.523,0.37,0.023,0.012,0,1,POWER_SPIKE,1
228.71,13.626,3038.47,0.975,50.089,19,2,3116.402,692.48,2288.47,4.051,1.29,0.089,0.025,0,1,POWER_SPIKE,1
230.45,17.341,3724.44,0.932,49.978,19,2,3996.233,1448.468,2974.44,4.966,0.45,0.022,0.018,0,1,POWER_SPIKE,1
230.85,11.15,2504.58,0.973,49.991,20,2,2573.977,594.087,1754.58,3.339,0.85,0.009,0.023,0,1,HIGH_CONSUMPTION,2
229.35,10.182,2106.46,0.902,50.073,20,2,2335.242,1008.208,1356.46,2.809,0.65,0.073,0.048,0,1,HIGH_CONSUMPTION,2
227.92,8.711,1836.54,0.925,50.06,20,2,1985.411,754.391,1086.54,2.449,2.08,0.06,0.025,0,1,HIGH_CONSUMPTION,2
228.37,13.66,2897.98,0.929,50.085,20,2,3119.534,1154.476,2147.98,3.864,1.63,0.085,0.021,0,1,HIGH_CONSUMPTION,2
230.93,10.913,2371.46,0.941,50.063,21,2,2520.139,852.832,1621.46,3.162,0.93,0.063,0.009,0,1,HIGH_CONSUMPTION,2
233.45,7.443,1619.48,0.932,50.031,21,2,1737.568,629.796,869.48,2.159,3.45,0.031,0.018,0,1,HIGH_CONSUMPTION,2
231.43,6.023,1289.33,0.925,50.121,21,2,1393.903,529.637,539.33,1.719,1.43,0.121,0.025,0,0,HIGH_CONSUMPTION,2
230.8,7.016,1510.86,0.933,49.995,21,2,1619.293,582.745,760.86,2.014,0.8,0.005,0.017,0,1,HIGH_CONSUMPTION,2
231.31,5.89,1331.16,0.977,49.97,22,2,1362.416,290.521,981.16,3.803,1.31,0.03,0.027,0,1,HIGH_CONSUMPTION,2
229.07,5.252,1091.24,0.907,50.036,22,2,1203.076,506.652,741.24,3.118,0.93,0.036,0.043,0,1,HIGH_CONSUMPTION,2
229.33,4.226,918.8,0.948,50.037,22,2,969.149,308.451,568.8,2.625,0.67,0.037,0.002,0,1,HIGH_CONSUMPTION,2
228.92,3.179,693.63,0.953,50.002,22,2,727.737,220.483,343.63,1.982,1.08,0.002,0.003,0,0,HIGH_CONSUMPTION,2
232.32,3.731,840.68,0.97,50.089,23,2,866.786,210.72,490.68,2.402,2.32,0.089,0.02,0,1,HIGH_CONSUMPTION,2
230.65,6.31,1343.25,0.923,49.977,23,2,1455.401,560.038,993.25,3.838,0.65,0.023,0.027,0,1,HIGH_CONSUMPTION,2
232.1,4.821,1039.55,0.929,50.024,23,2,1118.954,414.102,689.55,2.97,2.1,0.024,0.021,0,1,HIGH_CONSUMPTION,2
230.69,4.462,928.36,0.902,49.99,23,2,1029.339,444.403,578.36,2.652,0.69,0.01,0.048,0,1,HIGH_CONSUMPTION,2
228.56,1.783,375.69,0.922,49.934,0,3,407.522,157.789,245.69,2.89,1.44,0.066,0.028,1,1,HIGH_CONSUMPTION,2
227.46,2.468,535.04,0.953,50.033,0,3,561.371,170.079,405.04,4.116,2.54,0.033,0.003,1,1,HIGH_CONSUMPTION,2
225.08,1.337,295.85,0.983,50.061,0,3,300.932,55.253,165.85,2.276,4.92,0.061,0.033,1,1,HIGH_CONSUMPTION,2
231.89,1.293,292.71,0.976,49.936,0,3,299.834,65.295,162.71,2.252,1.89,0.064,0.026,1,1,HIGH_CONSUMPTION,2
231.05,2.09,473.14,0.98,50.027,1,3,482.894,96.095,343.14,3.64,1.05,0.027,0.03,1,1,HIGH_CONSUMPTION,2
230.99,1.552,344.19,0.96,50.028,1,3,358.496,100.379,214.19,2.648,0.99,0.028,0.01,1,1,HIGH_CONSUMPTION,2
229.25,2.696,575.4,0.931,50.083,1,3,618.058,225.603,445.4,4.426,0.75,0.083,0.019,1,1,HIGH_CONSUMPTION,2
233.62,2.094,469.1,0.959,49.974,1,3,489.2,138.642,339.1,3.608,3.62,0.026,0.009,1,1,HIGH_CONSUMPTION,2
227.68,2.224,466.37,0.921,50.0,2,3,506.36,197.259,336.37,3.587,2.32,0.0,0.029,1,1,HIGH_CONSUMPTION,2
231.01,2.017,421.24,0.904,50.038,2,3,465.947,199.208,291.24,3.24,1.01,0.038,0.046,1,1,HIGH_CONSUMPTION,2
230.5,1.841,406.03,0.957,50.043,2,3,424.351,123.099,276.03,3.123,0.5,0.043,0.007,1,1,HIGH_CONSUMPTION,2
229.94,2.197,459.28,0.909,49.978,2,3,505.178,210.556,329.28,3.533,0.06,0.022,0.041,1,1,HIGH_CONSUMPTION,2
230.2,1.117,239.71,0.932,49.997,3,3,257.133,93.2,109.71,1.844,0.2,0.003,0.018,1,0,HIGH_CONSUMPTION,2
231.7,1.666,374.51,0.97,50.105,3,3,386.012,93.841,244.51,2.881,1.7,0.105,0.02,1,1,HIGH_CONSUMPTION,2
227.76,1.755,381.81,0.955,50.019,3,3,399.719,118.559,251.81,2.937,2.24,0.019,0.005,1,1,HIGH_CONSUMPTION,2
227.82,1.548,340.57,0.966,50.057,3,3,352.665,91.179,210.57,2.62,2.18,0.057,0.016,1,1,HIGH_CONSUMPTION,2
228.58,1.647,356.07,0.946,49.979,4,3,376.471,122.039,226.07,2.739,1.42,0.021,0.004,1,1,HIGH_CONSUMPTION,2
230.83,1.549,329.59,0.922,50.097,4,3,357.556,138.442,199.59,2.535,0.83,0.097,0.028,1,1,HIGH_CONSUMPTION,2
232.34,1.934,439.04,0.977,50.024,4,3,449.346,95.818,309.04,3.377,2.34,0.024,0.027,1,1,HIGH_CONSUMPTION,2
228.21,1.13,247.07,0.958,50.02,4,3,257.877,73.951,117.07,1.901,1.79,0.02,0.008,1,0,HIGH_CONSUMPTION,2
227.84,2.535,529.68,0.917,50.023,5,3,577.574,230.387,399.68,4.074,2.16,0.023,0.033,1,1,HIGH_CONSUMPTION,2
231.8,2.425,533.51,0.949,50.071,5,3,562.115,177.221,403.51,4.104,1.8,0.071,0.001,1,1,HIGH_CONSUMPTION,2
226.96,1.358,289.68,0.94,49.919,5,3,308.212,105.154,159.68,2.228,3.04,0.081,0.01,1,1,HIGH_CONSUMPTION,2
230.27,2.142,474.55,0.962,49.978,5,3,493.238,134.678,344.55,3.65,0.27,0.022,0.012,1,1,HIGH_CONSUMPTION,2
230.44,5.674,1247.29,0.954,49.961,6,3,1307.517,392.002,747.29,2.495,0.44,0.039,0.004,0,1,HIGH_CONSUMPTION,2
232.58,7.392,1557.6,0.906,49.99,6,3,1719.231,727.712,1057.6,3.115,2.58,0.01,0.044,0,1,HIGH_CONSUMPTION,2
228.76,6.184,1349.5,0.954,49.9,6,3,1414.652,424.122,849.5,2.699,1.24,0.1,0.004,0,1,HIGH_CONSUMPTION,2
230.12,7.881,1712.02,0.944,49.958,6,3,1813.576,598.381,1212.02,3.424,0.12,0.042,0.006,0,1,HIGH_CONSUMPTION,2
235.21,3.963,851.07,0.913,49.94,7,3,932.137,380.274,351.07,1.702,5.21,0.06,0.037,0,0,HIGH_CONSUMPTION,2
233.47,7.204,1591.01,0.946,50.056,7,3,1681.918,545.222,1091.01,3.182,3.47,0.056,0.004,0,1,HIGH_CONSUMPTION,2
230.22,6.712,1409.2,0.912,49.983,7,3,1545.237,633.841,909.2,2.818,0.22,0.017,0.038,0,1,HIGH_CONSUMPTION,2
232.72,6.179,1380.36,0.96,49.936,7,3,1437.977,402.634,880.36,2.761,2.72,0.064,0.01,0,1,HIGH_CONSUMPTION,2
229.85,6.659,1409.64,0.921,49.988,8,3,1530.571,596.253,909.64,2.819,0.15,0.012,0.029,0,1,HIGH_CONSUMPTION,2
229.18,6.929,1538.85,0.969,50.054,8,3,1587.988,392.33,1038.85,3.078,0.82,0.054,0.019,0,1,HIGH_CONSUMPTION,2
228.67,5.962,1236.58,0.907,50.005,8,3,1363.331,574.14,736.58,2.473,1.33,0.005,0.043,0,1,HIGH_CONSUMPTION,2
230.52,5.209,1101.14,0.917,50.029,8,3,1200.779,478.975,601.14,2.202,0.52,0.029,0.033,0,1,HIGH_CONSUMPTION,2
227.05,8.396,1732.82,0.909,49.976,9,3,1906.312,794.543,1307.82,4.077,2.95,0.024,0.041,0,1,HIGH_CONSUMPTION,2
229.84,6.113,1386.69,0.987,50.038,9,3,1405.012,225.814,961.69,3.263,0.16,0.038,0.037,0,1,HIGH_CONSUMPTION,2
229.94,7.992,1707.11,0.929,49.962,9,3,1837.68,680.088,1282.11,4.017,0.06,0.038,0.021,0,1,HIGH_CONSUMPTION,2
228.9,5.361,1193.97,0.973,50.002,9,3,1227.133,283.229,768.97,2.809,1.1,0.002,0.023,0,1,HIGH_CONSUMPTION,2
230.61,3.3,739.05,0.971,50.026,10,3,761.013,181.943,314.05,1.739,0.61,0.026,0.021,0,0,HIGH_CONSUMPTION,2
229.7,8.226,1796.92,0.951,50.007,10,3,1889.512,584.22,1371.92,4.228,0.3,0.007,0.001,0,1,HIGH_CONSUMPTION,2
229.15,3.598,799.8,0.97,49.991,10,3,824.482,200.436,374.8,1.882,0.85,0.009,0.02,0,0,HIGH_CONSUMPTION,2
233.08,4.173,880.23,0.905,50.008,10,3,972.643,413.774,455.23,2.071,3.08,0.008,0.045,0,1,HIGH_CONSUMPTION,2
228.87,7.821,1653.89,0.924,50.018,11,3,1789.992,684.48,1228.89,3.892,1.13,0.018,0.026,0,1,HIGH_CONSUMPTION,2
229.4,3.368,720.14,0.932,49.999,11,3,772.619,280.042,295.14,1.694,0.6,0.001,0.018,0,0,HIGH_CONSUMPTION,2
230.7,4.171,867.02,0.901,49.977,11,3,962.25,417.442,442.02,2.04,0.7,0.023,0.049,0,1,HIGH_CONSUMPTION,2
227.77,6.074,1312.97,0.949,50.016,11,3,1383.475,436.177,887.97,3.089,2.23,0.016,0.001,0,1,HIGH_CONSUMPTION,2
229.41,6.821,1437.96,0.919,49.991,12,3,1564.806,616.936,1012.96,3.383,0.59,0.009,0.031,0,1,HIGH_CONSUMPTION,2
231.58,6.927,1447.02,0.902,49.957,12,3,1604.155,692.571,1022.02,3.405,1.58,0.043,0.048,0,1,HIGH_CONSUMPTION,2
226.35,3.591,745.33,0.917,50.008,12,3,812.823,324.225,320.33,1.754,3.65,0.008,0.033,0,0,HIGH_CONSUMPTION,2
234.02,6.159,1314.52,0.912,49.953,12,3,1441.329,591.219,889.52,3.093,4.02,0.047,0.038,0,1,HIGH_CONSUMPTION,2
229.13,5.411,1187.79,0.958,50.014,13,3,1239.822,355.542,762.79,2.795,0.87,0.014,0.008,0,1,HIGH_CONSUMPTION,2
224.79,4.385,899.0,0.912,49.958,13,3,985.704,404.326,474.0,2.115,5.21,0.042,0.038,0,1,HIGH_CONSUMPTION,2
229.3,5.04,1142.85,0.989,49.986,13,3,1155.672,170.942,717.85,2.689,0.7,0.014,0.039,0,1,HIGH_CONSUMPTION,2
232.27,3.945,850.36,0.928,49.946,13,3,916.305,341.397,425.36,2.001,2.27,0.054,0.022,0,1,HIGH_CONSUMPTION,2
233.9,6.669,1483.47,0.951,49.993,14,3,1559.879,482.3,1058.47,3.491,3.9,0.007,0.001,0,1,HIGH_CONSUMPTION,2
232.25,5.217,1136.43,0.938,50.002,14,3,1211.648,420.0,711.43,2.674,2.25,0.002,0.012,0,1,HIGH_CONSUMPTION,2
229.67,5.982,1312.03,0.955,49.923,14,3,1373.886,407.503,887.03,3.087,0.33,0.077,0.005,0,1,HIGH_CONSUMPTION,2
229.93,7.121,1589.76,0.971,50.066,14,3,1637.332,391.452,1164.76,3.741,0.07,0.066,0.021,0,1,HIGH_CONSUMPTION,2
225.28,4.69,1031.16,0.976,49.989,15,3,1056.563,230.088,606.16,2.426,4.72,0.011,0.026,0,1,HIGH_CONSUMPTION,2
229.39,3.819,798.14,0.911,49.905,15,3,876.04,361.285,373.14,1.878,0.61,0.095,0.039,0,0,HIGH_CONSUMPTION,2
228.48,4.798,1083.2,0.988,50.006,15,3,1096.247,169.32,658.2,2.549,1.52,0.006,0.038,0,1,HIGH_CONSUMPTION,2
230.71,6.044,1299.51,0.932,50.008,15,3,1394.411,505.416,874.51,3.058,0.71,0.008,0.018,0,1,HIGH_CONSUMPTION,2
229.7,6.337,1376.99,0.946,49.902,16,3,1455.609,471.86,951.99,3.24,0.3,0.098,0.004,0,1,HIGH_CONSUMPTION,2
228.09,5.88,1216.47,0.907,50.029,16,3,1341.169,564.807,791.47,2.862,1.91,0.029,0.043,0,1,HIGH_CONSUMPTION,2
228.54,3.711,789.55,0.931,49.979,16,3,848.112,309.577,364.55,1.858,1.46,0.021,0.019,0,0,HIGH_CONSUMPTION,2
228.31,4.939,1091.54,0.968,49.971,16,3,1127.623,282.977,666.54,2.568,1.69,0.029,0.018,0,1,HIGH_CONSUMPTION,2
230.79,10.924,2460.57,0.976,49.909,17,3,2521.15,549.032,1710.57,3.281,0.79,0.091,0.026,0,1,HIGH_CONSUMPTION,2
229.6,6.826,1469.99,0.938,49.936,17,3,1567.25,543.264,719.99,1.96,0.4,0.064,0.012,0,0,HIGH_CONSUMPTION,2
228.02,7.172,1560.05,0.954,49.957,17,3,1635.359,490.292,810.05,2.08,1.98,0.043,0.004,0,1,HIGH_CONSUMPTION,2
232.42,11.562,2429.2,0.904,50.078,17,3,2687.24,1148.882,1679.2,3.239,2.42,0.078,0.046,0,1,HIGH_CONSUMPTION,2
231.94,8.283,1800.19,0.937,50.025,18,3,1921.159,671.117,1050.19,2.4,1.94,0.025,0.013,0,1,HIGH_CONSUMPTION,2
228.93,7.151,1511.05,0.923,50.055,18,3,1637.078,629.948,761.05,2.015,1.07,0.055,0.027,0,1,HIGH_CONSUMPTION,2
233.67,9.508,2139.42,0.963,50.003,18,3,2221.734,598.761,1389.42,2.853,3.67,0.003,0.013,0,1,HIGH_CONSUMPTION,2
227.84,8.039,1688.75,0.922,49.974,18,3,1831.606,709.179,938.75,2.252,2.16,0.026,0.028,0,1,HIGH_CONSUMPTION,2
227.97,6.985,1461.82,0.918,49.962,19,3,1592.37,631.503,711.82,1.949,2.03,0.038,0.032,0,0,HIGH_CONSUMPTION,2
229.74,9.196,2042.94,0.967,49.978,19,3,2112.689,538.263,1292.94,2.724,0.26,0.022,0.017,0,1,HIGH_CONSUMPTION,2
226.48,9.03,1983.76,0.97,49.99,19,3,2045.114,497.177,1233.76,2.645,3.52,0.01,0.02,0,1,HIGH_CONSUMPTION,2
227.51,6.803,1447.19,0.935,49.965,19,3,1547.751,548.906,697.19,1.93,2.49,0.035,0.015,0,0,HIGH_CONSUMPTION,2
230.56,10.653,2230.1,0.908,49.983,20,3,2456.156,1029.056,1480.1,2.973,0.56,0.017,0.042,0,1,HIGH_CONSUMPTION,2
234.12,8.642,1952.51,0.965,50.047,20,3,2023.265,530.601,1202.51,2.603,4.12,0.047,0.015,0,1,HIGH_CONSUMPTION,2
231.42,10.68,2251.68,0.911,50.012,20,3,2471.566,1019.289,1501.68,3.002,1.42,0.012,0.039,0,1,HIGH_CONSUMPTION,2
234.1,5.982,1320.61,0.943,50.055,20,3,1400.386,466.038,570.61,1.761,4.1,0.055,0.007,0,0,HIGH_CONSUMPTION,2
229.3,7.756,1732.29,0.974,50.054,21,3,1778.451,402.904,982.29,2.31,0.7,0.054,0.024,0,1,HIGH_CONSUMPTION,2
229.59,10.515,2269.37,0.94,50.01,21,3,2414.139,823.642,1519.37,3.026,0.41,0.01,0.01,0,1,HIGH_CONSUMPTION,2
229.29,9.086,1997.93,0.959,50.035,21,3,2083.329,590.428,1247.93,2.664,0.71,0.035,0.009,0,1,HIGH_CONSUMPTION,2
233.54,8.302,1906.0,0.983,49.961,21,3,1938.849,355.983,1156.0,2.541,3.54,0.039,0.033,0,1,HIGH_CONSUMPTION,2
228.93,3.64,782.53,0.939,50.064,22,3,833.305,286.588,432.53,2.236,1.07,0.064,0.011,0,1,HIGH_CONSUMPTION,2
227.97,2.422,513.59,0.93,49.889,22,3,552.143,202.946,163.59,1.467,2.03,0.111,0.02,0,0,HIGH_CONSUMPTION,2
227.69,5.006,1053.14,0.924,49.95,22,3,1139.816,435.857,703.14,3.009,2.31,0.05,0.026,0,1,HIGH_CONSUMPTION,2
230.94,4.694,1065.69,0.983,49.981,22,3,1084.032,199.034,715.69,3.045,0.94,0.019,0.033,0,1,HIGH_CONSUMPTION,2
229.0,5.911,1294.06,0.956,49.957,23,3,1353.619,397.107,944.06,3.697,1.0,0.043,0.006,0,1,HIGH_CONSUMPTION,2
229.44,5.854,1315.02,0.979,49.976,23,3,1343.142,273.813,965.02,3.757,0.56,0.024,0.029,0,1,HIGH_CONSUMPTION,2
229.59,3.547,765.58,0.94,49.936,23,3,814.356,277.837,415.58,2.187,0.41,0.064,0.01,0,1,HIGH_CONSUMPTION,2
227.56,5.163,1157.22,0.985,50.04,23,3,1174.892,202.733,807.22,3.306,2.44,0.04,0.035,0,1,HIGH_CONSUMPTION,2
231.67,1.491,315.02,0.912,50.063,0,4,345.42,141.688,185.02,2.423,1.67,0.063,0.038,1,1,HIGH_CONSUMPTION,2
231.7,1.269,283.74,0.965,50.036,0,4,294.027,77.109,153.74,2.183,1.7,0.036,0.015,1,1,HIGH_CONSUMPTION,2
231.33,1.355,292.81,0.934,50.005,0,4,313.452,111.988,162.81,2.252,1.33,0.005,0.016,1,1,HIGH_CONSUMPTION,2
230.07,1.614,348.03,0.937,50.056,0,4,371.333,129.718,218.03,2.677,0.07,0.056,0.013,1,1,HIGH_CONSUMPTION,2
232.13,2.517,549.8,0.941,50.012,1,4,584.271,197.721,419.8,4.229,2.13,0.012,0.009,1,1,HIGH_CONSUMPTION,2
229.8,2.826,605.85,0.933,49.959,1,4,649.415,233.709,475.85,4.66,0.2,0.041,0.017,1,1,HIGH_CONSUMPTION,2
228.04,1.512,338.14,0.981,50.1,1,4,344.796,66.893,208.14,2.601,1.96,0.1,0.031,1,1,HIGH_CONSUMPTION,2
230.49,1.241,259.16,0.906,49.935,1,4,286.038,121.074,129.16,1.994,0.49,0.065,0.044,1,0,HIGH_CONSUMPTION,2
231.28,1.623,344.21,0.917,49.933,2,4,375.367,149.729,214.21,2.648,1.28,0.067,0.033,1,1,HIGH_CONSUMPTION,2
229.61,1.578,352.22,0.972,50.028,2,4,362.325,85.139,222.22,2.709,0.39,0.028,0.022,1,1,HIGH_CONSUMPTION,2
228.87,1.129,237.9,0.921,50.085,2,4,258.394,100.661,107.9,1.83,1.13,0.085,0.029,1,0,HIGH_CONSUMPTION,2
230.09,1.912,427.13,0.971,50.019,2,4,439.932,105.179,297.13,3.286,0.09,0.019,0.021,1,1,HIGH_CONSUMPTION,2
231.41,1.034,234.82,0.981,49.983,3,4,239.278,46.422,104.82,1.806,1.41,0.017,0.031,1,0,HIGH_CONSUMPTION,2
229.91,1.96,438.81,0.974,49.983,3,4,450.624,102.088,308.81,3.375,0.09,0.017,0.024,1,1,HIGH_CONSUMPTION,2
232.4,0.974,223.53,0.988,49.965,3,4,226.358,34.962,93.53,1.719,2.4,0.035,0.038,1,0,HIGH_CONSUMPTION,2
228.96,1.406,292.66,0.909,50.14,3,4,321.918,134.174,162.66,2.251,1.04,0.14,0.041,1,1,HIGH_CONSUMPTION,2
228.15,1.176,263.64,0.983,50.009,4,4,268.304,49.262,133.64,2.028,1.85,0.009,0.033,1,1,HIGH_CONSUMPTION,2
228.57,1.742,378.67,0.951,49.943,4,4,398.169,123.11,248.67,2.913,1.43,0.057,0.001,1,1,HIGH_CONSUMPTION,2
230.52,1.145,258.83,0.981,50.051,4,4,263.945,51.207,128.83,1.991,0.52,0.051,0.031,1,0,HIGH_CONSUMPTION,2
230.59,1.369,298.34,0.945,50.088,4,4,315.678,103.249,168.34,2.295,0.59,0.088,0.005,1,1,HIGH_CONSUMPTION,2
233.1,0.958,213.75,0.957,49.975,5,4,223.31,64.779,83.75,1.644,3.1,0.025,0.007,1,0,HIGH_CONSUMPTION,2
232.27,2.03,433.32,0.919,50.05,5,4,471.508,185.896,303.32,3.333,2.27,0.05,0.031,1,1,HIGH_CONSUMPTION,2
233.28,2.766,610.34,0.946,50.016,5,4,645.252,209.169,480.34,4.695,3.28,0.016,0.004,1,1,HIGH_CONSUMPTION,2
230.51,1.198,269.89,0.977,49.974,5,4,276.151,58.886,139.89,2.076,0.51,0.026,0.027,1,1,HIGH_CONSUMPTION,2
230.56,5.43,1180.52,0.943,49.994,6,4,1251.941,416.637,680.52,2.361,0.56,0.006,0.007,0,1,HIGH_CONSUMPTION,2
227.26,4.964,1092.0,0.968,49.955,6,4,1128.119,283.102,592.0,2.184,2.74,0.045,0.018,0,1,HIGH_CONSUMPTION,2
227.81,6.449,1422.15,0.968,49.969,6,4,1469.147,368.683,922.15,2.844,2.19,0.031,0.018,0,1,HIGH_CONSUMPTION,2
227.59,6.235,1309.7,0.923,50.056,6,4,1419.024,546.04,809.7,2.619,2.41,0.056,0.027,0,1,HIGH_CONSUMPTION,2
235.96,3.927,902.63,0.974,49.876,7,4,926.615,209.923,402.63,1.805,5.96,0.124,0.024,0,0,HIGH_CONSUMPTION,2
230.27,8.006,1802.94,0.978,49.999,7,4,1843.542,384.572,1302.94,3.606,0.27,0.001,0.028,0,1,HIGH_CONSUMPTION,2
231.99,6.464,1381.19,0.921,49.973,7,4,1499.583,584.182,881.19,2.762,1.99,0.027,0.029,0,1,HIGH_CONSUMPTION,2
231.11,6.861,1560.32,0.984,49.926,7,4,1585.646,282.512,1060.32,3.121,1.11,0.074,0.034,0,1,HIGH_CONSUMPTION,2
229.22,5.972,1307.31,0.955,50.032,8,4,1368.902,406.024,807.31,2.615,0.78,0.032,0.005,0,1,HIGH_CONSUMPTION,2
234.56,7.181,1625.51,0.965,49.919,8,4,1684.375,441.727,1125.51,3.251,4.56,0.081,0.015,0,1,HIGH_CONSUMPTION,2
227.82,5.455,1225.31,0.986,50.011,8,4,1242.758,207.224,725.31,2.451,2.18,0.011,0.036,0,1,HIGH_CONSUMPTION,2
231.69,4.065,875.97,0.93,50.029,8,4,941.82,346.175,375.97,1.752,1.69,0.029,0.02,0,0,HIGH_CONSUMPTION,2
229.04,6.346,1420.06,0.977,50.0,9,4,1453.488,309.941,995.06,3.341,0.96,0.0,0.027,0,1,HIGH_CONSUMPTION,2
231.82,5.293,1212.33,0.988,49.976,9,4,1227.023,189.518,787.33,2.853,1.82,0.024,0.038,0,1,HIGH_CONSUMPTION,2
231.89,4.771,1089.66,0.985,50.025,9,4,1106.347,190.905,664.66,2.564,1.89,0.025,0.035,0,1,HIGH_CONSUMPTION,2
231.71,6.754,1513.4,0.967,50.015,9,4,1564.969,398.717,1088.4,3.561,1.71,0.015,0.017,0,1,HIGH_CONSUMPTION,2
230.08,3.926,869.87,0.963,49.955,10,4,903.294,243.439,444.87,2.047,0.08,0.045,0.013,0,1,HIGH_CONSUMPTION,2
233.14,7.847,1737.98,0.95,49.979,10,4,1829.45,571.245,1312.98,4.089,3.14,0.021,0.0,0,1,HIGH_CONSUMPTION,2
229.59,6.958,1439.24,0.901,49.941,10,4,1597.487,693.02,1014.24,3.386,0.41,0.059,0.049,0,1,HIGH_CONSUMPTION,2
229.31,8.378,1899.94,0.989,50.009,10,4,1921.159,284.169,1474.94,4.47,0.69,0.009,0.039,0,1,HIGH_CONSUMPTION,2
232.11,3.599,770.99,0.923,49.957,11,4,835.364,321.448,345.99,1.814,2.11,0.043,0.027,0,0,HIGH_CONSUMPTION,2
228.8,7.894,1741.17,0.964,50.087,11,4,1806.147,480.259,1316.17,4.097,1.2,0.087,0.014,0,1,HIGH_CONSUMPTION,2
226.68,5.946,1257.62,0.933,50.054,11,4,1347.839,485.056,832.62,2.959,3.32,0.054,0.017,0,1,HIGH_CONSUMPTION,2
229.49,2.841,637.62,0.978,49.994,11,4,651.981,136.006,212.62,1.5,0.51,0.006,0.028,0,0,HIGH_CONSUMPTION,2
229.96,2.98,663.38,0.968,50.071,12,4,685.281,171.971,238.38,1.561,0.04,0.071,0.018,0,0,HIGH_CONSUMPTION,2
230.46,3.868,829.09,0.93,49.94,12,4,891.419,327.65,404.09,1.951,0.46,0.06,0.02,0,0,HIGH_CONSUMPTION,2
228.94,7.199,1503.2,0.912,50.006,12,4,1648.139,676.05,1078.2,3.537,1.06,0.006,0.038,0,1,HIGH_CONSUMPTION,2
230.78,5.303,1145.57,0.936,49.97,12,4,1223.826,430.787,720.57,2.695,0.78,0.03,0.014,0,1,HIGH_CONSUMPTION,2
230.56,3.97,876.87,0.958,49.982,13,4,915.323,262.486,451.87,2.063,0.56,0.018,0.008,0,1,HIGH_CONSUMPTION,2
231.43,5.627,1246.23,0.957,50.091,13,4,1302.257,377.769,821.23,2.932,1.43,0.091,0.007,0,1,HIGH_CONSUMPTION,2
230.8,5.439,1187.57,0.946,49.954,13,4,1255.321,406.933,762.57,2.794,0.8,0.046,0.004,0,1,HIGH_CONSUMPTION,2
229.41,6.926,1461.7,0.92,50.055,13,4,1588.894,622.717,1036.7,3.439,0.59,0.055,0.03,0,1,HIGH_CONSUMPTION,2
229.52,5.424,1130.42,0.908,49.974,14,4,1244.916,521.583,705.42,2.66,0.48,0.026,0.042,0,1,HIGH_CONSUMPTION,2
229.32,4.167,923.18,0.966,50.001,14,4,955.576,247.057,498.18,2.172,0.68,0.001,0.016,0,1,HIGH_CONSUMPTION,2
228.94,5.286,1121.9,0.927,50.034,14,4,1210.177,453.891,696.9,2.64,1.06,0.034,0.023,0,1,HIGH_CONSUMPTION,2
229.06,4.848,1031.54,0.929,49.985,14,4,1110.483,410.967,606.54,2.427,0.94,0.015,0.021,0,1,HIGH_CONSUMPTION,2
229.72,8.113,1701.64,0.913,49.987,15,4,1863.718,760.322,1276.64,4.004,0.28,0.013,0.037,0,1,HIGH_CONSUMPTION,2
227.77,9.071,1869.72,0.905,49.927,15,4,2066.102,878.944,1444.72,4.399,2.23,0.073,0.045,0,1,HIGH_CONSUMPTION,2
228.24,4.277,886.46,0.908,50.03,15,4,976.182,408.991,461.46,2.086,1.76,0.03,0.042,0,1,HIGH_CONSUMPTION,2
228.49,7.206,1485.12,0.902,50.015,15,4,1646.499,710.853,1060.12,3.494,1.51,0.015,0.048,0,1,HIGH_CONSUMPTION,2
231.82,3.862,827.15,0.924,50.037,16,4,895.289,342.352,402.15,1.946,1.82,0.037,0.026,0,0,HIGH_CONSUMPTION,2
228.7,6.869,1473.55,0.938,49.987,16,4,1570.94,544.543,1048.55,3.467,1.3,0.013,0.012,0,1,HIGH_CONSUMPTION,2
237.03,8.72,1973.9,0.955,50.022,16,4,2066.902,613.055,1548.9,4.644,7.03,0.022,0.005,0,1,HIGH_CONSUMPTION,2
227.41,3.577,770.42,0.947,50.058,16,4,813.446,261.306,345.42,1.813,2.59,0.058,0.003,0,0,HIGH_CONSUMPTION,2
232.19,9.109,2005.1,0.948,49.958,17,4,2115.019,673.148,1255.1,2.673,2.19,0.042,0.002,0,1,HIGH_CONSUMPTION,2
229.26,7.804,1676.4,0.937,49.961,17,4,1789.145,625.001,926.4,2.235,0.74,0.039,0.013,0,1,HIGH_CONSUMPTION,2
230.5,10.285,2268.66,0.957,49.946,17,4,2370.693,687.709,1518.66,3.025,0.5,0.054,0.007,0,1,HIGH_CONSUMPTION,2
227.81,13.247,2797.6,0.927,50.105,17,4,3017.799,1131.86,2047.6,3.73,2.19,0.105,0.023,0,1,HIGH_CONSUMPTION,2
232.8,11.201,2417.27,0.927,50.175,18,4,2607.593,978.007,1667.27,3.223,2.8,0.175,0.023,0,1,HIGH_CONSUMPTION,2
230.57,5.785,1269.91,0.952,50.052,18,4,1333.847,408.288,519.91,1.693,0.57,0.052,0.002,0,0,HIGH_CONSUMPTION,2
227.19,6.668,1464.84,0.967,49.946,18,4,1514.903,385.961,714.84,1.953,2.81,0.054,0.017,0,0,HIGH_CONSUMPTION,2
230.88,6.634,1499.56,0.979,50.023,18,4,1531.658,312.244,749.56,1.999,0.88,0.023,0.029,0,0,HIGH_CONSUMPTION,2
231.38,9.649,2132.01,0.955,50.006,19,4,2232.586,662.198,1382.01,2.843,1.38,0.006,0.005,0,1,HIGH_CONSUMPTION,2
229.08,5.91,1260.37,0.931,49.934,19,4,1353.863,494.186,510.37,1.68,0.92,0.066,0.019,0,0,HIGH_CONSUMPTION,2
228.99,9.002,1966.49,0.954,50.03,19,4,2061.368,618.012,1216.49,2.622,1.01,0.03,0.004,0,1,HIGH_CONSUMPTION,2
230.03,6.546,1400.3,0.93,50.015,19,4,1505.776,553.462,650.3,1.867,0.03,0.015,0.02,0,0,HIGH_CONSUMPTION,2
229.74,9.92,2242.56,0.984,50.018,20,4,2279.021,406.05,1492.56,2.99,0.26,0.018,0.034,0,1,HIGH_CONSUMPTION,2
228.49,10.033,2168.72,0.946,50.019,20,4,2292.44,743.133,1418.72,2.892,1.51,0.019,0.004,0,1,HIGH_CONSUMPTION,2
228.15,10.086,2091.76,0.909,49.99,20,4,2301.121,959.098,1341.76,2.789,1.85,0.01,0.041,0,1,HIGH_CONSUMPTION,2
229.13,6.86,1551.44,0.987,50.03,20,4,1571.832,252.625,801.44,2.069,0.87,0.03,0.037,0,1,HIGH_CONSUMPTION,2
227.66,8.427,1812.93,0.945,49.977,21,4,1918.491,627.481,1062.93,2.417,2.34,0.023,0.005,0,1,HIGH_CONSUMPTION,2
228.92,13.48,2974.75,0.964,50.087,21,4,3085.842,820.532,2224.75,3.966,1.08,0.087,0.014,0,1,HIGH_CONSUMPTION,2
230.17,11.702,2588.47,0.961,49.967,21,4,2693.449,744.869,1838.47,3.451,0.17,0.033,0.011,0,1,HIGH_CONSUMPTION,2
233.83,7.031,1593.1,0.969,50.059,21,4,1644.059,406.182,843.1,2.124,3.83,0.059,0.019,0,1,HIGH_CONSUMPTION,2
229.85,3.115,681.52,0.952,49.935,22,4,715.983,219.161,331.52,1.947,0.15,0.065,0.002,0,0,HIGH_CONSUMPTION,2
226.4,3.227,698.4,0.956,50.105,22,4,730.593,214.332,348.4,1.995,3.6,0.105,0.006,0,0,HIGH_CONSUMPTION,2
232.3,3.808,851.94,0.963,49.943,22,4,884.598,238.4,501.94,2.434,2.3,0.057,0.013,0,1,HIGH_CONSUMPTION,2
229.84,5.759,1203.12,0.909,50.039,22,4,1323.649,551.692,853.12,3.437,0.16,0.039,0.041,0,1,HIGH_CONSUMPTION,2
226.99,3.127,692.86,0.976,50.025,23,4,709.798,154.573,342.86,1.98,3.01,0.025,0.026,0,0,HIGH_CONSUMPTION,2
230.19,3.556,738.38,0.902,49.951,23,4,818.556,353.4,388.38,2.11,0.19,0.049,0.048,0,1,HIGH_CONSUMPTION,2
227.95,2.481,529.31,0.936,50.044,23,4,565.544,199.071,179.31,1.512,2.05,0.044,0.014,0,0,HIGH_CONSUMPTION,2
231.13,6.836,1433.05,0.907,50.106,23,4,1580.005,665.388,1083.05,4.094,1.13,0.106,0.043,0,1,HIGH_CONSUMPTION,2
231.34,1.385,297.31,0.928,50.076,0,5,320.406,119.377,167.31,2.287,1.34,0.076,0.022,1,1,HIGH_CONSUMPTION,2
230.66,2.799,596.46,0.924,50.062,0,5,645.617,246.879,466.46,4.588,0.66,0.062,0.026,1,1,HIGH_CONSUMPTION,2
231.64,1.424,306.54,0.929,50.03,0,5,329.855,122.073,176.54,2.358,1.64,0.03,0.021,1,1,HIGH_CONSUMPTION,2
230.51,0.749,163.74,0.948,50.0,0,5,172.652,54.95,33.74,1.26,0.51,0.0,0.002,1,0,HIGH_CONSUMPTION,2
226.75,1.738,370.78,0.941,50.006,1,5,394.091,133.363,240.78,2.852,3.25,0.006,0.009,1,1,HIGH_CONSUMPTION,2
227.82,2.069,459.05,0.974,49.94,1,5,471.36,106.786,329.05,3.531,2.18,0.06,0.024,1,1,HIGH_CONSUMPTION,2
227.09,1.976,431.16,0.961,50.033,1,5,448.73,124.096,301.16,3.317,2.91,0.033,0.011,1,1,HIGH_CONSUMPTION,2
228.22,2.129,460.07,0.947,49.945,1,5,485.88,156.081,330.07,3.539,1.78,0.055,0.003,1,1,HIGH_CONSUMPTION,2
231.46,1.433,309.1,0.932,49.967,2,5,331.682,120.221,179.1,2.378,1.46,0.033,0.018,1,1,HIGH_CONSUMPTION,2
228.9,2.122,479.39,0.987,50.07,2,5,485.726,78.066,349.39,3.688,1.1,0.07,0.037,1,1,HIGH_CONSUMPTION,2
229.69,1.274,287.6,0.983,49.988,2,5,292.625,53.728,157.6,2.212,0.31,0.012,0.033,1,1,HIGH_CONSUMPTION,2
229.04,2.07,443.19,0.935,49.987,2,5,474.113,168.143,313.19,3.409,0.96,0.013,0.015,1,1,HIGH_CONSUMPTION,2
233.29,2.034,427.01,0.9,49.905,3,5,474.512,206.835,297.01,3.285,3.29,0.095,0.05,1,1,HIGH_CONSUMPTION,2
231.92,2.182,500.59,0.989,50.012,3,5,506.049,74.853,370.59,3.851,1.92,0.012,0.039,1,1,HIGH_CONSUMPTION,2
227.0,2.235,489.15,0.964,49.933,3,5,507.345,134.904,359.15,3.763,3.0,0.067,0.014,1,1,HIGH_CONSUMPTION,2
227.85,1.214,256.12,0.926,49.983,3,5,276.61,104.427,126.12,1.97,2.15,0.017,0.024,1,0,HIGH_CONSUMPTION,2
229.05,1.54,324.26,0.919,49.955,4,5,352.737,139.069,194.26,2.494,0.95,0.045,0.031,1,1,HIGH_CONSUMPTION,2
230.61,2.425,505.45,0.904,50.048,4,5,559.229,239.089,375.45,3.888,0.61,0.048,0.046,1,1,HIGH_CONSUMPTION,2
231.84,1.281,287.77,0.969,49.991,4,5,296.987,73.374,157.77,2.214,1.84,0.009,0.019,1,1,HIGH_CONSUMPTION,2
230.69,1.901,396.5,0.904,50.039,4,5,438.542,187.491,266.5,3.05,0.69,0.039,0.046,1,1,HIGH_CONSUMPTION,2
226.41,1.393,306.94,0.973,50.116,5,5,315.389,72.793,176.94,2.361,3.59,0.116,0.023,1,1,HIGH_CONSUMPTION,2
228.21,1.082,234.08,0.948,50.041,5,5,246.923,78.588,104.08,1.801,1.79,0.041,0.002,1,0,HIGH_CONSUMPTION,2
230.03,1.3,284.39,0.951,49.98,5,5,299.039,92.46,154.39,2.188,0.03,0.02,0.001,1,1,HIGH_CONSUMPTION,2
229.81,2.077,434.73,0.911,49.988,5,5,477.315,196.848,304.73,3.344,0.19,0.012,0.039,1,1,HIGH_CONSUMPTION,2
230.31,2.776,627.82,0.982,49.99,6,5,639.341,120.759,127.82,1.256,0.31,0.01,0.032,0,0,HIGH_CONSUMPTION,2
227.12,8.246,1687.5,0.901,50.052,6,5,1872.832,812.47,1187.5,3.375,2.88,0.052,0.049,0,1,HIGH_CONSUMPTION,2
229.11,4.446,987.08,0.969,50.052,6,5,1018.623,251.662,487.08,1.974,0.89,0.052,0.019,0,0,HIGH_CONSUMPTION,2
230.33,5.803,1222.94,0.915,49.955,6,5,1336.605,539.258,722.94,2.446,0.33,0.045,0.035,0,1,HIGH_CONSUMPTION,2
228.76,5.428,1221.74,0.984,50.01,7,5,1241.709,221.233,721.74,2.443,1.24,0.01,0.034,0,1,HIGH_CONSUMPTION,2
228.43,5.688,1277.26,0.983,50.041,7,5,1299.31,238.561,777.26,2.555,1.57,0.041,0.033,0,1,HIGH_CONSUMPTION,2
228.48,9.103,1882.27,0.905,49.984,7,5,2079.853,884.794,1382.27,3.765,1.52,0.016,0.045,0,1,HIGH_CONSUMPTION,2
233.96,7.483,1661.36,0.949,50.008,7,5,1750.723,551.961,1161.36,3.323,3.96,0.008,0.001,0,1,HIGH_CONSUMPTION,2
231.86,8.707,1837.07,0.91,49.957,8,5,2018.805,837.013,1337.07,3.674,1.86,0.043,0.04,0,1,HIGH_CONSUMPTION,2
232.13,5.733,1274.86,0.958,50.027,8,5,1330.801,381.631,774.86,2.55,2.13,0.027,0.008,0,1,HIGH_CONSUMPTION,2
228.31,9.363,2067.18,0.967,50.034,8,5,2137.667,544.627,1567.18,4.134,1.69,0.034,0.017,0,1,HIGH_CONSUMPTION,2
226.96,6.455,1434.18,0.979,49.98,8,5,1465.027,298.661,934.18,2.868,3.04,0.02,0.029,0,1,HIGH_CONSUMPTION,2
231.82,5.564,1175.11,0.911,49.968,9,5,1289.846,531.941,750.11,2.765,1.82,0.032,0.039,0,1,HIGH_CONSUMPTION,2
229.67,7.909,1656.52,0.912,50.075,9,5,1816.46,745.094,1231.52,3.898,0.33,0.075,0.038,0,1,HIGH_CONSUMPTION,2
228.22,7.123,1469.54,0.904,49.922,9,5,1625.611,695.001,1044.54,3.458,1.78,0.078,0.046,0,1,HIGH_CONSUMPTION,2
232.42,5.725,1265.5,0.951,50.11,9,5,1330.604,411.411,840.5,2.978,2.42,0.11,0.001,0,1,HIGH_CONSUMPTION,2
230.27,4.637,979.22,0.917,50.0,10,5,1067.762,425.917,554.22,2.304,0.27,0.0,0.033,0,1,HIGH_CONSUMPTION,2
227.64,6.468,1379.64,0.937,49.903,10,5,1472.376,514.344,954.64,3.246,2.36,0.097,0.013,0,1,HIGH_CONSUMPTION,2
228.46,3.514,774.63,0.965,50.038,10,5,802.808,210.536,349.63,1.823,1.54,0.038,0.015,0,0,HIGH_CONSUMPTION,2
231.81,5.54,1203.28,0.937,49.989,10,5,1284.227,448.618,778.28,2.831,1.81,0.011,0.013,0,1,HIGH_CONSUMPTION,2
229.48,6.597,1468.46,0.97,49.973,11,5,1513.88,368.032,1043.46,3.455,0.52,0.027,0.02,0,1,HIGH_CONSUMPTION,2
229.28,4.318,902.88,0.912,50.106,11,5,990.031,406.101,477.88,2.124,0.72,0.106,0.038,0,1,HIGH_CONSUMPTION,2
227.72,6.025,1284.23,0.936,49.997,11,5,1372.013,482.949,859.23,3.022,2.28,0.003,0.014,0,1,HIGH_CONSUMPTION,2
224.67,4.145,861.31,0.925,50.018,11,5,931.257,353.847,436.31,2.027,5.33,0.018,0.025,0,1,HIGH_CONSUMPTION,2
230.37,7.336,1576.79,0.933,49.946,12,5,1689.994,608.189,1151.79,3.71,0.37,0.054,0.017,0,1,HIGH_CONSUMPTION,2
229.81,5.23,1125.02,0.936,50.034,12,5,1201.906,423.071,700.02,2.647,0.19,0.034,0.014,0,1,HIGH_CONSUMPTION,2
230.87,6.978,1554.71,0.965,49.976,12,5,1611.011,422.487,1129.71,3.658,0.87,0.024,0.015,0,1,HIGH_CONSUMPTION,2
231.13,4.108,915.2,0.964,49.917,12,5,949.482,252.469,490.2,2.153,1.13,0.083,0.014,0,1,HIGH_CONSUMPTION,2
229.98,5.65,1185.06,0.912,50.027,13,5,1299.387,532.996,760.06,2.788,0.02,0.027,0.038,0,1,HIGH_CONSUMPTION,2
227.79,3.962,875.52,0.97,50.017,13,5,902.504,219.403,450.52,2.06,2.21,0.017,0.02,0,1,HIGH_CONSUMPTION,2
228.78,4.461,965.47,0.946,50.011,13,5,1020.588,330.84,540.47,2.272,1.22,0.011,0.004,0,1,HIGH_CONSUMPTION,2
233.11,5.425,1150.71,0.91,49.894,13,5,1264.622,524.323,725.71,2.708,3.11,0.106,0.04,0,1,HIGH_CONSUMPTION,2
229.41,3.464,737.4,0.928,49.968,14,5,794.676,296.081,312.4,1.735,0.59,0.032,0.022,0,0,HIGH_CONSUMPTION,2
230.14,3.814,832.2,0.948,50.021,14,5,877.754,279.363,407.2,1.958,0.14,0.021,0.002,0,0,HIGH_CONSUMPTION,2
227.68,7.099,1582.33,0.979,49.922,14,5,1616.3,329.499,1157.33,3.723,2.32,0.078,0.029,0,1,HIGH_CONSUMPTION,2
230.36,7.329,1553.31,0.92,49.813,14,5,1688.308,661.679,1128.31,3.655,0.36,0.187,0.03,0,1,HIGH_CONSUMPTION,2
233.21,3.447,741.08,0.922,50.004,15,5,803.875,311.252,316.08,1.744,3.21,0.004,0.028,0,0,HIGH_CONSUMPTION,2
232.88,4.549,1002.16,0.946,50.014,15,5,1059.371,343.413,577.16,2.358,2.88,0.014,0.004,0,1,HIGH_CONSUMPTION,2
226.76,3.92,864.01,0.972,50.068,15,5,888.899,208.874,439.01,2.033,3.24,0.068,0.022,0,1,HIGH_CONSUMPTION,2
232.93,4.347,995.28,0.983,50.015,15,5,1012.547,185.909,570.28,2.342,2.93,0.015,0.033,0,1,HIGH_CONSUMPTION,2
234.23,5.293,1208.77,0.975,50.013,16,5,1239.779,275.485,783.77,2.844,4.23,0.013,0.025,0,1,HIGH_CONSUMPTION,2
230.84,3.985,894.23,0.972,50.059,16,5,919.897,216.158,469.23,2.104,0.84,0.059,0.022,0,1,HIGH_CONSUMPTION,2
229.06,3.68,832.86,0.988,50.023,16,5,842.941,130.195,407.86,1.96,0.94,0.023,0.038,0,0,HIGH_CONSUMPTION,2
228.4,3.79,823.23,0.951,50.006,16,5,865.636,267.647,398.23,1.937,1.6,0.006,0.001,0,0,HIGH_CONSUMPTION,2
229.48,10.42,2159.2,0.903,49.989,17,5,2391.182,1027.349,1409.2,2.879,0.52,0.011,0.047,0,1,HIGH_CONSUMPTION,2
229.2,9.472,2019.11,0.93,49.92,17,5,2170.982,797.965,1269.11,2.692,0.8,0.08,0.02,0,1,HIGH_CONSUMPTION,2
230.01,9.306,2078.36,0.971,50.086,17,5,2140.473,511.743,1328.36,2.771,0.01,0.086,0.021,0,1,HIGH_CONSUMPTION,2
227.73,5.52,1233.23,0.981,49.974,17,5,1257.07,243.881,483.23,1.644,2.27,0.026,0.031,0,0,HIGH_CONSUMPTION,2
229.08,8.734,1868.83,0.934,50.004,18,5,2000.785,714.826,1118.83,2.492,0.92,0.004,0.016,0,1,HIGH_CONSUMPTION,2
229.87,15.473,3385.95,0.952,50.111,18,5,3556.779,1088.723,2635.95,4.515,0.13,0.111,0.002,0,1,HIGH_CONSUMPTION,2
231.03,11.578,2428.79,0.908,49.98,18,5,2674.865,1120.689,1678.79,3.238,1.03,0.02,0.042,0,1,HIGH_CONSUMPTION,2
233.84,7.028,1613.82,0.982,49.978,18,5,1643.428,310.412,863.82,2.152,3.84,0.022,0.032,0,1,HIGH_CONSUMPTION,2
229.69,7.937,1768.46,0.97,49.957,19,5,1823.05,443.192,1018.46,2.358,0.31,0.043,0.02,0,1,HIGH_CONSUMPTION,2
230.63,10.863,2292.43,0.915,50.021,19,5,2505.334,1010.786,1542.43,3.057,0.63,0.021,0.035,0,1,HIGH_CONSUMPTION,2
228.83,8.752,1982.67,0.99,50.046,19,5,2002.72,282.518,1232.67,2.644,1.17,0.046,0.04,0,1,HIGH_CONSUMPTION,2
227.07,12.241,2626.61,0.945,50.056,19,5,2779.564,909.113,1876.61,3.502,2.93,0.056,0.005,0,1,HIGH_CONSUMPTION,2
229.16,13.218,2780.58,0.918,49.918,20,5,3029.037,1201.257,2030.58,3.707,0.84,0.082,0.032,0,1,HIGH_CONSUMPTION,2
232.95,12.264,2571.27,0.9,50.018,20,5,2856.899,1245.293,1821.27,3.428,2.95,0.018,0.05,0,1,HIGH_CONSUMPTION,2
228.53,10.082,2172.78,0.943,49.97,20,5,2304.039,766.768,1422.78,2.897,1.47,0.03,0.007,0,1,HIGH_CONSUMPTION,2
226.92,8.929,1890.47,0.933,50.041,20,5,2026.169,729.17,1140.47,2.521,3.08,0.041,0.017,0,1,HIGH_CONSUMPTION,2
230.2,9.144,2075.48,0.986,50.064,21,5,2104.949,350.99,1325.48,2.767,0.2,0.064,0.036,0,1,HIGH_CONSUMPTION,2
229.06,7.471,1644.66,0.961,50.028,21,5,1711.307,473.259,894.66,2.193,0.94,0.028,0.011,0,1,HIGH_CONSUMPTION,2
229.36,9.197,1942.72,0.921,50.009,21,5,2109.424,821.753,1192.72,2.59,0.64,0.009,0.029,0,1,HIGH_CONSUMPTION,2
234.47,8.566,1952.24,0.972,50.064,21,5,2008.47,471.952,1202.24,2.603,4.47,0.064,0.022,0,1,HIGH_CONSUMPTION,2
233.42,7.478,1665.19,0.954,50.061,22,5,1745.515,523.317,1315.19,4.758,3.42,0.061,0.004,0,1,HIGH_CONSUMPTION,2
228.13,6.899,1465.29,0.931,50.032,22,5,1573.869,574.492,1115.29,4.187,1.87,0.032,0.019,0,1,HIGH_CONSUMPTION,2
228.71,3.462,771.29,0.974,50.035,22,5,791.794,179.379,421.29,2.204,1.29,0.035,0.024,0,1,HIGH_CONSUMPTION,2
228.45,3.583,738.31,0.902,50.009,22,5,818.536,353.392,388.31,2.109,1.55,0.009,0.048,0,1,HIGH_CONSUMPTION,2
230.02,7.208,1593.39,0.961,49.962,23,5,1657.984,458.513,1243.39,4.553,0.02,0.038,0.011,0,1,HIGH_CONSUMPTION,2
229.59,4.822,1018.57,0.92,49.967,23,5,1107.083,433.886,668.57,2.91,0.41,0.033,0.03,0,1,HIGH_CONSUMPTION,2
231.35,6.359,1366.78,0.929,50.007,23,5,1471.155,544.445,1016.78,3.905,1.35,0.007,0.021,0,1,HIGH_CONSUMPTION,2
230.15,3.818,838.27,0.954,50.004,23,5,878.713,263.444,488.27,2.395,0.15,0.004,0.004,0,1,HIGH_CONSUMPTION,2
227.34,1.602,345.59,0.949,49.953,0,6,364.199,114.823,215.59,2.658,2.66,0.047,0.001,1,1,HIGH_CONSUMPTION,2
231.71,2.456,563.48,0.99,49.956,0,6,569.08,80.279,433.48,4.334,1.71,0.044,0.04,1,1,HIGH_CONSUMPTION,2
231.57,1.37,292.23,0.921,49.944,0,6,317.251,123.589,162.23,2.248,1.57,0.056,0.029,1,1,HIGH_CONSUMPTION,2
229.7,1.038,230.08,0.965,49.931,0,6,238.429,62.528,100.08,1.77,0.3,0.069,0.015,1,0,HIGH_CONSUMPTION,2
230.38,1.353,301.2,0.966,49.979,1,6,311.704,80.589,171.2,2.317,0.38,0.021,0.016,1,1,HIGH_CONSUMPTION,2
231.33,2.051,430.34,0.907,49.984,1,6,474.458,199.809,300.34,3.31,1.33,0.016,0.043,1,1,HIGH_CONSUMPTION,2
227.5,1.491,328.76,0.969,49.999,1,6,339.203,83.804,198.76,2.529,2.5,0.001,0.019,1,1,HIGH_CONSUMPTION,2
227.05,1.735,382.43,0.971,49.938,1,6,393.932,94.181,252.43,2.942,2.95,0.062,0.021,1,1,HIGH_CONSUMPTION,2
229.71,0.888,190.69,0.935,49.998,2,6,203.982,72.342,60.69,1.467,0.29,0.002,0.015,1,0,HIGH_CONSUMPTION,2
228.01,0.951,214.35,0.989,49.911,2,6,216.838,32.074,84.35,1.649,1.99,0.089,0.039,1,0,HIGH_CONSUMPTION,2
227.94,1.448,297.94,0.903,50.062,2,6,330.057,141.806,167.94,2.292,2.06,0.062,0.047,1,1,HIGH_CONSUMPTION,2
227.94,1.787,394.39,0.968,50.026,2,6,407.329,102.219,264.39,3.034,2.06,0.026,0.018,1,1,HIGH_CONSUMPTION,2
231.99,1.272,274.14,0.929,49.944,3,6,295.091,109.207,144.14,2.109,1.99,0.056,0.021,1,1,HIGH_CONSUMPTION,2
231.83,1.635,360.77,0.952,50.021,3,6,379.042,116.024,230.77,2.775,1.83,0.021,0.002,1,1,HIGH_CONSUMPTION,2
228.88,2.038,423.16,0.907,50.039,3,6,466.457,196.44,293.16,3.255,1.12,0.039,0.043,1,1,HIGH_CONSUMPTION,2
236.01,2.286,527.62,0.978,49.98,3,6,539.519,112.546,397.62,4.059,6.01,0.02,0.028,1,1,HIGH_CONSUMPTION,2
231.59,1.926,433.92,0.973,50.023,4,6,446.042,102.949,303.92,3.338,1.59,0.023,0.023,1,1,HIGH_CONSUMPTION,2
228.69,1.14,240.38,0.922,50.065,4,6,260.707,100.943,110.38,1.849,1.31,0.065,0.028,1,0,HIGH_CONSUMPTION,2
229.6,1.508,341.11,0.985,49.949,4,6,346.237,59.745,211.11,2.624,0.4,0.051,0.035,1,1,HIGH_CONSUMPTION,2
231.27,1.434,310.81,0.937,49.993,4,6,331.641,115.852,180.81,2.391,1.27,0.007,0.013,1,1,HIGH_CONSUMPTION,2
227.22,1.5,335.03,0.983,49.951,5,6,340.83,62.578,205.03,2.577,2.78,0.049,0.033,1,1,HIGH_CONSUMPTION,2
228.97,1.478,327.6,0.968,49.963,5,6,338.418,84.926,197.6,2.52,1.03,0.037,0.018,1,1,HIGH_CONSUMPTION,2
230.36,1.197,260.59,0.945,50.054,5,6,275.741,90.187,130.59,2.005,0.36,0.054,0.005,1,1,HIGH_CONSUMPTION,2
232.17,1.665,360.23,0.932,50.126,5,6,386.563,140.113,230.23,2.771,2.17,0.126,0.018,1,1,HIGH_CONSUMPTION,2
228.82,6.278,1340.39,0.933,50.022,6,6,1436.532,516.974,840.39,2.681,1.18,0.022,0.017,0,1,HIGH_CONSUMPTION,2
233.09,5.998,1272.15,0.91,50.079,6,6,1398.074,579.653,772.15,2.544,3.09,0.079,0.04,0,1,HIGH_CONSUMPTION,2
232.5,7.811,1672.55,0.921,50.025,6,6,1816.057,707.468,1172.55,3.345,2.5,0.025,0.029,0,1,HIGH_CONSUMPTION,2
228.9,4.48,952.62,0.929,50.08,6,6,1025.472,379.506,452.62,1.905,1.1,0.08,0.021,0,0,HIGH_CONSUMPTION,2
228.05,4.509,993.22,0.966,50.083,7,6,1028.277,265.853,493.22,1.986,1.95,0.083,0.016,0,0,HIGH_CONSUMPTION,2
230.39,7.411,1635.61,0.958,49.992,7,6,1707.42,489.634,1135.61,3.271,0.39,0.008,0.008,0,1,HIGH_CONSUMPTION,2
232.01,4.096,877.14,0.923,49.966,7,6,950.313,365.68,377.14,1.754,2.01,0.034,0.027,0,0,HIGH_CONSUMPTION,2
230.8,9.659,2086.59,0.936,49.971,7,6,2229.297,784.713,1586.59,4.173,0.8,0.029,0.014,0,1,HIGH_CONSUMPTION,2
231.67,9.753,2207.54,0.977,49.963,8,6,2259.478,481.809,1707.54,4.415,1.67,0.037,0.027,0,1,HIGH_CONSUMPTION,2
232.48,4.701,1026.25,0.939,50.025,8,6,1092.888,375.863,526.25,2.053,2.48,0.025,0.011,0,1,HIGH_CONSUMPTION,2
227.08,4.184,881.59,0.928,50.03,8,6,950.103,353.989,381.59,1.763,2.92,0.03,0.022,0,0,HIGH_CONSUMPTION,2
230.67,3.813,807.39,0.918,49.9,8,6,879.545,348.81,307.39,1.615,0.67,0.1,0.032,0,0,HIGH_CONSUMPTION,2
230.02,7.535,1565.09,0.903,50.065,9,6,1733.201,744.653,1140.09,3.683,0.02,0.065,0.047,0,1,HIGH_CONSUMPTION,2
227.66,4.338,930.25,0.942,49.94,9,6,987.589,331.448,505.25,2.189,2.34,0.06,0.008,0,1,HIGH_CONSUMPTION,2
230.25,5.243,1169.71,0.969,50.007,9,6,1207.201,298.252,744.71,2.752,0.25,0.007,0.019,0,1,HIGH_CONSUMPTION,2
231.42,6.351,1360.91,0.926,50.013,9,6,1469.748,554.865,935.91,3.202,1.42,0.013,0.024,0,1,HIGH_CONSUMPTION,2
231.39,3.023,643.47,0.92,49.958,10,6,699.492,274.144,218.47,1.514,1.39,0.042,0.03,0,0,HIGH_CONSUMPTION,2
230.63,7.124,1621.68,0.987,49.959,10,6,1643.008,264.065,1196.68,3.816,0.63,0.041,0.037,0,1,HIGH_CONSUMPTION,2
230.95,5.246,1149.73,0.949,49.989,10,6,1211.564,381.977,724.73,2.705,0.95,0.011,0.001,0,1,HIGH_CONSUMPTION,2
230.08,4.173,893.93,0.931,50.035,10,6,960.124,350.464,468.93,2.103,0.08,0.035,0.019,0,1,HIGH_CONSUMPTION,2
228.02,5.575,1165.68,0.917,50.008,11,6,1271.212,507.07,740.68,2.743,1.98,0.008,0.033,0,1,HIGH_CONSUMPTION,2
231.27,5.26,1135.05,0.933,49.902,11,6,1216.48,437.782,710.05,2.671,1.27,0.098,0.017,0,1,HIGH_CONSUMPTION,2
232.12,4.602,1039.41,0.973,49.949,11,6,1068.216,246.55,614.41,2.446,2.12,0.051,0.023,0,1,HIGH_CONSUMPTION,2
227.8,4.898,1091.21,0.978,49.936,11,6,1115.764,232.754,666.21,2.568,2.2,0.064,0.028,0,1,HIGH_CONSUMPTION,2
229.99,7.411,1534.02,0.9,50.047,12,6,1704.456,742.955,1109.02,3.609,0.01,0.047,0.05,0,1,HIGH_CONSUMPTION,2
228.27,4.583,980.21,0.937,50.041,12,6,1046.161,365.455,555.21,2.306,1.73,0.041,0.013,0,1,HIGH_CONSUMPTION,2
229.26,4.204,930.12,0.965,49.874,12,6,963.809,252.759,505.12,2.189,0.74,0.126,0.015,0,1,HIGH_CONSUMPTION,2
229.16,6.677,1513.16,0.989,50.048,12,6,1530.101,226.326,1088.16,3.56,0.84,0.048,0.039,0,1,HIGH_CONSUMPTION,2
231.39,3.96,858.61,0.937,49.989,13,6,916.304,320.092,433.61,2.02,1.39,0.011,0.013,0,1,HIGH_CONSUMPTION,2
232.86,5.589,1173.9,0.902,49.974,13,6,1301.455,561.885,748.9,2.762,2.86,0.026,0.048,0,1,HIGH_CONSUMPTION,2
233.87,5.712,1215.58,0.91,50.114,13,6,1335.865,553.861,790.58,2.86,3.87,0.114,0.04,0,1,HIGH_CONSUMPTION,2
232.03,2.837,600.34,0.912,49.987,13,6,658.269,270.016,175.34,1.413,2.03,0.013,0.038,0,0,HIGH_CONSUMPTION,2
229.94,4.11,882.59,0.934,50.051,14,6,945.053,337.642,457.59,2.077,0.06,0.051,0.016,0,1,HIGH_CONSUMPTION,2
230.41,3.183,695.26,0.948,50.016,14,6,733.395,233.418,270.26,1.636,0.41,0.016,0.002,0,0,HIGH_CONSUMPTION,2
231.75,5.736,1278.77,0.962,50.005,14,6,1329.318,362.97,853.77,3.009,1.75,0.005,0.012,0,1,HIGH_CONSUMPTION,2
231.59,4.227,964.31,0.985,49.996,14,6,978.931,168.919,539.31,2.269,1.59,0.004,0.035,0,1,HIGH_CONSUMPTION,2
228.44,6.554,1441.88,0.963,49.971,15,6,1497.196,403.496,1016.88,3.393,1.56,0.029,0.013,0,1,HIGH_CONSUMPTION,2
230.01,3.498,787.58,0.979,49.909,15,6,804.575,164.021,362.58,1.853,0.01,0.091,0.029,0,0,HIGH_CONSUMPTION,2
230.62,4.633,1023.63,0.958,49.983,15,6,1068.462,306.401,598.63,2.409,0.62,0.017,0.008,0,1,HIGH_CONSUMPTION,2
227.13,5.395,1151.79,0.94,49.998,15,6,1225.366,418.064,726.79,2.71,2.87,0.002,0.01,0,1,HIGH_CONSUMPTION,2
227.8,5.382,1110.83,0.906,49.954,16,6,1226.02,518.947,685.83,2.614,2.2,0.046,0.044,0,1,HIGH_CONSUMPTION,2
227.52,6.144,1382.58,0.989,50.076,16,6,1397.883,206.769,957.58,3.253,2.48,0.076,0.039,0,1,HIGH_CONSUMPTION,2
231.39,5.04,1068.23,0.916,49.99,16,6,1166.206,467.856,643.23,2.513,1.39,0.01,0.034,0,1,HIGH_CONSUMPTION,2
228.23,7.706,1693.65,0.963,49.956,16,6,1758.74,473.983,1268.65,3.985,1.77,0.044,0.013,0,1,HIGH_CONSUMPTION,2
227.61,6.526,1464.58,0.986,49.999,17,6,1485.383,247.681,714.58,1.953,2.39,0.001,0.036,0,0,HIGH_CONSUMPTION,2
230.59,14.833,3098.85,0.906,50.05,17,6,3420.341,1447.754,2348.85,4.132,0.59,0.05,0.044,0,1,HIGH_CONSUMPTION,2
231.17,9.27,2106.51,0.983,49.963,17,6,2142.946,393.457,1356.51,2.809,1.17,0.037,0.033,0,1,HIGH_CONSUMPTION,2
230.12,5.981,1351.57,0.982,50.005,17,6,1376.348,259.966,601.57,1.802,0.12,0.005,0.032,0,0,HIGH_CONSUMPTION,2
228.78,13.031,2912.62,0.977,49.966,18,6,2981.232,635.716,2162.62,3.883,1.22,0.034,0.027,0,1,HIGH_CONSUMPTION,2
230.63,10.975,2480.63,0.98,49.987,18,6,2531.164,503.695,1730.63,3.308,0.63,0.013,0.03,0,1,HIGH_CONSUMPTION,2
226.76,6.473,1341.68,0.914,50.061,18,6,1467.817,595.514,591.68,1.789,3.24,0.061,0.036,0,0,HIGH_CONSUMPTION,2
231.57,5.897,1267.32,0.928,50.028,18,6,1365.568,508.784,517.32,1.69,1.57,0.028,0.022,0,0,HIGH_CONSUMPTION,2
225.26,12.11,2621.55,0.961,50.062,19,6,2727.899,754.396,1871.55,3.495,4.74,0.062,0.011,0,1,HIGH_CONSUMPTION,2
230.59,8.144,1851.55,0.986,49.954,19,6,1877.925,313.135,1101.55,2.469,0.59,0.046,0.036,0,1,HIGH_CONSUMPTION,2
229.61,6.13,1331.54,0.946,50.012,19,6,1407.509,456.268,581.54,1.775,0.39,0.012,0.004,0,0,HIGH_CONSUMPTION,2
228.7,9.56,2057.37,0.941,50.005,19,6,2186.372,739.883,1307.37,2.743,1.3,0.005,0.009,0,1,HIGH_CONSUMPTION,2
232.81,9.926,2253.0,0.975,49.991,20,6,2310.872,513.487,1503.0,3.004,2.81,0.009,0.025,0,1,HIGH_CONSUMPTION,2
229.74,6.941,1527.62,0.958,50.049,20,6,1594.625,457.288,777.62,2.037,0.26,0.049,0.008,0,1,HIGH_CONSUMPTION,2
230.76,11.673,2526.55,0.938,50.079,20,6,2693.661,933.718,1776.55,3.369,0.76,0.079,0.012,0,1,HIGH_CONSUMPTION,2
230.39,7.424,1650.64,0.965,49.998,20,6,1710.415,448.556,900.64,2.201,0.39,0.002,0.015,0,1,HIGH_CONSUMPTION,2
229.81,9.435,2118.37,0.977,50.002,21,6,2168.257,462.358,1368.37,2.824,0.19,0.002,0.027,0,1,HIGH_CONSUMPTION,2
232.2,10.737,2326.11,0.933,49.901,21,6,2493.131,897.219,1576.11,3.101,2.2,0.099,0.017,0,1,HIGH_CONSUMPTION,2
228.26,7.971,1790.45,0.984,50.045,21,6,1819.46,324.17,1040.45,2.387,1.74,0.045,0.034,0,1,HIGH_CONSUMPTION,2
226.58,8.899,1963.84,0.974,50.005,21,6,2016.335,456.797,1213.84,2.618,3.42,0.005,0.024,0,1,HIGH_CONSUMPTION,2
232.93,3.053,648.52,0.912,50.04,22,6,711.135,291.701,298.52,1.853,2.93,0.04,0.038,0,0,HIGH_CONSUMPTION,2
232.52,5.838,1251.51,0.922,50.002,22,6,1357.452,525.592,901.51,3.576,2.52,0.002,0.028,0,1,HIGH_CONSUMPTION,2
229.15,3.459,717.29,0.905,50.045,22,6,792.63,337.194,367.29,2.049,0.85,0.045,0.045,0,1,HIGH_CONSUMPTION,2
231.68,2.939,665.99,0.978,50.043,22,6,680.908,142.041,315.99,1.903,1.68,0.043,0.028,0,0,HIGH_CONSUMPTION,2
227.03,7.017,1438.59,0.903,50.111,23,6,1593.07,684.447,1088.59,4.11,2.97,0.111,0.047,0,1,HIGH_CONSUMPTION,2
227.85,3.672,811.59,0.97,49.971,23,6,836.665,203.397,461.59,2.319,2.15,0.029,0.02,0,1,HIGH_CONSUMPTION,2
227.73,4.101,855.5,0.916,49.997,23,6,933.921,374.669,505.5,2.444,2.27,0.003,0.034,0,1,HIGH_CONSUMPTION,2
230.29,4.182,933.18,0.969,49.968,23,6,963.073,237.937,583.18,2.666,0.29,0.032,0.019,0,1,HIGH_CONSUMPTION,2
232.33,2.416,541.65,0.965,49.984,0,0,561.309,147.203,411.65,4.167,2.33,0.016,0.015,1,1,HIGH_CONSUMPTION,2
229.07,2.657,576.95,0.948,49.998,0,0,608.639,193.712,446.95,4.438,0.93,0.002,0.002,1,1,HIGH_CONSUMPTION,2
232.18,1.462,319.47,0.941,49.994,0,0,339.447,114.871,189.47,2.457,2.18,0.006,0.009,1,1,HIGH_CONSUMPTION,2
228.48,0.97,200.47,0.905,49.992,0,0,221.626,94.282,70.47,1.542,1.52,0.008,0.045,1,0,HIGH_CONSUMPTION,2
229.03,1.191,262.6,0.963,49.975,1,0,272.775,73.513,132.6,2.02,0.97,0.025,0.013,1,1,HIGH_CONSUMPTION,2
231.4,2.045,438.63,0.927,50.074,1,0,473.213,177.484,308.63,3.374,1.4,0.074,0.023,1,1,HIGH_CONSUMPTION,2
230.45,1.854,416.12,0.974,50.024,1,0,427.254,96.794,286.12,3.201,0.45,0.024,0.024,1,1,HIGH_CONSUMPTION,2
227.84,1.671,347.64,0.913,49.975,1,0,380.721,155.319,217.64,2.674,2.16,0.025,0.037,1,1,HIGH_CONSUMPTION,2
226.05,1.308,280.28,0.948,50.005,2,0,295.673,94.104,150.28,2.156,3.95,0.005,0.002,1,1,HIGH_CONSUMPTION,2
227.01,1.626,363.94,0.986,50.076,2,0,369.118,61.549,233.94,2.8,2.99,0.076,0.036,1,1,HIGH_CONSUMPTION,2
229.57,1.508,327.82,0.947,49.942,2,0,346.192,111.208,197.82,2.522,0.43,0.058,0.003,1,1,HIGH_CONSUMPTION,2
233.2,1.141,255.89,0.962,49.996,2,0,266.081,72.653,125.89,1.968,3.2,0.004,0.012,1,0,HIGH_CONSUMPTION,2
226.68,2.053,436.54,0.938,50.006,3,0,465.374,161.315,306.54,3.358,3.32,0.006,0.012,1,1,HIGH_CONSUMPTION,2
229.36,1.78,390.38,0.956,49.972,3,0,408.261,119.77,260.38,3.003,0.64,0.028,0.006,1,1,HIGH_CONSUMPTION,2
229.2,1.07,230.14,0.938,49.97,3,0,245.244,85.01,100.14,1.77,0.8,0.03,0.012,1,0,HIGH_CONSUMPTION,2
232.22,1.627,367.54,0.973,50.016,3,0,377.822,87.203,237.54,2.827,2.22,0.016,0.023,1,1,HIGH_CONSUMPTION,2
230.07,1.973,441.58,0.973,49.957,4,0,453.928,104.769,311.58,3.397,0.07,0.043,0.023,1,1,HIGH_CONSUMPTION,2
231.05,1.803,388.2,0.932,49.977,4,0,416.583,150.994,258.2,2.986,1.05,0.023,0.018,1,1,HIGH_CONSUMPTION,2
226.29,2.307,494.35,0.947,50.003,4,0,522.051,167.7,364.35,3.803,3.71,0.003,0.003,1,1,HIGH_CONSUMPTION,2
229.11,2.194,453.38,0.902,50.067,4,0,502.667,217.02,323.38,3.488,0.89,0.067,0.048,1,1,HIGH_CONSUMPTION,2
231.34,1.564,335.48,0.927,49.979,5,0,361.816,135.703,205.48,2.581,1.34,0.021,0.023,1,1,HIGH_CONSUMPTION,2
229.91,1.598,335.08,0.912,50.005,5,0,367.396,150.702,205.08,2.578,0.09,0.005,0.038,1,1,HIGH_CONSUMPTION,2
231.16,1.579,330.06,0.904,50.053,5,0,365.002,156.05,200.06,2.539,1.16,0.053,0.046,1,1,HIGH_CONSUMPTION,2
231.59,1.756,366.79,0.902,50.031,5,0,406.672,175.575,236.79,2.821,1.59,0.031,0.048,1,1,HIGH_CONSUMPTION,2
227.19,7.286,1585.7,0.958,50.046,6,0,1655.306,474.689,1085.7,3.171,2.81,0.046,0.008,0,1,HIGH_CONSUMPTION,2
233.16,8.24,1736.84,0.904,49.925,6,0,1921.238,821.392,1236.84,3.474,3.16,0.075,0.046,0,1,HIGH_CONSUMPTION,2
228.86,7.003,1498.61,0.935,50.007,6,0,1602.707,568.396,998.61,2.997,1.14,0.007,0.015,0,1,HIGH_CONSUMPTION,2
230.84,7.028,1510.44,0.931,49.95,6,0,1622.344,592.186,1010.44,3.021,0.84,0.05,0.019,0,1,HIGH_CONSUMPTION,2
228.42,3.621,771.69,0.933,50.096,7,0,827.109,297.657,271.69,1.543,1.58,0.096,0.017,0,0,HIGH_CONSUMPTION,2
229.6,7.624,1666.53,0.952,49.917,7,0,1750.47,535.816,1166.53,3.333,0.4,0.083,0.002,0,1,HIGH_CONSUMPTION,2
228.88,7.827,1623.01,0.906,50.009,7,0,1791.444,758.278,1123.01,3.246,1.12,0.009,0.044,0,1,HIGH_CONSUMPTION,2
228.99,3.952,830.68,0.918,50.042,7,0,904.968,358.893,330.68,1.661,1.01,0.042,0.032,0,0,HIGH_CONSUMPTION,2
232.4,5.89,1238.9,0.905,50.003,8,0,1368.836,582.319,738.9,2.478,2.4,0.003,0.045,0,1,HIGH_CONSUMPTION,2
226.06,4.265,907.25,0.941,49.974,8,0,964.146,326.273,407.25,1.815,3.94,0.026,0.009,0,0,HIGH_CONSUMPTION,2
228.68,5.772,1300.12,0.985,49.968,8,0,1319.941,227.762,800.12,2.6,1.32,0.032,0.035,0,1,HIGH_CONSUMPTION,2
228.22,7.676,1662.52,0.949,49.988,8,0,1751.817,552.306,1162.52,3.325,1.78,0.012,0.001,0,1,HIGH_CONSUMPTION,2
230.98,8.367,1758.73,0.91,50.008,9,0,1932.61,801.276,1333.73,4.138,0.98,0.008,0.04,0,1,HIGH_CONSUMPTION,2
228.07,4.222,949.54,0.986,49.988,9,0,962.912,160.561,524.54,2.234,1.93,0.012,0.036,0,1,HIGH_CONSUMPTION,2
232.68,6.665,1471.81,0.949,50.033,9,0,1550.812,488.934,1046.81,3.463,2.68,0.033,0.001,0,1,HIGH_CONSUMPTION,2
228.58,2.744,596.45,0.951,50.149,9,0,627.224,193.932,171.45,1.403,1.42,0.149,0.001,0,0,HIGH_CONSUMPTION,2
226.98,6.183,1376.69,0.981,49.961,10,0,1403.417,272.274,951.69,3.239,3.02,0.039,0.031,0,1,HIGH_CONSUMPTION,2
228.65,6.759,1486.74,0.962,50.092,10,0,1545.445,421.983,1061.74,3.498,1.35,0.092,0.012,0,1,HIGH_CONSUMPTION,2
230.73,6.751,1538.92,0.988,49.973,10,0,1557.658,240.586,1113.92,3.621,0.73,0.027,0.038,0,1,HIGH_CONSUMPTION,2
227.69,5.697,1210.2,0.933,50.011,10,0,1297.15,466.814,785.2,2.848,2.31,0.011,0.017,0,1,HIGH_CONSUMPTION,2
228.6,3.457,773.73,0.979,49.992,11,0,790.27,161.105,348.73,1.821,1.4,0.008,0.029,0,0,HIGH_CONSUMPTION,2
227.69,3.587,745.6,0.913,49.987,11,0,816.724,333.19,320.6,1.754,2.31,0.013,0.037,0,0,HIGH_CONSUMPTION,2
228.79,3.454,740.43,0.937,50.164,11,0,790.241,276.054,315.43,1.742,1.21,0.164,0.013,0,0,HIGH_CONSUMPTION,2
227.65,3.105,693.38,0.981,50.015,11,0,706.853,137.135,268.38,1.631,2.35,0.015,0.031,0,0,HIGH_CONSUMPTION,2
227.49,4.992,1073.15,0.945,49.947,12,0,1135.63,371.431,648.15,2.525,2.51,0.053,0.005,0,1,HIGH_CONSUMPTION,2
228.92,6.337,1324.36,0.913,50.054,12,0,1450.666,591.813,899.36,3.116,1.08,0.054,0.037,0,1,HIGH_CONSUMPTION,2
228.96,4.136,856.12,0.904,49.991,12,0,946.979,404.864,431.12,2.014,1.04,0.009,0.046,0,1,HIGH_CONSUMPTION,2
227.93,5.406,1117.67,0.907,49.951,12,0,1232.19,518.913,692.67,2.63,2.07,0.049,0.043,0,1,HIGH_CONSUMPTION,2
231.44,4.715,1004.94,0.921,50.079,13,0,1091.24,425.106,579.94,2.365,1.44,0.079,0.029,0,1,HIGH_CONSUMPTION,2
230.31,4.855,1094.58,0.979,50.068,13,0,1118.155,227.947,669.58,2.575,0.31,0.068,0.029,0,1,HIGH_CONSUMPTION,2
231.15,5.104,1111.47,0.942,49.934,13,0,1179.79,395.953,686.47,2.615,1.15,0.066,0.008,0,1,HIGH_CONSUMPTION,2
229.14,4.948,1057.91,0.933,49.987,13,0,1133.785,408.022,632.91,2.489,0.86,0.013,0.017,0,1,HIGH_CONSUMPTION,2
232.78,5.26,1168.11,0.954,50.057,14,0,1224.423,367.09,743.11,2.748,2.78,0.057,0.004,0,1,HIGH_CONSUMPTION,2
231.96,6.5,1409.75,0.935,49.907,14,0,1507.74,534.717,984.75,3.317,1.96,0.093,0.015,0,1,HIGH_CONSUMPTION,2
230.41,3.305,718.18,0.943,49.947,14,0,761.505,253.423,293.18,1.69,0.41,0.053,0.007,0,0,HIGH_CONSUMPTION,2
228.75,9.003,1906.97,0.926,49.935,14,0,2059.436,777.486,1481.97,4.487,1.25,0.065,0.024,0,1,HIGH_CONSUMPTION,2
229.52,3.892,882.47,0.988,49.959,15,0,893.292,137.972,457.47,2.076,0.48,0.041,0.038,0,1,HIGH_CONSUMPTION,2
228.88,4.531,966.52,0.932,49.965,15,0,1037.055,375.889,541.52,2.274,1.12,0.035,0.018,0,1,HIGH_CONSUMPTION,2
231.84,4.057,884.24,0.94,50.01,15,0,940.575,320.9,459.24,2.081,1.84,0.01,0.01,0,1,HIGH_CONSUMPTION,2
232.11,5.619,1232.46,0.945,50.076,15,0,1304.226,426.574,807.46,2.9,2.11,0.076,0.005,0,1,HIGH_CONSUMPTION,2
232.09,6.425,1427.1,0.957,50.036,16,0,1491.178,432.573,1002.1,3.358,2.09,0.036,0.007,0,1,HIGH_CONSUMPTION,2
230.88,5.284,1106.52,0.907,49.984,16,0,1219.97,513.767,681.52,2.604,0.88,0.016,0.043,0,1,HIGH_CONSUMPTION,2
231.9,6.225,1336.74,0.926,50.039,16,0,1443.577,544.984,911.74,3.145,1.9,0.039,0.024,0,1,HIGH_CONSUMPTION,2
228.0,9.921,2065.12,0.913,50.015,16,0,2261.988,922.8,1640.12,4.859,2.0,0.015,0.037,0,1,HIGH_CONSUMPTION,2
231.93,10.642,2334.85,0.946,50.005,17,0,2468.199,800.108,1584.85,3.113,1.93,0.005,0.004,0,1,HIGH_CONSUMPTION,2
224.1,10.421,2160.2,0.925,49.908,17,0,2335.346,887.355,1410.2,2.88,5.9,0.092,0.025,0,1,HIGH_CONSUMPTION,2
227.82,8.126,1669.81,0.902,50.086,17,0,1851.265,799.258,919.81,2.226,2.18,0.086,0.048,0,1,HIGH_CONSUMPTION,2
227.87,13.066,2870.23,0.964,49.991,17,0,2977.349,791.684,2120.23,3.827,2.13,0.009,0.014,0,1,HIGH_CONSUMPTION,2
231.14,12.611,2728.46,0.936,50.029,18,0,2914.907,1026.047,1978.46,3.638,1.14,0.029,0.014,0,1,HIGH_CONSUMPTION,2
230.13,13.669,3070.13,0.976,50.02,18,0,3145.647,685.029,2320.13,4.094,0.13,0.02,0.026,0,1,HIGH_CONSUMPTION,2
232.28,11.878,2588.06,0.938,49.936,18,0,2759.022,956.374,1838.06,3.451,2.28,0.064,0.012,0,1,HIGH_CONSUMPTION,2
230.43,6.336,1340.29,0.918,49.966,18,0,1460.004,579.009,590.29,1.787,0.43,0.034,0.032,0,0,HIGH_CONSUMPTION,2
227.47,13.583,2827.02,0.915,49.963,19,0,3089.725,1246.561,2077.02,3.769,2.53,0.037,0.035,0,1,HIGH_CONSUMPTION,2
230.59,8.863,1841.46,0.901,49.914,19,0,2043.719,886.604,1091.46,2.455,0.59,0.086,0.049,0,1,HIGH_CONSUMPTION,2
225.19,14.394,3141.01,0.969,50.03,19,0,3241.385,800.819,2391.01,4.188,4.81,0.03,0.019,0,1,HIGH_CONSUMPTION,2
230.05,13.531,3037.99,0.976,50.005,19,0,3112.807,677.878,2287.99,4.051,0.05,0.005,0.026,0,1,HIGH_CONSUMPTION,2
229.46,8.71,1902.65,0.952,49.936,20,0,1998.597,611.766,1152.65,2.537,0.54,0.064,0.002,0,1,HIGH_CONSUMPTION,2
234.74,8.573,1990.34,0.989,49.975,20,0,2012.426,297.669,1240.34,2.654,4.74,0.025,0.039,0,1,HIGH_CONSUMPTION,2
228.49,9.357,1947.68,0.911,49.968,20,0,2137.981,881.717,1197.68,2.597,1.51,0.032,0.039,0,1,HIGH_CONSUMPTION,2
228.95,8.748,1956.87,0.977,50.104,20,0,2002.855,427.087,1206.87,2.609,1.05,0.104,0.027,0,1,HIGH_CONSUMPTION,2
230.32,6.56,1473.02,0.975,49.972,21,0,1510.899,335.729,723.02,1.964,0.32,0.028,0.025,0,0,HIGH_CONSUMPTION,2
230.67,8.047,1811.55,0.976,50.056,21,0,1856.201,404.226,1061.55,2.415,0.67,0.056,0.026,0,1,HIGH_CONSUMPTION,2
229.84,11.846,2646.52,0.972,49.986,21,0,2722.685,639.779,1896.52,3.529,0.16,0.014,0.022,0,1,HIGH_CONSUMPTION,2
227.56,8.901,1849.22,0.913,50.039,21,0,2025.512,826.327,1099.22,2.466,2.44,0.039,0.037,0,1,HIGH_CONSUMPTION,2
229.03,6.068,1352.31,0.973,50.091,22,0,1389.754,320.762,1002.31,3.864,0.97,0.091,0.023,0,1,HIGH_CONSUMPTION,2
228.81,3.599,762.47,0.926,50.005,22,0,823.487,310.886,412.47,2.178,1.19,0.005,0.024,0,1,HIGH_CONSUMPTION,2
232.69,7.223,1539.55,0.916,49.973,22,0,1680.72,674.268,1189.55,4.399,2.69,0.027,0.034,0,1,HIGH_CONSUMPTION,2
228.43,4.958,1089.43,0.962,50.054,22,0,1132.556,309.244,739.43,3.113,1.57,0.054,0.012,0,1,HIGH_CONSUMPTION,2
231.88,3.55,756.6,0.919,49.936,23,0,823.174,324.543,406.6,2.162,1.88,0.064,0.031,0,1,HIGH_CONSUMPTION,2
228.7,4.355,952.09,0.956,49.936,23,0,995.989,292.19,602.09,2.72,1.3,0.064,0.006,0,1,HIGH_CONSUMPTION,2
230.46,2.901,615.74,0.921,49.992,23,0,668.564,260.448,265.74,1.759,0.46,0.008,0.029,0,0,HIGH_CONSUMPTION,2
229.83,3.899,874.55,0.976,49.969,23,0,896.107,195.146,524.55,2.499,0.17,0.031,0.026,0,1,HIGH_CONSUMPTION,2
228.09,2.049,430.45,0.921,50.022,0,1,467.356,182.065,300.45,3.311,1.91,0.022,0.029,1,1,HIGH_CONSUMPTION,2
234.04,1.568,330.2,0.9,49.916,0,1,366.975,159.961,200.2,2.54,4.04,0.084,0.05,1,1,HIGH_CONSUMPTION,2
225.02,2.214,485.8,0.975,49.966,0,1,498.194,110.701,355.8,3.737,4.98,0.034,0.025,1,1,HIGH_CONSUMPTION,2
228.15,0.64,137.73,0.943,49.999,0,1,146.016,48.593,7.73,1.059,1.85,0.001,0.007,1,0,HIGH_CONSUMPTION,2
229.71,1.839,416.19,0.985,49.973,1,1,422.437,72.893,286.19,3.201,0.29,0.027,0.035,1,1,HIGH_CONSUMPTION,2
228.37,0.964,216.72,0.984,50.008,1,1,220.149,39.224,86.72,1.667,1.63,0.008,0.034,1,0,HIGH_CONSUMPTION,2
225.21,1.69,369.22,0.97,50.001,1,1,380.605,92.527,239.22,2.84,4.79,0.001,0.02,1,1,HIGH_CONSUMPTION,2
229.64,1.642,362.06,0.96,49.984,1,1,377.069,105.579,232.06,2.785,0.36,0.016,0.01,1,1,HIGH_CONSUMPTION,2
231.51,1.621,358.32,0.955,49.994,2,1,375.278,111.31,228.32,2.756,1.51,0.006,0.005,1,1,HIGH_CONSUMPTION,2
228.8,1.478,311.52,0.921,50.009,2,1,338.166,131.737,181.52,2.396,1.2,0.009,0.029,1,1,HIGH_CONSUMPTION,2
230.8,1.472,321.37,0.946,49.921,2,1,339.738,110.132,191.37,2.472,0.8,0.079,0.004,1,1,HIGH_CONSUMPTION,2
227.6,0.977,216.08,0.972,50.056,2,1,222.365,52.252,86.08,1.662,2.4,0.056,0.022,1,0,HIGH_CONSUMPTION,2
228.75,1.494,310.74,0.909,49.978,3,1,341.752,142.441,180.74,2.39,1.25,0.022,0.041,1,1,HIGH_CONSUMPTION,2
229.41,2.429,548.79,0.985,50.027,3,1,557.237,96.154,418.79,4.221,0.59,0.027,0.035,1,1,HIGH_CONSUMPTION,2
229.28,1.558,331.76,0.929,49.953,3,1,357.218,132.199,201.76,2.552,0.72,0.047,0.021,1,1,HIGH_CONSUMPTION,2
230.92,2.271,489.35,0.933,49.968,3,1,524.419,188.726,359.35,3.764,0.92,0.032,0.017,1,1,HIGH_CONSUMPTION,2
232.19,1.182,265.09,0.966,49.975,4,1,274.449,70.957,135.09,2.039,2.19,0.025,0.016,1,1,HIGH_CONSUMPTION,2
234.36,1.22,267.1,0.934,50.049,4,1,285.919,102.151,137.1,2.055,4.36,0.049,0.016,1,1,HIGH_CONSUMPTION,2
228.84,1.707,363.75,0.931,50.065,4,1,390.63,142.587,233.75,2.798,1.16,0.065,0.019,1,1,HIGH_CONSUMPTION,2
229.43,1.221,266.72,0.952,49.94,4,1,280.134,85.748,136.72,2.052,0.57,0.06,0.002,1,1,HIGH_CONSUMPTION,2
227.01,1.189,244.62,0.906,49.98,5,1,269.915,114.249,114.62,1.882,2.99,0.02,0.044,1,0,HIGH_CONSUMPTION,2
227.92,1.421,315.5,0.974,49.941,5,1,323.874,73.373,185.5,2.427,2.08,0.059,0.024,1,1,HIGH_CONSUMPTION,2
230.17,1.604,363.68,0.985,49.969,5,1,369.193,63.706,233.68,2.798,0.17,0.031,0.035,1,1,HIGH_CONSUMPTION,2
233.59,1.629,370.67,0.974,49.96,5,1,380.518,86.206,240.67,2.851,3.59,0.04,0.024,1,1,HIGH_CONSUMPTION,2
228.7,6.193,1314.34,0.928,50.013,6,1,1416.339,527.7,814.34,2.629,1.3,0.013,0.022,0,1,HIGH_CONSUMPTION,2
231.12,7.928,1658.27,0.905,49.89,6,1,1832.319,779.49,1158.27,3.317,1.12,0.11,0.045,0,1,HIGH_CONSUMPTION,2
232.35,4.359,975.39,0.963,50.011,6,1,1012.814,272.955,475.39,1.951,2.35,0.011,0.013,0,0,HIGH_CONSUMPTION,2
231.75,8.008,1763.17,0.95,49.955,6,1,1855.854,579.49,1263.17,3.526,1.75,0.045,0.0,0,1,HIGH_CONSUMPTION,2
229.46,4.577,966.17,0.92,49.953,7,1,1050.238,411.608,466.17,1.932,0.54,0.047,0.03,0,0,HIGH_CONSUMPTION,2
233.06,5.575,1234.38,0.95,50.085,7,1,1299.31,405.709,734.38,2.469,3.06,0.085,0.0,0,1,HIGH_CONSUMPTION,2
226.92,4.032,885.62,0.968,49.987,7,1,914.941,229.605,385.62,1.771,3.08,0.013,0.018,0,0,HIGH_CONSUMPTION,2
231.5,7.838,1740.19,0.959,50.04,7,1,1814.497,514.239,1240.19,3.48,1.5,0.04,0.009,0,1,HIGH_CONSUMPTION,2
227.35,6.719,1440.6,0.943,49.936,8,1,1527.565,508.362,940.6,2.881,2.65,0.064,0.007,0,1,HIGH_CONSUMPTION,2
229.33,8.785,1827.35,0.907,49.965,8,1,2014.664,848.437,1327.35,3.655,0.67,0.035,0.043,0,1,HIGH_CONSUMPTION,2
229.59,10.856,2290.47,0.919,50.049,8,1,2492.429,982.659,1790.47,4.581,0.41,0.049,0.031,0,1,HIGH_CONSUMPTION,2
227.93,10.564,2229.63,0.926,49.93,8,1,2407.853,909.021,1729.63,4.459,2.07,0.07,0.024,0,1,HIGH_CONSUMPTION,2
228.03,4.137,902.87,0.957,49.835,9,1,943.36,273.657,477.87,2.124,1.97,0.165,0.007,0,1,HIGH_CONSUMPTION,2
230.05,7.897,1720.43,0.947,50.01,9,1,1816.705,583.587,1295.43,4.048,0.05,0.01,0.003,0,1,HIGH_CONSUMPTION,2
227.04,3.083,658.64,0.941,49.978,9,1,699.964,236.873,233.64,1.55,2.96,0.022,0.009,0,0,HIGH_CONSUMPTION,2
228.17,3.721,827.73,0.975,50.032,9,1,849.021,188.656,402.73,1.948,1.83,0.032,0.025,0,0,HIGH_CONSUMPTION,2
229.53,4.115,875.5,0.927,50.052,10,1,944.516,354.251,450.5,2.06,0.47,0.052,0.023,0,1,HIGH_CONSUMPTION,2
231.56,6.694,1433.88,0.925,49.999,10,1,1550.063,588.973,1008.88,3.374,1.56,0.001,0.025,0,1,HIGH_CONSUMPTION,2
229.19,5.392,1204.82,0.975,49.946,10,1,1235.792,274.599,779.82,2.835,0.81,0.054,0.025,0,1,HIGH_CONSUMPTION,2
230.18,2.848,597.13,0.911,49.954,10,1,655.553,270.354,172.13,1.405,0.18,0.046,0.039,0,0,HIGH_CONSUMPTION,2
229.83,5.982,1304.73,0.949,49.978,11,1,1374.843,433.455,879.73,3.07,0.17,0.022,0.001,0,1,HIGH_CONSUMPTION,2
231.1,8.392,1892.83,0.976,49.94,11,1,1939.391,422.342,1467.83,4.454,1.1,0.06,0.026,0,1,HIGH_CONSUMPTION,2
233.23,3.419,735.99,0.923,49.981,11,1,797.413,306.845,310.99,1.732,3.23,0.019,0.027,0,0,HIGH_CONSUMPTION,2
231.89,4.154,948.81,0.985,49.984,11,1,963.271,166.217,523.81,2.232,1.89,0.016,0.035,0,1,HIGH_CONSUMPTION,2
235.53,2.819,613.54,0.924,49.986,12,1,663.959,253.893,188.54,1.444,5.53,0.014,0.026,0,0,HIGH_CONSUMPTION,2
229.8,8.285,1724.91,0.906,50.046,12,1,1903.893,805.875,1299.91,4.059,0.2,0.046,0.044,0,1,HIGH_CONSUMPTION,2
232.13,2.881,640.68,0.958,49.929,12,1,668.767,191.781,215.68,1.507,2.13,0.071,0.008,0,0,HIGH_CONSUMPTION,2
230.3,2.798,594.85,0.923,49.939,12,1,644.379,247.957,169.85,1.4,0.3,0.061,0.027,0,0,HIGH_CONSUMPTION,2
228.38,6.309,1397.66,0.97,49.969,13,1,1440.849,350.278,972.66,3.289,1.62,0.031,0.02,0,1,HIGH_CONSUMPTION,2
228.39,5.132,1126.45,0.961,49.927,13,1,1172.097,324.142,701.45,2.65,1.61,0.073,0.011,0,1,HIGH_CONSUMPTION,2
230.35,5.158,1141.82,0.961,50.082,13,1,1188.145,328.58,716.82,2.687,0.35,0.082,0.011,0,1,HIGH_CONSUMPTION,2
226.64,5.639,1178.36,0.922,50.075,13,1,1278.023,494.838,753.36,2.773,3.36,0.075,0.028,0,1,HIGH_CONSUMPTION,2
227.13,6.991,1522.83,0.959,50.021,14,1,1587.866,450.011,1097.83,3.583,2.87,0.021,0.009,0,1,HIGH_CONSUMPTION,2
230.68,4.298,896.35,0.904,50.023,14,1,991.463,423.882,471.35,2.109,0.68,0.023,0.046,0,1,HIGH_CONSUMPTION,2
229.59,6.84,1537.38,0.979,50.007,14,1,1570.396,320.141,1112.38,3.617,0.41,0.007,0.029,0,1,HIGH_CONSUMPTION,2
228.83,5.953,1277.71,0.938,50.07,14,1,1362.225,472.195,852.71,3.006,1.17,0.07,0.012,0,1,HIGH_CONSUMPTION,2
229.83,6.339,1404.46,0.964,49.915,15,1,1456.892,387.391,979.46,3.305,0.17,0.085,0.014,0,1,HIGH_CONSUMPTION,2
230.71,4.793,1085.83,0.982,49.974,15,1,1105.793,208.863,660.83,2.555,0.71,0.026,0.032,0,1,HIGH_CONSUMPTION,2
228.92,4.916,1046.51,0.93,50.005,15,1,1125.371,413.641,621.51,2.462,1.08,0.005,0.02,0,1,HIGH_CONSUMPTION,2
230.82,4.391,919.24,0.907,50.082,15,1,1013.531,426.829,494.24,2.163,0.82,0.082,0.043,0,1,HIGH_CONSUMPTION,2
228.82,8.471,1765.86,0.911,50.025,16,1,1938.334,799.381,1340.86,4.155,1.18,0.025,0.039,0,1,HIGH_CONSUMPTION,2
231.64,6.057,1341.33,0.956,50.048,16,1,1403.043,411.606,916.33,3.156,1.64,0.048,0.006,0,1,HIGH_CONSUMPTION,2
230.75,4.684,1019.33,0.943,50.097,16,1,1080.833,359.693,594.33,2.398,0.75,0.097,0.007,0,1,HIGH_CONSUMPTION,2
228.96,3.784,795.36,0.918,49.931,16,1,866.385,343.591,370.36,1.871,1.04,0.069,0.032,0,0,HIGH_CONSUMPTION,2
229.12,14.407,2974.15,0.901,49.969,17,1,3300.932,1432.007,2224.15,3.966,0.88,0.031,0.049,0,1,HIGH_CONSUMPTION,2
226.77,9.57,2007.4,0.925,50.124,17,1,2170.189,824.6,1257.4,2.677,3.23,0.124,0.025,0,1,HIGH_CONSUMPTION,2
232.03,9.795,2140.95,0.942,50.003,17,1,2272.734,762.759,1390.95,2.855,2.03,0.003,0.008,0,1,HIGH_CONSUMPTION,2
229.28,8.608,1871.03,0.948,49.979,17,1,1973.642,628.152,1121.03,2.495,0.72,0.021,0.002,0,1,HIGH_CONSUMPTION,2
231.66,8.879,1939.71,0.943,50.045,18,1,2056.909,684.524,1189.71,2.586,1.66,0.045,0.007,0,1,HIGH_CONSUMPTION,2
229.71,5.46,1150.08,0.917,50.062,18,1,1254.217,500.291,400.08,1.533,0.29,0.062,0.033,0,0,HIGH_CONSUMPTION,2
232.21,11.426,2517.98,0.949,49.989,18,1,2653.231,836.5,1767.98,3.357,2.21,0.011,0.001,0,1,HIGH_CONSUMPTION,2
228.47,8.271,1838.75,0.973,50.071,18,1,1889.675,436.147,1088.75,2.452,1.53,0.071,0.023,0,1,HIGH_CONSUMPTION,2
229.82,11.924,2573.17,0.939,49.968,19,1,2740.374,942.461,1823.17,3.431,0.18,0.032,0.011,0,1,HIGH_CONSUMPTION,2
230.51,9.237,1935.44,0.909,50.051,19,1,2129.221,887.451,1185.44,2.581,0.51,0.051,0.041,0,1,HIGH_CONSUMPTION,2
231.66,5.942,1284.24,0.933,49.998,19,1,1376.524,495.378,534.24,1.712,1.66,0.002,0.017,0,0,HIGH_CONSUMPTION,2
229.66,9.969,2186.37,0.955,50.07,19,1,2289.481,679.073,1436.37,2.915,0.34,0.07,0.005,0,1,HIGH_CONSUMPTION,2
230.0,8.751,1960.38,0.974,49.929,20,1,2012.73,455.98,1210.38,2.614,0.0,0.071,0.024,0,1,HIGH_CONSUMPTION,2
233.9,12.87,2805.63,0.932,49.923,20,1,3010.293,1091.106,2055.63,3.741,3.9,0.077,0.018,0,1,HIGH_CONSUMPTION,2
228.04,14.944,3332.86,0.978,50.021,20,1,3407.83,710.89,2582.86,4.444,1.96,0.021,0.028,0,1,HIGH_CONSUMPTION,2
228.78,6.463,1357.33,0.918,49.952,20,1,1478.605,586.386,607.33,1.81,1.22,0.048,0.032,0,0,HIGH_CONSUMPTION,2
230.67,11.986,2562.99,0.927,49.982,21,1,2764.811,1036.974,1812.99,3.417,0.67,0.018,0.023,0,1,HIGH_CONSUMPTION,2
230.57,14.774,3232.64,0.949,49.92,21,1,3406.441,1073.969,2482.64,4.31,0.57,0.08,0.001,0,1,HIGH_CONSUMPTION,2
232.16,12.493,2842.42,0.98,50.049,21,1,2900.375,577.167,2092.42,3.79,2.16,0.049,0.03,0,1,HIGH_CONSUMPTION,2
225.36,7.007,1509.69,0.956,50.009,21,1,1579.098,463.255,759.69,2.013,4.64,0.009,0.006,0,1,HIGH_CONSUMPTION,2
228.8,6.108,1331.79,0.953,49.976,22,1,1397.51,423.404,981.79,3.805,1.2,0.024,0.003,0,1,HIGH_CONSUMPTION,2
235.18,4.586,983.59,0.912,50.007,22,1,1078.535,442.405,633.59,2.81,5.18,0.007,0.038,0,1,HIGH_CONSUMPTION,2
229.38,4.526,981.08,0.945,49.925,22,1,1038.174,339.556,631.08,2.803,0.62,0.075,0.005,0,1,HIGH_CONSUMPTION,2
228.3,6.108,1369.34,0.982,49.995,22,1,1394.456,263.386,1019.34,3.912,1.7,0.005,0.032,0,1,HIGH_CONSUMPTION,2
229.15,3.457,746.27,0.942,50.023,23,1,792.172,265.863,396.27,2.132,0.85,0.023,0.008,0,1,HIGH_CONSUMPTION,2
227.32,3.368,702.73,0.918,50.075,23,1,765.614,303.627,352.73,2.008,2.68,0.075,0.032,0,1,HIGH_CONSUMPTION,2
227.24,3.581,804.83,0.989,50.016,23,1,813.746,120.366,454.83,2.3,2.76,0.016,0.039,0,1,HIGH_CONSUMPTION,2
230.84,5.187,1136.35,0.949,50.007,23,1,1197.367,377.501,786.35,3.247,0.84,0.007,0.001,0,1,HIGH_CONSUMPTION,2
229.12,1.288,277.47,0.94,49.979,0,2,295.107,100.683,147.47,2.134,0.88,0.021,0.01,1,1,HIGH_CONSUMPTION,2
231.22,2.147,491.45,0.99,49.928,0,2,496.429,70.03,361.45,3.78,1.22,0.072,0.04,1,1,HIGH_CONSUMPTION,2
230.64,1.989,423.45,0.923,50.051,0,2,458.743,176.524,293.45,3.257,0.64,0.051,0.027,1,1,HIGH_CONSUMPTION,2
230.15,1.186,268.04,0.982,50.075,0,2,272.958,51.557,138.04,2.062,0.15,0.075,0.032,1,1,HIGH_CONSUMPTION,2
231.24,2.355,527.66,0.969,49.993,1,2,544.57,134.542,397.66,4.059,1.24,0.007,0.019,1,1,HIGH_CONSUMPTION,2
231.7,1.653,374.89,0.979,49.98,1,2,383.0,78.078,244.89,2.884,1.7,0.02,0.029,1,1,HIGH_CONSUMPTION,2
233.0,1.193,259.26,0.933,50.022,1,2,277.969,100.034,129.26,1.994,3.0,0.022,0.017,1,0,HIGH_CONSUMPTION,2
227.73,1.844,397.35,0.946,49.938,1,2,419.934,136.129,267.35,3.057,2.27,0.062,0.004,1,1,HIGH_CONSUMPTION,2
232.7,1.007,215.84,0.921,50.083,2,2,234.329,91.286,85.84,1.66,2.7,0.083,0.029,1,0,HIGH_CONSUMPTION,2
228.94,2.008,428.0,0.931,50.017,2,2,459.712,167.804,298.0,3.292,1.06,0.017,0.019,1,1,HIGH_CONSUMPTION,2
231.23,1.914,437.66,0.989,49.973,2,2,442.574,65.464,307.66,3.367,1.23,0.027,0.039,1,1,HIGH_CONSUMPTION,2
231.05,1.977,415.13,0.909,50.017,2,2,456.786,190.387,285.13,3.193,1.05,0.017,0.041,1,1,HIGH_CONSUMPTION,2
230.29,2.399,502.74,0.91,50.05,3,2,552.466,229.057,372.74,3.867,0.29,0.05,0.04,1,1,HIGH_CONSUMPTION,2
228.53,2.014,448.25,0.974,49.983,3,2,460.259,104.271,318.25,3.448,1.47,0.017,0.024,1,1,HIGH_CONSUMPTION,2
226.77,0.974,205.63,0.931,49.917,3,2,220.874,80.623,75.63,1.582,3.23,0.083,0.019,1,0,HIGH_CONSUMPTION,2
228.22,1.249,272.25,0.955,50.028,3,2,285.047,84.547,142.25,2.094,1.78,0.028,0.005,1,1,HIGH_CONSUMPTION,2
231.06,2.695,563.53,0.905,50.043,4,2,622.707,264.907,433.53,4.335,1.06,0.043,0.045,1,1,HIGH_CONSUMPTION,2
230.84,0.962,216.85,0.977,49.984,4,2,222.068,47.354,86.85,1.668,0.84,0.016,0.027,1,0,HIGH_CONSUMPTION,2
227.04,2.064,452.13,0.965,50.02,4,2,468.611,122.893,322.13,3.478,2.96,0.02,0.015,1,1,HIGH_CONSUMPTION,2
228.73,1.568,341.46,0.952,49.863,4,2,358.649,109.782,211.46,2.627,1.27,0.137,0.002,1,1,HIGH_CONSUMPTION,2
230.33,1.101,243.4,0.96,49.858,5,2,253.593,71.006,113.4,1.872,0.33,0.142,0.01,1,0,HIGH_CONSUMPTION,2
231.61,1.835,391.53,0.921,50.077,5,2,425.004,165.566,261.53,3.012,1.61,0.077,0.029,1,1,HIGH_CONSUMPTION,2
228.73,1.496,329.93,0.964,50.009,5,2,342.18,90.986,199.93,2.538,1.27,0.009,0.014,1,1,HIGH_CONSUMPTION,2
231.61,2.068,471.31,0.984,49.896,5,2,478.969,85.337,341.31,3.625,1.61,0.104,0.034,1,1,HIGH_CONSUMPTION,2
230.28,7.208,1520.52,0.916,49.978,6,2,1659.858,665.899,1020.52,3.041,0.28,0.022,0.034,0,1,HIGH_CONSUMPTION,2
228.91,5.248,1159.32,0.965,49.943,6,2,1201.32,315.046,659.32,2.319,1.09,0.057,0.015,0,1,HIGH_CONSUMPTION,2
226.89,6.543,1428.06,0.962,50.043,6,2,1484.541,405.353,928.06,2.856,3.11,0.043,0.012,0,1,HIGH_CONSUMPTION,2
229.38,4.052,895.07,0.963,49.962,6,2,929.448,250.487,395.07,1.79,0.62,0.038,0.013,0,0,HIGH_CONSUMPTION,2
230.03,10.112,2239.91,0.963,50.022,7,2,2326.063,626.877,1739.91,4.48,0.03,0.022,0.013,0,1,HIGH_CONSUMPTION,2
229.9,7.833,1710.68,0.95,49.952,7,2,1800.807,562.302,1210.68,3.421,0.1,0.048,0.0,0,1,HIGH_CONSUMPTION,2
231.75,6.115,1343.49,0.948,50.045,7,2,1417.151,451.037,843.49,2.687,1.75,0.045,0.002,0,1,HIGH_CONSUMPTION,2
232.59,6.313,1374.33,0.936,50.05,7,2,1468.341,516.856,874.33,2.749,2.59,0.05,0.014,0,1,HIGH_CONSUMPTION,2
228.03,6.457,1428.18,0.97,50.007,8,2,1472.39,357.945,928.18,2.856,1.97,0.007,0.02,0,1,HIGH_CONSUMPTION,2
224.73,7.603,1679.54,0.983,50.046,8,2,1708.622,313.713,1179.54,3.359,5.27,0.046,0.033,0,1,HIGH_CONSUMPTION,2
228.72,3.517,764.17,0.95,50.0,8,2,804.408,251.176,264.17,1.528,1.28,0.0,0.0,0,0,HIGH_CONSUMPTION,2
231.62,3.657,766.66,0.905,49.961,8,2,847.034,360.338,266.66,1.533,1.62,0.039,0.045,0,0,HIGH_CONSUMPTION,2
229.49,2.138,482.78,0.984,50.051,9,2,490.65,87.418,57.78,1.136,0.51,0.051,0.034,0,0,HIGH_CONSUMPTION,2
228.18,3.039,658.86,0.95,49.944,9,2,693.439,216.526,233.86,1.55,1.82,0.056,0.0,0,0,HIGH_CONSUMPTION,2
227.21,6.454,1451.79,0.99,50.014,9,2,1466.413,206.863,1026.79,3.416,2.79,0.014,0.04,0,1,HIGH_CONSUMPTION,2
229.3,5.251,1106.48,0.919,50.076,9,2,1204.054,474.707,681.48,2.603,0.7,0.076,0.031,0,1,HIGH_CONSUMPTION,2
231.01,6.159,1320.27,0.928,49.937,10,2,1422.791,530.104,895.27,3.107,1.01,0.063,0.022,0,1,HIGH_CONSUMPTION,2
227.9,5.373,1132.74,0.925,50.049,10,2,1224.507,465.272,707.74,2.665,2.1,0.049,0.025,0,1,HIGH_CONSUMPTION,2
230.75,8.288,1849.25,0.967,49.93,10,2,1912.456,487.249,1424.25,4.351,0.75,0.07,0.017,0,1,HIGH_CONSUMPTION,2
228.72,4.702,969.0,0.901,50.034,10,2,1075.441,466.547,544.0,2.28,1.28,0.034,0.049,0,1,HIGH_CONSUMPTION,2
227.96,6.894,1507.2,0.959,49.973,11,2,1571.556,445.389,1082.2,3.546,2.04,0.027,0.009,0,1,HIGH_CONSUMPTION,2
235.63,5.815,1313.97,0.959,50.168,11,2,1370.188,388.32,888.97,3.092,5.63,0.168,0.009,0,1,HIGH_CONSUMPTION,2
229.17,3.422,766.15,0.977,49.994,11,2,784.22,167.226,341.15,1.803,0.83,0.006,0.027,0,0,HIGH_CONSUMPTION,2
227.48,8.396,1781.96,0.933,49.941,11,2,1909.922,687.336,1356.96,4.193,2.52,0.059,0.017,0,1,HIGH_CONSUMPTION,2
230.06,8.312,1742.12,0.911,49.915,12,2,1912.259,788.628,1317.12,4.099,0.06,0.085,0.039,0,1,HIGH_CONSUMPTION,2
233.61,5.873,1341.79,0.978,50.082,12,2,1371.992,286.204,916.79,3.157,3.61,0.082,0.028,0,1,HIGH_CONSUMPTION,2
230.55,2.759,602.35,0.947,49.941,12,2,636.087,204.333,177.35,1.417,0.55,0.059,0.003,0,0,HIGH_CONSUMPTION,2
227.15,6.598,1480.68,0.988,49.975,12,2,1498.736,231.486,1055.68,3.484,2.85,0.025,0.038,0,1,HIGH_CONSUMPTION,2
234.16,2.841,622.69,0.936,50.041,13,2,665.249,234.167,197.69,1.465,4.16,0.041,0.014,0,0,HIGH_CONSUMPTION,2
231.6,4.762,1062.14,0.963,49.989,13,2,1102.879,297.227,637.14,2.499,1.6,0.011,0.013,0,1,HIGH_CONSUMPTION,2
231.17,3.286,749.74,0.987,49.946,13,2,759.625,122.087,324.74,1.764,1.17,0.054,0.037,0,0,HIGH_CONSUMPTION,2
229.7,6.473,1360.5,0.915,50.045,13,2,1486.848,599.875,935.5,3.201,0.3,0.045,0.035,0,1,HIGH_CONSUMPTION,2
230.05,5.304,1177.46,0.965,50.057,14,2,1220.185,319.993,752.46,2.77,0.05,0.057,0.015,0,1,HIGH_CONSUMPTION,2
232.0,6.229,1408.99,0.975,50.064,14,2,1445.128,321.114,983.99,3.315,2.0,0.064,0.025,0,1,HIGH_CONSUMPTION,2
228.15,4.454,1000.9,0.985,50.017,14,2,1016.18,175.346,575.9,2.355,1.85,0.017,0.035,0,1,HIGH_CONSUMPTION,2
228.93,6.706,1483.02,0.966,49.942,14,2,1535.205,396.915,1058.02,3.489,1.07,0.058,0.016,0,1,HIGH_CONSUMPTION,2
224.26,4.153,908.91,0.976,49.961,15,2,931.352,202.821,483.91,2.139,5.74,0.039,0.026,0,1,HIGH_CONSUMPTION,2
230.54,7.453,1627.11,0.947,49.896,15,2,1718.215,551.948,1202.11,3.828,0.54,0.104,0.003,0,1,HIGH_CONSUMPTION,2
231.57,3.245,721.48,0.96,49.948,15,2,751.445,210.405,296.48,1.698,1.57,0.052,0.01,0,0,HIGH_CONSUMPTION,2
230.45,4.582,1021.06,0.967,50.021,15,2,1055.922,269.024,596.06,2.402,0.45,0.021,0.017,0,1,HIGH_CONSUMPTION,2
227.71,3.169,676.14,0.937,49.926,16,2,721.613,252.081,251.14,1.591,2.29,0.074,0.013,0,0,HIGH_CONSUMPTION,2
229.4,4.627,967.03,0.911,50.064,16,2,1061.434,437.742,542.03,2.275,0.6,0.064,0.039,0,1,HIGH_CONSUMPTION,2
232.26,3.565,759.35,0.917,50.088,16,2,828.007,330.281,334.35,1.787,2.26,0.088,0.033,0,0,HIGH_CONSUMPTION,2
225.98,2.981,628.57,0.933,50.018,16,2,673.646,242.429,203.57,1.479,4.02,0.018,0.017,0,0,HIGH_CONSUMPTION,2
227.61,9.613,2155.11,0.985,49.943,17,2,2188.015,377.551,1405.11,2.873,2.39,0.057,0.035,0,1,HIGH_CONSUMPTION,2
229.25,9.083,1894.85,0.91,50.025,17,2,2082.278,863.33,1144.85,2.526,0.75,0.025,0.04,0,1,HIGH_CONSUMPTION,2
227.94,7.123,1482.32,0.913,50.086,17,2,1623.617,662.37,732.32,1.976,2.06,0.086,0.037,0,0,HIGH_CONSUMPTION,2
232.62,10.461,2340.97,0.962,49.996,17,2,2433.438,664.449,1590.97,3.121,2.62,0.004,0.012,0,1,HIGH_CONSUMPTION,2
228.65,7.58,1594.48,0.92,49.94,18,2,1733.167,679.26,844.48,2.126,1.35,0.06,0.03,0,1,HIGH_CONSUMPTION,2
235.0,6.422,1362.76,0.903,49.958,18,2,1509.17,648.401,612.76,1.817,5.0,0.042,0.047,0,0,HIGH_CONSUMPTION,2
231.15,8.239,1835.91,0.964,49.951,18,2,1904.445,506.396,1085.91,2.448,1.15,0.049,0.014,0,1,HIGH_CONSUMPTION,2
229.73,11.045,2494.3,0.983,50.051,18,2,2537.368,465.875,1744.3,3.326,0.27,0.051,0.033,0,1,HIGH_CONSUMPTION,2
234.22,10.403,2253.95,0.925,50.019,19,2,2436.591,925.824,1503.95,3.005,4.22,0.019,0.025,0,1,HIGH_CONSUMPTION,2
230.3,8.85,1858.73,0.912,50.041,19,2,2038.155,836.031,1108.73,2.478,0.3,0.041,0.038,0,1,HIGH_CONSUMPTION,2
232.35,9.485,2023.11,0.918,50.04,19,2,2203.84,874.0,1273.11,2.697,2.35,0.04,0.032,0,1,HIGH_CONSUMPTION,2
232.73,10.887,2346.22,0.926,49.976,19,2,2533.732,956.543,1596.22,3.128,2.73,0.024,0.024,0,1,HIGH_CONSUMPTION,2
227.21,8.795,1922.29,0.962,50.016,20,2,1998.312,545.638,1172.29,2.563,2.79,0.016,0.012,0,1,HIGH_CONSUMPTION,2
233.65,7.074,1522.32,0.921,50.028,20,2,1652.84,643.885,772.32,2.03,3.65,0.028,0.029,0,1,HIGH_CONSUMPTION,2
228.39,10.751,2241.72,0.913,49.989,20,2,2455.421,1001.712,1491.72,2.989,1.61,0.011,0.037,0,1,HIGH_CONSUMPTION,2
232.36,9.888,2244.74,0.977,49.941,20,2,2297.576,489.933,1494.74,2.993,2.36,0.059,0.027,0,1,HIGH_CONSUMPTION,2
229.04,12.189,2523.7,0.904,50.119,21,2,2791.769,1193.572,1773.7,3.365,0.96,0.119,0.046,0,1,HIGH_CONSUMPTION,2
230.54,12.326,2617.18,0.921,49.92,21,2,2841.636,1106.995,1867.18,3.49,0.54,0.08,0.029,0,1,HIGH_CONSUMPTION,2
231.44,13.896,3016.72,0.938,50.097,21,2,3216.09,1114.81,2266.72,4.022,1.44,0.097,0.012,0,1,HIGH_CONSUMPTION,2
230.14,9.173,1908.49,0.904,49.96,21,2,2111.074,902.553,1158.49,2.545,0.14,0.04,0.046,0,1,HIGH_CONSUMPTION,2
231.11,5.442,1182.19,0.94,49.986,22,2,1257.701,429.095,832.19,3.378,1.11,0.014,0.01,0,1,HIGH_CONSUMPTION,2
230.44,4.816,1071.04,0.965,49.997,22,2,1109.799,291.045,721.04,3.06,0.44,0.003,0.015,0,1,HIGH_CONSUMPTION,2
229.9,3.351,754.89,0.98,49.99,22,2,770.395,153.307,404.89,2.157,0.1,0.01,0.03,0,1,HIGH_CONSUMPTION,2
232.65,4.563,993.65,0.936,50.079,22,2,1061.582,373.677,643.65,2.839,2.65,0.079,0.014,0,1,HIGH_CONSUMPTION,2
231.35,5.616,1179.68,0.908,49.941,23,2,1299.262,544.352,829.68,3.371,1.35,0.059,0.042,0,1,HIGH_CONSUMPTION,2
229.65,4.032,851.95,0.92,50.034,23,2,925.949,362.896,501.95,2.434,0.35,0.034,0.03,0,1,HIGH_CONSUMPTION,2
231.76,5.705,1236.18,0.935,50.023,23,2,1322.191,468.912,886.18,3.532,1.76,0.023,0.015,0,1,HIGH_CONSUMPTION,2
225.97,2.982,632.01,0.938,50.065,23,2,673.843,233.578,282.01,1.806,4.03,0.065,0.012,0,0,HIGH_CONSUMPTION,2
234.64,1.812,389.52,0.916,49.999,0,3,425.168,170.568,259.52,2.996,4.64,0.001,0.034,1,1,HIGH_CONSUMPTION,2
228.92,1.455,312.2,0.937,49.933,0,3,333.079,116.354,182.2,2.402,1.08,0.067,0.013,1,1,HIGH_CONSUMPTION,2
228.71,1.94,437.57,0.986,50.035,0,3,443.697,73.984,307.57,3.366,1.29,0.035,0.036,1,1,HIGH_CONSUMPTION,2
232.73,1.414,298.1,0.906,49.903,0,3,329.08,139.292,168.1,2.293,2.73,0.097,0.044,1,1,HIGH_CONSUMPTION,2
231.49,1.741,381.31,0.946,49.907,1,3,403.024,130.647,251.31,2.933,1.49,0.093,0.004,1,1,HIGH_CONSUMPTION,2
229.95,1.713,378.08,0.96,50.01,1,3,393.904,110.293,248.08,2.908,0.05,0.01,0.01,1,1,HIGH_CONSUMPTION,2
229.51,1.577,336.86,0.931,50.039,1,3,361.937,132.114,206.86,2.591,0.49,0.039,0.019,1,1,HIGH_CONSUMPTION,2
233.19,1.611,364.83,0.971,50.004,1,3,375.669,89.815,234.83,2.806,3.19,0.004,0.021,1,1,HIGH_CONSUMPTION,2
226.25,2.019,414.26,0.907,49.993,2,3,456.799,192.372,284.26,3.187,3.75,0.007,0.043,1,1,HIGH_CONSUMPTION,2
229.68,1.919,402.89,0.914,50.083,2,3,440.756,178.821,272.89,3.099,0.32,0.083,0.036,1,1,HIGH_CONSUMPTION,2
229.05,2.322,502.05,0.944,50.002,2,3,531.854,175.483,372.05,3.862,0.95,0.002,0.006,1,1,HIGH_CONSUMPTION,2
227.1,1.901,400.73,0.928,50.029,2,3,431.717,160.849,270.73,3.083,2.9,0.029,0.022,1,1,HIGH_CONSUMPTION,2
228.8,1.271,269.96,0.928,49.962,3,3,290.805,108.348,139.96,2.077,1.2,0.038,0.022,1,1,HIGH_CONSUMPTION,2
229.51,1.159,249.29,0.937,50.015,3,3,266.002,92.922,119.29,1.918,0.49,0.015,0.013,1,0,HIGH_CONSUMPTION,2
232.16,1.203,272.76,0.977,49.996,3,3,279.288,59.555,142.76,2.098,2.16,0.004,0.027,1,1,HIGH_CONSUMPTION,2
228.17,1.227,274.69,0.981,50.087,3,3,279.965,54.315,144.69,2.113,1.83,0.087,0.031,1,1,HIGH_CONSUMPTION,2
229.39,1.573,332.64,0.922,49.935,4,3,360.83,139.71,202.64,2.559,0.61,0.065,0.028,1,1,HIGH_CONSUMPTION,2
230.13,1.281,282.22,0.957,49.949,4,3,294.797,85.517,152.22,2.171,0.13,0.051,0.007,1,1,HIGH_CONSUMPTION,2
231.92,0.728,163.37,0.968,49.886,4,3,168.838,42.37,33.37,1.257,1.92,0.114,0.018,1,0,HIGH_CONSUMPTION,2
226.92,1.017,209.13,0.906,49.993,4,3,230.778,97.683,79.13,1.609,3.08,0.007,0.044,1,0,HIGH_CONSUMPTION,2
231.55,2.253,507.68,0.973,49.994,5,3,521.682,120.407,377.68,3.905,1.55,0.006,0.023,1,1,HIGH_CONSUMPTION,2
230.65,2.624,581.62,0.961,50.037,5,3,605.226,167.374,451.62,4.474,0.65,0.037,0.011,1,1,HIGH_CONSUMPTION,2
227.64,1.045,225.02,0.946,49.997,5,3,237.884,77.114,95.02,1.731,2.36,0.003,0.004,1,0,HIGH_CONSUMPTION,2
227.45,2.279,510.09,0.984,49.93,5,3,518.359,92.355,380.09,3.924,2.55,0.07,0.034,1,1,HIGH_CONSUMPTION,2
229.78,6.385,1358.53,0.926,49.987,6,3,1467.145,553.882,858.53,2.717,0.22,0.013,0.024,0,1,HIGH_CONSUMPTION,2
229.75,8.114,1687.0,0.905,50.063,6,3,1864.192,793.049,1187.0,3.374,0.25,0.063,0.045,0,1,HIGH_CONSUMPTION,2
230.08,7.977,1811.58,0.987,50.048,6,3,1835.348,294.978,1311.58,3.623,0.08,0.048,0.037,0,1,HIGH_CONSUMPTION,2
233.54,4.545,1038.13,0.978,50.019,6,3,1061.439,221.421,538.13,2.076,3.54,0.019,0.028,0,1,HIGH_CONSUMPTION,2
227.63,6.935,1423.89,0.902,49.909,7,3,1578.614,681.545,923.89,2.848,2.37,0.091,0.048,0,1,HIGH_CONSUMPTION,2
229.37,6.366,1409.13,0.965,50.045,7,3,1460.169,382.929,909.13,2.818,0.63,0.045,0.015,0,1,HIGH_CONSUMPTION,2
230.49,5.341,1118.94,0.909,49.988,7,3,1231.047,513.096,618.94,2.238,0.49,0.012,0.041,0,1,HIGH_CONSUMPTION,2
230.2,10.098,2099.05,0.903,50.019,7,3,2324.56,998.725,1599.05,4.198,0.2,0.019,0.047,0,1,HIGH_CONSUMPTION,2
229.63,8.681,1861.85,0.934,50.012,8,3,1993.418,712.194,1361.85,3.724,0.37,0.012,0.016,0,1,HIGH_CONSUMPTION,2
230.7,6.243,1362.52,0.946,49.952,8,3,1440.26,466.884,862.52,2.725,0.7,0.048,0.004,0,1,HIGH_CONSUMPTION,2
230.24,7.749,1618.18,0.907,49.958,8,3,1784.13,751.352,1118.18,3.236,0.24,0.042,0.043,0,1,HIGH_CONSUMPTION,2
231.76,3.894,844.72,0.936,49.976,8,3,902.473,317.671,344.72,1.689,1.76,0.024,0.014,0,0,HIGH_CONSUMPTION,2
230.64,3.358,765.17,0.988,50.068,9,3,774.489,119.623,340.17,1.8,0.64,0.068,0.038,0,0,HIGH_CONSUMPTION,2
229.35,7.757,1693.64,0.952,49.936,9,3,1779.068,544.569,1268.64,3.985,0.65,0.064,0.002,0,1,HIGH_CONSUMPTION,2
229.09,5.539,1144.51,0.902,49.973,9,3,1268.93,547.843,719.51,2.693,0.91,0.027,0.048,0,1,HIGH_CONSUMPTION,2
229.86,5.157,1173.48,0.99,50.036,9,3,1185.388,167.22,748.48,2.761,0.14,0.036,0.04,0,1,HIGH_CONSUMPTION,2
231.55,7.59,1695.95,0.965,49.953,10,3,1757.465,460.895,1270.95,3.99,1.55,0.047,0.015,0,1,HIGH_CONSUMPTION,2
229.49,5.77,1255.25,0.948,49.926,10,3,1324.157,421.44,830.25,2.954,0.51,0.074,0.002,0,1,HIGH_CONSUMPTION,2
228.86,5.137,1061.69,0.903,50.04,10,3,1175.654,505.109,636.69,2.498,1.14,0.04,0.047,0,1,HIGH_CONSUMPTION,2
229.0,3.359,699.91,0.91,49.996,10,3,769.211,318.921,274.91,1.647,1.0,0.004,0.04,0,0,HIGH_CONSUMPTION,2
230.09,3.45,744.52,0.938,50.095,11,3,793.811,275.163,319.52,1.752,0.09,0.095,0.012,0,0,HIGH_CONSUMPTION,2
231.99,4.199,917.53,0.942,49.959,11,3,974.126,326.929,492.53,2.159,1.99,0.041,0.008,0,1,HIGH_CONSUMPTION,2
232.95,4.183,881.91,0.905,50.059,11,3,974.43,414.534,456.91,2.075,2.95,0.059,0.045,0,1,HIGH_CONSUMPTION,2
231.14,5.346,1123.25,0.909,50.048,11,3,1235.674,515.024,698.25,2.643,1.14,0.048,0.041,0,1,HIGH_CONSUMPTION,2
231.37,6.68,1432.69,0.927,50.046,12,3,1545.552,579.677,1007.69,3.371,1.37,0.046,0.023,0,1,HIGH_CONSUMPTION,2
232.58,2.808,605.32,0.927,50.01,12,3,653.085,244.947,180.32,1.424,2.58,0.01,0.023,0,0,HIGH_CONSUMPTION,2
228.57,5.228,1178.27,0.986,49.945,12,3,1194.964,199.255,753.27,2.772,1.43,0.055,0.036,0,1,HIGH_CONSUMPTION,2
229.92,9.559,2079.23,0.946,50.089,12,3,2197.805,712.455,1654.23,4.892,0.08,0.089,0.004,0,1,HIGH_CONSUMPTION,2
232.39,4.919,1115.63,0.976,49.971,13,3,1143.126,248.939,690.63,2.625,2.39,0.029,0.026,0,1,HIGH_CONSUMPTION,2
232.17,4.673,1029.58,0.949,49.882,13,3,1084.93,342.053,604.58,2.423,2.17,0.118,0.001,0,1,HIGH_CONSUMPTION,2
234.5,4.205,920.93,0.934,50.053,13,3,986.072,352.297,495.93,2.167,4.5,0.053,0.016,0,1,HIGH_CONSUMPTION,2
231.78,5.125,1133.25,0.954,50.004,13,3,1187.872,356.132,708.25,2.666,1.78,0.004,0.004,0,1,HIGH_CONSUMPTION,2
231.93,5.969,1340.17,0.968,50.009,14,3,1384.39,347.413,915.17,3.153,1.93,0.009,0.018,0,1,HIGH_CONSUMPTION,2
230.46,4.212,911.58,0.939,50.025,14,3,970.698,333.84,486.58,2.145,0.46,0.025,0.011,0,1,HIGH_CONSUMPTION,2
231.55,5.659,1196.34,0.913,50.092,14,3,1310.341,534.566,771.34,2.815,1.55,0.092,0.037,0,1,HIGH_CONSUMPTION,2
232.79,5.24,1101.49,0.903,49.994,14,3,1219.82,524.084,676.49,2.592,2.79,0.006,0.047,0,1,HIGH_CONSUMPTION,2
228.67,8.309,1825.99,0.961,50.028,15,3,1900.019,525.447,1400.99,4.296,1.33,0.028,0.011,0,1,HIGH_CONSUMPTION,2
228.54,5.466,1143.02,0.915,49.981,15,3,1249.2,503.994,718.02,2.689,1.46,0.019,0.035,0,1,HIGH_CONSUMPTION,2
229.44,6.181,1355.84,0.956,50.023,15,3,1418.169,416.043,930.84,3.19,0.56,0.023,0.006,0,1,HIGH_CONSUMPTION,2
225.37,6.239,1283.68,0.913,50.012,15,3,1406.083,573.625,858.68,3.02,4.63,0.012,0.037,0,1,HIGH_CONSUMPTION,2
228.89,7.821,1612.87,0.901,50.0,16,3,1790.149,776.601,1187.87,3.795,1.11,0.0,0.049,0,1,HIGH_CONSUMPTION,2
233.29,4.803,1095.81,0.978,50.005,16,3,1120.492,233.74,670.81,2.578,3.29,0.005,0.028,0,1,HIGH_CONSUMPTION,2
229.55,8.027,1702.61,0.924,49.971,16,3,1842.598,704.596,1277.61,4.006,0.45,0.029,0.026,0,1,HIGH_CONSUMPTION,2
232.56,5.505,1153.44,0.901,49.959,16,3,1280.243,555.394,728.44,2.714,2.56,0.041,0.049,0,1,HIGH_CONSUMPTION,2
230.19,9.624,2151.02,0.971,50.029,17,3,2215.349,529.644,1401.02,2.868,0.19,0.029,0.021,0,1,HIGH_CONSUMPTION,2
227.31,12.383,2603.6,0.925,49.98,17,3,2814.78,1069.524,1853.6,3.471,2.69,0.02,0.025,0,1,HIGH_CONSUMPTION,2
229.79,10.955,2313.37,0.919,50.06,17,3,2517.349,992.484,1563.37,3.084,0.21,0.06,0.031,0,1,HIGH_CONSUMPTION,2
230.76,11.38,2552.53,0.972,49.998,17,3,2626.049,617.071,1802.53,3.403,0.76,0.002,0.022,0,1,HIGH_CONSUMPTION,2
230.15,9.308,2007.21,0.937,49.918,18,3,2142.236,748.346,1257.21,2.676,0.15,0.082,0.013,0,1,HIGH_CONSUMPTION,2
227.68,8.845,1816.39,0.902,50.026,18,3,2013.83,869.443,1066.39,2.422,2.32,0.026,0.048,0,1,HIGH_CONSUMPTION,2
230.11,12.901,2900.43,0.977,50.011,18,3,2968.649,633.033,2150.43,3.867,0.11,0.011,0.027,0,1,HIGH_CONSUMPTION,2
230.35,5.647,1283.93,0.987,50.042,18,3,1300.786,209.063,533.93,1.712,0.35,0.042,0.037,0,0,HIGH_CONSUMPTION,2
231.28,13.257,2827.02,0.922,50.009,19,3,3066.079,1187.155,2077.02,3.769,1.28,0.009,0.028,0,1,HIGH_CONSUMPTION,2
234.11,12.045,2681.78,0.951,50.048,19,3,2819.855,871.873,1931.78,3.576,4.11,0.048,0.001,0,1,HIGH_CONSUMPTION,2
228.62,11.853,2677.36,0.988,50.031,19,3,2709.833,418.544,1927.36,3.57,1.38,0.031,0.038,0,1,HIGH_CONSUMPTION,2
226.4,9.873,2029.59,0.908,50.043,19,3,2235.247,936.502,1279.59,2.706,3.6,0.043,0.042,0,1,HIGH_CONSUMPTION,2
229.67,8.99,2029.65,0.983,50.044,20,3,2064.733,379.097,1279.65,2.706,0.33,0.044,0.033,0,1,HIGH_CONSUMPTION,2
230.11,11.152,2363.38,0.921,49.955,20,3,2566.187,999.69,1613.38,3.151,0.11,0.045,0.029,0,1,HIGH_CONSUMPTION,2
230.3,10.233,2132.75,0.905,50.016,20,3,2356.66,1002.55,1382.75,2.844,0.3,0.016,0.045,0,1,HIGH_CONSUMPTION,2
227.68,8.301,1865.47,0.987,49.97,20,3,1889.972,303.757,1115.47,2.487,2.32,0.03,0.037,0,1,HIGH_CONSUMPTION,2
231.62,7.006,1462.03,0.901,49.945,21,3,1622.73,703.971,712.03,1.949,1.62,0.055,0.049,0,0,HIGH_CONSUMPTION,2
230.83,12.976,2854.49,0.953,50.031,21,3,2995.25,907.472,2104.49,3.806,0.83,0.031,0.003,0,1,HIGH_CONSUMPTION,2
229.33,9.59,2111.37,0.96,49.864,21,3,2199.275,615.797,1361.37,2.815,0.67,0.136,0.01,0,1,HIGH_CONSUMPTION,2
230.81,7.269,1583.82,0.944,50.006,21,3,1677.758,553.569,833.82,2.112,0.81,0.006,0.006,0,1,HIGH_CONSUMPTION,2
230.3,4.928,1054.32,0.929,49.933,22,3,1134.918,420.01,704.32,3.012,0.3,0.067,0.021,0,1,HIGH_CONSUMPTION,2
232.05,2.515,572.5,0.981,49.943,22,3,583.606,113.224,222.5,1.636,2.05,0.057,0.031,0,0,HIGH_CONSUMPTION,2
226.22,5.494,1186.96,0.955,49.907,22,3,1242.853,368.637,836.96,3.391,3.78,0.093,0.005,0,1,HIGH_CONSUMPTION,2
229.12,5.759,1206.12,0.914,50.055,22,3,1319.502,535.341,856.12,3.446,0.88,0.055,0.036,0,1,HIGH_CONSUMPTION,2
230.15,6.875,1547.56,0.978,49.997,23,3,1582.281,330.072,1197.56,4.422,0.15,0.003,0.028,0,1,HIGH_CONSUMPTION,2
230.78,5.474,1198.96,0.949,49.982,23,3,1263.29,398.285,848.96,3.426,0.78,0.018,0.001,0,1,HIGH_CONSUMPTION,2
230.11,5.413,1229.49,0.987,50.02,23,3,1245.585,200.191,879.49,3.513,0.11,0.02,0.037,0,1,HIGH_CONSUMPTION,2
228.93,4.432,987.29,0.973,50.021,23,3,1014.618,234.179,637.29,2.821,1.07,0.021,0.023,0,1,HIGH_CONSUMPTION,2
231.67,2.146,466.86,0.939,49.968,0,4,497.164,170.983,336.86,3.591,1.67,0.032,0.011,1,1,HIGH_CONSUMPTION,2
229.58,1.528,316.35,0.902,50.003,0,4,350.798,151.452,186.35,2.433,0.42,0.003,0.048,1,1,HIGH_CONSUMPTION,2
227.9,2.414,500.56,0.91,50.054,0,4,550.151,228.097,370.56,3.85,2.1,0.054,0.04,1,1,HIGH_CONSUMPTION,2
230.31,1.332,300.24,0.979,49.972,0,4,306.773,62.539,170.24,2.31,0.31,0.028,0.029,1,1,HIGH_CONSUMPTION,2
228.34,1.525,330.13,0.948,49.946,1,4,348.219,110.828,200.13,2.539,1.66,0.054,0.002,1,1,HIGH_CONSUMPTION,2
229.09,1.603,347.83,0.947,49.986,1,4,367.231,117.967,217.83,2.676,0.91,0.014,0.003,1,1,HIGH_CONSUMPTION,2
232.21,1.803,388.43,0.928,50.065,1,4,418.675,155.99,258.43,2.988,2.21,0.065,0.022,1,1,HIGH_CONSUMPTION,2
225.82,2.11,450.3,0.945,50.037,1,4,476.48,155.843,320.3,3.464,4.18,0.037,0.005,1,1,HIGH_CONSUMPTION,2
229.97,1.77,377.0,0.926,50.079,2,4,407.047,153.67,247.0,2.9,0.03,0.079,0.024,1,1,HIGH_CONSUMPTION,2
227.87,2.259,493.67,0.959,50.065,2,4,514.758,145.886,363.67,3.797,2.13,0.065,0.009,1,1,HIGH_CONSUMPTION,2
229.39,2.305,516.02,0.976,49.958,2,4,528.744,115.145,386.02,3.969,0.61,0.042,0.026,1,1,HIGH_CONSUMPTION,2
231.01,1.168,251.92,0.934,49.983,2,4,269.82,96.399,121.92,1.938,1.01,0.017,0.016,1,0,HIGH_CONSUMPTION,2
231.31,1.452,330.9,0.985,49.996,3,4,335.862,57.954,200.9,2.545,1.31,0.004,0.035,1,1,HIGH_CONSUMPTION,2
228.59,2.014,439.25,0.954,49.993,3,4,460.38,138.025,309.25,3.379,1.41,0.007,0.004,1,1,HIGH_CONSUMPTION,2
232.12,1.321,296.53,0.967,50.087,3,4,306.631,78.122,166.53,2.281,2.12,0.087,0.017,1,1,HIGH_CONSUMPTION,2
225.63,1.299,266.42,0.909,50.07,3,4,293.093,122.16,136.42,2.049,4.37,0.07,0.041,1,1,HIGH_CONSUMPTION,2
231.69,1.904,416.08,0.943,49.912,4,4,441.138,146.807,286.08,3.201,1.69,0.088,0.007,1,1,HIGH_CONSUMPTION,2
229.25,1.739,390.65,0.98,50.014,4,4,398.666,79.333,260.65,3.005,0.75,0.014,0.03,1,1,HIGH_CONSUMPTION,2
226.3,0.989,206.4,0.922,49.993,4,4,223.811,86.657,76.4,1.588,3.7,0.007,0.028,1,0,HIGH_CONSUMPTION,2
228.52,1.714,372.04,0.95,49.947,4,4,391.683,122.303,242.04,2.862,1.48,0.053,0.0,1,1,HIGH_CONSUMPTION,2
226.67,1.543,341.01,0.975,49.963,5,4,349.752,77.717,211.01,2.623,3.33,0.037,0.025,1,1,HIGH_CONSUMPTION,2
229.83,1.557,348.55,0.974,50.028,5,4,357.845,81.069,218.55,2.681,0.17,0.028,0.024,1,1,HIGH_CONSUMPTION,2
230.82,1.757,393.85,0.971,50.036,5,4,405.551,96.959,263.85,3.03,0.82,0.036,0.021,1,1,HIGH_CONSUMPTION,2
232.82,1.502,334.6,0.957,50.001,5,4,349.696,101.442,204.6,2.574,2.82,0.001,0.007,1,1,HIGH_CONSUMPTION,2
229.51,4.141,901.92,0.949,49.872,6,4,950.401,299.639,401.92,1.804,0.49,0.128,0.001,0,0,HIGH_CONSUMPTION,2
229.7,10.159,2177.16,0.933,49.957,6,4,2333.522,839.78,1677.16,4.354,0.3,0.043,0.017,0,1,HIGH_CONSUMPTION,2
232.73,9.025,1970.16,0.938,50.078,6,4,2100.388,728.069,1470.16,3.94,2.73,0.078,0.012,0,1,HIGH_CONSUMPTION,2
227.76,6.351,1369.8,0.947,49.984,6,4,1446.504,464.666,869.8,2.74,2.24,0.016,0.003,0,1,HIGH_CONSUMPTION,2
231.39,4.688,999.07,0.921,50.033,7,4,1084.756,422.58,499.07,1.998,1.39,0.033,0.029,0,0,HIGH_CONSUMPTION,2
230.56,4.364,980.97,0.975,49.98,7,4,1006.164,223.574,480.97,1.962,0.56,0.02,0.025,0,0,HIGH_CONSUMPTION,2
229.81,4.397,982.2,0.972,50.02,7,4,1010.475,237.442,482.2,1.964,0.19,0.02,0.022,0,0,HIGH_CONSUMPTION,2
227.56,8.626,1790.29,0.912,49.974,7,4,1962.933,805.176,1290.29,3.581,2.44,0.026,0.038,0,1,HIGH_CONSUMPTION,2
231.58,5.861,1247.4,0.919,49.974,8,4,1357.29,535.122,747.4,2.495,1.58,0.026,0.031,0,1,HIGH_CONSUMPTION,2
229.44,6.485,1400.22,0.941,49.961,8,4,1487.918,503.521,900.22,2.8,0.56,0.039,0.009,0,1,HIGH_CONSUMPTION,2
226.4,5.966,1308.83,0.969,50.06,8,4,1350.702,333.706,808.83,2.618,3.6,0.06,0.019,0,1,HIGH_CONSUMPTION,2
227.08,7.021,1463.51,0.918,49.973,8,4,1594.329,632.279,963.51,2.927,2.92,0.027,0.032,0,1,HIGH_CONSUMPTION,2
230.28,2.947,654.23,0.964,49.932,9,4,678.635,180.451,229.23,1.539,0.28,0.068,0.014,0,0,HIGH_CONSUMPTION,2
227.13,4.869,1004.07,0.908,50.011,9,4,1105.896,463.337,579.07,2.363,2.87,0.011,0.042,0,1,HIGH_CONSUMPTION,2
230.62,6.52,1390.82,0.925,49.968,9,4,1503.642,571.335,965.82,3.273,0.62,0.032,0.025,0,1,HIGH_CONSUMPTION,2
231.04,3.395,733.42,0.935,50.005,9,4,784.381,278.179,308.42,1.726,1.04,0.005,0.015,0,0,HIGH_CONSUMPTION,2
228.36,5.5,1166.82,0.929,50.068,10,4,1255.98,464.813,741.82,2.745,1.64,0.068,0.021,0,1,HIGH_CONSUMPTION,2
228.95,5.179,1071.87,0.904,50.014,10,4,1185.732,506.939,646.87,2.522,1.05,0.014,0.046,0,1,HIGH_CONSUMPTION,2
229.41,7.624,1626.55,0.93,50.012,10,4,1749.022,642.87,1201.55,3.827,0.59,0.012,0.02,0,1,HIGH_CONSUMPTION,2
229.16,5.819,1300.2,0.975,49.971,10,4,1333.482,296.306,875.2,3.059,0.84,0.029,0.025,0,1,HIGH_CONSUMPTION,2
226.81,7.169,1601.58,0.985,49.958,11,4,1626.001,280.574,1176.58,3.768,3.19,0.042,0.035,0,1,HIGH_CONSUMPTION,2
228.58,8.829,1818.39,0.901,49.956,11,4,2018.133,875.505,1393.39,4.279,1.42,0.044,0.049,0,1,HIGH_CONSUMPTION,2
231.87,6.174,1384.31,0.967,50.038,11,4,1431.565,364.729,959.31,3.257,1.87,0.038,0.017,0,1,HIGH_CONSUMPTION,2
230.39,7.173,1568.41,0.949,50.01,11,4,1652.587,521.021,1143.41,3.69,0.39,0.01,0.001,0,1,HIGH_CONSUMPTION,2
228.02,3.485,729.58,0.918,49.981,12,4,794.65,315.142,304.58,1.717,1.98,0.019,0.032,0,0,HIGH_CONSUMPTION,2
229.8,4.029,900.05,0.972,49.924,12,4,925.864,217.56,475.05,2.118,0.2,0.076,0.022,0,1,HIGH_CONSUMPTION,2
227.26,4.798,1046.88,0.96,49.991,12,4,1090.393,305.31,621.88,2.463,2.74,0.009,0.01,0,1,HIGH_CONSUMPTION,2
230.43,7.277,1638.38,0.977,50.009,12,4,1676.839,357.568,1213.38,3.855,0.43,0.009,0.027,0,1,HIGH_CONSUMPTION,2
231.94,5.215,1184.25,0.979,49.989,13,4,1209.567,246.583,759.25,2.786,1.94,0.011,0.029,0,1,HIGH_CONSUMPTION,2
228.88,7.372,1668.65,0.989,49.955,13,4,1687.303,249.578,1243.65,3.926,1.12,0.045,0.039,0,1,HIGH_CONSUMPTION,2
230.37,4.074,902.94,0.962,50.032,13,4,938.527,256.264,477.94,2.125,0.37,0.032,0.012,0,1,HIGH_CONSUMPTION,2
228.88,6.27,1387.61,0.967,50.025,13,4,1435.078,365.624,962.61,3.265,1.12,0.025,0.017,0,1,HIGH_CONSUMPTION,2
229.27,4.502,976.45,0.946,50.047,14,4,1032.174,334.596,551.45,2.298,0.73,0.047,0.004,0,1,HIGH_CONSUMPTION,2
230.62,4.596,1005.97,0.949,50.016,14,4,1059.93,334.17,580.97,2.367,0.62,0.016,0.001,0,1,HIGH_CONSUMPTION,2
227.8,7.501,1672.76,0.979,49.989,14,4,1708.728,348.342,1247.76,3.936,2.2,0.011,0.029,0,1,HIGH_CONSUMPTION,2
227.1,4.058,838.73,0.91,50.053,14,4,921.572,382.091,413.73,1.973,2.9,0.053,0.04,0,0,HIGH_CONSUMPTION,2
232.88,3.644,764.54,0.901,49.948,15,4,848.615,368.145,339.54,1.799,2.88,0.052,0.049,0,0,HIGH_CONSUMPTION,2
231.34,4.832,1057.51,0.946,50.052,15,4,1117.835,362.365,632.51,2.488,1.34,0.052,0.004,0,1,HIGH_CONSUMPTION,2
228.19,7.055,1518.04,0.943,50.031,15,4,1609.88,535.757,1093.04,3.572,1.81,0.031,0.007,0,1,HIGH_CONSUMPTION,2
228.6,3.315,693.43,0.915,50.008,15,4,757.809,305.741,268.43,1.632,1.4,0.008,0.035,0,0,HIGH_CONSUMPTION,2
234.27,6.996,1566.85,0.956,50.002,16,4,1638.953,480.814,1141.85,3.687,4.27,0.002,0.006,0,1,HIGH_CONSUMPTION,2
230.74,4.996,1066.26,0.925,49.965,16,4,1152.777,438.017,641.26,2.509,0.74,0.035,0.025,0,1,HIGH_CONSUMPTION,2
232.94,4.884,1121.75,0.986,50.014,16,4,1137.679,189.703,696.75,2.639,2.94,0.014,0.036,0,1,HIGH_CONSUMPTION,2
230.53,7.833,1670.23,0.925,49.97,16,4,1805.741,686.122,1245.23,3.93,0.53,0.03,0.025,0,1,HIGH_CONSUMPTION,2
231.48,7.341,1597.26,0.94,49.928,17,4,1699.295,579.756,847.26,2.13,1.48,0.072,0.01,0,1,HIGH_CONSUMPTION,2
230.4,14.571,3091.94,0.921,50.047,17,4,3357.158,1307.823,2341.94,4.123,0.4,0.047,0.029,0,1,HIGH_CONSUMPTION,2
229.27,9.05,2047.85,0.987,50.099,17,4,2074.894,333.477,1297.85,2.73,0.73,0.099,0.037,0,1,HIGH_CONSUMPTION,2
227.2,10.615,2238.04,0.928,50.005,17,4,2411.728,898.562,1488.04,2.984,2.8,0.005,0.022,0,1,HIGH_CONSUMPTION,2
231.8,9.124,2040.98,0.965,49.995,18,4,2114.943,554.644,1290.98,2.721,1.8,0.005,0.015,0,1,HIGH_CONSUMPTION,2
233.42,10.497,2359.55,0.963,49.949,18,4,2450.21,660.335,1609.55,3.146,3.42,0.051,0.013,0,1,HIGH_CONSUMPTION,2
228.36,8.56,1919.57,0.982,50.023,18,4,1954.762,369.217,1169.57,2.559,1.64,0.023,0.032,0,1,HIGH_CONSUMPTION,2
228.2,7.177,1503.49,0.918,49.983,18,4,1637.791,649.516,753.49,2.005,1.8,0.017,0.032,0,1,HIGH_CONSUMPTION,2
230.75,8.328,1862.2,0.969,49.988,19,4,1921.686,474.773,1112.2,2.483,0.75,0.012,0.019,0,1,HIGH_CONSUMPTION,2
231.5,8.319,1881.66,0.977,49.999,19,4,1925.849,410.667,1131.66,2.509,1.5,0.001,0.027,0,1,HIGH_CONSUMPTION,2
227.48,11.368,2335.09,0.903,50.044,19,4,2585.993,1111.047,1585.09,3.113,2.52,0.044,0.047,0,1,HIGH_CONSUMPTION,2
229.13,8.362,1791.44,0.935,49.993,19,4,1915.985,679.5,1041.44,2.389,0.87,0.007,0.015,0,1,HIGH_CONSUMPTION,2
228.11,15.72,3281.16,0.915,49.993,20,4,3585.889,1446.741,2531.16,4.375,1.89,0.007,0.035,0,1,HIGH_CONSUMPTION,2
227.59,9.154,2008.46,0.964,49.993,20,4,2083.359,553.97,1258.46,2.678,2.41,0.007,0.014,0,1,HIGH_CONSUMPTION,2
229.09,8.186,1777.88,0.948,50.065,20,4,1875.331,596.862,1027.88,2.371,0.91,0.065,0.002,0,1,HIGH_CONSUMPTION,2
230.61,11.736,2489.86,0.92,49.95,20,4,2706.439,1060.703,1739.86,3.32,0.61,0.05,0.03,0,1,HIGH_CONSUMPTION,2
230.15,10.694,2335.79,0.949,50.009,21,4,2461.224,775.965,1585.79,3.114,0.15,0.009,0.001,0,1,HIGH_CONSUMPTION,2
228.1,9.356,1935.71,0.907,50.038,21,4,2134.104,898.736,1185.71,2.581,1.9,0.038,0.043,0,1,HIGH_CONSUMPTION,2
231.37,5.466,1250.74,0.989,50.009,21,4,1264.668,187.064,500.74,1.668,1.37,0.009,0.039,0,0,HIGH_CONSUMPTION,2
231.5,14.312,3140.98,0.948,50.02,21,4,3313.228,1054.502,2390.98,4.188,1.5,0.02,0.002,0,1,HIGH_CONSUMPTION,2
226.89,5.393,1160.08,0.948,49.963,22,4,1223.618,389.441,810.08,3.315,3.11,0.037,0.002,0,1,HIGH_CONSUMPTION,2
228.72,6.324,1401.69,0.969,50.019,22,4,1446.425,357.355,1051.69,4.005,1.28,0.019,0.019,0,1,HIGH_CONSUMPTION,2
228.29,3.306,736.54,0.976,49.994,22,4,754.727,164.357,386.54,2.104,1.71,0.006,0.026,0,1,HIGH_CONSUMPTION,2
230.4,2.722,614.68,0.98,50.014,22,4,627.149,124.801,264.68,1.756,0.4,0.014,0.03,0,0,HIGH_CONSUMPTION,2
226.85,3.749,806.19,0.948,49.984,23,4,850.461,270.676,456.19,2.303,3.15,0.016,0.002,0,1,HIGH_CONSUMPTION,2
231.04,3.897,859.88,0.955,49.955,23,4,900.363,267.053,509.88,2.457,1.04,0.045,0.005,0,1,HIGH_CONSUMPTION,2
231.49,3.274,741.27,0.978,50.096,23,4,757.898,158.101,391.27,2.118,1.49,0.096,0.028,0,1,HIGH_CONSUMPTION,2
230.25,4.512,967.13,0.931,49.964,23,4,1038.888,379.214,617.13,2.763,0.25,0.036,0.019,0,1,HIGH_CONSUMPTION,2
232.53,1.283,278.73,0.934,50.017,0,5,298.336,106.587,148.73,2.144,2.53,0.017,0.016,1,1,HIGH_CONSUMPTION,2
230.27,1.638,355.26,0.942,50.073,0,5,377.182,126.587,225.26,2.733,0.27,0.073,0.008,1,1,HIGH_CONSUMPTION,2
229.64,1.683,380.32,0.984,50.005,0,5,386.484,68.859,250.32,2.926,0.36,0.005,0.034,1,1,HIGH_CONSUMPTION,2
226.69,1.526,314.52,0.909,50.001,0,5,345.929,144.182,184.52,2.419,3.31,0.001,0.041,1,1,HIGH_CONSUMPTION,2
230.79,1.048,222.43,0.92,50.015,1,5,241.868,94.792,92.43,1.711,0.79,0.015,0.03,1,0,HIGH_CONSUMPTION,2
228.57,1.625,357.74,0.963,50.033,1,5,371.426,100.1,227.74,2.752,1.43,0.033,0.013,1,1,HIGH_CONSUMPTION,2
228.53,1.342,278.74,0.909,50.01,1,5,306.687,127.826,148.74,2.144,1.47,0.01,0.041,1,1,HIGH_CONSUMPTION,2
232.06,1.561,353.6,0.976,50.007,1,5,362.246,78.886,223.6,2.72,2.06,0.007,0.026,1,1,HIGH_CONSUMPTION,2
231.3,1.785,388.08,0.94,50.059,2,5,412.87,140.861,258.08,2.985,1.3,0.059,0.01,1,1,HIGH_CONSUMPTION,2
227.15,0.967,199.71,0.909,49.968,2,5,219.654,91.551,69.71,1.536,2.85,0.032,0.041,1,0,HIGH_CONSUMPTION,2
232.29,1.32,278.47,0.908,49.94,2,5,306.623,128.466,148.47,2.142,2.29,0.06,0.042,1,1,HIGH_CONSUMPTION,2
231.12,2.141,475.5,0.961,50.035,2,5,494.828,136.844,345.5,3.658,1.12,0.035,0.011,1,1,HIGH_CONSUMPTION,2
228.32,1.566,344.35,0.963,49.954,3,5,357.549,96.36,214.35,2.649,1.68,0.046,0.013,1,1,HIGH_CONSUMPTION,2
231.41,1.078,233.39,0.936,49.916,3,5,249.46,87.81,103.39,1.795,1.41,0.084,0.014,1,0,HIGH_CONSUMPTION,2
232.38,1.594,354.42,0.957,50.067,3,5,370.414,107.453,224.42,2.726,2.38,0.067,0.007,1,1,HIGH_CONSUMPTION,2
230.63,2.319,507.47,0.949,49.978,3,5,534.831,168.619,377.47,3.904,0.63,0.022,0.001,1,1,HIGH_CONSUMPTION,2
229.1,1.578,336.19,0.93,49.945,4,5,361.52,132.88,206.19,2.586,0.9,0.055,0.02,1,1,HIGH_CONSUMPTION,2
226.28,1.878,411.79,0.969,50.049,4,5,424.954,104.989,281.79,3.168,3.72,0.049,0.019,1,1,HIGH_CONSUMPTION,2
227.77,2.283,471.59,0.907,50.017,4,5,519.999,218.987,341.59,3.628,2.23,0.017,0.043,1,1,HIGH_CONSUMPTION,2
228.8,1.282,267.48,0.912,49.992,4,5,293.322,120.318,137.48,2.058,1.2,0.008,0.038,1,1,HIGH_CONSUMPTION,2
229.88,1.848,418.94,0.986,50.047,5,5,424.818,70.836,288.94,3.223,0.12,0.047,0.036,1,1,HIGH_CONSUMPTION,2
228.93,1.807,409.51,0.99,49.97,5,5,413.677,58.356,279.51,3.15,1.07,0.03,0.04,1,1,HIGH_CONSUMPTION,2
227.78,1.523,333.71,0.962,49.945,5,5,346.909,94.723,203.71,2.567,2.22,0.055,0.012,1,1,HIGH_CONSUMPTION,2
227.75,2.473,517.6,0.919,49.974,5,5,563.226,222.056,387.6,3.982,2.25,0.026,0.031,1,1,HIGH_CONSUMPTION,2
230.61,5.27,1194.61,0.983,50.021,6,5,1215.315,223.139,694.61,2.389,0.61,0.021,0.033,0,1,HIGH_CONSUMPTION,2
231.23,7.328,1552.05,0.916,49.925,6,5,1694.453,679.778,1052.05,3.104,1.23,0.075,0.034,0,1,HIGH_CONSUMPTION,2
227.65,5.028,1065.68,0.931,49.931,6,5,1144.624,417.81,565.68,2.131,2.35,0.069,0.019,0,1,HIGH_CONSUMPTION,2
229.53,6.466,1353.63,0.912,50.056,6,5,1484.141,608.78,853.63,2.707,0.47,0.056,0.038,0,1,HIGH_CONSUMPTION,2
231.46,7.36,1545.22,0.907,49.918,7,5,1703.546,717.415,1045.22,3.09,1.46,0.082,0.043,0,1,HIGH_CONSUMPTION,2
231.23,4.472,1001.0,0.968,49.994,7,5,1034.061,259.498,501.0,2.002,1.23,0.006,0.018,0,1,HIGH_CONSUMPTION,2
231.0,6.29,1373.11,0.945,50.012,7,5,1452.99,475.23,873.11,2.746,1.0,0.012,0.005,0,1,HIGH_CONSUMPTION,2
226.94,3.179,714.2,0.99,49.945,7,5,721.442,101.772,214.2,1.428,3.06,0.055,0.04,0,0,HIGH_CONSUMPTION,2
229.18,8.322,1861.49,0.976,49.909,8,5,1907.236,415.34,1361.49,3.723,0.82,0.091,0.026,0,1,HIGH_CONSUMPTION,2
231.74,6.212,1406.44,0.977,50.063,8,5,1439.569,306.973,906.44,2.813,1.74,0.063,0.027,0,1,HIGH_CONSUMPTION,2
230.57,3.581,815.74,0.988,50.002,8,5,825.671,127.528,315.74,1.631,0.57,0.002,0.038,0,0,HIGH_CONSUMPTION,2
230.72,6.737,1478.26,0.951,49.953,8,5,1554.361,480.594,978.26,2.957,0.72,0.047,0.001,0,1,HIGH_CONSUMPTION,2
224.38,4.092,860.27,0.937,50.001,9,5,918.163,320.741,435.27,2.024,5.62,0.001,0.013,0,1,HIGH_CONSUMPTION,2
229.15,4.772,1043.12,0.954,49.982,9,5,1093.504,327.84,618.12,2.454,0.85,0.018,0.004,0,1,HIGH_CONSUMPTION,2
226.75,3.745,770.19,0.907,49.908,9,5,849.179,357.615,345.19,1.812,3.25,0.092,0.043,0,0,HIGH_CONSUMPTION,2
230.98,4.718,1070.26,0.982,49.914,9,5,1089.764,205.836,645.26,2.518,0.98,0.086,0.032,0,1,HIGH_CONSUMPTION,2
229.0,4.347,906.81,0.911,50.006,10,5,995.463,410.535,481.81,2.134,1.0,0.006,0.039,0,1,HIGH_CONSUMPTION,2
229.78,5.254,1105.79,0.916,49.965,10,5,1207.264,484.328,680.79,2.602,0.22,0.035,0.034,0,1,HIGH_CONSUMPTION,2
233.89,5.464,1159.06,0.907,49.95,10,5,1277.975,538.194,734.06,2.727,3.89,0.05,0.043,0,1,HIGH_CONSUMPTION,2
230.89,3.971,862.86,0.941,49.997,10,5,916.864,310.273,437.86,2.03,0.89,0.003,0.009,0,1,HIGH_CONSUMPTION,2
228.11,7.178,1529.3,0.934,49.953,11,5,1637.374,584.989,1104.3,3.598,1.89,0.047,0.016,0,1,HIGH_CONSUMPTION,2
230.97,2.932,624.48,0.922,50.044,11,5,677.204,262.207,199.48,1.469,0.97,0.044,0.028,0,0,HIGH_CONSUMPTION,2
231.58,5.877,1296.98,0.953,50.04,11,5,1360.996,412.341,871.98,3.052,1.58,0.04,0.003,0,1,HIGH_CONSUMPTION,2
232.55,8.005,1682.88,0.904,50.031,11,5,1861.563,795.878,1257.88,3.96,2.55,0.031,0.046,0,1,HIGH_CONSUMPTION,2
227.55,3.153,665.89,0.928,50.072,12,5,717.465,267.313,240.89,1.567,2.45,0.072,0.022,0,0,HIGH_CONSUMPTION,2
228.27,3.657,819.7,0.982,50.029,12,5,834.783,157.675,394.7,1.929,1.73,0.029,0.032,0,0,HIGH_CONSUMPTION,2
228.64,6.378,1418.88,0.973,50.004,12,5,1458.266,336.575,993.88,3.339,1.36,0.004,0.023,0,1,HIGH_CONSUMPTION,2
229.15,2.476,552.14,0.973,50.003,12,5,567.375,130.953,127.14,1.299,0.85,0.003,0.023,0,0,HIGH_CONSUMPTION,2
228.72,5.247,1178.47,0.982,49.949,13,5,1200.094,226.675,753.47,2.773,1.28,0.051,0.032,0,1,HIGH_CONSUMPTION,2
232.67,4.481,1021.82,0.98,50.029,13,5,1042.594,207.474,596.82,2.404,2.67,0.029,0.03,0,1,HIGH_CONSUMPTION,2
232.82,6.196,1348.84,0.935,49.961,13,5,1442.553,511.598,923.84,3.174,2.82,0.039,0.015,0,1,HIGH_CONSUMPTION,2
232.41,5.219,1174.17,0.968,50.026,13,5,1212.948,304.389,749.17,2.763,2.41,0.026,0.018,0,1,HIGH_CONSUMPTION,2
229.15,5.488,1221.08,0.971,49.98,14,5,1257.575,300.66,796.08,2.873,0.85,0.02,0.021,0,1,HIGH_CONSUMPTION,2
229.87,4.166,930.88,0.972,50.028,14,5,957.638,225.027,505.88,2.19,0.13,0.028,0.022,0,1,HIGH_CONSUMPTION,2
229.56,4.702,1010.32,0.936,49.981,14,5,1079.391,379.946,585.32,2.377,0.44,0.019,0.014,0,1,HIGH_CONSUMPTION,2
231.01,4.749,998.34,0.91,49.997,14,5,1097.066,454.853,573.34,2.349,1.01,0.003,0.04,0,1,HIGH_CONSUMPTION,2
233.82,5.415,1145.78,0.905,49.966,15,5,1266.135,538.629,720.78,2.696,3.82,0.034,0.045,0,1,HIGH_CONSUMPTION,2
229.13,4.228,874.74,0.903,50.091,15,5,968.762,416.219,449.74,2.058,0.87,0.091,0.047,0,1,HIGH_CONSUMPTION,2
231.26,2.867,653.04,0.985,50.002,15,5,663.022,114.407,228.04,1.537,1.26,0.002,0.035,0,0,HIGH_CONSUMPTION,2
232.12,3.828,815.74,0.918,50.06,15,5,888.555,352.384,390.74,1.919,2.12,0.06,0.032,0,0,HIGH_CONSUMPTION,2
229.35,8.98,1985.45,0.964,49.937,16,5,2059.563,547.642,1560.45,4.672,0.65,0.063,0.014,0,1,HIGH_CONSUMPTION,2
227.63,6.772,1395.07,0.905,50.022,16,5,1541.51,655.776,970.07,3.283,2.37,0.022,0.045,0,1,HIGH_CONSUMPTION,2
231.44,8.364,1800.17,0.93,49.995,16,5,1935.764,711.509,1375.17,4.236,1.44,0.005,0.02,0,1,HIGH_CONSUMPTION,2
233.11,3.649,803.04,0.944,49.976,16,5,850.618,280.658,378.04,1.89,3.11,0.024,0.006,0,0,HIGH_CONSUMPTION,2
232.23,9.849,2262.18,0.989,49.982,17,5,2287.233,338.317,1512.18,3.016,2.23,0.018,0.039,0,1,HIGH_CONSUMPTION,2
228.41,6.434,1434.21,0.976,49.976,17,5,1469.59,320.033,684.21,1.912,1.59,0.024,0.026,0,0,HIGH_CONSUMPTION,2
232.33,10.09,2203.6,0.94,49.94,17,5,2344.21,799.784,1453.6,2.938,2.33,0.06,0.01,0,1,HIGH_CONSUMPTION,2
229.26,10.201,2132.96,0.912,49.972,17,5,2338.681,959.304,1382.96,2.844,0.74,0.028,0.038,0,1,HIGH_CONSUMPTION,2
233.69,8.419,1784.5,0.907,50.026,18,5,1967.436,828.548,1034.5,2.379,3.69,0.026,0.043,0,1,HIGH_CONSUMPTION,2
227.24,8.816,1871.08,0.934,50.017,18,5,2003.348,715.742,1121.08,2.495,2.76,0.017,0.016,0,1,HIGH_CONSUMPTION,2
229.55,8.844,1867.67,0.92,49.986,18,5,2030.14,795.649,1117.67,2.49,0.45,0.014,0.03,0,1,HIGH_CONSUMPTION,2
228.57,11.359,2352.28,0.906,50.09,18,5,2596.327,1098.967,1602.28,3.136,1.43,0.09,0.044,0,1,HIGH_CONSUMPTION,2
228.96,7.996,1772.15,0.968,50.087,19,5,1830.764,459.431,1022.15,2.363,1.04,0.087,0.018,0,1,HIGH_CONSUMPTION,2
232.64,6.193,1393.24,0.967,50.047,19,5,1440.74,367.066,643.24,1.858,2.64,0.047,0.017,0,0,HIGH_CONSUMPTION,2
229.96,13.038,2797.25,0.933,49.941,19,5,2998.218,1078.988,2047.25,3.73,0.04,0.059,0.017,0,1,HIGH_CONSUMPTION,2
228.4,12.768,2770.36,0.95,50.021,19,5,2916.211,910.587,2020.36,3.694,1.6,0.021,0.0,0,1,HIGH_CONSUMPTION,2
232.01,14.123,3214.32,0.981,49.995,20,5,3276.677,635.701,2464.32,4.286,2.01,0.005,0.031,0,1,HIGH_CONSUMPTION,2
230.07,7.767,1636.79,0.916,49.963,20,5,1786.954,716.887,886.79,2.182,0.07,0.037,0.034,0,1,HIGH_CONSUMPTION,2
229.81,7.695,1733.12,0.98,50.002,20,5,1768.388,351.905,983.12,2.311,0.19,0.002,0.03,0,1,HIGH_CONSUMPTION,2
232.15,11.491,2616.88,0.981,50.052,20,5,2667.636,517.542,1866.88,3.489,2.15,0.052,0.031,0,1,HIGH_CONSUMPTION,2
229.84,5.791,1243.07,0.934,50.037,21,5,1331.003,475.532,493.07,1.657,0.16,0.037,0.016,0,0,HIGH_CONSUMPTION,2
231.5,6.933,1572.96,0.98,50.119,21,5,1604.989,319.389,822.96,2.097,1.5,0.119,0.03,0,1,HIGH_CONSUMPTION,2
231.84,7.479,1685.41,0.972,49.98,21,5,1733.931,407.441,935.41,2.247,1.84,0.02,0.022,0,1,HIGH_CONSUMPTION,2
227.35,11.322,2535.41,0.985,50.004,21,5,2574.057,444.165,1785.41,3.381,2.65,0.004,0.035,0,1,HIGH_CONSUMPTION,2
231.46,3.789,832.18,0.949,50.02,22,5,877.002,276.498,482.18,2.378,1.46,0.02,0.001,0,1,HIGH_CONSUMPTION,2
230.03,5.335,1207.52,0.984,50.018,22,5,1227.21,218.65,857.52,3.45,0.03,0.018,0.034,0,1,HIGH_CONSUMPTION,2
231.91,4.91,1091.98,0.959,50.022,22,5,1138.678,322.708,741.98,3.12,1.91,0.022,0.009,0,1,HIGH_CONSUMPTION,2
228.32,3.077,646.25,0.92,50.035,22,5,702.541,275.339,296.25,1.846,1.68,0.035,0.03,0,0,HIGH_CONSUMPTION,2
231.77,3.531,804.51,0.983,49.992,23,5,818.38,150.259,454.51,2.299,1.77,0.008,0.033,0,1,HIGH_CONSUMPTION,2
229.22,4.013,894.07,0.972,49.984,23,5,919.86,216.149,544.07,2.554,0.78,0.016,0.022,0,1,HIGH_CONSUMPTION,2
234.09,2.711,606.76,0.956,49.943,23,5,634.618,186.176,256.76,1.734,4.09,0.057,0.006,0,0,HIGH_CONSUMPTION,2
231.41,2.342,499.73,0.922,50.101,23,5,541.962,209.842,149.73,1.428,1.41,0.101,0.028,0,0,HIGH_CONSUMPTION,2
232.78,1.99,437.82,0.945,49.954,0,6,463.232,151.51,307.82,3.368,2.78,0.046,0.005,1,1,HIGH_CONSUMPTION,2
231.62,2.015,420.13,0.9,49.997,0,6,466.714,203.436,290.13,3.232,1.62,0.003,0.05,1,1,HIGH_CONSUMPTION,2
229.74,2.176,461.33,0.923,50.037,0,6,499.914,192.367,331.33,3.549,0.26,0.037,0.027,1,1,HIGH_CONSUMPTION,2
227.26,1.364,306.23,0.988,49.875,0,6,309.983,47.878,176.23,2.356,2.74,0.125,0.038,1,1,HIGH_CONSUMPTION,2
233.14,1.485,318.24,0.919,50.013,1,6,346.213,136.497,188.24,2.448,3.14,0.013,0.031,1,1,HIGH_CONSUMPTION,2
228.4,1.244,267.14,0.94,49.996,1,6,284.13,96.938,137.14,2.055,1.6,0.004,0.01,1,1,HIGH_CONSUMPTION,2
228.11,1.393,305.13,0.96,50.036,1,6,317.757,88.972,175.13,2.347,1.89,0.036,0.01,1,1,HIGH_CONSUMPTION,2
231.61,1.706,386.87,0.979,50.036,1,6,395.127,80.551,256.87,2.976,1.61,0.036,0.029,1,1,HIGH_CONSUMPTION,2
232.04,2.154,485.31,0.971,49.997,2,6,499.814,119.495,355.31,3.733,2.04,0.003,0.021,1,1,HIGH_CONSUMPTION,2
228.41,2.063,427.32,0.907,49.939,2,6,471.21,198.441,297.32,3.287,1.59,0.061,0.043,1,1,HIGH_CONSUMPTION,2
226.37,2.04,444.15,0.962,50.012,2,6,461.795,126.093,314.15,3.417,3.63,0.012,0.012,1,1,HIGH_CONSUMPTION,2
229.29,1.977,417.05,0.92,49.985,2,6,453.306,177.659,287.05,3.208,0.71,0.015,0.03,1,1,HIGH_CONSUMPTION,2
230.58,1.016,221.3,0.945,49.982,3,6,234.269,76.623,91.3,1.702,0.58,0.018,0.005,1,0,HIGH_CONSUMPTION,2
229.39,1.998,424.94,0.927,50.032,3,6,458.321,171.899,294.94,3.269,0.61,0.032,0.023,1,1,HIGH_CONSUMPTION,2
226.98,2.863,591.36,0.91,50.029,3,6,649.844,269.431,461.36,4.549,3.02,0.029,0.04,1,1,HIGH_CONSUMPTION,2
228.5,1.396,295.7,0.927,49.986,3,6,318.986,119.639,165.7,2.275,1.5,0.014,0.023,1,1,HIGH_CONSUMPTION,2
230.2,2.204,474.35,0.935,49.926,4,6,507.361,179.934,344.35,3.649,0.2,0.074,0.015,1,1,HIGH_CONSUMPTION,2
230.47,1.198,270.69,0.98,50.023,4,6,276.103,54.944,140.69,2.082,0.47,0.023,0.03,1,1,HIGH_CONSUMPTION,2
230.0,2.032,460.84,0.986,50.019,4,6,467.36,77.93,330.84,3.545,0.0,0.019,0.036,1,1,HIGH_CONSUMPTION,2
231.58,1.118,251.07,0.97,50.018,4,6,258.906,62.941,121.07,1.931,1.58,0.018,0.02,1,0,HIGH_CONSUMPTION,2
229.7,0.979,216.19,0.961,50.052,5,6,224.876,62.189,86.19,1.663,0.3,0.052,0.011,1,0,HIGH_CONSUMPTION,2
229.76,1.667,365.06,0.953,49.952,5,6,383.01,116.041,235.06,2.808,0.24,0.048,0.003,1,1,HIGH_CONSUMPTION,2
233.84,2.262,520.56,0.984,49.877,5,6,528.946,94.242,390.56,4.004,3.84,0.123,0.034,1,1,HIGH_CONSUMPTION,2
231.41,1.638,344.96,0.91,49.914,5,6,379.05,157.157,214.96,2.654,1.41,0.086,0.04,1,1,HIGH_CONSUMPTION,2
226.24,3.074,456.86,0.657,50.081,6,6,695.462,524.302,-43.14,0.914,3.76,0.081,0.293,0,0,LOW_POWER_FACTOR,3
232.36,2.498,308.21,0.531,50.034,6,6,580.435,491.844,-191.79,0.616,2.36,0.034,0.419,0,0,LOW_POWER_FACTOR,3
231.66,2.403,349.01,0.627,49.976,6,6,556.679,433.664,-150.99,0.698,1.66,0.024,0.323,0,0,LOW_POWER_FACTOR,3
229.62,2.613,313.23,0.522,49.964,6,6,599.997,511.765,-186.77,0.626,0.38,0.036,0.428,0,0,LOW_POWER_FACTOR,3
231.57,2.998,376.34,0.542,50.029,7,6,694.247,583.43,-123.66,0.753,1.57,0.029,0.408,0,0,LOW_POWER_FACTOR,3
227.07,2.568,338.27,0.58,49.9,7,6,583.116,475.016,-161.73,0.677,2.93,0.1,0.37,0,0,LOW_POWER_FACTOR,3
228.62,5.839,622.1,0.466,50.146,7,6,1334.912,1181.11,122.1,1.244,1.38,0.146,0.484,0,0,LOW_POWER_FACTOR,3
228.32,4.786,674.21,0.617,50.063,7,6,1092.74,859.946,174.21,1.348,1.68,0.063,0.333,0,0,LOW_POWER_FACTOR,3
230.77,2.497,391.23,0.679,49.98,8,6,576.233,423.034,-108.77,0.782,0.77,0.02,0.271,0,0,LOW_POWER_FACTOR,3
226.68,4.396,587.96,0.59,50.058,8,6,996.485,804.565,87.96,1.176,3.32,0.058,0.36,0,0,LOW_POWER_FACTOR,3
226.51,2.834,444.14,0.692,49.949,8,6,641.929,463.407,-55.86,0.888,3.49,0.051,0.258,0,0,LOW_POWER_FACTOR,3
228.19,5.709,681.32,0.523,49.933,8,6,1302.737,1110.365,181.32,1.363,1.81,0.067,0.427,0,0,LOW_POWER_FACTOR,3
226.81,3.264,504.93,0.682,49.819,9,6,740.308,541.426,79.93,1.188,3.19,0.181,0.268,0,0,LOW_POWER_FACTOR,3
230.13,3.957,469.01,0.515,49.972,9,6,910.624,780.578,44.01,1.104,0.13,0.028,0.435,0,0,LOW_POWER_FACTOR,3
230.04,4.096,531.42,0.564,50.042,9,6,942.244,778.081,106.42,1.25,0.04,0.042,0.386,0,0,LOW_POWER_FACTOR,3
232.93,1.779,277.67,0.67,50.034,9,6,414.382,307.621,-147.33,0.653,2.93,0.034,0.28,0,0,LOW_POWER_FACTOR,3
228.21,4.116,535.47,0.57,50.062,10,6,939.312,771.781,110.47,1.26,1.79,0.062,0.38,0,0,LOW_POWER_FACTOR,3
231.21,2.103,334.6,0.688,50.072,10,6,486.235,352.866,-90.4,0.787,1.21,0.072,0.262,0,0,LOW_POWER_FACTOR,3
232.96,3.518,454.79,0.555,50.005,10,6,819.553,681.746,29.79,1.07,2.96,0.005,0.395,0,0,LOW_POWER_FACTOR,3
231.11,2.642,284.55,0.466,49.992,10,6,610.593,540.243,-140.45,0.67,1.11,0.008,0.484,0,0,LOW_POWER_FACTOR,3
231.12,2.882,458.9,0.689,50.023,11,6,666.088,482.755,33.9,1.08,1.12,0.023,0.261,0,0,LOW_POWER_FACTOR,3
228.71,2.343,313.48,0.585,49.898,11,6,535.868,434.606,-111.52,0.738,1.29,0.102,0.365,0,0,LOW_POWER_FACTOR,3
231.16,5.565,593.05,0.461,49.986,11,6,1286.405,1141.556,168.05,1.395,1.16,0.014,0.489,0,0,LOW_POWER_FACTOR,3
232.74,5.386,569.09,0.454,50.047,11,6,1253.538,1116.904,144.09,1.339,2.74,0.047,0.496,0,0,LOW_POWER_FACTOR,3
226.74,3.211,346.55,0.476,49.998,12,6,728.062,640.291,-78.45,0.815,3.26,0.002,0.474,0,0,LOW_POWER_FACTOR,3
229.61,2.558,351.23,0.598,49.946,12,6,587.342,470.753,-73.77,0.826,0.39,0.054,0.352,0,0,LOW_POWER_FACTOR,3
227.96,3.259,459.86,0.619,49.998,12,6,742.922,583.484,34.86,1.082,2.04,0.002,0.331,0,0,LOW_POWER_FACTOR,3
227.91,2.756,435.85,0.694,50.044,12,6,628.12,452.231,10.85,1.026,2.09,0.044,0.256,0,0,LOW_POWER_FACTOR,3
232.25,4.201,470.29,0.482,50.008,13,6,975.682,854.865,45.29,1.107,2.25,0.008,0.468,0,0,LOW_POWER_FACTOR,3
236.43,3.557,552.53,0.657,49.981,13,6,840.982,634.008,127.53,1.3,6.43,0.019,0.293,0,0,LOW_POWER_FACTOR,3
226.47,2.705,420.21,0.686,50.096,13,6,612.601,445.73,-4.79,0.989,3.53,0.096,0.264,0,0,LOW_POWER_FACTOR,3
230.59,3.94,464.25,0.511,50.016,13,6,908.525,780.95,39.25,1.092,0.59,0.016,0.439,0,0,LOW_POWER_FACTOR,3
226.32,3.982,441.55,0.49,50.007,14,6,901.206,785.602,16.55,1.039,3.68,0.007,0.46,0,0,LOW_POWER_FACTOR,3
228.64,3.142,367.1,0.511,50.076,14,6,718.387,617.512,-57.9,0.864,1.36,0.076,0.439,0,0,LOW_POWER_FACTOR,3
229.31,4.588,588.16,0.559,49.996,14,6,1052.074,872.346,163.16,1.384,0.69,0.004,0.391,0,0,LOW_POWER_FACTOR,3
229.39,1.796,260.36,0.632,50.055,14,6,411.984,319.275,-164.64,0.613,0.61,0.055,0.318,0,0,LOW_POWER_FACTOR,3
228.69,2.978,453.56,0.666,50.049,15,6,681.039,508.022,28.56,1.067,1.31,0.049,0.284,0,0,LOW_POWER_FACTOR,3
230.12,4.926,544.06,0.48,50.054,15,6,1133.571,994.446,119.06,1.28,0.12,0.054,0.47,0,0,LOW_POWER_FACTOR,3
230.48,1.831,281.0,0.666,50.018,15,6,422.009,314.798,-144.0,0.661,0.48,0.018,0.284,0,0,LOW_POWER_FACTOR,3
230.73,5.023,580.67,0.501,49.998,15,6,1158.957,1003.016,155.67,1.366,0.73,0.002,0.449,0,0,LOW_POWER_FACTOR,3
225.57,4.388,571.13,0.577,49.966,16,6,989.801,808.414,146.13,1.344,4.43,0.034,0.373,0,0,LOW_POWER_FACTOR,3
231.21,3.391,453.9,0.579,49.991,16,6,784.033,639.244,28.9,1.068,1.21,0.009,0.371,0,0,LOW_POWER_FACTOR,3
232.19,2.724,409.29,0.647,49.991,16,6,632.486,482.264,-15.71,0.963,2.19,0.009,0.303,0,0,LOW_POWER_FACTOR,3
228.67,2.674,313.1,0.512,49.953,16,6,611.464,525.238,-111.9,0.737,1.33,0.047,0.438,0,0,LOW_POWER_FACTOR,3
231.53,4.698,527.51,0.485,49.99,17,6,1087.728,951.233,-222.49,0.703,1.53,0.01,0.465,0,0,LOW_POWER_FACTOR,3
230.54,7.402,892.5,0.523,50.109,17,6,1706.457,1454.469,142.5,1.19,0.54,0.109,0.427,0,0,LOW_POWER_FACTOR,3
231.49,4.87,677.55,0.601,49.949,17,6,1127.356,901.038,-72.45,0.903,1.49,0.051,0.349,0,0,LOW_POWER_FACTOR,3
232.31,4.933,794.09,0.693,50.043,17,6,1145.985,826.184,44.09,1.059,2.31,0.043,0.257,0,0,LOW_POWER_FACTOR,3
225.66,7.578,803.73,0.47,49.989,18,6,1710.051,1509.405,53.73,1.072,4.34,0.011,0.48,0,0,LOW_POWER_FACTOR,3
231.73,9.029,954.09,0.456,50.002,18,6,2092.29,1862.096,204.09,1.272,1.73,0.002,0.494,0,0,LOW_POWER_FACTOR,3
229.39,7.731,913.35,0.515,49.952,18,6,1773.414,1520.153,163.35,1.218,0.61,0.048,0.435,0,0,LOW_POWER_FACTOR,3
230.05,6.524,936.56,0.624,49.985,18,6,1500.846,1172.798,186.56,1.249,0.05,0.015,0.326,0,0,LOW_POWER_FACTOR,3
232.43,7.797,889.83,0.491,49.937,19,6,1812.257,1578.765,139.83,1.186,2.43,0.063,0.459,0,0,LOW_POWER_FACTOR,3
230.0,4.653,590.69,0.552,49.949,19,6,1070.19,892.372,-159.31,0.788,0.0,0.051,0.398,0,0,LOW_POWER_FACTOR,3
228.93,6.269,773.5,0.539,50.024,19,6,1435.162,1208.845,23.5,1.031,1.07,0.024,0.411,0,0,LOW_POWER_FACTOR,3
226.4,4.694,535.66,0.504,50.033,19,6,1062.722,917.877,-214.34,0.714,3.6,0.033,0.446,0,0,LOW_POWER_FACTOR,3
227.98,4.828,730.79,0.664,49.936,20,6,1100.687,823.02,-19.21,0.974,2.02,0.064,0.286,0,0,LOW_POWER_FACTOR,3
228.86,4.947,562.65,0.497,49.973,20,6,1132.17,982.441,-187.35,0.75,1.14,0.027,0.453,0,0,LOW_POWER_FACTOR,3
229.03,7.126,740.95,0.454,49.954,20,6,1632.068,1454.175,-9.05,0.988,0.97,0.046,0.496,0,0,LOW_POWER_FACTOR,3
230.55,6.423,842.53,0.569,49.97,20,6,1480.823,1217.736,92.53,1.123,0.55,0.03,0.381,0,0,LOW_POWER_FACTOR,3
230.15,4.94,725.3,0.638,49.887,21,6,1136.941,875.486,-24.7,0.967,0.15,0.113,0.312,0,0,LOW_POWER_FACTOR,3
236.26,4.148,612.48,0.625,49.998,21,6,980.006,765.017,-137.52,0.817,6.26,0.002,0.325,0,0,LOW_POWER_FACTOR,3
230.6,8.113,974.73,0.521,49.97,21,6,1870.858,1596.883,224.73,1.3,0.6,0.03,0.429,0,0,LOW_POWER_FACTOR,3
232.03,5.796,720.78,0.536,50.023,21,6,1344.846,1135.343,-29.22,0.961,2.03,0.023,0.414,0,0,LOW_POWER_FACTOR,3
227.05,1.632,232.76,0.628,50.005,22,6,370.546,288.364,-117.24,0.665,2.95,0.005,0.322,0,0,LOW_POWER_FACTOR,3
229.31,3.971,472.64,0.519,50.039,22,6,910.59,778.349,122.64,1.35,0.69,0.039,0.431,0,0,LOW_POWER_FACTOR,3
230.93,1.946,275.95,0.614,50.038,22,6,449.39,354.706,-74.05,0.788,0.93,0.038,0.336,0,0,LOW_POWER_FACTOR,3
232.13,2.655,375.29,0.609,50.057,22,6,616.305,488.835,25.29,1.072,2.13,0.057,0.341,0,0,LOW_POWER_FACTOR,3
230.25,2.471,350.51,0.616,49.971,23,6,568.948,448.186,0.51,1.001,0.25,0.029,0.334,0,0,LOW_POWER_FACTOR,3
231.26,1.925,284.92,0.64,49.914,23,6,445.175,342.062,-65.08,0.814,1.26,0.086,0.31,0,0,LOW_POWER_FACTOR,3
230.41,2.385,313.26,0.57,50.01,23,6,549.528,451.517,-36.74,0.895,0.41,0.01,0.38,0,0,LOW_POWER_FACTOR,3
231.85,3.794,479.45,0.545,49.983,23,6,879.639,737.521,129.45,1.37,1.85,0.017,0.405,0,0,LOW_POWER_FACTOR,3
231.72,0.809,112.5,0.6,50.021,0,0,187.461,149.969,-17.5,0.865,1.72,0.021,0.35,1,0,LOW_POWER_FACTOR,3
229.1,1.277,175.85,0.601,50.135,0,0,292.561,233.829,45.85,1.353,0.9,0.135,0.349,1,0,LOW_POWER_FACTOR,3
232.17,1.11,149.0,0.578,49.958,0,0,257.709,210.3,19.0,1.146,2.17,0.042,0.372,1,0,LOW_POWER_FACTOR,3
227.23,1.168,133.81,0.504,50.038,0,0,265.405,229.231,3.81,1.029,2.77,0.038,0.446,1,0,LOW_POWER_FACTOR,3
232.12,1.447,185.06,0.551,49.997,1,0,335.878,280.292,55.06,1.424,2.12,0.003,0.399,1,0,LOW_POWER_FACTOR,3
232.09,0.824,90.67,0.474,49.996,1,0,191.242,168.393,-39.33,0.697,2.09,0.004,0.476,1,0,LOW_POWER_FACTOR,3
230.85,1.152,157.22,0.591,50.07,1,0,265.939,214.526,27.22,1.209,0.85,0.07,0.359,1,0,LOW_POWER_FACTOR,3
229.84,1.211,140.85,0.506,50.023,1,0,278.336,240.074,10.85,1.083,0.16,0.023,0.444,1,0,LOW_POWER_FACTOR,3
236.34,0.967,154.44,0.676,50.012,2,0,228.541,168.412,24.44,1.188,6.34,0.012,0.274,1,0,LOW_POWER_FACTOR,3
228.75,0.611,69.86,0.5,49.999,2,0,139.766,121.041,-60.14,0.537,1.25,0.001,0.45,1,0,LOW_POWER_FACTOR,3
228.6,0.882,113.86,0.565,50.066,2,0,201.625,166.359,-16.14,0.876,1.4,0.066,0.385,1,0,LOW_POWER_FACTOR,3
228.04,1.431,171.6,0.526,50.042,2,0,326.325,277.535,41.6,1.32,1.96,0.042,0.424,1,0,LOW_POWER_FACTOR,3
231.06,1.276,169.25,0.574,50.072,3,0,294.833,241.425,39.25,1.302,1.06,0.072,0.376,1,0,LOW_POWER_FACTOR,3
229.18,0.815,117.28,0.628,50.043,3,0,186.782,145.356,-12.72,0.902,0.82,0.043,0.322,1,0,LOW_POWER_FACTOR,3
229.46,1.481,170.96,0.503,50.006,3,0,339.83,293.711,40.96,1.315,0.54,0.006,0.447,1,0,LOW_POWER_FACTOR,3
229.85,0.479,71.39,0.648,49.952,3,0,110.098,83.855,-58.61,0.549,0.15,0.048,0.302,1,0,LOW_POWER_FACTOR,3
230.79,1.461,155.76,0.462,49.923,4,0,337.184,299.042,25.76,1.198,0.79,0.077,0.488,1,0,LOW_POWER_FACTOR,3
231.84,1.049,135.24,0.556,50.006,4,0,243.2,202.144,5.24,1.04,1.84,0.006,0.394,1,0,LOW_POWER_FACTOR,3
228.79,1.073,117.87,0.48,50.002,4,0,245.492,215.362,-12.13,0.907,1.21,0.002,0.47,1,0,LOW_POWER_FACTOR,3
231.55,1.031,133.68,0.56,50.024,4,0,238.728,197.784,3.68,1.028,1.55,0.024,0.39,1,0,LOW_POWER_FACTOR,3
233.89,1.114,120.65,0.463,50.01,5,0,260.553,230.944,-9.35,0.928,3.89,0.01,0.487,1,0,LOW_POWER_FACTOR,3
230.83,0.739,77.63,0.455,49.963,5,0,170.583,151.903,-52.37,0.597,0.83,0.037,0.495,1,0,LOW_POWER_FACTOR,3
231.72,1.124,180.3,0.692,50.03,5,0,260.453,188.021,50.3,1.387,1.72,0.03,0.258,1,0,LOW_POWER_FACTOR,3
227.23,0.902,137.94,0.673,49.935,5,0,204.961,151.598,7.94,1.061,2.77,0.065,0.277,1,0,LOW_POWER_FACTOR,3
228.85,5.467,669.29,0.535,50.104,6,0,1251.123,1057.014,169.29,1.339,1.15,0.104,0.415,0,0,LOW_POWER_FACTOR,3
230.38,3.377,446.55,0.574,49.969,6,0,777.993,637.064,-53.45,0.893,0.38,0.031,0.376,0,0,LOW_POWER_FACTOR,3
232.4,3.256,389.64,0.515,50.02,6,0,756.694,648.631,-110.36,0.779,2.4,0.02,0.435,0,0,LOW_POWER_FACTOR,3
234.57,2.682,430.38,0.684,49.965,6,0,629.117,458.929,-69.62,0.861,4.57,0.035,0.266,0,0,LOW_POWER_FACTOR,3
228.66,2.497,393.36,0.689,49.998,7,0,570.964,413.813,-106.64,0.787,1.34,0.002,0.261,0,0,LOW_POWER_FACTOR,3
228.26,3.705,584.43,0.691,50.028,7,0,845.703,611.321,84.43,1.169,1.74,0.028,0.259,0,0,LOW_POWER_FACTOR,3
229.72,4.663,627.76,0.586,50.03,7,0,1071.184,867.993,127.76,1.256,0.28,0.03,0.364,0,0,LOW_POWER_FACTOR,3
230.43,4.465,625.56,0.608,49.978,7,0,1028.87,816.858,125.56,1.251,0.43,0.022,0.342,0,0,LOW_POWER_FACTOR,3
232.25,3.452,556.42,0.694,49.905,8,0,801.727,577.223,56.42,1.113,2.25,0.095,0.256,0,0,LOW_POWER_FACTOR,3
231.76,4.482,537.08,0.517,49.961,8,0,1038.748,889.153,37.08,1.074,1.76,0.039,0.433,0,0,LOW_POWER_FACTOR,3
228.12,2.752,439.38,0.7,50.115,8,0,627.786,448.329,-60.62,0.879,1.88,0.115,0.25,0,0,LOW_POWER_FACTOR,3
230.28,4.302,673.68,0.68,49.869,8,0,990.665,726.367,173.68,1.347,0.28,0.131,0.27,0,0,LOW_POWER_FACTOR,3
230.18,3.623,565.46,0.678,50.115,9,0,833.942,612.999,140.46,1.33,0.18,0.115,0.272,0,0,LOW_POWER_FACTOR,3
230.87,3.29,489.88,0.645,50.061,9,0,759.562,580.444,64.88,1.153,0.87,0.061,0.305,0,0,LOW_POWER_FACTOR,3
226.0,3.246,462.23,0.63,50.006,9,0,733.596,569.707,37.23,1.088,4.0,0.006,0.32,0,0,LOW_POWER_FACTOR,3
228.26,2.112,293.62,0.609,50.02,9,0,482.085,382.376,-131.38,0.691,1.74,0.02,0.341,0,0,LOW_POWER_FACTOR,3
226.58,3.712,436.5,0.519,49.96,10,0,841.065,718.921,11.5,1.027,3.42,0.04,0.431,0,0,LOW_POWER_FACTOR,3
230.11,2.607,369.48,0.616,49.994,10,0,599.897,472.566,-55.52,0.869,0.11,0.006,0.334,0,0,LOW_POWER_FACTOR,3
232.5,3.529,430.77,0.525,49.912,10,0,820.492,698.323,5.77,1.014,2.5,0.088,0.425,0,0,LOW_POWER_FACTOR,3
232.36,3.109,325.82,0.451,50.001,10,0,722.407,644.766,-99.18,0.767,2.36,0.001,0.499,0,0,LOW_POWER_FACTOR,3
228.19,4.482,475.54,0.465,50.089,11,0,1022.748,905.449,50.54,1.119,1.81,0.089,0.485,0,0,LOW_POWER_FACTOR,3
230.63,2.567,267.58,0.452,50.007,11,0,592.027,528.099,-157.42,0.63,0.63,0.007,0.498,0,0,LOW_POWER_FACTOR,3
231.73,5.072,541.85,0.461,50.057,11,0,1175.335,1042.992,116.85,1.275,1.73,0.057,0.489,0,0,LOW_POWER_FACTOR,3
229.9,3.332,533.99,0.697,49.989,11,0,766.027,549.296,108.99,1.256,0.1,0.011,0.253,0,0,LOW_POWER_FACTOR,3
232.13,3.611,395.64,0.472,50.003,12,0,838.221,738.975,-29.36,0.931,2.13,0.003,0.478,0,0,LOW_POWER_FACTOR,3
232.67,2.405,311.7,0.557,49.971,12,0,559.571,464.731,-113.3,0.733,2.67,0.029,0.393,0,0,LOW_POWER_FACTOR,3
231.38,3.829,558.11,0.63,49.962,12,0,885.954,688.028,133.11,1.313,1.38,0.038,0.32,0,0,LOW_POWER_FACTOR,3
229.0,4.112,492.44,0.523,50.033,12,0,941.648,802.597,67.44,1.159,1.0,0.033,0.427,0,0,LOW_POWER_FACTOR,3
228.39,2.635,368.94,0.613,50.032,13,0,601.808,475.478,-56.06,0.868,1.61,0.032,0.337,0,0,LOW_POWER_FACTOR,3
228.64,4.306,446.94,0.454,49.993,13,0,984.524,877.212,21.94,1.052,1.36,0.007,0.496,0,0,LOW_POWER_FACTOR,3
230.65,1.691,270.3,0.693,50.044,13,0,390.029,281.187,-154.7,0.636,0.65,0.044,0.257,0,0,LOW_POWER_FACTOR,3
227.92,3.583,476.12,0.583,50.086,13,0,816.637,663.495,51.12,1.12,2.08,0.086,0.367,0,0,LOW_POWER_FACTOR,3
230.44,4.001,487.76,0.529,50.001,14,0,921.99,782.421,62.76,1.148,0.44,0.001,0.421,0,0,LOW_POWER_FACTOR,3
232.2,1.827,269.78,0.636,49.943,14,0,424.229,327.373,-155.22,0.635,2.2,0.057,0.314,0,0,LOW_POWER_FACTOR,3
228.61,2.743,311.68,0.497,49.945,14,0,627.077,544.147,-113.32,0.733,1.39,0.055,0.453,0,0,LOW_POWER_FACTOR,3
230.18,2.066,301.98,0.635,49.99,14,0,475.552,367.37,-123.02,0.711,0.18,0.01,0.315,0,0,LOW_POWER_FACTOR,3
229.24,2.857,420.4,0.642,50.011,15,0,654.939,502.145,-4.6,0.989,0.76,0.011,0.308,0,0,LOW_POWER_FACTOR,3
233.26,3.16,476.12,0.646,49.995,15,0,737.102,562.657,51.12,1.12,3.26,0.005,0.304,0,0,LOW_POWER_FACTOR,3
228.4,3.089,388.77,0.551,50.052,15,0,705.528,588.766,-36.23,0.915,1.6,0.052,0.399,0,0,LOW_POWER_FACTOR,3
229.66,1.915,258.54,0.588,50.023,15,0,439.799,355.736,-166.46,0.608,0.34,0.023,0.362,0,0,LOW_POWER_FACTOR,3
232.27,3.062,362.77,0.51,50.021,16,0,711.211,611.765,-62.23,0.854,2.27,0.021,0.44,0,0,LOW_POWER_FACTOR,3
230.2,2.569,385.01,0.651,50.001,16,0,591.384,448.906,-39.99,0.906,0.2,0.001,0.299,0,0,LOW_POWER_FACTOR,3
231.82,2.253,356.16,0.682,49.999,16,0,522.29,381.978,-68.84,0.838,1.82,0.001,0.268,0,0,LOW_POWER_FACTOR,3
227.84,2.457,311.24,0.556,49.878,16,0,559.803,465.298,-113.76,0.732,2.16,0.122,0.394,0,0,LOW_POWER_FACTOR,3
229.35,5.744,687.64,0.522,50.011,17,0,1317.386,1123.659,-62.36,0.917,0.65,0.011,0.428,0,0,LOW_POWER_FACTOR,3
232.99,7.432,947.18,0.547,49.963,17,0,1731.582,1449.563,197.18,1.263,2.99,0.037,0.403,0,0,LOW_POWER_FACTOR,3
230.07,7.02,773.67,0.479,50.013,17,0,1615.091,1417.751,23.67,1.032,0.07,0.013,0.471,0,0,LOW_POWER_FACTOR,3
227.22,7.497,771.68,0.453,50.056,17,0,1703.468,1518.66,21.68,1.029,2.78,0.056,0.497,0,0,LOW_POWER_FACTOR,3
230.38,5.245,571.6,0.473,49.995,18,0,1208.343,1064.626,-178.4,0.762,0.38,0.005,0.477,0,0,LOW_POWER_FACTOR,3
227.5,6.705,944.16,0.619,49.984,18,0,1525.388,1198.026,194.16,1.259,2.5,0.016,0.331,0,0,LOW_POWER_FACTOR,3
229.59,4.616,692.05,0.653,49.935,18,0,1059.787,802.638,-57.95,0.923,0.41,0.065,0.297,0,0,LOW_POWER_FACTOR,3
231.24,6.087,874.15,0.621,49.927,18,0,1407.558,1103.259,124.15,1.166,1.24,0.073,0.329,0,0,LOW_POWER_FACTOR,3
230.32,6.29,973.57,0.672,49.937,19,0,1448.713,1072.846,223.57,1.298,0.32,0.063,0.278,0,0,LOW_POWER_FACTOR,3
229.15,6.193,949.38,0.669,49.96,19,0,1419.126,1054.783,199.38,1.266,0.85,0.04,0.281,0,0,LOW_POWER_FACTOR,3
232.07,4.271,572.93,0.578,50.046,19,0,991.171,808.832,-177.07,0.764,2.07,0.046,0.372,0,0,LOW_POWER_FACTOR,3
232.65,4.8,648.88,0.581,49.908,19,0,1116.72,908.902,-101.12,0.865,2.65,0.092,0.369,0,0,LOW_POWER_FACTOR,3
226.37,6.109,838.06,0.606,49.89,20,0,1382.894,1100.044,88.06,1.117,3.63,0.11,0.344,0,0,LOW_POWER_FACTOR,3
232.57,7.204,765.65,0.457,50.025,20,0,1675.434,1490.243,15.65,1.021,2.57,0.025,0.493,0,0,LOW_POWER_FACTOR,3
230.87,6.473,938.53,0.628,50.032,20,0,1494.422,1162.979,188.53,1.251,0.87,0.032,0.322,0,0,LOW_POWER_FACTOR,3
235.85,8.507,914.96,0.456,50.072,20,0,2006.376,1785.634,164.96,1.22,5.85,0.072,0.494,0,0,LOW_POWER_FACTOR,3
232.22,8.425,925.36,0.473,49.991,21,0,1956.454,1723.758,175.36,1.234,2.22,0.009,0.477,0,0,LOW_POWER_FACTOR,3
234.9,9.332,986.48,0.45,49.934,21,0,2192.087,1957.596,236.48,1.315,4.9,0.066,0.5,0,0,LOW_POWER_FACTOR,3
231.07,4.744,761.91,0.695,50.073,21,0,1096.196,788.176,11.91,1.016,1.07,0.073,0.255,0,0,LOW_POWER_FACTOR,3
230.84,7.663,826.1,0.467,50.007,21,0,1768.927,1564.187,76.1,1.101,0.84,0.007,0.483,0,0,LOW_POWER_FACTOR,3
228.52,2.212,321.52,0.636,49.999,22,0,505.486,390.078,-28.48,0.919,1.48,0.001,0.314,0,0,LOW_POWER_FACTOR,3
231.64,2.479,392.17,0.683,49.923,22,0,574.236,419.432,42.17,1.12,1.64,0.077,0.267,0,0,LOW_POWER_FACTOR,3
231.03,4.224,440.13,0.451,49.977,22,0,975.871,870.988,90.13,1.258,1.03,0.023,0.499,0,0,LOW_POWER_FACTOR,3
231.43,3.311,445.14,0.581,50.052,22,0,766.265,623.666,95.14,1.272,1.43,0.052,0.369,0,0,LOW_POWER_FACTOR,3
230.42,3.021,354.27,0.509,50.062,23,0,696.099,599.179,4.27,1.012,0.42,0.062,0.441,0,0,LOW_POWER_FACTOR,3
228.74,2.662,322.08,0.529,50.006,23,0,608.906,516.731,-27.92,0.92,1.26,0.006,0.421,0,0,LOW_POWER_FACTOR,3
229.73,3.474,379.87,0.476,50.005,23,0,798.082,701.869,29.87,1.085,0.27,0.005,0.474,0,0,LOW_POWER_FACTOR,3
231.66,2.78,290.5,0.451,49.982,23,0,644.015,574.799,-59.5,0.83,1.66,0.018,0.499,0,0,LOW_POWER_FACTOR,3
229.02,0.847,119.9,0.618,50.002,0,1,193.98,152.503,-10.1,0.922,0.98,0.002,0.332,1,0,LOW_POWER_FACTOR,3
229.31,1.15,148.25,0.562,50.026,0,1,263.707,218.121,18.25,1.14,0.69,0.026,0.388,1,0,LOW_POWER_FACTOR,3
229.39,0.949,131.74,0.605,49.84,0,1,217.691,173.331,1.74,1.013,0.61,0.16,0.345,1,0,LOW_POWER_FACTOR,3
230.68,0.573,82.0,0.62,49.915,0,1,132.18,103.708,-48.0,0.631,0.68,0.085,0.33,1,0,LOW_POWER_FACTOR,3
226.38,1.1,147.71,0.593,50.012,1,1,249.018,200.51,17.71,1.136,3.62,0.012,0.357,1,0,LOW_POWER_FACTOR,3
228.68,0.973,122.42,0.55,49.949,1,1,222.506,185.829,-7.58,0.942,1.32,0.051,0.4,1,0,LOW_POWER_FACTOR,3
229.5,1.017,117.61,0.504,49.926,1,1,233.401,201.59,-12.39,0.905,0.5,0.074,0.446,1,0,LOW_POWER_FACTOR,3
232.43,1.512,170.07,0.484,50.02,1,1,351.434,307.529,40.07,1.308,2.43,0.02,0.466,1,0,LOW_POWER_FACTOR,3
230.92,1.022,134.71,0.571,50.022,2,1,236.0,193.744,4.71,1.036,0.92,0.022,0.379,1,0,LOW_POWER_FACTOR,3
229.76,1.016,142.67,0.611,50.034,2,1,233.436,184.795,12.67,1.097,0.24,0.034,0.339,1,0,LOW_POWER_FACTOR,3
225.58,0.59,90.9,0.683,50.012,2,1,133.092,97.213,-39.1,0.699,4.42,0.012,0.267,1,0,LOW_POWER_FACTOR,3
233.33,0.882,119.71,0.582,50.028,2,1,205.797,167.352,-10.29,0.921,3.33,0.028,0.368,1,0,LOW_POWER_FACTOR,3
227.97,1.196,136.27,0.5,49.999,3,1,272.652,236.124,6.27,1.048,2.03,0.001,0.45,1,0,LOW_POWER_FACTOR,3
232.01,0.662,100.94,0.657,50.03,3,1,153.591,115.791,-29.06,0.776,2.01,0.03,0.293,1,0,LOW_POWER_FACTOR,3
230.23,1.754,191.02,0.473,49.952,3,1,403.823,355.794,61.02,1.469,0.23,0.048,0.477,1,0,LOW_POWER_FACTOR,3
229.73,0.639,79.36,0.541,50.135,3,1,146.797,123.46,-50.64,0.61,0.27,0.135,0.409,1,0,LOW_POWER_FACTOR,3
230.04,1.23,140.61,0.497,49.973,4,1,282.949,245.529,10.61,1.082,0.04,0.027,0.453,1,0,LOW_POWER_FACTOR,3
232.74,0.466,69.9,0.645,49.981,4,1,108.457,82.881,-60.1,0.538,2.74,0.019,0.305,1,0,LOW_POWER_FACTOR,3
227.42,1.235,160.64,0.572,50.096,4,1,280.864,230.379,30.64,1.236,2.58,0.096,0.378,1,0,LOW_POWER_FACTOR,3
228.35,1.341,176.39,0.576,50.124,4,1,306.217,250.317,46.39,1.357,1.65,0.124,0.374,1,0,LOW_POWER_FACTOR,3
226.4,1.093,135.83,0.549,50.061,5,1,247.455,206.829,5.83,1.045,3.6,0.061,0.401,1,0,LOW_POWER_FACTOR,3
230.17,1.262,164.64,0.567,49.959,5,1,290.475,239.269,34.64,1.266,0.17,0.041,0.383,1,0,LOW_POWER_FACTOR,3
230.91,0.699,109.21,0.677,50.114,5,1,161.406,118.792,-20.79,0.84,0.91,0.114,0.273,1,0,LOW_POWER_FACTOR,3
232.12,1.22,179.56,0.634,50.036,5,1,283.186,218.997,49.56,1.381,2.12,0.036,0.316,1,0,LOW_POWER_FACTOR,3
229.03,4.396,611.11,0.607,49.976,6,1,1006.816,800.118,111.11,1.222,0.97,0.024,0.343,0,0,LOW_POWER_FACTOR,3
231.46,4.297,608.75,0.612,50.1,6,1,994.584,786.574,108.75,1.218,1.46,0.1,0.338,0,0,LOW_POWER_FACTOR,3
230.57,4.193,603.3,0.624,49.893,6,1,966.78,755.465,103.3,1.207,0.57,0.107,0.326,0,0,LOW_POWER_FACTOR,3
228.98,2.781,398.59,0.626,49.883,6,1,636.793,496.586,-101.41,0.797,1.02,0.117,0.324,0,0,LOW_POWER_FACTOR,3
232.55,4.418,606.11,0.59,50.0,7,1,1027.406,829.531,106.11,1.212,2.55,0.0,0.36,0,0,LOW_POWER_FACTOR,3
230.06,3.643,546.49,0.652,50.028,7,1,838.109,635.47,46.49,1.093,0.06,0.028,0.298,0,0,LOW_POWER_FACTOR,3
232.97,2.942,377.01,0.55,49.967,7,1,685.398,572.42,-122.99,0.754,2.97,0.033,0.4,0,0,LOW_POWER_FACTOR,3
229.73,2.871,425.4,0.645,49.983,7,1,659.555,504.02,-74.6,0.851,0.27,0.017,0.305,0,0,LOW_POWER_FACTOR,3
224.61,2.766,414.39,0.667,49.99,8,1,621.271,462.883,-85.61,0.829,5.39,0.01,0.283,0,0,LOW_POWER_FACTOR,3
230.06,3.061,367.64,0.522,49.985,8,1,704.214,600.656,-132.36,0.735,0.06,0.015,0.428,0,0,LOW_POWER_FACTOR,3
227.72,3.165,490.14,0.68,49.863,8,1,720.734,528.451,-9.86,0.98,2.28,0.137,0.27,0,0,LOW_POWER_FACTOR,3
226.44,4.141,575.68,0.614,49.976,8,1,937.688,740.123,75.68,1.151,3.56,0.024,0.336,0,0,LOW_POWER_FACTOR,3
227.54,3.873,508.46,0.577,50.093,9,1,881.262,719.766,83.46,1.196,2.46,0.093,0.373,0,0,LOW_POWER_FACTOR,3
227.06,3.244,482.46,0.655,50.022,9,1,736.583,556.583,57.46,1.135,2.94,0.022,0.295,0,0,LOW_POWER_FACTOR,3
226.38,4.424,550.78,0.55,49.977,9,1,1001.505,836.422,125.78,1.296,3.62,0.023,0.4,0,0,LOW_POWER_FACTOR,3
230.29,3.693,383.6,0.451,49.981,9,1,850.461,759.057,-41.4,0.903,0.29,0.019,0.499,0,0,LOW_POWER_FACTOR,3
231.57,1.725,278.84,0.698,49.949,10,1,399.458,286.051,-146.16,0.656,1.57,0.051,0.252,0,0,LOW_POWER_FACTOR,3
234.02,2.567,345.36,0.575,49.979,10,1,600.729,491.489,-79.64,0.813,4.02,0.021,0.375,0,0,LOW_POWER_FACTOR,3
230.27,5.013,532.12,0.461,49.994,10,1,1154.344,1024.365,107.12,1.252,0.27,0.006,0.489,0,0,LOW_POWER_FACTOR,3
227.86,4.323,553.63,0.562,50.048,10,1,985.039,814.762,128.63,1.303,2.14,0.048,0.388,0,0,LOW_POWER_FACTOR,3
226.23,2.691,347.04,0.57,49.939,11,1,608.785,500.205,-77.96,0.817,3.77,0.061,0.38,0,0,LOW_POWER_FACTOR,3
228.28,4.097,424.61,0.454,50.077,11,1,935.263,833.321,-0.39,0.999,1.72,0.077,0.496,0,0,LOW_POWER_FACTOR,3
232.15,1.986,277.49,0.602,49.853,11,1,461.05,368.147,-147.51,0.653,2.15,0.147,0.348,0,0,LOW_POWER_FACTOR,3
230.21,3.294,482.35,0.636,49.923,11,1,758.312,585.181,57.35,1.135,0.21,0.077,0.314,0,0,LOW_POWER_FACTOR,3
227.61,2.587,319.71,0.543,50.036,12,1,588.827,494.457,-105.29,0.752,2.39,0.036,0.407,0,0,LOW_POWER_FACTOR,3
229.35,2.082,322.78,0.676,49.951,12,1,477.507,351.875,-102.22,0.759,0.65,0.049,0.274,0,0,LOW_POWER_FACTOR,3
228.85,2.539,394.46,0.679,50.001,12,1,581.05,426.571,-30.54,0.928,1.15,0.001,0.271,0,0,LOW_POWER_FACTOR,3
232.43,3.735,530.42,0.611,50.022,12,1,868.126,687.235,105.42,1.248,2.43,0.022,0.339,0,0,LOW_POWER_FACTOR,3
231.12,5.641,601.06,0.461,50.033,13,1,1303.748,1156.946,176.06,1.414,1.12,0.033,0.489,0,0,LOW_POWER_FACTOR,3
229.37,5.07,562.88,0.484,49.964,13,1,1162.906,1017.622,137.88,1.324,0.63,0.036,0.466,0,0,LOW_POWER_FACTOR,3
229.31,2.245,336.22,0.653,49.986,13,1,514.801,389.889,-88.78,0.791,0.69,0.014,0.297,0,0,LOW_POWER_FACTOR,3
231.3,4.081,491.85,0.521,50.08,13,1,943.935,805.702,66.85,1.157,1.3,0.08,0.429,0,0,LOW_POWER_FACTOR,3
231.81,3.279,371.68,0.489,50.019,14,1,760.105,663.027,-53.32,0.875,1.81,0.019,0.461,0,0,LOW_POWER_FACTOR,3
232.7,3.333,467.63,0.603,50.024,14,1,775.589,618.719,42.63,1.1,2.7,0.024,0.347,0,0,LOW_POWER_FACTOR,3
227.6,4.848,582.6,0.528,50.037,14,1,1103.405,937.06,157.6,1.371,2.4,0.037,0.422,0,0,LOW_POWER_FACTOR,3
231.4,2.755,443.74,0.696,49.944,14,1,637.507,457.757,18.74,1.044,1.4,0.056,0.254,0,0,LOW_POWER_FACTOR,3
225.86,2.588,296.32,0.507,49.905,15,1,584.526,503.83,-128.68,0.697,4.14,0.095,0.443,0,0,LOW_POWER_FACTOR,3
231.66,3.269,411.18,0.543,50.047,15,1,757.297,635.927,-13.82,0.967,1.66,0.047,0.407,0,0,LOW_POWER_FACTOR,3
230.52,2.229,353.56,0.688,49.995,15,1,513.829,372.891,-71.44,0.832,0.52,0.005,0.262,0,0,LOW_POWER_FACTOR,3
228.91,3.133,339.96,0.474,49.962,15,1,717.175,631.49,-85.04,0.8,1.09,0.038,0.476,0,0,LOW_POWER_FACTOR,3
229.67,4.272,530.75,0.541,49.98,16,1,981.15,825.17,105.75,1.249,0.33,0.02,0.409,0,0,LOW_POWER_FACTOR,3
226.86,4.125,525.96,0.562,50.021,16,1,935.798,774.033,100.96,1.238,3.14,0.021,0.388,0,0,LOW_POWER_FACTOR,3
228.12,3.901,566.92,0.637,49.935,16,1,889.896,685.989,141.92,1.334,1.88,0.065,0.313,0,0,LOW_POWER_FACTOR,3
233.35,3.56,407.89,0.491,49.994,16,1,830.726,723.695,-17.11,0.96,3.35,0.006,0.459,0,0,LOW_POWER_FACTOR,3
225.09,6.933,722.58,0.463,49.868,17,1,1560.549,1383.206,-27.42,0.963,4.91,0.132,0.487,0,0,LOW_POWER_FACTOR,3
227.59,3.788,559.44,0.649,49.972,17,1,862.111,655.884,-190.56,0.746,2.41,0.028,0.301,0,0,LOW_POWER_FACTOR,3
227.11,5.786,737.23,0.561,50.061,17,1,1314.058,1087.798,-12.77,0.983,2.89,0.061,0.389,0,0,LOW_POWER_FACTOR,3
229.1,6.229,853.42,0.598,50.002,17,1,1427.064,1143.786,103.42,1.138,0.9,0.002,0.352,0,0,LOW_POWER_FACTOR,3
229.22,3.867,571.71,0.645,49.962,18,1,886.394,677.367,-178.29,0.762,0.78,0.038,0.305,0,0,LOW_POWER_FACTOR,3
232.95,4.219,655.51,0.667,49.976,18,1,982.816,732.255,-94.49,0.874,2.95,0.024,0.283,0,0,LOW_POWER_FACTOR,3
229.06,4.683,562.07,0.524,49.936,18,1,1072.688,913.628,-187.93,0.749,0.94,0.064,0.426,0,0,LOW_POWER_FACTOR,3
228.61,6.695,805.05,0.526,49.992,18,1,1530.544,1301.704,55.05,1.073,1.39,0.008,0.424,0,0,LOW_POWER_FACTOR,3
230.09,4.412,618.27,0.609,50.038,19,1,1015.157,805.192,-131.73,0.824,0.09,0.038,0.341,0,0,LOW_POWER_FACTOR,3
230.59,3.979,585.35,0.638,49.936,19,1,917.518,706.522,-164.65,0.78,0.59,0.064,0.312,0,0,LOW_POWER_FACTOR,3
229.93,6.049,663.4,0.477,49.995,19,1,1390.847,1222.42,-86.6,0.885,0.07,0.005,0.473,0,0,LOW_POWER_FACTOR,3
229.11,7.037,931.93,0.578,50.027,19,1,1612.247,1315.653,181.93,1.243,0.89,0.027,0.372,0,0,LOW_POWER_FACTOR,3
230.57,5.323,624.67,0.509,50.007,20,1,1227.324,1056.44,-125.33,0.833,0.57,0.007,0.441,0,0,LOW_POWER_FACTOR,3
233.46,6.78,829.37,0.524,49.918,20,1,1582.859,1348.15,79.37,1.106,3.46,0.082,0.426,0,0,LOW_POWER_FACTOR,3
225.75,8.716,971.97,0.494,49.988,20,1,1967.637,1710.785,221.97,1.296,4.25,0.012,0.456,0,0,LOW_POWER_FACTOR,3
229.59,6.642,928.67,0.609,49.964,20,1,1524.937,1209.534,178.67,1.238,0.41,0.036,0.341,0,0,LOW_POWER_FACTOR,3
229.74,3.73,593.01,0.692,50.027,21,1,856.93,618.616,-156.99,0.791,0.26,0.027,0.258,0,0,LOW_POWER_FACTOR,3
229.1,5.627,660.03,0.512,50.035,21,1,1289.146,1107.357,-89.97,0.88,0.9,0.035,0.438,0,0,LOW_POWER_FACTOR,3
228.67,7.159,869.27,0.531,49.97,21,1,1637.049,1387.189,119.27,1.159,1.33,0.03,0.419,0,0,LOW_POWER_FACTOR,3
231.05,7.423,852.41,0.497,50.1,21,1,1715.084,1488.265,102.41,1.137,1.05,0.1,0.453,0,0,LOW_POWER_FACTOR,3
231.18,1.927,265.95,0.597,50.0,22,1,445.484,357.386,-84.05,0.76,1.18,0.0,0.353,0,0,LOW_POWER_FACTOR,3
227.41,1.987,240.36,0.532,49.972,22,1,451.864,382.613,-109.64,0.687,2.59,0.028,0.418,0,0,LOW_POWER_FACTOR,3
229.95,2.11,236.8,0.488,49.998,22,1,485.194,423.499,-113.2,0.677,0.05,0.002,0.462,0,0,LOW_POWER_FACTOR,3
228.98,1.751,275.78,0.688,49.836,22,1,400.944,290.969,-74.22,0.788,1.02,0.164,0.262,0,0,LOW_POWER_FACTOR,3
229.78,2.753,399.14,0.631,49.984,23,1,632.584,490.748,49.14,1.14,0.22,0.016,0.319,0,0,LOW_POWER_FACTOR,3
231.63,3.902,418.45,0.463,49.938,23,1,903.82,801.109,68.45,1.196,1.63,0.062,0.487,0,0,LOW_POWER_FACTOR,3
229.92,3.178,410.6,0.562,50.031,23,1,730.686,604.377,60.6,1.173,0.08,0.031,0.388,0,0,LOW_POWER_FACTOR,3
231.68,1.653,265.02,0.692,49.964,23,1,382.967,276.463,-84.98,0.757,1.68,0.036,0.258,0,0,LOW_POWER_FACTOR,3
233.41,0.719,98.11,0.585,49.965,0,2,167.822,136.109,-31.89,0.755,3.41,0.035,0.365,1,0,LOW_POWER_FACTOR,3
231.22,1.272,166.21,0.565,49.992,0,2,294.112,242.669,36.21,1.279,1.22,0.008,0.385,1,0,LOW_POWER_FACTOR,3
228.59,1.561,162.67,0.456,50.093,0,2,356.829,317.571,32.67,1.251,1.41,0.093,0.494,1,0,LOW_POWER_FACTOR,3
231.65,0.751,107.64,0.619,49.982,0,2,173.969,136.634,-22.36,0.828,1.65,0.018,0.331,1,0,LOW_POWER_FACTOR,3
232.05,1.118,118.28,0.456,50.005,1,2,259.432,230.889,-11.72,0.91,2.05,0.005,0.494,1,0,LOW_POWER_FACTOR,3
226.98,1.228,183.99,0.66,50.129,1,2,278.731,209.401,53.99,1.415,3.02,0.129,0.29,1,0,LOW_POWER_FACTOR,3
229.11,1.014,134.56,0.579,50.108,1,2,232.318,189.415,4.56,1.035,0.89,0.108,0.371,1,0,LOW_POWER_FACTOR,3
231.97,0.784,118.99,0.654,50.034,1,2,181.864,137.579,-11.01,0.915,1.97,0.034,0.296,1,0,LOW_POWER_FACTOR,3
231.05,0.767,99.0,0.559,49.978,2,2,177.215,146.941,-31.0,0.762,1.05,0.022,0.391,1,0,LOW_POWER_FACTOR,3
229.04,0.804,104.1,0.565,49.903,2,2,184.148,151.939,-25.9,0.801,0.96,0.097,0.385,1,0,LOW_POWER_FACTOR,3
227.37,1.029,124.69,0.533,50.009,2,2,233.964,197.96,-5.31,0.959,2.63,0.009,0.417,1,0,LOW_POWER_FACTOR,3
227.95,0.898,139.59,0.682,50.034,2,2,204.699,149.707,9.59,1.074,2.05,0.034,0.268,1,0,LOW_POWER_FACTOR,3
234.26,0.908,103.17,0.485,50.03,3,2,212.708,186.016,-26.83,0.794,4.26,0.03,0.465,1,0,LOW_POWER_FACTOR,3
229.96,1.272,158.2,0.541,50.079,3,2,292.509,246.007,28.2,1.217,0.04,0.079,0.409,1,0,LOW_POWER_FACTOR,3
227.65,1.407,163.65,0.511,49.935,3,2,320.304,275.327,33.65,1.259,2.35,0.065,0.439,1,0,LOW_POWER_FACTOR,3
233.22,0.98,115.15,0.504,50.03,3,2,228.556,197.404,-14.85,0.886,3.22,0.03,0.446,1,0,LOW_POWER_FACTOR,3
230.93,1.489,174.33,0.507,49.995,4,2,343.855,296.384,44.33,1.341,0.93,0.005,0.443,1,0,LOW_POWER_FACTOR,3
230.6,0.767,122.88,0.695,49.9,4,2,176.87,127.171,-7.12,0.945,0.6,0.1,0.255,1,0,LOW_POWER_FACTOR,3
232.26,1.117,160.78,0.62,49.966,4,2,259.434,203.553,30.78,1.237,2.26,0.034,0.33,1,0,LOW_POWER_FACTOR,3
230.54,0.929,105.55,0.493,50.029,4,2,214.172,186.336,-24.45,0.812,0.54,0.029,0.457,1,0,LOW_POWER_FACTOR,3
230.3,1.571,179.44,0.496,49.997,5,2,361.801,314.16,49.44,1.38,0.3,0.003,0.454,1,0,LOW_POWER_FACTOR,3
230.95,1.138,167.22,0.636,50.037,5,2,262.821,202.816,37.22,1.286,0.95,0.037,0.314,1,0,LOW_POWER_FACTOR,3
227.18,0.779,105.28,0.595,49.944,5,2,176.973,142.238,-24.72,0.81,2.82,0.056,0.355,1,0,LOW_POWER_FACTOR,3
231.17,0.825,111.76,0.586,49.935,5,2,190.715,154.539,-18.24,0.86,1.17,0.065,0.364,1,0,LOW_POWER_FACTOR,3
230.35,2.994,439.3,0.637,50.029,6,2,689.668,531.64,-60.7,0.879,0.35,0.029,0.313,0,0,LOW_POWER_FACTOR,3
231.97,3.244,439.5,0.584,50.017,6,2,752.511,610.853,-60.5,0.879,1.97,0.017,0.366,0,0,LOW_POWER_FACTOR,3
229.84,3.878,615.02,0.69,49.963,6,2,891.32,645.145,115.02,1.23,0.16,0.037,0.26,0,0,LOW_POWER_FACTOR,3
229.61,5.519,609.49,0.481,50.013,6,2,1267.218,1110.996,109.49,1.219,0.39,0.013,0.469,0,0,LOW_POWER_FACTOR,3
227.04,4.637,567.39,0.539,49.962,7,2,1052.784,886.766,67.39,1.135,2.96,0.038,0.411,0,0,LOW_POWER_FACTOR,3
231.91,4.782,533.41,0.481,49.935,7,2,1108.994,972.278,33.41,1.067,1.91,0.065,0.469,0,0,LOW_POWER_FACTOR,3
231.66,4.201,602.48,0.619,50.012,7,2,973.204,764.345,102.48,1.205,1.66,0.012,0.331,0,0,LOW_POWER_FACTOR,3
228.45,5.158,628.11,0.533,49.969,7,2,1178.345,997.016,128.11,1.256,1.55,0.031,0.417,0,0,LOW_POWER_FACTOR,3
227.64,4.563,502.79,0.484,50.017,8,2,1038.721,908.952,2.79,1.006,2.36,0.017,0.466,0,0,LOW_POWER_FACTOR,3
234.17,5.615,612.74,0.466,50.0,8,2,1314.865,1163.372,112.74,1.225,4.17,0.0,0.484,0,0,LOW_POWER_FACTOR,3
229.36,4.694,656.72,0.61,49.983,8,2,1076.616,853.112,156.72,1.313,0.64,0.017,0.34,0,0,LOW_POWER_FACTOR,3
232.14,2.187,321.91,0.634,50.032,8,2,507.69,392.614,-178.09,0.644,2.14,0.032,0.316,0,0,LOW_POWER_FACTOR,3
229.15,1.784,256.3,0.627,49.96,9,2,408.804,318.466,-168.7,0.603,0.85,0.04,0.323,0,0,LOW_POWER_FACTOR,3
227.43,3.584,429.62,0.527,49.988,9,2,815.109,692.733,4.62,1.011,2.57,0.012,0.423,0,0,LOW_POWER_FACTOR,3
231.68,3.124,434.98,0.601,50.087,9,2,723.768,578.471,9.98,1.023,1.68,0.087,0.349,0,0,LOW_POWER_FACTOR,3
230.9,3.681,382.45,0.45,50.027,9,2,849.943,759.023,-42.55,0.9,0.9,0.027,0.5,0,0,LOW_POWER_FACTOR,3
232.43,3.412,506.83,0.639,50.038,10,2,793.051,610.02,81.83,1.193,2.43,0.038,0.311,0,0,LOW_POWER_FACTOR,3
231.5,3.367,501.95,0.644,50.023,10,2,779.461,596.307,76.95,1.181,1.5,0.023,0.306,0,0,LOW_POWER_FACTOR,3
228.26,2.713,416.75,0.673,49.992,10,2,619.269,458.038,-8.25,0.981,1.74,0.008,0.277,0,0,LOW_POWER_FACTOR,3
223.44,3.088,458.08,0.664,50.025,10,2,689.983,515.923,33.08,1.078,6.56,0.025,0.286,0,0,LOW_POWER_FACTOR,3
230.41,3.328,436.35,0.569,49.987,11,2,766.804,630.572,11.35,1.027,0.41,0.013,0.381,0,0,LOW_POWER_FACTOR,3
231.5,1.929,266.53,0.597,50.0,11,2,446.564,358.252,-158.47,0.627,1.5,0.0,0.353,0,0,LOW_POWER_FACTOR,3
227.74,2.462,389.15,0.694,50.07,11,2,560.696,403.687,-35.85,0.916,2.26,0.07,0.256,0,0,LOW_POWER_FACTOR,3
229.9,4.007,544.46,0.591,49.984,11,2,921.209,743.113,119.46,1.281,0.1,0.016,0.359,0,0,LOW_POWER_FACTOR,3
228.2,3.198,378.8,0.519,50.058,12,2,729.784,623.8,-46.2,0.891,1.8,0.058,0.431,0,0,LOW_POWER_FACTOR,3
228.32,4.441,549.54,0.542,49.934,12,2,1013.969,852.118,124.54,1.293,1.68,0.066,0.408,0,0,LOW_POWER_FACTOR,3
232.56,3.141,487.99,0.668,49.996,12,2,730.471,543.588,62.99,1.148,2.56,0.004,0.282,0,0,LOW_POWER_FACTOR,3
230.77,2.436,315.43,0.561,50.018,12,2,562.156,465.361,-109.57,0.742,0.77,0.018,0.389,0,0,LOW_POWER_FACTOR,3
229.26,2.147,298.82,0.607,49.993,13,2,492.221,391.169,-126.18,0.703,0.74,0.007,0.343,0,0,LOW_POWER_FACTOR,3
230.82,2.791,325.32,0.505,49.951,13,2,644.219,556.038,-99.68,0.765,0.82,0.049,0.445,0,0,LOW_POWER_FACTOR,3
232.99,3.814,446.92,0.503,50.133,13,2,888.624,768.026,21.92,1.052,2.99,0.133,0.447,0,0,LOW_POWER_FACTOR,3
231.84,3.296,391.27,0.512,50.057,13,2,764.145,656.389,-33.73,0.921,1.84,0.057,0.438,0,0,LOW_POWER_FACTOR,3
229.0,3.534,460.5,0.569,50.014,14,2,809.286,665.506,35.5,1.084,1.0,0.014,0.381,0,0,LOW_POWER_FACTOR,3
226.84,2.073,321.68,0.684,49.994,14,2,470.239,343.031,-103.32,0.757,3.16,0.006,0.266,0,0,LOW_POWER_FACTOR,3
229.69,2.144,250.61,0.509,50.033,14,2,492.455,423.889,-174.39,0.59,0.31,0.033,0.441,0,0,LOW_POWER_FACTOR,3
228.76,2.32,292.91,0.552,49.956,14,2,530.723,442.54,-132.09,0.689,1.24,0.044,0.398,0,0,LOW_POWER_FACTOR,3
232.1,2.132,263.76,0.533,49.996,15,2,494.837,418.689,-161.24,0.621,2.1,0.004,0.417,0,0,LOW_POWER_FACTOR,3
227.8,3.584,462.97,0.567,50.028,15,2,816.435,672.512,37.97,1.089,2.2,0.028,0.383,0,0,LOW_POWER_FACTOR,3
228.33,3.555,526.05,0.648,50.093,15,2,811.713,618.233,101.05,1.238,1.67,0.093,0.302,0,0,LOW_POWER_FACTOR,3
228.06,3.459,395.99,0.502,50.015,15,2,788.86,682.259,-29.01,0.932,1.94,0.015,0.448,0,0,LOW_POWER_FACTOR,3
229.05,4.133,567.93,0.6,50.042,16,2,946.664,757.331,142.93,1.336,0.95,0.042,0.35,0,0,LOW_POWER_FACTOR,3
230.1,2.295,265.66,0.503,49.958,16,2,528.079,456.412,-159.34,0.625,0.1,0.042,0.447,0,0,LOW_POWER_FACTOR,3
228.58,2.687,338.43,0.551,49.962,16,2,614.194,512.548,-86.57,0.796,1.42,0.038,0.399,0,0,LOW_POWER_FACTOR,3
231.93,3.991,522.12,0.564,49.934,16,2,925.633,764.364,97.12,1.229,1.93,0.066,0.386,0,0,LOW_POWER_FACTOR,3
232.11,5.089,757.17,0.641,50.022,17,2,1181.208,906.625,7.17,1.01,2.11,0.022,0.309,0,0,LOW_POWER_FACTOR,3
232.22,5.592,890.82,0.686,50.064,17,2,1298.574,944.845,140.82,1.188,2.22,0.064,0.264,0,0,LOW_POWER_FACTOR,3
234.32,4.751,572.22,0.514,49.944,17,2,1113.254,954.939,-177.78,0.763,4.32,0.056,0.436,0,0,LOW_POWER_FACTOR,3
229.82,5.048,678.71,0.585,50.025,17,2,1160.131,940.905,-71.29,0.905,0.18,0.025,0.365,0,0,LOW_POWER_FACTOR,3
227.74,4.006,530.06,0.581,50.006,18,2,912.326,742.546,-219.94,0.707,2.26,0.006,0.369,0,0,LOW_POWER_FACTOR,3
228.23,7.382,882.79,0.524,49.974,18,2,1684.794,1434.97,132.79,1.177,1.77,0.026,0.426,0,0,LOW_POWER_FACTOR,3
231.84,5.335,665.45,0.538,50.088,18,2,1236.866,1042.61,-84.55,0.887,1.84,0.088,0.412,0,0,LOW_POWER_FACTOR,3
230.37,4.365,581.22,0.578,50.03,18,2,1005.565,820.578,-168.78,0.775,0.37,0.03,0.372,0,0,LOW_POWER_FACTOR,3
225.58,3.871,556.27,0.637,49.983,19,2,873.22,673.134,-193.73,0.742,4.42,0.017,0.313,0,0,LOW_POWER_FACTOR,3
227.2,5.647,735.21,0.573,50.022,19,2,1282.998,1051.488,-14.79,0.98,2.8,0.022,0.377,0,0,LOW_POWER_FACTOR,3
230.02,5.331,674.45,0.55,49.998,19,2,1226.237,1024.109,-75.55,0.899,0.02,0.002,0.4,0,0,LOW_POWER_FACTOR,3
230.53,6.499,961.8,0.642,50.022,19,2,1498.214,1148.688,211.8,1.282,0.53,0.022,0.308,0,0,LOW_POWER_FACTOR,3
229.56,6.516,807.7,0.54,49.978,20,2,1495.813,1258.973,57.7,1.077,0.44,0.022,0.41,0,0,LOW_POWER_FACTOR,3
229.33,7.795,827.63,0.463,50.0,20,2,1787.627,1584.478,77.63,1.104,0.67,0.0,0.487,0,0,LOW_POWER_FACTOR,3
230.1,7.661,837.3,0.475,49.944,20,2,1762.796,1551.236,87.3,1.116,0.1,0.056,0.475,0,0,LOW_POWER_FACTOR,3
228.44,4.816,521.45,0.474,49.988,20,2,1100.167,968.724,-228.55,0.695,1.56,0.012,0.476,0,0,LOW_POWER_FACTOR,3
229.0,7.335,824.7,0.491,49.971,21,2,1679.715,1463.3,74.7,1.1,1.0,0.029,0.459,0,0,LOW_POWER_FACTOR,3
228.0,3.974,527.29,0.582,49.972,21,2,906.072,736.808,-222.71,0.703,2.0,0.028,0.368,0,0,LOW_POWER_FACTOR,3
230.64,4.478,712.6,0.69,50.017,21,2,1032.806,747.555,-37.4,0.95,0.64,0.017,0.26,0,0,LOW_POWER_FACTOR,3
227.81,5.948,863.17,0.637,49.979,21,2,1355.014,1044.531,113.17,1.151,2.19,0.021,0.313,0,0,LOW_POWER_FACTOR,3
229.08,3.714,425.38,0.5,49.964,22,2,850.803,736.817,75.38,1.215,0.92,0.036,0.45,0,0,LOW_POWER_FACTOR,3
228.28,2.141,294.2,0.602,49.985,22,2,488.747,390.263,-55.8,0.841,1.72,0.015,0.348,0,0,LOW_POWER_FACTOR,3
227.37,3.437,370.45,0.474,50.043,22,2,781.471,688.104,20.45,1.058,2.63,0.043,0.476,0,0,LOW_POWER_FACTOR,3
228.96,2.092,329.99,0.689,50.005,22,2,478.984,347.149,-20.01,0.943,1.04,0.005,0.261,0,0,LOW_POWER_FACTOR,3
231.98,1.929,204.93,0.458,50.037,23,2,447.489,397.797,-145.07,0.586,1.98,0.037,0.492,0,0,LOW_POWER_FACTOR,3
227.73,3.32,460.38,0.609,49.983,23,2,756.064,599.687,110.38,1.315,2.27,0.017,0.341,0,0,LOW_POWER_FACTOR,3
231.8,1.696,222.92,0.567,50.013,23,2,393.133,323.83,-127.08,0.637,1.8,0.013,0.383,0,0,LOW_POWER_FACTOR,3
229.52,1.766,273.18,0.674,50.029,23,2,405.332,299.432,-76.82,0.781,0.48,0.029,0.276,0,0,LOW_POWER_FACTOR,3
228.1,1.228,146.18,0.522,50.016,0,3,280.107,238.916,16.18,1.124,1.9,0.016,0.428,1,0,LOW_POWER_FACTOR,3
231.86,0.838,116.39,0.599,49.916,0,3,194.299,155.584,-13.61,0.895,1.86,0.084,0.351,1,0,LOW_POWER_FACTOR,3
230.25,0.924,109.35,0.514,49.982,0,3,212.751,182.496,-20.65,0.841,0.25,0.018,0.436,1,0,LOW_POWER_FACTOR,3
232.06,0.77,106.29,0.595,49.998,0,3,178.686,143.615,-23.71,0.818,2.06,0.002,0.355,1,0,LOW_POWER_FACTOR,3
230.72,0.498,76.9,0.669,50.011,1,3,114.899,85.4,-53.1,0.592,0.72,0.011,0.281,1,0,LOW_POWER_FACTOR,3
231.49,0.492,77.83,0.683,49.925,1,3,113.893,83.19,-52.17,0.599,1.49,0.075,0.267,1,0,LOW_POWER_FACTOR,3
232.19,0.894,99.61,0.48,49.962,1,3,207.578,182.102,-30.39,0.766,2.19,0.038,0.47,1,0,LOW_POWER_FACTOR,3
229.11,1.037,135.62,0.571,50.001,1,3,237.587,195.047,5.62,1.043,0.89,0.001,0.379,1,0,LOW_POWER_FACTOR,3
234.42,1.352,200.95,0.634,49.98,2,3,316.936,245.097,70.95,1.546,4.42,0.02,0.316,1,0,LOW_POWER_FACTOR,3
231.74,0.893,118.21,0.571,49.954,2,3,206.944,169.891,-11.79,0.909,1.74,0.046,0.379,1,0,LOW_POWER_FACTOR,3
228.9,1.005,119.61,0.52,49.955,2,3,230.044,196.496,-10.39,0.92,1.1,0.045,0.43,1,0,LOW_POWER_FACTOR,3
231.11,0.711,98.3,0.598,49.984,2,3,164.319,131.701,-31.7,0.756,1.11,0.016,0.352,1,0,LOW_POWER_FACTOR,3
231.13,1.024,160.23,0.677,50.065,3,3,236.677,174.19,30.23,1.233,1.13,0.065,0.273,1,0,LOW_POWER_FACTOR,3
228.73,1.278,168.96,0.578,49.972,3,3,292.317,238.541,38.96,1.3,1.27,0.028,0.372,1,0,LOW_POWER_FACTOR,3
231.09,0.766,99.01,0.559,49.999,3,3,177.015,146.775,-30.99,0.762,1.09,0.001,0.391,1,0,LOW_POWER_FACTOR,3
229.25,0.798,104.63,0.572,49.909,3,3,182.942,150.058,-25.37,0.805,0.75,0.091,0.378,1,0,LOW_POWER_FACTOR,3
231.62,0.979,158.08,0.697,49.958,4,3,226.756,162.6,28.08,1.216,1.62,0.042,0.253,1,0,LOW_POWER_FACTOR,3
233.91,0.67,99.37,0.634,50.025,4,3,156.72,121.197,-30.63,0.764,3.91,0.025,0.316,1,0,LOW_POWER_FACTOR,3
230.21,1.589,168.97,0.462,49.929,4,3,365.804,324.424,38.97,1.3,0.21,0.071,0.488,1,0,LOW_POWER_FACTOR,3
231.84,1.234,166.54,0.582,50.046,4,3,286.091,232.646,36.54,1.281,1.84,0.046,0.368,1,0,LOW_POWER_FACTOR,3
233.89,0.729,88.33,0.518,50.01,5,3,170.506,145.847,-41.67,0.679,3.89,0.01,0.432,1,0,LOW_POWER_FACTOR,3
227.01,1.387,151.49,0.481,49.952,5,3,314.863,276.047,21.49,1.165,2.99,0.048,0.469,1,0,LOW_POWER_FACTOR,3
226.15,0.802,119.12,0.657,49.982,5,3,181.372,136.735,-10.88,0.916,3.85,0.018,0.293,1,0,LOW_POWER_FACTOR,3
230.0,1.039,112.58,0.471,50.082,5,3,238.97,210.803,-17.42,0.866,0.0,0.082,0.479,1,0,LOW_POWER_FACTOR,3
232.47,3.374,508.29,0.648,50.017,6,3,784.354,597.395,8.29,1.017,2.47,0.017,0.302,0,0,LOW_POWER_FACTOR,3
227.76,3.745,422.2,0.495,50.1,6,3,852.961,741.132,-77.8,0.844,2.24,0.1,0.455,0,0,LOW_POWER_FACTOR,3
226.41,4.72,552.53,0.517,49.983,6,3,1068.655,914.753,52.53,1.105,3.59,0.017,0.433,0,0,LOW_POWER_FACTOR,3
228.77,4.32,464.51,0.47,50.05,6,3,988.286,872.327,-35.49,0.929,1.23,0.05,0.48,0,0,LOW_POWER_FACTOR,3
228.0,3.063,409.21,0.586,49.948,7,3,698.364,565.892,-90.79,0.818,2.0,0.052,0.364,0,0,LOW_POWER_FACTOR,3
229.8,2.938,381.46,0.565,49.968,7,3,675.152,557.062,-118.54,0.763,0.2,0.032,0.385,0,0,LOW_POWER_FACTOR,3
228.01,3.283,491.08,0.656,49.966,7,3,748.557,564.981,-8.92,0.982,1.99,0.034,0.294,0,0,LOW_POWER_FACTOR,3
230.98,5.319,583.63,0.475,49.998,7,3,1228.583,1081.135,83.63,1.167,0.98,0.002,0.475,0,0,LOW_POWER_FACTOR,3
234.62,2.816,401.03,0.607,49.987,8,3,660.69,525.051,-98.97,0.802,4.62,0.013,0.343,0,0,LOW_POWER_FACTOR,3
234.07,4.412,682.56,0.661,49.952,8,3,1032.717,774.936,182.56,1.365,4.07,0.048,0.289,0,0,LOW_POWER_FACTOR,3
231.09,4.174,514.13,0.533,50.055,8,3,964.57,816.137,14.13,1.028,1.09,0.055,0.417,0,0,LOW_POWER_FACTOR,3
231.08,3.934,584.49,0.643,50.044,8,3,909.069,696.225,84.49,1.169,1.08,0.044,0.307,0,0,LOW_POWER_FACTOR,3
230.98,4.426,498.85,0.488,50.045,9,3,1022.317,892.323,73.85,1.174,0.98,0.045,0.462,0,0,LOW_POWER_FACTOR,3
230.81,2.304,244.62,0.46,50.013,9,3,531.786,472.183,-180.38,0.576,0.81,0.013,0.49,0,0,LOW_POWER_FACTOR,3
230.19,3.901,573.81,0.639,49.981,9,3,897.971,690.725,148.81,1.35,0.19,0.019,0.311,0,0,LOW_POWER_FACTOR,3
230.71,2.108,257.25,0.529,50.041,9,3,486.337,412.716,-167.75,0.605,0.71,0.041,0.421,0,0,LOW_POWER_FACTOR,3
234.13,1.717,271.8,0.676,50.01,10,3,402.001,296.235,-153.2,0.64,4.13,0.01,0.274,0,0,LOW_POWER_FACTOR,3
229.27,2.344,362.18,0.674,49.992,10,3,537.409,397.001,-62.82,0.852,0.73,0.008,0.276,0,0,LOW_POWER_FACTOR,3
229.76,3.123,490.14,0.683,50.097,10,3,717.54,524.105,65.14,1.153,0.24,0.097,0.267,0,0,LOW_POWER_FACTOR,3
229.11,3.579,548.55,0.669,50.09,10,3,819.985,609.464,123.55,1.291,0.89,0.09,0.281,0,0,LOW_POWER_FACTOR,3
232.73,5.177,544.55,0.452,49.978,11,3,1204.843,1074.742,119.55,1.281,2.73,0.022,0.498,0,0,LOW_POWER_FACTOR,3
228.67,2.569,353.08,0.601,50.039,11,3,587.453,469.521,-71.92,0.831,1.33,0.039,0.349,0,0,LOW_POWER_FACTOR,3
231.3,4.216,525.66,0.539,49.998,11,3,975.161,821.384,100.66,1.237,1.3,0.002,0.411,0,0,LOW_POWER_FACTOR,3
229.85,3.385,428.73,0.551,49.967,11,3,778.042,649.28,3.73,1.009,0.15,0.033,0.399,0,0,LOW_POWER_FACTOR,3
223.24,3.528,508.83,0.646,49.998,12,3,787.591,601.197,83.83,1.197,6.76,0.002,0.304,0,0,LOW_POWER_FACTOR,3
230.62,2.913,383.55,0.571,50.025,12,3,671.796,551.511,-41.45,0.902,0.62,0.025,0.379,0,0,LOW_POWER_FACTOR,3
232.68,3.824,479.64,0.539,49.968,12,3,889.768,749.457,54.64,1.129,2.68,0.032,0.411,0,0,LOW_POWER_FACTOR,3
227.82,1.679,263.52,0.689,50.022,12,3,382.51,277.228,-161.48,0.62,2.18,0.022,0.261,0,0,LOW_POWER_FACTOR,3
232.99,2.11,279.3,0.568,50.011,13,3,491.609,404.608,-145.7,0.657,2.99,0.011,0.382,0,0,LOW_POWER_FACTOR,3
230.5,2.591,373.2,0.625,49.979,13,3,597.226,466.209,-51.8,0.878,0.5,0.021,0.325,0,0,LOW_POWER_FACTOR,3
226.31,2.257,314.18,0.615,50.006,13,3,510.782,402.765,-110.82,0.739,3.69,0.006,0.335,0,0,LOW_POWER_FACTOR,3
231.69,4.135,539.35,0.563,50.063,13,3,958.038,791.777,114.35,1.269,1.69,0.063,0.387,0,0,LOW_POWER_FACTOR,3
226.79,2.162,310.83,0.634,50.086,14,3,490.32,379.181,-114.17,0.731,3.21,0.086,0.316,0,0,LOW_POWER_FACTOR,3
228.68,2.658,344.66,0.567,49.985,14,3,607.831,500.682,-80.34,0.811,1.32,0.015,0.383,0,0,LOW_POWER_FACTOR,3
229.62,1.753,272.92,0.678,50.061,14,3,402.524,295.88,-152.08,0.642,0.38,0.061,0.272,0,0,LOW_POWER_FACTOR,3
231.03,3.698,584.44,0.684,50.044,14,3,854.349,623.232,159.44,1.375,1.03,0.044,0.266,0,0,LOW_POWER_FACTOR,3
230.33,2.905,330.56,0.494,50.048,15,3,669.109,581.764,-94.44,0.778,0.33,0.048,0.456,0,0,LOW_POWER_FACTOR,3
227.86,2.981,334.23,0.492,49.953,15,3,679.251,591.352,-90.77,0.786,2.14,0.047,0.458,0,0,LOW_POWER_FACTOR,3
229.7,3.498,412.2,0.513,49.943,15,3,803.491,689.707,-12.8,0.97,0.3,0.057,0.437,0,0,LOW_POWER_FACTOR,3
232.96,2.166,318.96,0.632,49.946,15,3,504.591,391.042,-106.04,0.75,2.96,0.054,0.318,0,0,LOW_POWER_FACTOR,3
230.29,2.732,334.11,0.531,49.996,16,3,629.152,533.126,-90.89,0.786,0.29,0.004,0.419,0,0,LOW_POWER_FACTOR,3
231.05,4.737,524.21,0.479,49.969,16,3,1094.484,960.754,99.21,1.233,1.05,0.031,0.471,0,0,LOW_POWER_FACTOR,3
230.83,3.583,379.59,0.459,49.902,16,3,827.064,734.794,-45.41,0.893,0.83,0.098,0.491,0,0,LOW_POWER_FACTOR,3
232.9,3.244,488.06,0.646,50.07,16,3,755.528,576.722,63.06,1.148,2.9,0.07,0.304,0,0,LOW_POWER_FACTOR,3
231.64,4.939,586.87,0.513,50.091,17,3,1144.07,982.057,-163.13,0.782,1.64,0.091,0.437,0,0,LOW_POWER_FACTOR,3
231.97,5.953,712.53,0.516,50.059,17,3,1380.917,1182.878,-37.47,0.95,1.97,0.059,0.434,0,0,LOW_POWER_FACTOR,3
230.38,4.513,688.32,0.662,49.956,17,3,1039.705,779.263,-61.68,0.918,0.38,0.044,0.288,0,0,LOW_POWER_FACTOR,3
233.61,5.438,645.35,0.508,49.998,17,3,1270.371,1094.243,-104.65,0.86,3.61,0.002,0.442,0,0,LOW_POWER_FACTOR,3
228.45,4.001,602.31,0.659,49.991,18,3,914.028,687.48,-147.69,0.803,1.55,0.009,0.291,0,0,LOW_POWER_FACTOR,3
228.5,7.457,894.51,0.525,50.032,18,3,1703.924,1450.214,144.51,1.193,1.5,0.032,0.425,0,0,LOW_POWER_FACTOR,3
228.87,7.118,949.82,0.583,49.969,18,3,1629.097,1323.596,199.82,1.266,1.13,0.031,0.367,0,0,LOW_POWER_FACTOR,3
228.37,8.302,978.32,0.516,50.044,18,3,1895.928,1624.03,228.32,1.304,1.63,0.044,0.434,0,0,LOW_POWER_FACTOR,3
233.52,6.707,850.44,0.543,49.945,19,3,1566.219,1315.205,100.44,1.134,3.52,0.055,0.407,0,0,LOW_POWER_FACTOR,3
232.7,6.517,784.02,0.517,49.98,19,3,1516.506,1298.107,34.02,1.045,2.7,0.02,0.433,0,0,LOW_POWER_FACTOR,3
229.69,3.89,577.21,0.646,49.986,19,3,893.494,682.037,-172.79,0.77,0.31,0.014,0.304,0,0,LOW_POWER_FACTOR,3
229.17,4.149,516.33,0.543,50.034,19,3,950.826,798.44,-233.67,0.688,0.83,0.034,0.407,0,0,LOW_POWER_FACTOR,3
232.29,5.789,642.82,0.478,49.986,20,3,1344.727,1181.154,-107.18,0.857,2.29,0.014,0.472,0,0,LOW_POWER_FACTOR,3
230.44,6.016,962.16,0.694,50.019,20,3,1386.327,998.121,212.16,1.283,0.44,0.019,0.256,0,0,LOW_POWER_FACTOR,3
232.77,7.248,828.41,0.491,49.982,20,3,1687.117,1469.748,78.41,1.105,2.77,0.018,0.459,0,0,LOW_POWER_FACTOR,3
230.45,7.977,917.33,0.499,50.027,20,3,1838.3,1593.074,167.33,1.223,0.45,0.027,0.451,0,0,LOW_POWER_FACTOR,3
231.33,6.484,923.95,0.616,49.992,21,3,1499.944,1181.575,173.95,1.232,1.33,0.008,0.334,0,0,LOW_POWER_FACTOR,3
229.22,7.408,784.52,0.462,50.049,21,3,1698.062,1505.977,34.52,1.046,0.78,0.049,0.488,0,0,LOW_POWER_FACTOR,3
229.21,6.231,918.29,0.643,50.0,21,3,1428.208,1093.816,168.29,1.224,0.79,0.0,0.307,0,0,LOW_POWER_FACTOR,3
229.07,3.553,535.54,0.658,50.019,21,3,813.886,612.871,-214.46,0.714,0.93,0.019,0.292,0,0,LOW_POWER_FACTOR,3
228.81,2.522,393.49,0.682,50.021,22,3,577.059,422.033,43.49,1.124,1.19,0.021,0.268,0,0,LOW_POWER_FACTOR,3
229.51,2.866,351.96,0.535,50.057,22,3,657.776,555.723,1.96,1.006,0.49,0.057,0.415,0,0,LOW_POWER_FACTOR,3
229.35,2.213,350.19,0.69,50.009,22,3,507.552,367.371,0.19,1.001,0.65,0.009,0.26,0,0,LOW_POWER_FACTOR,3
228.86,2.345,371.4,0.692,49.94,22,3,536.677,387.426,21.4,1.061,1.14,0.06,0.258,0,0,LOW_POWER_FACTOR,3
228.79,2.647,337.92,0.558,50.035,23,3,605.607,502.558,-12.08,0.965,1.21,0.035,0.392,0,0,LOW_POWER_FACTOR,3
229.2,1.998,273.87,0.598,49.991,23,3,457.942,367.038,-76.13,0.782,0.8,0.009,0.352,0,0,LOW_POWER_FACTOR,3
231.14,2.683,287.15,0.463,49.94,23,3,620.149,549.674,-62.85,0.82,1.14,0.06,0.487,0,0,LOW_POWER_FACTOR,3
230.95,3.563,385.91,0.469,49.979,23,3,822.875,726.762,35.91,1.103,0.95,0.021,0.481,0,0,LOW_POWER_FACTOR,3
229.3,0.767,117.71,0.669,50.098,0,4,175.873,130.72,-12.29,0.905,0.7,0.098,0.281,1,0,LOW_POWER_FACTOR,3
228.22,1.014,147.25,0.636,49.986,0,4,231.415,178.58,17.25,1.133,1.78,0.014,0.314,1,0,LOW_POWER_FACTOR,3
231.83,0.799,98.13,0.53,50.068,0,4,185.232,157.076,-31.87,0.755,1.83,0.068,0.42,1,0,LOW_POWER_FACTOR,3
231.17,0.747,117.99,0.683,49.996,0,4,172.684,126.132,-12.01,0.908,1.17,0.004,0.267,1,0,LOW_POWER_FACTOR,3
226.09,0.89,137.67,0.684,49.912,1,4,201.22,146.786,7.67,1.059,3.91,0.088,0.266,1,0,LOW_POWER_FACTOR,3
228.09,1.283,160.92,0.55,49.997,1,4,292.639,244.402,30.92,1.238,1.91,0.003,0.4,1,0,LOW_POWER_FACTOR,3
229.97,0.999,141.77,0.617,49.984,1,4,229.74,180.797,11.77,1.091,0.03,0.016,0.333,1,0,LOW_POWER_FACTOR,3
229.32,1.184,185.43,0.683,50.024,1,4,271.515,198.319,55.43,1.426,0.68,0.024,0.267,1,0,LOW_POWER_FACTOR,3
231.65,0.562,82.28,0.632,49.989,2,4,130.187,100.891,-47.72,0.633,1.65,0.011,0.318,1,0,LOW_POWER_FACTOR,3
231.55,1.034,150.55,0.629,49.946,2,4,239.423,186.128,20.55,1.158,1.55,0.054,0.321,1,0,LOW_POWER_FACTOR,3
229.83,0.852,97.18,0.496,50.038,2,4,195.815,170.031,-32.82,0.748,0.17,0.038,0.454,1,0,LOW_POWER_FACTOR,3
228.05,0.615,85.84,0.612,49.906,2,4,140.251,110.918,-44.16,0.66,1.95,0.094,0.338,1,0,LOW_POWER_FACTOR,3
229.73,0.983,106.34,0.471,49.936,3,4,225.825,199.207,-23.66,0.818,0.27,0.064,0.479,1,0,LOW_POWER_FACTOR,3
228.12,0.796,111.83,0.616,49.976,3,4,181.584,143.042,-18.17,0.86,1.88,0.024,0.334,1,0,LOW_POWER_FACTOR,3
234.13,0.709,103.96,0.626,49.924,3,4,165.998,129.449,-26.04,0.8,4.13,0.076,0.324,1,0,LOW_POWER_FACTOR,3
228.31,0.98,126.69,0.566,50.0,3,4,223.744,184.456,-3.31,0.975,1.69,0.0,0.384,1,0,LOW_POWER_FACTOR,3
231.64,0.925,109.44,0.511,49.997,4,4,214.267,184.18,-20.56,0.842,1.64,0.003,0.439,1,0,LOW_POWER_FACTOR,3
233.86,0.775,112.95,0.623,50.019,4,4,181.242,141.771,-17.05,0.869,3.86,0.019,0.327,1,0,LOW_POWER_FACTOR,3
228.82,1.077,155.03,0.629,49.978,4,4,246.439,191.583,25.03,1.193,1.18,0.022,0.321,1,0,LOW_POWER_FACTOR,3
230.65,1.196,132.69,0.481,50.046,4,4,275.857,241.85,2.69,1.021,0.65,0.046,0.469,1,0,LOW_POWER_FACTOR,3
230.72,0.887,139.0,0.679,50.077,5,4,204.649,150.24,9.0,1.069,0.72,0.077,0.271,1,0,LOW_POWER_FACTOR,3
227.97,0.579,69.85,0.529,49.995,5,4,131.995,112.014,-60.15,0.537,2.03,0.005,0.421,1,0,LOW_POWER_FACTOR,3
226.93,0.751,76.99,0.452,49.938,5,4,170.424,152.022,-53.01,0.592,3.07,0.062,0.498,1,0,LOW_POWER_FACTOR,3
230.64,1.172,128.97,0.477,50.021,5,4,270.31,237.576,-1.03,0.992,0.64,0.021,0.473,1,0,LOW_POWER_FACTOR,3
228.86,5.718,637.34,0.487,49.954,6,4,1308.621,1142.953,137.34,1.275,1.14,0.046,0.463,0,0,LOW_POWER_FACTOR,3
230.74,5.077,592.75,0.506,50.078,6,4,1171.467,1010.429,92.75,1.185,0.74,0.078,0.444,0,0,LOW_POWER_FACTOR,3
231.04,4.939,619.59,0.543,49.946,6,4,1141.107,958.224,119.59,1.239,1.04,0.054,0.407,0,0,LOW_POWER_FACTOR,3
230.51,3.373,525.54,0.676,50.01,6,4,777.51,572.949,25.54,1.051,0.51,0.01,0.274,0,0,LOW_POWER_FACTOR,3
228.34,4.223,662.45,0.687,49.803,7,4,964.28,700.701,162.45,1.325,1.66,0.197,0.263,0,0,LOW_POWER_FACTOR,3
230.92,3.418,483.02,0.612,50.019,7,4,789.285,624.212,-16.98,0.966,0.92,0.019,0.338,0,0,LOW_POWER_FACTOR,3
228.72,2.488,343.66,0.604,49.995,7,4,569.055,453.528,-156.34,0.687,1.28,0.005,0.346,0,0,LOW_POWER_FACTOR,3
232.85,6.241,658.28,0.453,50.027,7,4,1453.217,1295.558,158.28,1.317,2.85,0.027,0.497,0,0,LOW_POWER_FACTOR,3
227.98,2.66,354.74,0.585,50.03,8,4,606.427,491.832,-145.26,0.709,2.02,0.03,0.365,0,0,LOW_POWER_FACTOR,3
232.7,4.347,461.31,0.456,49.968,8,4,1011.547,900.256,-38.69,0.923,2.7,0.032,0.494,0,0,LOW_POWER_FACTOR,3
228.94,5.565,675.2,0.53,49.987,8,4,1274.051,1080.392,175.2,1.35,1.06,0.013,0.42,0,0,LOW_POWER_FACTOR,3
234.4,3.31,424.37,0.547,49.963,8,4,775.864,649.501,-75.63,0.849,4.4,0.037,0.403,0,0,LOW_POWER_FACTOR,3
232.01,2.566,317.31,0.533,49.981,9,4,595.338,503.724,-107.69,0.747,2.01,0.019,0.417,0,0,LOW_POWER_FACTOR,3
228.68,3.676,542.18,0.645,50.003,9,4,840.628,642.393,117.18,1.276,1.32,0.003,0.305,0,0,LOW_POWER_FACTOR,3
231.42,3.898,571.93,0.634,49.975,9,4,902.075,697.605,146.93,1.346,1.42,0.025,0.316,0,0,LOW_POWER_FACTOR,3
229.86,3.962,484.51,0.532,49.966,9,4,910.705,771.135,59.51,1.14,0.14,0.034,0.418,0,0,LOW_POWER_FACTOR,3
229.16,3.773,550.81,0.637,50.089,10,4,864.621,666.505,125.81,1.296,0.84,0.089,0.313,0,0,LOW_POWER_FACTOR,3
231.46,3.721,593.42,0.689,50.021,10,4,861.263,624.21,168.42,1.396,1.46,0.021,0.261,0,0,LOW_POWER_FACTOR,3
232.23,4.429,473.17,0.46,50.007,10,4,1028.547,913.266,48.17,1.113,2.23,0.007,0.49,0,0,LOW_POWER_FACTOR,3
227.47,4.905,591.3,0.53,49.964,10,4,1115.74,946.145,166.3,1.391,2.53,0.036,0.42,0,0,LOW_POWER_FACTOR,3
230.13,2.749,389.66,0.616,50.035,11,4,632.627,498.35,-35.34,0.917,0.13,0.035,0.334,0,0,LOW_POWER_FACTOR,3
234.09,3.711,433.44,0.499,50.001,11,4,868.708,752.824,8.44,1.02,4.09,0.001,0.451,0,0,LOW_POWER_FACTOR,3
226.82,4.804,574.24,0.527,49.968,11,4,1089.643,926.05,149.24,1.351,3.18,0.032,0.423,0,0,LOW_POWER_FACTOR,3
231.91,2.212,320.14,0.624,50.07,11,4,512.985,400.859,-104.86,0.753,1.91,0.07,0.326,0,0,LOW_POWER_FACTOR,3
230.19,2.336,308.14,0.573,50.025,12,4,537.724,440.694,-116.86,0.725,0.19,0.025,0.377,0,0,LOW_POWER_FACTOR,3
231.5,2.83,408.18,0.623,49.972,12,4,655.145,512.469,-16.82,0.96,1.5,0.028,0.327,0,0,LOW_POWER_FACTOR,3
231.99,3.121,381.63,0.527,50.041,12,4,724.041,615.337,-43.37,0.898,1.99,0.041,0.423,0,0,LOW_POWER_FACTOR,3
234.14,2.174,339.47,0.667,50.015,12,4,509.02,379.25,-85.53,0.799,4.14,0.015,0.283,0,0,LOW_POWER_FACTOR,3
230.83,2.276,340.92,0.649,50.013,13,4,525.369,399.695,-84.08,0.802,0.83,0.013,0.301,0,0,LOW_POWER_FACTOR,3
230.46,2.657,320.84,0.524,49.974,13,4,612.332,521.535,-104.16,0.755,0.46,0.026,0.426,0,0,LOW_POWER_FACTOR,3
231.56,3.057,477.77,0.675,49.956,13,4,707.879,522.286,52.77,1.124,1.56,0.044,0.275,0,0,LOW_POWER_FACTOR,3
229.86,3.365,360.43,0.466,50.051,13,4,773.479,684.362,-64.57,0.848,0.14,0.051,0.484,0,0,LOW_POWER_FACTOR,3
232.48,2.893,466.82,0.694,50.016,14,4,672.565,484.23,41.82,1.098,2.48,0.016,0.256,0,0,LOW_POWER_FACTOR,3
231.9,3.589,437.83,0.526,49.996,14,4,832.289,707.849,12.83,1.03,1.9,0.004,0.424,0,0,LOW_POWER_FACTOR,3
225.92,4.27,543.07,0.563,49.971,14,4,964.678,797.265,118.07,1.278,4.08,0.029,0.387,0,0,LOW_POWER_FACTOR,3
227.62,5.534,568.11,0.451,49.968,14,4,1259.649,1124.267,143.11,1.337,2.38,0.032,0.499,0,0,LOW_POWER_FACTOR,3
231.13,2.725,439.65,0.698,50.057,15,4,629.829,451.019,14.65,1.034,1.13,0.057,0.252,0,0,LOW_POWER_FACTOR,3
228.62,4.891,519.98,0.465,49.932,15,4,1118.18,989.937,94.98,1.223,1.38,0.068,0.485,0,0,LOW_POWER_FACTOR,3
227.21,3.513,502.09,0.629,49.952,15,4,798.189,620.516,77.09,1.181,2.79,0.048,0.321,0,0,LOW_POWER_FACTOR,3
225.99,5.338,571.81,0.474,50.033,15,4,1206.335,1062.208,146.81,1.345,4.01,0.033,0.476,0,0,LOW_POWER_FACTOR,3
230.85,3.53,558.13,0.685,49.962,16,4,814.9,593.69,133.13,1.313,0.85,0.038,0.265,0,0,LOW_POWER_FACTOR,3
232.92,3.947,506.6,0.551,49.91,16,4,919.335,767.19,81.6,1.192,2.92,0.09,0.399,0,0,LOW_POWER_FACTOR,3
231.67,2.601,383.78,0.637,50.044,16,4,602.574,464.502,-41.22,0.903,1.67,0.044,0.313,0,0,LOW_POWER_FACTOR,3
228.08,3.957,560.5,0.621,50.021,16,4,902.513,707.399,135.5,1.319,1.92,0.021,0.329,0,0,LOW_POWER_FACTOR,3
227.9,4.696,674.3,0.63,49.966,17,4,1070.218,831.126,-75.7,0.899,2.1,0.034,0.32,0,0,LOW_POWER_FACTOR,3
228.85,5.328,842.51,0.691,50.029,17,4,1219.313,881.386,92.51,1.123,1.15,0.029,0.259,0,0,LOW_POWER_FACTOR,3
230.58,7.402,955.77,0.56,50.052,17,4,1706.753,1414.032,205.77,1.274,0.58,0.052,0.39,0,0,LOW_POWER_FACTOR,3
228.49,6.639,750.87,0.495,49.885,17,4,1516.945,1318.063,0.87,1.001,1.51,0.115,0.455,0,0,LOW_POWER_FACTOR,3
228.05,6.053,814.44,0.59,50.013,18,4,1380.387,1114.529,64.44,1.086,1.95,0.013,0.36,0,0,LOW_POWER_FACTOR,3
228.71,7.309,768.94,0.46,49.969,18,4,1671.641,1484.282,18.94,1.025,1.29,0.031,0.49,0,0,LOW_POWER_FACTOR,3
229.81,5.173,645.51,0.543,49.984,18,4,1188.807,998.28,-104.49,0.861,0.19,0.016,0.407,0,0,LOW_POWER_FACTOR,3
229.85,3.991,616.4,0.672,49.987,18,4,917.331,679.331,-133.6,0.822,0.15,0.013,0.278,0,0,LOW_POWER_FACTOR,3
229.84,8.542,1009.17,0.514,49.994,19,4,1963.293,1684.094,259.17,1.346,0.16,0.006,0.436,0,0,LOW_POWER_FACTOR,3
227.66,6.502,871.84,0.589,50.038,19,4,1480.245,1196.235,121.84,1.162,2.34,0.038,0.361,0,0,LOW_POWER_FACTOR,3
229.73,4.552,515.55,0.493,49.947,19,4,1045.731,909.817,-234.45,0.687,0.27,0.053,0.457,0,0,LOW_POWER_FACTOR,3
226.49,7.949,941.54,0.523,50.068,19,4,1800.369,1534.513,191.54,1.255,3.51,0.068,0.427,0,0,LOW_POWER_FACTOR,3
229.71,5.242,579.17,0.481,50.0,20,4,1204.14,1055.694,-170.83,0.772,0.29,0.0,0.469,0,0,LOW_POWER_FACTOR,3
229.4,4.913,783.34,0.695,50.007,20,4,1127.042,810.354,33.34,1.044,0.6,0.007,0.255,0,0,LOW_POWER_FACTOR,3
227.29,4.602,687.15,0.657,50.004,20,4,1045.989,788.561,-62.85,0.916,2.71,0.004,0.293,0,0,LOW_POWER_FACTOR,3
230.26,5.946,941.92,0.688,50.055,20,4,1369.126,993.589,191.92,1.256,0.26,0.055,0.262,0,0,LOW_POWER_FACTOR,3
228.52,5.22,592.83,0.497,49.918,21,4,1192.874,1035.117,-157.17,0.79,1.48,0.082,0.453,0,0,LOW_POWER_FACTOR,3
228.61,5.658,826.5,0.639,50.038,21,4,1293.475,994.95,76.5,1.102,1.39,0.038,0.311,0,0,LOW_POWER_FACTOR,3
232.89,6.648,784.92,0.507,49.963,21,4,1548.253,1334.51,34.92,1.047,2.89,0.037,0.443,0,0,LOW_POWER_FACTOR,3
226.75,6.257,950.51,0.67,50.029,21,4,1418.775,1053.243,200.51,1.267,3.25,0.029,0.28,0,0,LOW_POWER_FACTOR,3
232.84,2.376,351.88,0.636,50.003,22,4,553.228,426.92,1.88,1.005,2.84,0.003,0.314,0,0,LOW_POWER_FACTOR,3
233.47,3.212,417.74,0.557,50.013,22,4,749.906,622.806,67.74,1.194,3.47,0.013,0.393,0,0,LOW_POWER_FACTOR,3
229.17,3.387,504.5,0.65,49.932,22,4,776.199,589.86,154.5,1.441,0.83,0.068,0.3,0,0,LOW_POWER_FACTOR,3
228.73,2.323,361.29,0.68,50.056,22,4,531.34,389.585,11.29,1.032,1.27,0.056,0.27,0,0,LOW_POWER_FACTOR,3
231.79,2.599,412.58,0.685,50.033,23,4,602.422,438.891,62.58,1.179,1.79,0.033,0.265,0,0,LOW_POWER_FACTOR,3
230.0,3.377,447.41,0.576,50.04,23,4,776.71,634.921,97.41,1.278,0.0,0.04,0.374,0,0,LOW_POWER_FACTOR,3
230.77,2.177,319.45,0.636,50.054,23,4,502.386,387.686,-30.55,0.913,0.77,0.054,0.314,0,0,LOW_POWER_FACTOR,3
231.91,1.859,295.69,0.686,49.964,23,4,431.121,313.684,-54.31,0.845,1.91,0.036,0.264,0,0,LOW_POWER_FACTOR,3
230.6,0.535,68.79,0.558,50.06,0,5,123.371,102.378,-61.21,0.529,0.6,0.06,0.392,1,0,LOW_POWER_FACTOR,3
230.8,1.015,137.04,0.585,50.057,0,5,234.262,189.994,7.04,1.054,0.8,0.057,0.365,1,0,LOW_POWER_FACTOR,3
227.97,1.132,172.15,0.667,49.925,0,5,258.062,192.271,42.15,1.324,2.03,0.075,0.283,1,0,LOW_POWER_FACTOR,3
230.69,1.185,164.51,0.602,49.911,0,5,273.368,218.283,34.51,1.265,0.69,0.089,0.348,1,0,LOW_POWER_FACTOR,3
233.16,0.713,93.88,0.565,49.94,1,5,166.243,137.166,-36.12,0.722,3.16,0.06,0.385,1,0,LOW_POWER_FACTOR,3
231.06,0.607,83.35,0.594,49.915,1,5,140.253,112.829,-46.65,0.641,1.06,0.085,0.356,1,0,LOW_POWER_FACTOR,3
234.08,0.99,144.14,0.622,50.024,1,5,231.739,181.456,14.14,1.109,4.08,0.024,0.328,1,0,LOW_POWER_FACTOR,3
232.25,0.586,93.77,0.689,50.003,1,5,136.099,98.639,-36.23,0.721,2.25,0.003,0.261,1,0,LOW_POWER_FACTOR,3
230.12,1.094,173.64,0.69,49.956,2,5,251.751,182.22,43.64,1.336,0.12,0.044,0.26,1,0,LOW_POWER_FACTOR,3
229.76,0.882,119.01,0.587,49.974,2,5,202.648,164.061,-10.99,0.915,0.24,0.026,0.363,1,0,LOW_POWER_FACTOR,3
233.54,1.336,165.63,0.531,50.009,2,5,312.009,264.388,35.63,1.274,3.54,0.009,0.419,1,0,LOW_POWER_FACTOR,3
228.48,0.73,114.87,0.689,50.015,2,5,166.79,120.883,-15.13,0.884,1.52,0.015,0.261,1,0,LOW_POWER_FACTOR,3
229.29,1.469,180.48,0.536,50.039,3,5,336.827,284.355,50.48,1.388,0.71,0.039,0.414,1,0,LOW_POWER_FACTOR,3
230.79,1.25,177.15,0.614,50.063,3,5,288.488,227.705,47.15,1.363,0.79,0.063,0.336,1,0,LOW_POWER_FACTOR,3
232.5,1.289,159.11,0.531,50.006,3,5,299.692,253.951,29.11,1.224,2.5,0.006,0.419,1,0,LOW_POWER_FACTOR,3
233.56,1.087,160.95,0.634,49.849,3,5,253.88,196.334,30.95,1.238,3.56,0.151,0.316,1,0,LOW_POWER_FACTOR,3
230.51,0.574,67.39,0.509,50.029,4,5,132.313,113.89,-62.61,0.518,0.51,0.029,0.441,1,0,LOW_POWER_FACTOR,3
231.04,0.998,131.49,0.57,49.954,4,5,230.578,189.453,1.49,1.011,1.04,0.046,0.38,1,0,LOW_POWER_FACTOR,3
232.12,0.997,161.73,0.699,50.055,4,5,231.424,165.496,31.73,1.244,2.12,0.055,0.251,1,0,LOW_POWER_FACTOR,3
230.68,0.856,118.07,0.598,49.958,4,5,197.462,158.265,-11.93,0.908,0.68,0.042,0.352,1,0,LOW_POWER_FACTOR,3
229.62,0.875,120.96,0.602,49.975,5,5,200.918,160.432,-9.04,0.93,0.38,0.025,0.348,1,0,LOW_POWER_FACTOR,3
230.39,1.017,124.0,0.529,50.035,5,5,234.307,198.838,-6.0,0.954,0.39,0.035,0.421,1,0,LOW_POWER_FACTOR,3
231.36,0.632,89.11,0.609,49.953,5,5,146.22,115.977,-40.89,0.685,1.36,0.047,0.341,1,0,LOW_POWER_FACTOR,3
231.24,0.971,138.32,0.616,50.007,5,5,224.534,176.876,8.32,1.064,1.24,0.007,0.334,1,0,LOW_POWER_FACTOR,3
230.09,3.256,448.0,0.598,50.082,6,5,749.173,600.459,-52.0,0.896,0.09,0.082,0.352,0,0,LOW_POWER_FACTOR,3
229.44,4.501,683.64,0.662,49.91,6,5,1032.709,774.02,183.64,1.367,0.56,0.09,0.288,0,0,LOW_POWER_FACTOR,3
231.62,3.969,546.11,0.594,49.949,6,5,919.3,739.545,46.11,1.092,1.62,0.051,0.356,0,0,LOW_POWER_FACTOR,3
228.91,3.484,555.09,0.696,49.938,6,5,797.522,572.654,55.09,1.11,1.09,0.062,0.254,0,0,LOW_POWER_FACTOR,3
228.91,3.838,506.1,0.576,50.084,7,5,878.557,718.176,6.1,1.012,1.09,0.084,0.374,0,0,LOW_POWER_FACTOR,3
232.31,2.224,360.56,0.698,49.999,7,5,516.657,369.977,-139.44,0.721,2.31,0.001,0.252,0,0,LOW_POWER_FACTOR,3
231.88,3.519,420.25,0.515,50.022,7,5,815.986,699.455,-79.75,0.841,1.88,0.022,0.435,0,0,LOW_POWER_FACTOR,3
230.42,5.773,669.11,0.503,50.02,7,5,1330.215,1149.686,169.11,1.338,0.42,0.02,0.447,0,0,LOW_POWER_FACTOR,3
228.55,3.708,492.44,0.581,49.996,8,5,847.463,689.753,-7.56,0.985,1.45,0.004,0.369,0,0,LOW_POWER_FACTOR,3
230.47,4.52,603.21,0.579,50.028,8,5,1041.724,849.347,103.21,1.206,0.47,0.028,0.371,0,0,LOW_POWER_FACTOR,3
231.1,6.138,658.23,0.464,49.855,8,5,1418.492,1256.55,158.23,1.316,1.1,0.145,0.486,0,0,LOW_POWER_FACTOR,3
228.04,5.103,555.13,0.477,49.972,8,5,1163.688,1022.769,55.13,1.11,1.96,0.028,0.473,0,0,LOW_POWER_FACTOR,3
230.94,3.569,524.98,0.637,49.898,9,5,824.225,635.365,99.98,1.235,0.94,0.102,0.313,0,0,LOW_POWER_FACTOR,3
227.38,2.54,318.29,0.551,49.943,9,5,577.545,481.964,-106.71,0.749,2.62,0.057,0.399,0,0,LOW_POWER_FACTOR,3
229.78,4.493,590.48,0.572,50.029,9,5,1032.402,846.831,165.48,1.389,0.22,0.029,0.378,0,0,LOW_POWER_FACTOR,3
229.69,4.113,530.98,0.562,49.995,9,5,944.715,781.409,105.98,1.249,0.31,0.005,0.388,0,0,LOW_POWER_FACTOR,3
229.36,3.384,461.03,0.594,49.969,10,5,776.154,624.389,36.03,1.085,0.64,0.031,0.356,0,0,LOW_POWER_FACTOR,3
230.53,4.411,511.5,0.503,50.054,10,5,1016.868,878.865,86.5,1.204,0.53,0.054,0.447,0,0,LOW_POWER_FACTOR,3
230.3,2.115,306.85,0.63,49.908,10,5,487.085,378.267,-118.15,0.722,0.3,0.092,0.32,0,0,LOW_POWER_FACTOR,3
227.09,3.515,531.59,0.666,50.104,10,5,798.221,595.435,106.59,1.251,2.91,0.104,0.284,0,0,LOW_POWER_FACTOR,3
231.61,3.729,507.04,0.587,49.971,11,5,863.674,699.219,82.04,1.193,1.61,0.029,0.363,0,0,LOW_POWER_FACTOR,3
227.94,3.504,558.25,0.699,50.005,11,5,798.702,571.169,133.25,1.314,2.06,0.005,0.251,0,0,LOW_POWER_FACTOR,3
228.55,3.619,543.41,0.657,49.968,11,5,827.122,623.56,118.41,1.279,1.45,0.032,0.293,0,0,LOW_POWER_FACTOR,3
229.68,1.946,303.98,0.68,50.051,11,5,446.957,327.714,-121.02,0.715,0.32,0.051,0.27,0,0,LOW_POWER_FACTOR,3
229.74,4.595,532.07,0.504,49.989,12,5,1055.655,911.773,107.07,1.252,0.26,0.011,0.446,0,0,LOW_POWER_FACTOR,3
229.34,3.819,449.26,0.513,50.09,12,5,875.849,751.819,24.26,1.057,0.66,0.09,0.437,0,0,LOW_POWER_FACTOR,3
230.09,4.719,519.05,0.478,49.99,12,5,1085.795,953.718,94.05,1.221,0.09,0.01,0.472,0,0,LOW_POWER_FACTOR,3
232.09,3.698,539.9,0.629,49.981,12,5,858.269,667.223,114.9,1.27,2.09,0.019,0.321,0,0,LOW_POWER_FACTOR,3
231.08,2.992,440.41,0.637,49.96,13,5,691.391,532.969,15.41,1.036,1.08,0.04,0.313,0,0,LOW_POWER_FACTOR,3
232.21,2.878,306.74,0.459,50.037,13,5,668.3,593.742,-118.26,0.722,2.21,0.037,0.491,0,0,LOW_POWER_FACTOR,3
230.83,1.827,249.21,0.591,50.046,13,5,421.726,340.195,-175.79,0.586,0.83,0.046,0.359,0,0,LOW_POWER_FACTOR,3
229.94,1.891,300.84,0.692,50.022,13,5,434.817,313.893,-124.16,0.708,0.06,0.022,0.258,0,0,LOW_POWER_FACTOR,3
232.68,2.294,290.92,0.545,49.943,14,5,533.768,447.53,-134.08,0.685,2.68,0.057,0.405,0,0,LOW_POWER_FACTOR,3
231.75,2.036,328.94,0.697,49.998,14,5,471.843,338.345,-96.06,0.774,1.75,0.002,0.253,0,0,LOW_POWER_FACTOR,3
231.31,4.302,496.61,0.499,50.068,14,5,995.096,862.352,71.61,1.168,1.31,0.068,0.451,0,0,LOW_POWER_FACTOR,3
232.01,3.116,369.43,0.511,50.067,14,5,722.943,621.428,-55.57,0.869,2.01,0.067,0.439,0,0,LOW_POWER_FACTOR,3
232.02,2.394,293.81,0.529,50.019,15,5,555.456,471.372,-131.19,0.691,2.02,0.019,0.421,0,0,LOW_POWER_FACTOR,3
232.71,4.314,479.83,0.478,49.944,15,5,1003.911,881.795,54.83,1.129,2.71,0.056,0.472,0,0,LOW_POWER_FACTOR,3
231.32,2.496,382.82,0.663,50.033,15,5,577.375,432.234,-42.18,0.901,1.32,0.033,0.287,0,0,LOW_POWER_FACTOR,3
229.31,3.656,458.62,0.547,49.958,15,5,838.357,701.816,33.62,1.079,0.69,0.042,0.403,0,0,LOW_POWER_FACTOR,3
228.16,2.127,267.87,0.552,49.983,16,5,485.296,404.661,-157.13,0.63,1.84,0.017,0.398,0,0,LOW_POWER_FACTOR,3
229.86,1.748,274.76,0.684,50.023,16,5,401.795,293.102,-150.24,0.646,0.14,0.023,0.266,0,0,LOW_POWER_FACTOR,3
232.92,4.246,547.85,0.554,50.122,16,5,988.978,823.341,122.85,1.289,2.92,0.122,0.396,0,0,LOW_POWER_FACTOR,3
230.82,2.665,391.24,0.636,50.057,16,5,615.135,474.693,-33.76,0.921,0.82,0.057,0.314,0,0,LOW_POWER_FACTOR,3
229.04,5.136,765.85,0.651,50.074,17,5,1176.349,892.941,15.85,1.021,0.96,0.074,0.299,0,0,LOW_POWER_FACTOR,3
228.95,6.133,819.99,0.584,49.952,17,5,1404.15,1139.824,69.99,1.093,1.05,0.048,0.366,0,0,LOW_POWER_FACTOR,3
231.14,7.341,870.4,0.513,50.063,17,5,1696.799,1456.513,120.4,1.161,1.14,0.063,0.437,0,0,LOW_POWER_FACTOR,3
230.23,4.099,523.82,0.555,49.965,17,5,943.713,785.028,-226.18,0.698,0.23,0.035,0.395,0,0,LOW_POWER_FACTOR,3
230.79,5.11,589.69,0.5,50.034,18,5,1179.337,1021.336,-160.31,0.786,0.79,0.034,0.45,0,0,LOW_POWER_FACTOR,3
228.7,4.099,524.08,0.559,50.014,18,5,937.441,777.296,-225.92,0.699,1.3,0.014,0.391,0,0,LOW_POWER_FACTOR,3
229.38,6.094,756.25,0.541,50.03,18,5,1397.842,1175.616,6.25,1.008,0.62,0.03,0.409,0,0,LOW_POWER_FACTOR,3
229.81,6.255,915.65,0.637,50.047,18,5,1437.462,1108.087,165.65,1.221,0.19,0.047,0.313,0,0,LOW_POWER_FACTOR,3
231.65,3.766,603.69,0.692,49.968,19,5,872.394,629.779,-146.31,0.805,1.65,0.032,0.258,0,0,LOW_POWER_FACTOR,3
230.4,6.667,849.45,0.553,50.025,19,5,1536.077,1279.83,99.45,1.133,0.4,0.025,0.397,0,0,LOW_POWER_FACTOR,3
229.06,3.64,504.48,0.605,49.985,19,5,833.778,663.876,-245.52,0.673,0.94,0.015,0.345,0,0,LOW_POWER_FACTOR,3
230.58,6.527,907.57,0.603,50.026,19,5,1504.996,1200.597,157.57,1.21,0.58,0.026,0.347,0,0,LOW_POWER_FACTOR,3
229.32,5.469,841.57,0.671,49.959,20,5,1254.151,929.9,91.57,1.122,0.68,0.041,0.279,0,0,LOW_POWER_FACTOR,3
230.14,4.726,530.79,0.488,49.952,20,5,1087.642,949.341,-219.21,0.708,0.14,0.048,0.462,0,0,LOW_POWER_FACTOR,3
227.55,4.38,659.82,0.662,49.936,20,5,996.669,747.007,-90.18,0.88,2.45,0.064,0.288,0,0,LOW_POWER_FACTOR,3
228.94,7.6,795.15,0.457,50.016,20,5,1739.944,1547.622,45.15,1.06,1.06,0.016,0.493,0,0,LOW_POWER_FACTOR,3
230.52,8.63,976.74,0.491,50.033,21,5,1989.388,1733.074,226.74,1.302,0.52,0.033,0.459,0,0,LOW_POWER_FACTOR,3
226.56,5.077,700.48,0.609,49.968,21,5,1150.245,912.34,-49.52,0.934,3.44,0.032,0.341,0,0,LOW_POWER_FACTOR,3
232.89,5.808,761.58,0.563,50.079,21,5,1352.625,1117.886,11.58,1.015,2.89,0.079,0.387,0,0,LOW_POWER_FACTOR,3
226.0,5.267,714.16,0.6,50.028,21,5,1190.342,952.274,-35.84,0.952,4.0,0.028,0.35,0,0,LOW_POWER_FACTOR,3
229.96,3.972,451.2,0.494,49.981,22,5,913.401,794.167,101.2,1.289,0.04,0.019,0.456,0,0,LOW_POWER_FACTOR,3
230.8,3.073,417.02,0.588,49.975,22,5,709.248,573.683,67.02,1.191,0.8,0.025,0.362,0,0,LOW_POWER_FACTOR,3
233.25,1.583,215.61,0.584,50.026,22,5,369.235,299.728,-134.39,0.616,3.25,0.026,0.366,0,0,LOW_POWER_FACTOR,3
233.11,2.572,324.94,0.542,49.941,22,5,599.559,503.856,-25.06,0.928,3.11,0.059,0.408,0,0,LOW_POWER_FACTOR,3
228.98,3.926,471.08,0.524,50.021,23,5,898.975,765.674,121.08,1.346,1.02,0.021,0.426,0,0,LOW_POWER_FACTOR,3
228.92,2.248,352.05,0.684,50.038,23,5,514.612,375.4,2.05,1.006,1.08,0.038,0.266,0,0,LOW_POWER_FACTOR,3
234.2,2.072,269.37,0.555,50.031,23,5,485.262,403.666,-80.63,0.77,4.2,0.031,0.395,0,0,LOW_POWER_FACTOR,3
226.45,3.172,395.75,0.551,49.947,23,5,718.299,599.425,45.75,1.131,3.55,0.053,0.399,0,0,LOW_POWER_FACTOR,3
230.29,1.458,165.53,0.493,50.038,0,6,335.763,292.123,35.53,1.273,0.29,0.038,0.457,1,0,LOW_POWER_FACTOR,3
232.53,0.889,130.44,0.631,50.077,0,6,206.719,160.369,0.44,1.003,2.53,0.077,0.319,1,0,LOW_POWER_FACTOR,3
229.0,1.436,158.84,0.483,49.955,0,6,328.844,287.942,28.84,1.222,1.0,0.045,0.467,1,0,LOW_POWER_FACTOR,3
229.85,0.803,126.56,0.686,49.984,0,6,184.57,134.293,-3.44,0.974,0.15,0.016,0.264,1,0,LOW_POWER_FACTOR,3
228.48,0.818,98.12,0.525,50.037,1,6,186.897,159.068,-31.88,0.755,1.52,0.037,0.425,1,0,LOW_POWER_FACTOR,3
229.22,0.684,75.21,0.48,49.949,1,6,156.786,137.544,-54.79,0.579,0.78,0.051,0.47,1,0,LOW_POWER_FACTOR,3
228.98,1.64,173.84,0.463,50.013,1,6,375.527,332.852,43.84,1.337,1.02,0.013,0.487,1,0,LOW_POWER_FACTOR,3
225.2,0.869,108.6,0.555,50.03,1,6,195.699,162.792,-21.4,0.835,4.8,0.03,0.395,1,0,LOW_POWER_FACTOR,3
230.73,1.105,174.62,0.685,50.015,2,6,254.957,185.747,44.62,1.343,0.73,0.015,0.265,1,0,LOW_POWER_FACTOR,3
231.59,1.229,151.7,0.533,49.992,2,6,284.624,240.825,21.7,1.167,1.59,0.008,0.417,1,0,LOW_POWER_FACTOR,3
230.35,0.464,74.67,0.698,49.993,2,6,106.882,76.538,-55.33,0.574,0.35,0.007,0.252,1,0,LOW_POWER_FACTOR,3
229.01,0.811,98.4,0.53,49.961,2,6,185.727,157.496,-31.6,0.757,0.99,0.039,0.42,1,0,LOW_POWER_FACTOR,3
224.7,1.671,188.53,0.502,49.984,3,6,375.474,324.735,58.53,1.45,5.3,0.016,0.448,1,0,LOW_POWER_FACTOR,3
229.79,1.268,173.9,0.597,49.917,3,6,291.374,233.752,43.9,1.338,0.21,0.083,0.353,1,0,LOW_POWER_FACTOR,3
232.96,0.826,128.27,0.667,50.046,3,6,192.425,143.368,-1.73,0.987,2.96,0.046,0.283,1,0,LOW_POWER_FACTOR,3
229.34,1.068,153.36,0.626,49.969,3,6,244.935,191.006,23.36,1.18,0.66,0.031,0.324,1,0,LOW_POWER_FACTOR,3
231.45,0.746,90.95,0.527,50.032,4,6,172.662,146.739,-39.05,0.7,1.45,0.032,0.423,1,0,LOW_POWER_FACTOR,3
228.87,0.867,136.3,0.687,50.032,4,6,198.43,144.191,6.3,1.048,1.13,0.032,0.263,1,0,LOW_POWER_FACTOR,3
231.25,0.982,135.08,0.595,50.057,4,6,227.088,182.516,5.08,1.039,1.25,0.057,0.355,1,0,LOW_POWER_FACTOR,3
229.86,0.935,129.97,0.605,49.954,4,6,214.919,171.124,-0.03,1.0,0.14,0.046,0.345,1,0,LOW_POWER_FACTOR,3
226.29,1.043,152.87,0.648,49.982,5,6,236.02,179.763,22.87,1.176,3.71,0.018,0.302,1,0,LOW_POWER_FACTOR,3
230.2,0.947,117.29,0.538,50.043,5,6,217.999,183.761,-12.71,0.902,0.2,0.043,0.412,1,0,LOW_POWER_FACTOR,3
229.19,0.884,107.39,0.53,49.96,5,6,202.604,171.808,-22.61,0.826,0.81,0.04,0.42,1,0,LOW_POWER_FACTOR,3
232.05,0.641,96.85,0.651,50.046,5,6,148.744,112.908,-33.15,0.745,2.05,0.046,0.299,1,0,LOW_POWER_FACTOR,3
229.49,3.573,530.53,0.647,50.079,6,6,819.968,625.217,30.53,1.061,0.51,0.079,0.303,0,0,LOW_POWER_FACTOR,3
232.2,5.816,611.81,0.453,50.037,6,6,1350.475,1203.963,111.81,1.224,2.2,0.037,0.497,0,0,LOW_POWER_FACTOR,3
229.46,2.545,388.27,0.665,49.998,6,6,583.976,436.138,-111.73,0.777,0.54,0.002,0.285,0,0,LOW_POWER_FACTOR,3
231.65,5.286,625.77,0.511,50.025,6,6,1224.502,1052.558,125.77,1.252,1.65,0.025,0.439,0,0,LOW_POWER_FACTOR,3
229.77,4.336,657.6,0.66,49.947,7,6,996.283,748.473,157.6,1.315,0.23,0.053,0.29,0,0,LOW_POWER_FACTOR,3
226.4,4.522,693.07,0.677,50.053,7,6,1023.781,753.485,193.07,1.386,3.6,0.053,0.273,0,0,LOW_POWER_FACTOR,3
232.83,5.74,624.16,0.467,50.013,7,6,1336.444,1181.761,124.16,1.248,2.83,0.013,0.483,0,0,LOW_POWER_FACTOR,3
228.86,4.146,559.89,0.59,50.065,7,6,948.854,766.107,59.89,1.12,1.14,0.065,0.36,0,0,LOW_POWER_FACTOR,3
233.36,3.486,372.55,0.458,50.035,8,6,813.493,723.156,-127.45,0.745,3.36,0.035,0.492,0,0,LOW_POWER_FACTOR,3
227.51,2.594,407.73,0.691,50.027,8,6,590.161,426.601,-92.27,0.815,2.49,0.027,0.259,0,0,LOW_POWER_FACTOR,3
230.26,2.889,452.28,0.68,50.006,8,6,665.221,487.748,-47.72,0.905,0.26,0.006,0.27,0,0,LOW_POWER_FACTOR,3
232.41,4.204,512.91,0.525,49.986,8,6,977.052,831.571,12.91,1.026,2.41,0.014,0.425,0,0,LOW_POWER_FACTOR,3
232.37,5.091,586.74,0.496,50.039,9,6,1182.996,1027.222,161.74,1.381,2.37,0.039,0.454,0,0,LOW_POWER_FACTOR,3
230.81,4.949,543.76,0.476,49.934,9,6,1142.279,1004.572,118.76,1.279,0.81,0.066,0.474,0,0,LOW_POWER_FACTOR,3
232.6,3.413,522.3,0.658,49.988,9,6,793.864,597.794,97.3,1.229,2.6,0.012,0.292,0,0,LOW_POWER_FACTOR,3
233.29,2.414,320.49,0.569,50.058,9,6,563.162,463.109,-104.51,0.754,3.29,0.058,0.381,0,0,LOW_POWER_FACTOR,3
228.9,2.042,273.43,0.585,49.979,10,6,467.414,379.088,-151.57,0.643,1.1,0.021,0.365,0,0,LOW_POWER_FACTOR,3
223.99,3.286,509.38,0.692,50.08,10,6,736.031,531.339,84.38,1.199,6.01,0.08,0.258,0,0,LOW_POWER_FACTOR,3
229.62,2.122,295.75,0.607,50.042,10,6,487.254,387.221,-129.25,0.696,0.38,0.042,0.343,0,0,LOW_POWER_FACTOR,3
233.64,3.188,484.18,0.65,50.082,10,6,744.844,566.033,59.18,1.139,3.64,0.082,0.3,0,0,LOW_POWER_FACTOR,3
231.41,3.12,486.61,0.674,50.0,11,6,721.999,533.363,61.61,1.145,1.41,0.0,0.276,0,0,LOW_POWER_FACTOR,3
230.69,3.722,531.48,0.619,50.026,11,6,858.628,674.359,106.48,1.251,0.69,0.026,0.331,0,0,LOW_POWER_FACTOR,3
229.21,2.903,407.19,0.612,50.005,11,6,665.397,526.234,-17.81,0.958,0.79,0.005,0.338,0,0,LOW_POWER_FACTOR,3
229.05,2.073,277.77,0.585,50.074,11,6,474.821,385.095,-147.23,0.654,0.95,0.074,0.365,0,0,LOW_POWER_FACTOR,3
228.15,4.276,557.01,0.571,49.963,12,6,975.569,800.894,132.01,1.311,1.85,0.037,0.379,0,0,LOW_POWER_FACTOR,3
231.22,2.955,377.88,0.553,49.928,12,6,683.255,569.275,-47.12,0.889,1.22,0.072,0.397,0,0,LOW_POWER_FACTOR,3
230.63,3.424,498.35,0.631,49.984,12,6,789.677,612.618,73.35,1.173,0.63,0.016,0.319,0,0,LOW_POWER_FACTOR,3
229.05,1.892,271.32,0.626,49.991,12,6,433.363,337.946,-153.68,0.638,0.95,0.009,0.324,0,0,LOW_POWER_FACTOR,3
231.23,5.245,559.08,0.461,49.995,13,6,1212.801,1076.24,134.08,1.315,1.23,0.005,0.489,0,0,LOW_POWER_FACTOR,3
229.49,3.575,498.83,0.608,50.025,13,6,820.427,651.367,73.83,1.174,0.51,0.025,0.342,0,0,LOW_POWER_FACTOR,3
229.52,2.05,274.35,0.583,49.969,13,6,470.516,382.281,-150.65,0.646,0.48,0.031,0.367,0,0,LOW_POWER_FACTOR,3
229.04,3.762,449.8,0.522,49.97,13,6,861.648,734.939,24.8,1.058,0.96,0.03,0.428,0,0,LOW_POWER_FACTOR,3
227.3,2.922,410.48,0.618,50.018,14,6,664.171,522.156,-14.52,0.966,2.7,0.018,0.332,0,0,LOW_POWER_FACTOR,3
229.29,2.401,366.62,0.666,50.022,14,6,550.525,410.665,-58.38,0.863,0.71,0.022,0.284,0,0,LOW_POWER_FACTOR,3
229.15,3.345,480.54,0.627,49.992,14,6,766.507,597.124,55.54,1.131,0.85,0.008,0.323,0,0,LOW_POWER_FACTOR,3
232.46,3.931,487.08,0.533,49.97,14,6,913.8,773.18,62.08,1.146,2.46,0.03,0.417,0,0,LOW_POWER_FACTOR,3
233.49,4.07,595.86,0.627,49.98,15,6,950.304,740.305,170.86,1.402,3.49,0.02,0.323,0,0,LOW_POWER_FACTOR,3
231.96,3.694,544.11,0.635,49.974,15,6,856.86,661.935,119.11,1.28,1.96,0.026,0.315,0,0,LOW_POWER_FACTOR,3
230.58,4.027,478.25,0.515,49.938,15,6,928.546,795.94,53.25,1.125,0.58,0.062,0.435,0,0,LOW_POWER_FACTOR,3
227.45,5.785,602.63,0.458,49.959,15,6,1315.798,1169.682,177.63,1.418,2.55,0.041,0.492,0,0,LOW_POWER_FACTOR,3
231.17,2.806,443.11,0.683,50.027,16,6,648.663,473.795,18.11,1.043,1.17,0.027,0.267,0,0,LOW_POWER_FACTOR,3
230.18,1.618,255.19,0.685,50.014,16,6,372.431,271.332,-169.81,0.6,0.18,0.014,0.265,0,0,LOW_POWER_FACTOR,3
229.64,4.438,533.06,0.523,49.99,16,6,1019.142,868.648,108.06,1.254,0.36,0.01,0.427,0,0,LOW_POWER_FACTOR,3
227.61,1.994,312.77,0.689,50.043,16,6,453.854,328.936,-112.23,0.736,2.39,0.043,0.261,0,0,LOW_POWER_FACTOR,3
231.65,3.559,494.68,0.6,50.023,17,6,824.442,659.554,-255.32,0.66,1.65,0.023,0.35,0,0,LOW_POWER_FACTOR,3
228.99,5.856,866.25,0.646,50.004,17,6,1340.965,1023.609,116.25,1.155,1.01,0.004,0.304,0,0,LOW_POWER_FACTOR,3
229.82,5.64,688.29,0.531,50.004,17,6,1296.185,1098.35,-61.71,0.918,0.18,0.004,0.419,0,0,LOW_POWER_FACTOR,3
231.69,6.746,817.43,0.523,49.989,17,6,1562.981,1332.18,67.43,1.09,1.69,0.011,0.427,0,0,LOW_POWER_FACTOR,3
227.59,4.941,577.97,0.514,50.02,18,6,1124.522,964.604,-172.03,0.771,2.41,0.02,0.436,0,0,LOW_POWER_FACTOR,3
232.29,7.414,890.34,0.517,49.947,18,6,1722.198,1474.176,140.34,1.187,2.29,0.053,0.433,0,0,LOW_POWER_FACTOR,3
225.12,3.595,538.26,0.665,50.046,18,6,809.306,604.425,-211.74,0.718,4.88,0.046,0.285,0,0,LOW_POWER_FACTOR,3
231.65,5.637,742.96,0.569,50.01,18,6,1305.811,1073.817,-7.04,0.991,1.65,0.01,0.381,0,0,LOW_POWER_FACTOR,3
230.8,5.21,797.26,0.663,49.939,19,6,1202.468,900.191,47.26,1.063,0.8,0.061,0.287,0,0,LOW_POWER_FACTOR,3
230.31,4.243,569.66,0.583,49.952,19,6,977.205,793.952,-180.34,0.76,0.31,0.048,0.367,0,0,LOW_POWER_FACTOR,3
227.96,4.267,649.81,0.668,49.99,19,6,972.705,723.85,-100.19,0.866,2.04,0.01,0.282,0,0,LOW_POWER_FACTOR,3
232.24,6.813,949.36,0.6,50.035,19,6,1582.251,1265.801,199.36,1.266,2.24,0.035,0.35,0,0,LOW_POWER_FACTOR,3
229.24,5.383,556.55,0.451,50.006,20,6,1233.999,1101.374,-193.45,0.742,0.76,0.006,0.499,0,0,LOW_POWER_FACTOR,3
229.16,6.392,678.25,0.463,50.073,20,6,1464.791,1298.329,-71.75,0.904,0.84,0.073,0.487,0,0,LOW_POWER_FACTOR,3
229.85,6.104,861.39,0.614,50.055,20,6,1403.004,1107.4,111.39,1.149,0.15,0.055,0.336,0,0,LOW_POWER_FACTOR,3
227.79,6.661,949.77,0.626,49.945,20,6,1517.309,1183.233,199.77,1.266,2.21,0.055,0.324,0,0,LOW_POWER_FACTOR,3
234.3,5.246,591.27,0.481,50.048,21,6,1229.138,1077.61,-158.73,0.788,4.3,0.048,0.469,0,0,LOW_POWER_FACTOR,3
228.09,6.789,975.5,0.63,50.053,21,6,1548.503,1202.56,225.5,1.301,1.91,0.053,0.32,0,0,LOW_POWER_FACTOR,3
230.16,4.743,616.73,0.565,50.051,21,6,1091.649,900.71,-133.27,0.822,0.16,0.051,0.385,0,0,LOW_POWER_FACTOR,3
233.0,4.001,582.7,0.625,50.059,21,6,932.233,727.724,-167.3,0.777,3.0,0.059,0.325,0,0,LOW_POWER_FACTOR,3
228.25,2.784,379.31,0.597,49.962,22,6,635.448,509.783,29.31,1.084,1.75,0.038,0.353,0,0,LOW_POWER_FACTOR,3
230.56,1.933,311.9,0.7,50.053,22,6,445.672,318.274,-38.1,0.891,0.56,0.053,0.25,0,0,LOW_POWER_FACTOR,3
235.29,2.434,310.92,0.543,50.068,22,6,572.696,480.911,-39.08,0.888,5.29,0.068,0.407,0,0,LOW_POWER_FACTOR,3
231.0,2.428,387.62,0.691,50.029,22,6,560.868,405.426,37.62,1.107,1.0,0.029,0.259,0,0,LOW_POWER_FACTOR,3
228.57,2.423,286.29,0.517,49.926,23,6,553.825,474.066,-63.71,0.818,1.43,0.074,0.433,0,0,LOW_POWER_FACTOR,3
232.81,4.189,485.68,0.498,50.068,23,6,975.241,845.707,135.68,1.388,2.81,0.068,0.452,0,0,LOW_POWER_FACTOR,3
228.43,1.921,295.27,0.673,50.023,23,6,438.814,324.565,-54.73,0.844,1.57,0.023,0.277,0,0,LOW_POWER_FACTOR,3
228.47,1.87,268.71,0.629,50.044,23,6,427.239,332.138,-81.29,0.768,1.53,0.044,0.321,0,0,LOW_POWER_FACTOR,3
229.42,1.54,191.12,0.541,50.003,0,0,353.307,297.139,61.12,1.47,0.58,0.003,0.409,1,0,LOW_POWER_FACTOR,3
228.31,0.668,100.05,0.656,50.132,0,0,152.511,115.109,-29.95,0.77,1.69,0.132,0.294,1,0,LOW_POWER_FACTOR,3
230.82,0.58,85.05,0.635,49.984,0,0,133.876,103.421,-44.95,0.654,0.82,0.016,0.315,1,0,LOW_POWER_FACTOR,3
233.82,0.976,105.25,0.461,49.981,0,0,228.208,202.512,-24.75,0.81,3.82,0.019,0.489,1,0,LOW_POWER_FACTOR,3
228.01,0.862,107.07,0.545,50.087,1,0,196.545,164.79,-22.93,0.824,1.99,0.087,0.405,1,0,LOW_POWER_FACTOR,3
229.22,1.535,159.43,0.453,50.006,1,0,351.853,313.68,29.43,1.226,0.78,0.006,0.497,1,0,LOW_POWER_FACTOR,3
229.89,1.231,139.54,0.493,49.988,1,0,282.995,246.214,9.54,1.073,0.11,0.012,0.457,1,0,LOW_POWER_FACTOR,3
228.94,1.041,119.22,0.5,50.007,1,0,238.327,206.397,-10.78,0.917,1.06,0.007,0.45,1,0,LOW_POWER_FACTOR,3
226.12,0.958,144.98,0.669,49.934,2,0,216.623,161.008,14.98,1.115,3.88,0.066,0.281,1,0,LOW_POWER_FACTOR,3
233.07,0.885,112.06,0.543,50.027,2,0,206.267,173.209,-17.94,0.862,3.07,0.027,0.407,1,0,LOW_POWER_FACTOR,3
229.38,0.702,109.41,0.679,50.058,2,0,161.025,118.214,-20.59,0.842,0.62,0.058,0.271,1,0,LOW_POWER_FACTOR,3
230.85,1.243,130.86,0.456,50.069,2,0,286.947,255.377,0.86,1.007,0.85,0.069,0.494,1,0,LOW_POWER_FACTOR,3
228.39,1.171,159.13,0.595,49.99,3,0,267.445,214.952,29.13,1.224,1.61,0.01,0.355,1,0,LOW_POWER_FACTOR,3
231.95,1.138,162.62,0.616,50.056,3,0,263.959,207.933,32.62,1.251,1.95,0.056,0.334,1,0,LOW_POWER_FACTOR,3
229.92,1.239,150.18,0.527,49.996,3,0,284.871,242.102,20.18,1.155,0.08,0.004,0.423,1,0,LOW_POWER_FACTOR,3
229.99,1.303,170.8,0.57,49.97,3,0,299.677,246.228,40.8,1.314,0.01,0.03,0.38,1,0,LOW_POWER_FACTOR,3
227.71,0.612,91.55,0.657,49.961,4,0,139.359,105.061,-38.45,0.704,2.29,0.039,0.293,1,0,LOW_POWER_FACTOR,3
229.26,1.056,130.06,0.537,50.003,4,0,242.099,204.23,0.06,1.0,0.74,0.003,0.413,1,0,LOW_POWER_FACTOR,3
229.04,1.031,113.77,0.482,50.113,4,0,236.14,206.899,-16.23,0.875,0.96,0.113,0.468,1,0,LOW_POWER_FACTOR,3
225.14,1.026,133.26,0.577,50.007,4,0,230.994,188.663,3.26,1.025,4.86,0.007,0.373,1,0,LOW_POWER_FACTOR,3
231.15,0.757,90.46,0.517,50.032,5,0,174.981,149.781,-39.54,0.696,1.15,0.032,0.433,1,0,LOW_POWER_FACTOR,3
231.41,0.837,94.88,0.49,49.953,5,0,193.69,168.844,-35.12,0.73,1.41,0.047,0.46,1,0,LOW_POWER_FACTOR,3
229.63,1.082,168.38,0.678,50.013,5,0,248.46,182.633,38.38,1.295,0.37,0.013,0.272,1,0,LOW_POWER_FACTOR,3
231.63,1.276,188.32,0.637,50.132,5,0,295.56,227.836,58.32,1.449,1.63,0.132,0.313,1,0,LOW_POWER_FACTOR,3
227.75,4.073,597.41,0.644,49.991,6,0,927.626,709.657,97.41,1.195,2.25,0.009,0.306,0,0,LOW_POWER_FACTOR,3
233.61,3.195,375.38,0.503,50.028,6,0,746.384,645.09,-124.62,0.751,3.61,0.028,0.447,0,0,LOW_POWER_FACTOR,3
225.19,5.641,605.88,0.477,50.004,6,0,1270.297,1116.468,105.88,1.212,4.81,0.004,0.473,0,0,LOW_POWER_FACTOR,3
229.88,3.013,433.65,0.626,50.091,6,0,692.628,540.128,-66.35,0.867,0.12,0.091,0.324,0,0,LOW_POWER_FACTOR,3
232.76,3.824,424.57,0.477,50.071,7,0,890.074,782.289,-75.43,0.849,2.76,0.071,0.473,0,0,LOW_POWER_FACTOR,3
231.15,3.606,446.79,0.536,50.018,7,0,833.527,703.678,-53.21,0.894,1.15,0.018,0.414,0,0,LOW_POWER_FACTOR,3
229.93,4.203,536.29,0.555,49.965,7,0,966.396,803.897,36.29,1.073,0.07,0.035,0.395,0,0,LOW_POWER_FACTOR,3
231.63,2.97,326.12,0.474,49.932,7,0,687.941,605.749,-173.88,0.652,1.63,0.068,0.476,0,0,LOW_POWER_FACTOR,3
231.93,3.828,619.77,0.698,50.032,8,0,887.828,635.772,119.77,1.24,1.93,0.032,0.252,0,0,LOW_POWER_FACTOR,3
229.14,2.739,423.04,0.674,50.014,8,0,627.614,463.638,-76.96,0.846,0.86,0.014,0.276,0,0,LOW_POWER_FACTOR,3
233.36,2.573,342.21,0.57,50.04,8,0,600.435,493.344,-157.79,0.684,3.36,0.04,0.38,0,0,LOW_POWER_FACTOR,3
226.45,2.564,377.34,0.65,50.012,8,0,580.618,441.231,-122.66,0.755,3.55,0.012,0.3,0,0,LOW_POWER_FACTOR,3
228.37,4.318,555.22,0.563,49.946,9,0,986.102,814.971,130.22,1.306,1.63,0.054,0.387,0,0,LOW_POWER_FACTOR,3
228.67,2.049,327.95,0.7,50.112,9,0,468.545,334.608,-97.05,0.772,1.33,0.112,0.25,0,0,LOW_POWER_FACTOR,3
231.59,2.764,420.52,0.657,50.019,9,0,640.115,482.576,-4.48,0.989,1.59,0.019,0.293,0,0,LOW_POWER_FACTOR,3
227.05,3.363,413.89,0.542,49.989,9,0,763.569,641.687,-11.11,0.974,2.95,0.011,0.408,0,0,LOW_POWER_FACTOR,3
228.59,3.074,411.1,0.585,49.971,10,0,702.686,569.901,-13.9,0.967,1.41,0.029,0.365,0,0,LOW_POWER_FACTOR,3
229.88,3.219,433.65,0.586,50.008,10,0,739.984,599.617,8.65,1.02,0.12,0.008,0.364,0,0,LOW_POWER_FACTOR,3
232.15,4.128,571.17,0.596,49.957,10,0,958.315,769.512,146.17,1.344,2.15,0.043,0.354,0,0,LOW_POWER_FACTOR,3
231.21,2.836,367.19,0.56,49.96,10,0,655.712,543.252,-57.81,0.864,1.21,0.04,0.39,0,0,LOW_POWER_FACTOR,3
230.11,4.837,555.44,0.499,49.984,11,0,1113.042,964.564,130.44,1.307,0.11,0.016,0.451,0,0,LOW_POWER_FACTOR,3
230.85,1.642,246.07,0.649,50.044,11,0,379.056,288.381,-178.93,0.579,0.85,0.044,0.301,0,0,LOW_POWER_FACTOR,3
229.3,2.382,311.9,0.571,49.981,11,0,546.193,448.397,-113.1,0.734,0.7,0.019,0.379,0,0,LOW_POWER_FACTOR,3
228.93,2.32,351.64,0.662,49.99,11,0,531.118,398.075,-73.36,0.827,1.07,0.01,0.288,0,0,LOW_POWER_FACTOR,3
227.51,3.411,520.78,0.671,49.953,12,0,776.037,575.398,95.78,1.225,2.49,0.047,0.279,0,0,LOW_POWER_FACTOR,3
232.44,3.68,425.14,0.497,49.923,12,0,855.379,742.256,0.14,1.0,2.44,0.077,0.453,0,0,LOW_POWER_FACTOR,3
234.25,4.361,543.52,0.532,49.994,12,0,1021.564,865.004,118.52,1.279,4.25,0.006,0.418,0,0,LOW_POWER_FACTOR,3
231.94,2.787,391.12,0.605,49.927,12,0,646.417,514.694,-33.88,0.92,1.94,0.073,0.345,0,0,LOW_POWER_FACTOR,3
226.82,3.815,445.67,0.515,50.078,13,0,865.318,741.742,20.67,1.049,3.18,0.078,0.435,0,0,LOW_POWER_FACTOR,3
228.58,3.833,488.06,0.557,49.993,13,0,876.147,727.651,63.06,1.148,1.42,0.007,0.393,0,0,LOW_POWER_FACTOR,3
229.41,5.409,585.66,0.472,49.937,13,0,1240.879,1093.957,160.66,1.378,0.59,0.063,0.478,0,0,LOW_POWER_FACTOR,3
226.29,2.602,364.46,0.619,49.928,13,0,588.807,462.443,-60.54,0.858,3.71,0.072,0.331,0,0,LOW_POWER_FACTOR,3
230.95,4.161,510.23,0.531,49.945,14,0,960.983,814.31,85.23,1.201,0.95,0.055,0.419,0,0,LOW_POWER_FACTOR,3
229.26,2.992,347.74,0.507,50.028,14,0,685.946,591.248,-77.26,0.818,0.74,0.028,0.443,0,0,LOW_POWER_FACTOR,3
232.4,4.954,583.76,0.507,50.075,14,0,1151.31,992.367,158.76,1.374,2.4,0.075,0.443,0,0,LOW_POWER_FACTOR,3
226.85,3.123,432.88,0.611,49.872,14,0,708.453,560.833,7.88,1.019,3.15,0.128,0.339,0,0,LOW_POWER_FACTOR,3
231.3,2.73,319.53,0.506,49.992,15,0,631.449,544.646,-105.47,0.752,1.3,0.008,0.444,0,0,LOW_POWER_FACTOR,3
231.62,1.871,269.14,0.621,49.973,15,0,433.361,339.673,-155.86,0.633,1.62,0.027,0.329,0,0,LOW_POWER_FACTOR,3
227.46,2.239,309.17,0.607,49.932,15,0,509.283,404.728,-115.83,0.727,2.54,0.068,0.343,0,0,LOW_POWER_FACTOR,3
229.86,4.051,541.93,0.582,50.071,15,0,931.163,757.211,116.93,1.275,0.14,0.071,0.368,0,0,LOW_POWER_FACTOR,3
230.87,4.394,572.12,0.564,49.956,16,0,1014.443,837.701,147.12,1.346,0.87,0.044,0.386,0,0,LOW_POWER_FACTOR,3
228.62,3.86,480.01,0.544,49.98,16,0,882.473,740.47,55.01,1.129,1.38,0.02,0.406,0,0,LOW_POWER_FACTOR,3
226.61,3.417,540.49,0.698,50.04,16,0,774.326,554.493,115.49,1.272,3.39,0.04,0.252,0,0,LOW_POWER_FACTOR,3
228.6,2.699,301.12,0.488,50.061,16,0,616.991,538.537,-123.88,0.709,1.4,0.061,0.462,0,0,LOW_POWER_FACTOR,3
234.06,4.717,709.84,0.643,50.026,17,0,1104.061,845.563,-40.16,0.946,4.06,0.026,0.307,0,0,LOW_POWER_FACTOR,3
230.67,5.461,827.64,0.657,50.09,17,0,1259.689,949.668,77.64,1.104,0.67,0.09,0.293,0,0,LOW_POWER_FACTOR,3
231.32,7.095,960.08,0.585,50.057,17,0,1641.215,1331.08,210.08,1.28,1.32,0.057,0.365,0,0,LOW_POWER_FACTOR,3
231.65,6.057,965.32,0.688,49.984,17,0,1403.104,1018.248,215.32,1.287,1.65,0.016,0.262,0,0,LOW_POWER_FACTOR,3
230.36,8.363,997.93,0.518,49.93,18,0,1926.501,1647.891,247.93,1.331,0.36,0.07,0.432,0,0,LOW_POWER_FACTOR,3
232.38,8.327,942.36,0.487,50.046,18,0,1935.028,1690.057,192.36,1.256,2.38,0.046,0.463,0,0,LOW_POWER_FACTOR,3
227.82,5.38,769.78,0.628,49.916,18,0,1225.672,953.834,19.78,1.026,2.18,0.084,0.322,0,0,LOW_POWER_FACTOR,3
229.03,5.983,890.7,0.65,49.952,18,0,1370.286,1041.328,140.7,1.188,0.97,0.048,0.3,0,0,LOW_POWER_FACTOR,3
228.47,5.8,755.27,0.57,49.973,19,0,1325.126,1088.783,5.27,1.007,1.53,0.027,0.38,0,0,LOW_POWER_FACTOR,3
230.21,5.03,757.27,0.654,49.974,19,0,1157.956,875.988,7.27,1.01,0.21,0.026,0.296,0,0,LOW_POWER_FACTOR,3
229.31,8.1,874.81,0.471,49.996,19,0,1857.411,1638.484,124.81,1.166,0.69,0.004,0.479,0,0,LOW_POWER_FACTOR,3
229.78,8.129,857.36,0.459,50.014,19,0,1867.882,1659.494,107.36,1.143,0.22,0.014,0.491,0,0,LOW_POWER_FACTOR,3
229.76,4.602,615.4,0.582,49.973,20,0,1057.356,859.83,-134.6,0.821,0.24,0.027,0.368,0,0,LOW_POWER_FACTOR,3
227.57,4.78,741.88,0.682,50.014,20,0,1087.785,795.554,-8.12,0.989,2.43,0.014,0.268,0,0,LOW_POWER_FACTOR,3
228.24,4.807,582.57,0.531,49.99,20,0,1097.15,929.694,-167.43,0.777,1.76,0.01,0.419,0,0,LOW_POWER_FACTOR,3
231.8,6.512,867.96,0.575,50.026,20,0,1509.482,1234.988,117.96,1.157,1.8,0.026,0.375,0,0,LOW_POWER_FACTOR,3
230.68,4.732,727.0,0.666,50.007,21,0,1091.578,814.264,-23.0,0.969,0.68,0.007,0.284,0,0,LOW_POWER_FACTOR,3
228.53,4.918,784.46,0.698,50.035,21,0,1123.911,804.83,34.46,1.046,1.47,0.035,0.252,0,0,LOW_POWER_FACTOR,3
230.53,5.909,870.38,0.639,49.999,21,0,1362.202,1047.815,120.38,1.161,0.53,0.001,0.311,0,0,LOW_POWER_FACTOR,3
230.77,4.724,710.76,0.652,49.973,21,0,1090.157,826.578,-39.24,0.948,0.77,0.027,0.298,0,0,LOW_POWER_FACTOR,3
233.04,4.021,513.55,0.548,50.04,22,0,937.054,783.825,163.55,1.467,3.04,0.04,0.402,0,0,LOW_POWER_FACTOR,3
235.79,2.328,294.16,0.536,49.957,22,0,548.919,463.407,-55.84,0.84,5.79,0.043,0.414,0,0,LOW_POWER_FACTOR,3
231.62,2.419,287.43,0.513,50.001,22,0,560.289,480.946,-62.57,0.821,1.62,0.001,0.437,0,0,LOW_POWER_FACTOR,3
229.79,1.699,221.72,0.568,49.999,22,0,390.413,321.321,-128.28,0.633,0.21,0.001,0.382,0,0,LOW_POWER_FACTOR,3
228.79,2.435,327.63,0.588,50.014,23,0,557.104,450.619,-22.37,0.936,1.21,0.014,0.362,0,0,LOW_POWER_FACTOR,3
229.24,2.462,313.82,0.556,50.04,23,0,564.389,469.11,-36.18,0.897,0.76,0.04,0.394,0,0,LOW_POWER_FACTOR,3
232.52,2.157,252.73,0.504,50.011,23,0,501.546,433.187,-97.27,0.722,2.52,0.011,0.446,0,0,LOW_POWER_FACTOR,3
229.6,2.957,414.89,0.611,50.008,23,0,678.927,537.46,64.89,1.185,0.4,0.008,0.339,0,0,LOW_POWER_FACTOR,3
229.28,0.856,132.92,0.677,49.967,0,1,196.264,144.447,2.92,1.022,0.72,0.033,0.273,1,0,LOW_POWER_FACTOR,3
230.04,1.018,128.38,0.548,49.925,0,1,234.181,195.887,-1.62,0.988,0.04,0.075,0.402,1,0,LOW_POWER_FACTOR,3
230.41,0.702,104.81,0.648,49.972,0,1,161.748,123.194,-25.19,0.806,0.41,0.028,0.302,1,0,LOW_POWER_FACTOR,3
230.66,1.143,135.24,0.513,50.008,0,1,263.644,226.309,5.24,1.04,0.66,0.008,0.437,1,0,LOW_POWER_FACTOR,3
228.16,1.324,149.53,0.495,50.012,1,1,302.084,262.479,19.53,1.15,1.84,0.012,0.455,1,0,LOW_POWER_FACTOR,3
229.8,0.99,148.58,0.653,49.905,1,1,227.502,172.3,18.58,1.143,0.2,0.095,0.297,1,0,LOW_POWER_FACTOR,3
231.19,0.651,70.45,0.468,50.011,1,1,150.505,133.005,-59.55,0.542,1.19,0.011,0.482,1,0,LOW_POWER_FACTOR,3
232.71,0.672,72.86,0.466,50.03,1,1,156.381,138.364,-57.14,0.56,2.71,0.03,0.484,1,0,LOW_POWER_FACTOR,3
227.54,0.87,110.63,0.559,50.054,2,1,197.96,164.142,-19.37,0.851,2.46,0.054,0.391,1,0,LOW_POWER_FACTOR,3
229.03,0.599,84.18,0.614,49.987,2,1,137.189,108.284,-45.82,0.648,0.97,0.013,0.336,1,0,LOW_POWER_FACTOR,3
230.05,1.079,125.65,0.506,50.054,2,1,248.224,214.101,-4.35,0.967,0.05,0.054,0.444,1,0,LOW_POWER_FACTOR,3
230.68,1.212,144.31,0.516,50.022,2,1,279.584,239.489,14.31,1.11,0.68,0.022,0.434,1,0,LOW_POWER_FACTOR,3
229.3,1.171,167.52,0.624,49.97,3,1,268.51,209.82,37.52,1.289,0.7,0.03,0.326,1,0,LOW_POWER_FACTOR,3
229.56,0.977,134.41,0.599,50.002,3,1,224.28,179.592,4.41,1.034,0.44,0.002,0.351,1,0,LOW_POWER_FACTOR,3
233.6,0.632,88.53,0.6,49.983,3,1,147.635,118.108,-41.47,0.681,3.6,0.017,0.35,1,0,LOW_POWER_FACTOR,3
226.06,1.358,177.12,0.577,49.949,3,1,306.989,250.732,47.12,1.362,3.94,0.051,0.373,1,0,LOW_POWER_FACTOR,3
228.44,0.935,113.84,0.533,49.92,4,1,213.591,180.723,-16.16,0.876,1.56,0.08,0.417,1,0,LOW_POWER_FACTOR,3
230.45,0.961,133.37,0.602,49.888,4,1,221.462,176.837,3.37,1.026,0.45,0.112,0.348,1,0,LOW_POWER_FACTOR,3
230.23,0.874,108.6,0.54,50.097,4,1,201.221,169.361,-21.4,0.835,0.23,0.097,0.41,1,0,LOW_POWER_FACTOR,3
228.67,0.753,100.19,0.582,49.933,4,1,172.189,140.022,-29.81,0.771,1.33,0.067,0.368,1,0,LOW_POWER_FACTOR,3
229.85,0.651,100.18,0.67,50.024,5,1,149.632,111.081,-29.82,0.771,0.15,0.024,0.28,1,0,LOW_POWER_FACTOR,3
230.25,1.383,157.66,0.495,49.921,5,1,318.436,276.687,27.66,1.213,0.25,0.079,0.455,1,0,LOW_POWER_FACTOR,3
232.71,1.331,156.68,0.506,49.996,5,1,309.737,267.159,26.68,1.205,2.71,0.004,0.444,1,0,LOW_POWER_FACTOR,3
230.68,1.504,157.81,0.455,50.021,5,1,346.943,308.95,27.81,1.214,0.68,0.021,0.495,1,0,LOW_POWER_FACTOR,3
231.18,2.792,322.78,0.5,49.929,6,1,645.455,558.98,-177.22,0.646,1.18,0.071,0.45,0,0,LOW_POWER_FACTOR,3
230.42,4.575,685.28,0.65,50.067,6,1,1054.171,801.101,185.28,1.371,0.42,0.067,0.3,0,0,LOW_POWER_FACTOR,3
229.69,4.189,460.91,0.479,50.04,6,1,962.171,844.608,-39.09,0.922,0.31,0.04,0.471,0,0,LOW_POWER_FACTOR,3
231.72,3.404,513.43,0.651,50.024,6,1,788.775,598.741,13.43,1.027,1.72,0.024,0.299,0,0,LOW_POWER_FACTOR,3
228.4,3.189,421.04,0.578,50.02,7,1,728.368,594.375,-78.96,0.842,1.6,0.02,0.372,0,0,LOW_POWER_FACTOR,3
228.11,3.257,421.99,0.568,49.944,7,1,742.954,611.473,-78.01,0.844,1.89,0.056,0.382,0,0,LOW_POWER_FACTOR,3
230.25,4.338,588.35,0.589,50.155,7,1,998.825,807.183,88.35,1.177,0.25,0.155,0.361,0,0,LOW_POWER_FACTOR,3
231.03,5.802,611.26,0.456,49.973,7,1,1340.436,1192.961,111.26,1.223,1.03,0.027,0.494,0,0,LOW_POWER_FACTOR,3
226.39,4.096,492.45,0.531,50.043,8,1,927.293,785.762,-7.55,0.985,3.61,0.043,0.419,0,0,LOW_POWER_FACTOR,3
227.62,2.927,391.14,0.587,49.993,8,1,666.244,539.382,-108.86,0.782,2.38,0.007,0.363,0,0,LOW_POWER_FACTOR,3
228.38,5.803,599.02,0.452,49.987,8,1,1325.289,1182.182,99.02,1.198,1.62,0.013,0.498,0,0,LOW_POWER_FACTOR,3
227.89,3.352,527.79,0.691,49.977,8,1,763.887,552.18,27.79,1.056,2.11,0.023,0.259,0,0,LOW_POWER_FACTOR,3
227.56,5.027,597.14,0.522,50.026,9,1,1143.944,975.722,172.14,1.405,2.44,0.026,0.428,0,0,LOW_POWER_FACTOR,3
228.88,3.521,520.64,0.646,50.007,9,1,805.886,615.163,95.64,1.225,1.12,0.007,0.304,0,0,LOW_POWER_FACTOR,3
228.95,2.803,351.03,0.547,49.961,9,1,641.747,537.227,-73.97,0.826,1.05,0.039,0.403,0,0,LOW_POWER_FACTOR,3
232.89,2.251,286.77,0.547,50.013,9,1,524.235,438.855,-138.23,0.675,2.89,0.013,0.403,0,0,LOW_POWER_FACTOR,3
226.48,4.535,485.82,0.473,50.032,10,1,1027.087,904.928,60.82,1.143,3.52,0.032,0.477,0,0,LOW_POWER_FACTOR,3
231.04,3.994,596.06,0.646,49.951,10,1,922.774,704.388,171.06,1.402,1.04,0.049,0.304,0,0,LOW_POWER_FACTOR,3
228.38,2.215,318.7,0.63,50.012,10,1,505.862,392.85,-106.3,0.75,1.62,0.012,0.32,0,0,LOW_POWER_FACTOR,3
226.27,2.468,288.68,0.517,49.888,10,1,558.434,478.012,-136.32,0.679,3.73,0.112,0.433,0,0,LOW_POWER_FACTOR,3
230.38,2.797,335.09,0.52,49.997,11,1,644.373,550.402,-89.91,0.788,0.38,0.003,0.43,0,0,LOW_POWER_FACTOR,3
227.03,2.098,245.81,0.516,50.057,11,1,476.309,408.001,-179.19,0.578,2.97,0.057,0.434,0,0,LOW_POWER_FACTOR,3
229.83,4.637,515.84,0.484,49.92,11,1,1065.722,932.579,90.84,1.214,0.17,0.08,0.466,0,0,LOW_POWER_FACTOR,3
226.84,2.911,334.1,0.506,50.039,11,1,660.331,569.558,-90.9,0.786,3.16,0.039,0.444,0,0,LOW_POWER_FACTOR,3
234.01,5.299,581.55,0.469,49.989,12,1,1240.019,1095.182,156.55,1.368,4.01,0.011,0.481,0,0,LOW_POWER_FACTOR,3
230.76,2.995,460.28,0.666,49.969,12,1,691.126,515.547,35.28,1.083,0.76,0.031,0.284,0,0,LOW_POWER_FACTOR,3
227.84,4.679,501.01,0.47,50.1,12,1,1066.063,940.978,76.01,1.179,2.16,0.1,0.48,0,0,LOW_POWER_FACTOR,3
228.29,2.925,394.61,0.591,50.004,12,1,667.748,538.654,-30.39,0.928,1.71,0.004,0.359,0,0,LOW_POWER_FACTOR,3
230.43,2.36,359.42,0.661,49.998,13,1,543.815,408.071,-65.58,0.846,0.43,0.002,0.289,0,0,LOW_POWER_FACTOR,3
229.38,2.722,409.66,0.656,50.0,13,1,624.372,471.252,-15.34,0.964,0.62,0.0,0.294,0,0,LOW_POWER_FACTOR,3
230.28,4.225,517.58,0.532,49.987,13,1,972.933,823.826,92.58,1.218,0.28,0.013,0.418,0,0,LOW_POWER_FACTOR,3
228.05,2.529,351.17,0.609,49.988,13,1,576.738,457.452,-73.83,0.826,1.95,0.012,0.341,0,0,LOW_POWER_FACTOR,3
229.97,2.555,397.78,0.677,49.994,14,1,587.573,432.444,-27.22,0.936,0.03,0.006,0.273,0,0,LOW_POWER_FACTOR,3
231.63,2.27,348.64,0.663,50.014,14,1,525.8,393.624,-76.36,0.82,1.63,0.014,0.287,0,0,LOW_POWER_FACTOR,3
227.85,3.352,424.69,0.556,50.003,14,1,763.753,634.818,-0.31,0.999,2.15,0.003,0.394,0,0,LOW_POWER_FACTOR,3
227.1,1.826,276.14,0.666,49.95,14,1,414.685,309.335,-148.86,0.65,2.9,0.05,0.284,0,0,LOW_POWER_FACTOR,3
228.58,3.444,420.33,0.534,50.006,15,1,787.23,665.59,-4.67,0.989,1.42,0.006,0.416,0,0,LOW_POWER_FACTOR,3
229.38,3.228,517.57,0.699,49.977,15,1,740.439,529.504,92.57,1.218,0.62,0.023,0.251,0,0,LOW_POWER_FACTOR,3
232.51,1.859,279.72,0.647,49.928,15,1,432.236,329.576,-145.28,0.658,2.51,0.072,0.303,0,0,LOW_POWER_FACTOR,3
230.69,3.605,401.65,0.483,49.959,15,1,831.637,728.199,-23.35,0.945,0.69,0.041,0.467,0,0,LOW_POWER_FACTOR,3
229.57,5.412,581.44,0.468,50.025,16,1,1242.433,1097.973,156.44,1.368,0.43,0.025,0.482,0,0,LOW_POWER_FACTOR,3
233.18,4.873,586.35,0.516,50.013,16,1,1136.286,973.33,161.35,1.38,3.18,0.013,0.434,0,0,LOW_POWER_FACTOR,3
230.84,2.372,364.73,0.666,50.0,16,1,547.552,408.448,-60.27,0.858,0.84,0.0,0.284,0,0,LOW_POWER_FACTOR,3
229.58,4.103,567.06,0.602,50.061,16,1,941.967,752.157,142.06,1.334,0.42,0.061,0.348,0,0,LOW_POWER_FACTOR,3
232.94,4.638,684.89,0.634,49.898,17,1,1080.376,835.49,-65.11,0.913,2.94,0.102,0.316,0,0,LOW_POWER_FACTOR,3
231.37,6.149,830.91,0.584,50.003,17,1,1422.694,1154.877,80.91,1.108,1.37,0.003,0.366,0,0,LOW_POWER_FACTOR,3
230.65,5.245,643.65,0.532,50.043,17,1,1209.759,1024.357,-106.35,0.858,0.65,0.043,0.418,0,0,LOW_POWER_FACTOR,3
229.2,4.003,620.21,0.676,50.002,17,1,917.488,676.098,-129.79,0.827,0.8,0.002,0.274,0,0,LOW_POWER_FACTOR,3
228.58,5.9,647.35,0.48,49.935,18,1,1348.622,1183.104,-102.65,0.863,1.42,0.065,0.47,0,0,LOW_POWER_FACTOR,3
227.18,5.234,690.79,0.581,50.08,18,1,1189.06,967.78,-59.21,0.921,2.82,0.08,0.369,0,0,LOW_POWER_FACTOR,3
226.6,4.744,661.11,0.615,49.938,18,1,1074.99,847.659,-88.89,0.881,3.4,0.062,0.335,0,0,LOW_POWER_FACTOR,3
231.03,4.492,572.91,0.552,50.03,18,1,1037.787,865.352,-177.09,0.764,1.03,0.03,0.398,0,0,LOW_POWER_FACTOR,3
230.31,6.716,838.33,0.542,50.024,19,1,1546.762,1299.865,88.33,1.118,0.31,0.024,0.408,0,0,LOW_POWER_FACTOR,3
227.77,6.071,716.33,0.518,50.054,19,1,1382.792,1182.813,-33.67,0.955,2.23,0.054,0.432,0,0,LOW_POWER_FACTOR,3
230.13,5.143,572.82,0.484,50.01,19,1,1183.559,1035.694,-177.18,0.764,0.13,0.01,0.466,0,0,LOW_POWER_FACTOR,3
233.99,6.585,867.52,0.563,49.957,19,1,1540.824,1273.425,117.52,1.157,3.99,0.043,0.387,0,0,LOW_POWER_FACTOR,3
229.99,4.119,613.91,0.648,49.989,20,1,947.329,721.524,-136.09,0.819,0.01,0.011,0.302,0,0,LOW_POWER_FACTOR,3
231.19,5.853,776.69,0.574,49.994,20,1,1353.155,1108.038,26.69,1.036,1.19,0.006,0.376,0,0,LOW_POWER_FACTOR,3
232.05,6.57,899.49,0.59,49.943,20,1,1524.569,1230.942,149.49,1.199,2.05,0.057,0.36,0,0,LOW_POWER_FACTOR,3
232.51,6.91,853.15,0.531,50.015,20,1,1606.644,1361.425,103.15,1.138,2.51,0.015,0.419,0,0,LOW_POWER_FACTOR,3
228.72,5.622,804.92,0.626,50.071,21,1,1285.864,1002.746,54.92,1.073,1.28,0.071,0.324,0,0,LOW_POWER_FACTOR,3
234.14,3.865,563.8,0.623,50.041,21,1,904.951,707.873,-186.2,0.752,4.14,0.041,0.327,0,0,LOW_POWER_FACTOR,3
231.05,5.885,855.23,0.629,50.015,21,1,1359.729,1057.061,105.23,1.14,1.05,0.015,0.321,0,0,LOW_POWER_FACTOR,3
225.96,4.244,662.62,0.691,50.031,21,1,958.974,693.199,-87.38,0.883,4.04,0.031,0.259,0,0,LOW_POWER_FACTOR,3
230.41,2.83,406.88,0.624,49.999,22,1,652.06,509.536,56.88,1.163,0.41,0.001,0.326,0,0,LOW_POWER_FACTOR,3
231.88,2.894,329.46,0.491,50.007,22,1,671.061,584.601,-20.54,0.941,1.88,0.007,0.459,0,0,LOW_POWER_FACTOR,3
227.93,1.632,243.3,0.654,49.99,22,1,371.982,281.402,-106.7,0.695,2.07,0.01,0.296,0,0,LOW_POWER_FACTOR,3
227.85,3.683,408.65,0.487,50.036,22,1,839.172,732.934,58.65,1.168,2.15,0.036,0.463,0,0,LOW_POWER_FACTOR,3
230.21,4.214,448.24,0.462,50.043,23,1,970.105,860.367,98.24,1.281,0.21,0.043,0.488,0,0,LOW_POWER_FACTOR,3
230.86,3.514,396.67,0.489,50.029,23,1,811.242,707.633,46.67,1.133,0.86,0.029,0.461,0,0,LOW_POWER_FACTOR,3
229.27,2.67,356.88,0.583,49.967,23,1,612.151,497.356,6.88,1.02,0.73,0.033,0.367,0,0,LOW_POWER_FACTOR,3
228.21,2.538,388.66,0.671,49.887,23,1,579.197,429.45,38.66,1.11,1.79,0.113,0.279,0,0,LOW_POWER_FACTOR,3
227.91,1.212,177.13,0.641,50.032,0,2,276.227,212.015,47.13,1.363,2.09,0.032,0.309,1,0,LOW_POWER_FACTOR,3
226.05,1.046,143.49,0.607,50.006,0,2,236.448,187.906,13.49,1.104,3.95,0.006,0.343,1,0,LOW_POWER_FACTOR,3
229.15,1.05,155.41,0.646,50.082,0,2,240.608,183.665,25.41,1.195,0.85,0.082,0.304,1,0,LOW_POWER_FACTOR,3
232.8,1.539,167.29,0.467,50.075,0,2,358.279,316.811,37.29,1.287,2.8,0.075,0.483,1,0,LOW_POWER_FACTOR,3
230.74,1.075,137.67,0.555,49.964,1,2,248.046,206.337,7.67,1.059,0.74,0.036,0.395,1,0,LOW_POWER_FACTOR,3
232.6,0.654,106.33,0.699,49.987,1,2,152.12,108.785,-23.67,0.818,2.6,0.013,0.251,1,0,LOW_POWER_FACTOR,3
230.51,0.691,82.4,0.517,50.008,1,2,159.282,136.343,-47.6,0.634,0.51,0.008,0.433,1,0,LOW_POWER_FACTOR,3
226.21,1.168,171.24,0.648,50.004,1,2,264.213,201.235,41.24,1.317,3.79,0.004,0.302,1,0,LOW_POWER_FACTOR,3
232.74,0.937,117.36,0.538,49.948,2,2,218.077,183.827,-12.64,0.903,2.74,0.052,0.412,1,0,LOW_POWER_FACTOR,3
230.75,0.862,136.58,0.687,50.026,2,2,198.906,144.537,6.58,1.051,0.75,0.026,0.263,1,0,LOW_POWER_FACTOR,3
230.94,0.761,93.44,0.532,50.024,2,2,175.745,148.811,-36.56,0.719,0.94,0.024,0.418,1,0,LOW_POWER_FACTOR,3
228.06,0.932,127.77,0.601,49.981,2,2,212.552,169.882,-2.23,0.983,1.94,0.019,0.349,1,0,LOW_POWER_FACTOR,3
230.91,0.592,72.33,0.529,50.047,3,2,136.699,116.006,-57.67,0.556,0.91,0.047,0.421,1,0,LOW_POWER_FACTOR,3
233.97,0.618,99.16,0.686,49.923,3,2,144.593,105.206,-30.84,0.763,3.97,0.077,0.264,1,0,LOW_POWER_FACTOR,3
231.56,0.967,136.53,0.61,49.936,3,2,223.919,177.433,6.53,1.05,1.56,0.064,0.34,1,0,LOW_POWER_FACTOR,3
233.92,0.843,90.91,0.461,49.995,3,2,197.195,174.99,-39.09,0.699,3.92,0.005,0.489,1,0,LOW_POWER_FACTOR,3
228.72,1.068,130.17,0.533,49.997,4,2,244.273,206.683,0.17,1.001,1.28,0.003,0.417,1,0,LOW_POWER_FACTOR,3
229.32,1.103,150.54,0.595,49.957,4,2,252.94,203.294,20.54,1.158,0.68,0.043,0.355,1,0,LOW_POWER_FACTOR,3
229.1,1.209,128.21,0.463,49.956,4,2,276.982,245.505,-1.79,0.986,0.9,0.044,0.487,1,0,LOW_POWER_FACTOR,3
228.25,0.657,88.2,0.588,50.04,4,2,149.96,121.297,-41.8,0.678,1.75,0.04,0.362,1,0,LOW_POWER_FACTOR,3
229.78,1.285,142.96,0.484,50.017,5,2,295.267,258.379,12.96,1.1,0.22,0.017,0.466,1,0,LOW_POWER_FACTOR,3
228.87,0.888,132.46,0.652,49.994,5,2,203.237,154.098,2.46,1.019,1.13,0.006,0.298,1,0,LOW_POWER_FACTOR,3
231.09,1.118,176.47,0.683,49.888,5,2,258.359,188.71,46.47,1.357,1.09,0.112,0.267,1,0,LOW_POWER_FACTOR,3
226.58,0.851,127.52,0.661,50.045,5,2,192.82,144.689,-2.48,0.981,3.42,0.045,0.289,1,0,LOW_POWER_FACTOR,3
231.85,3.976,485.75,0.527,50.047,6,2,921.836,783.436,-14.25,0.972,1.85,0.047,0.423,0,0,LOW_POWER_FACTOR,3
230.11,3.871,561.21,0.63,50.006,6,2,890.756,691.757,61.21,1.122,0.11,0.006,0.32,0,0,LOW_POWER_FACTOR,3
230.52,3.572,398.53,0.484,50.018,6,2,823.417,720.546,-101.47,0.797,0.52,0.018,0.466,0,0,LOW_POWER_FACTOR,3
229.94,3.322,445.31,0.583,49.98,6,2,763.861,620.616,-54.69,0.891,0.06,0.02,0.367,0,0,LOW_POWER_FACTOR,3
231.07,2.587,396.91,0.664,49.993,7,2,597.778,446.978,-103.09,0.794,1.07,0.007,0.286,0,0,LOW_POWER_FACTOR,3
230.37,3.401,510.88,0.652,49.97,7,2,783.488,594.056,10.88,1.022,0.37,0.03,0.298,0,0,LOW_POWER_FACTOR,3
232.41,5.123,575.09,0.483,50.062,7,2,1190.636,1042.545,75.09,1.15,2.41,0.062,0.467,0,0,LOW_POWER_FACTOR,3
231.21,4.709,516.11,0.474,50.038,7,2,1088.768,958.687,16.11,1.032,1.21,0.038,0.476,0,0,LOW_POWER_FACTOR,3
229.26,6.107,644.09,0.46,50.067,8,2,1400.091,1243.167,144.09,1.288,0.74,0.067,0.49,0,0,LOW_POWER_FACTOR,3
229.06,4.338,684.6,0.689,49.922,8,2,993.662,720.168,184.6,1.369,0.94,0.078,0.261,0,0,LOW_POWER_FACTOR,3
228.48,3.773,530.99,0.616,50.078,8,2,862.055,679.081,30.99,1.062,1.52,0.078,0.334,0,0,LOW_POWER_FACTOR,3
231.67,3.611,391.56,0.468,49.982,8,2,836.56,739.292,-108.44,0.783,1.67,0.018,0.482,0,0,LOW_POWER_FACTOR,3
227.36,3.267,413.68,0.557,50.06,9,2,742.785,616.892,-11.32,0.973,2.64,0.06,0.393,0,0,LOW_POWER_FACTOR,3
227.55,3.168,441.9,0.613,50.055,9,2,720.878,569.554,16.9,1.04,2.45,0.055,0.337,0,0,LOW_POWER_FACTOR,3
225.87,4.623,477.22,0.457,50.036,9,2,1044.197,928.778,52.22,1.123,4.13,0.036,0.493,0,0,LOW_POWER_FACTOR,3
226.75,3.7,574.64,0.685,49.982,9,2,838.975,611.229,149.64,1.352,3.25,0.018,0.265,0,0,LOW_POWER_FACTOR,3
227.56,4.111,523.0,0.559,50.039,10,2,935.499,775.686,98.0,1.231,2.44,0.039,0.391,0,0,LOW_POWER_FACTOR,3
229.54,3.761,562.03,0.651,50.055,10,2,863.3,655.312,137.03,1.322,0.46,0.055,0.299,0,0,LOW_POWER_FACTOR,3
231.73,2.007,257.7,0.554,49.97,10,2,465.082,387.189,-167.3,0.606,1.73,0.03,0.396,0,0,LOW_POWER_FACTOR,3
224.59,4.983,590.91,0.528,50.046,10,2,1119.132,950.417,165.91,1.39,5.41,0.046,0.422,0,0,LOW_POWER_FACTOR,3
230.8,2.525,379.97,0.652,49.979,11,2,582.77,441.867,-45.03,0.894,0.8,0.021,0.298,0,0,LOW_POWER_FACTOR,3
233.03,3.038,363.87,0.514,49.96,11,2,707.945,607.268,-61.13,0.856,3.03,0.04,0.436,0,0,LOW_POWER_FACTOR,3
228.94,3.446,519.85,0.659,50.042,11,2,788.927,593.386,94.85,1.223,1.06,0.042,0.291,0,0,LOW_POWER_FACTOR,3
227.96,3.838,548.51,0.627,50.018,11,2,874.91,681.572,123.51,1.291,2.04,0.018,0.323,0,0,LOW_POWER_FACTOR,3
230.71,3.81,453.51,0.516,49.965,12,2,879.005,752.946,28.51,1.067,0.71,0.035,0.434,0,0,LOW_POWER_FACTOR,3
228.95,3.815,560.73,0.642,49.948,12,2,873.444,669.674,135.73,1.319,1.05,0.052,0.308,0,0,LOW_POWER_FACTOR,3
229.02,2.66,387.41,0.636,49.98,12,2,609.193,470.108,-37.59,0.912,0.98,0.02,0.314,0,0,LOW_POWER_FACTOR,3
224.82,2.739,417.56,0.678,49.944,12,2,615.782,452.638,-7.44,0.982,5.18,0.056,0.272,0,0,LOW_POWER_FACTOR,3
231.65,1.922,295.6,0.664,49.963,13,2,445.231,332.914,-129.4,0.696,1.65,0.037,0.286,0,0,LOW_POWER_FACTOR,3
230.83,3.931,552.64,0.609,49.923,13,2,907.393,719.717,127.64,1.3,0.83,0.077,0.341,0,0,LOW_POWER_FACTOR,3
229.0,2.344,359.12,0.669,50.032,13,2,536.776,398.965,-65.88,0.845,1.0,0.032,0.281,0,0,LOW_POWER_FACTOR,3
230.08,3.967,541.18,0.593,49.983,13,2,912.727,734.93,116.18,1.273,0.08,0.017,0.357,0,0,LOW_POWER_FACTOR,3
229.57,2.73,428.75,0.684,50.003,14,2,626.726,457.185,3.75,1.009,0.43,0.003,0.266,0,0,LOW_POWER_FACTOR,3
232.45,1.708,272.73,0.687,49.954,14,2,397.025,288.501,-152.27,0.642,2.45,0.046,0.263,0,0,LOW_POWER_FACTOR,3
229.4,2.719,319.36,0.512,49.946,14,2,623.739,535.782,-105.64,0.751,0.6,0.054,0.438,0,0,LOW_POWER_FACTOR,3
229.61,2.69,368.76,0.597,49.96,14,2,617.651,495.505,-56.24,0.868,0.39,0.04,0.353,0,0,LOW_POWER_FACTOR,3
231.33,4.606,591.3,0.555,50.026,15,2,1065.506,886.342,166.3,1.391,1.33,0.026,0.395,0,0,LOW_POWER_FACTOR,3
230.0,3.449,492.66,0.621,50.008,15,2,793.27,621.773,67.66,1.159,0.0,0.008,0.329,0,0,LOW_POWER_FACTOR,3
231.68,4.08,554.91,0.587,49.856,15,2,945.254,765.266,129.91,1.306,1.68,0.144,0.363,0,0,LOW_POWER_FACTOR,3
227.63,3.511,557.1,0.697,50.035,15,2,799.209,573.09,132.1,1.311,2.37,0.035,0.253,0,0,LOW_POWER_FACTOR,3
229.78,11.392,2358.6,0.901,50.05,16,2,2617.654,1135.588,1933.6,5.55,0.22,0.05,0.049,0,1,NIGHT_ANOMALY,4
228.38,9.247,1985.22,0.94,50.038,16,2,2111.83,720.502,1560.22,4.671,1.62,0.038,0.01,0,1,NIGHT_ANOMALY,4
226.6,10.327,2143.5,0.916,49.975,16,2,2340.098,938.797,1718.5,5.044,3.4,0.025,0.034,0,1,NIGHT_ANOMALY,4
227.72,9.841,2135.66,0.953,50.072,16,2,2240.993,678.954,1710.66,5.025,2.28,0.072,0.003,0,1,NIGHT_ANOMALY,4
230.3,10.714,2408.28,0.976,50.049,17,2,2467.434,537.334,1658.28,3.211,0.3,0.049,0.026,0,1,NIGHT_ANOMALY,4
229.12,9.741,2017.54,0.904,49.964,17,2,2231.858,954.192,1267.54,2.69,0.88,0.036,0.046,0,1,NIGHT_ANOMALY,4
230.91,10.671,2375.36,0.964,49.994,17,2,2464.041,655.194,1625.36,3.167,0.91,0.006,0.014,0,1,NIGHT_ANOMALY,4
230.57,7.402,1677.75,0.983,49.965,17,2,1706.679,313.356,927.75,2.237,0.57,0.035,0.033,0,1,NIGHT_ANOMALY,4
228.1,6.305,1382.08,0.961,50.002,18,2,1438.17,397.724,632.08,1.843,1.9,0.002,0.011,0,0,NIGHT_ANOMALY,4
228.72,7.733,1659.12,0.938,50.09,18,2,1768.692,613.091,909.12,2.212,1.28,0.09,0.012,0,1,NIGHT_ANOMALY,4
231.28,7.99,1672.44,0.905,49.995,18,2,1847.927,786.13,922.44,2.23,1.28,0.005,0.045,0,1,NIGHT_ANOMALY,4
227.58,11.551,2439.52,0.928,50.062,18,2,2628.777,979.43,1689.52,3.253,2.42,0.062,0.022,0,1,NIGHT_ANOMALY,4
233.31,9.802,2124.6,0.929,49.994,19,2,2286.905,846.337,1374.6,2.833,3.31,0.006,0.021,0,1,NIGHT_ANOMALY,4
232.78,10.032,2209.06,0.946,50.054,19,2,2335.249,757.01,1459.06,2.945,2.78,0.054,0.004,0,1,NIGHT_ANOMALY,4
227.76,11.976,2473.99,0.907,49.978,19,2,2727.654,1148.699,1723.99,3.299,2.24,0.022,0.043,0,1,NIGHT_ANOMALY,4
231.45,7.101,1615.66,0.983,50.03,19,2,1643.526,301.761,865.66,2.154,1.45,0.03,0.033,0,1,NIGHT_ANOMALY,4
227.06,10.612,2320.3,0.963,50.012,20,2,2409.561,649.38,1570.3,3.094,2.94,0.012,0.013,0,1,NIGHT_ANOMALY,4
227.18,7.637,1695.14,0.977,49.99,20,2,1734.974,369.965,945.14,2.26,2.82,0.01,0.027,0,1,NIGHT_ANOMALY,4
234.05,8.913,2013.01,0.965,49.938,20,2,2086.088,547.076,1263.01,2.684,4.05,0.062,0.015,0,1,NIGHT_ANOMALY,4
231.37,8.987,1956.62,0.941,50.017,20,2,2079.322,703.656,1206.62,2.609,1.37,0.017,0.009,0,1,NIGHT_ANOMALY,4
227.38,10.372,2231.08,0.946,50.018,21,2,2358.385,764.51,1481.08,2.975,2.62,0.018,0.004,0,1,NIGHT_ANOMALY,4
230.0,10.986,2430.86,0.962,50.038,21,2,2526.78,689.936,1680.86,3.241,0.0,0.038,0.012,0,1,NIGHT_ANOMALY,4
233.21,8.049,1800.13,0.959,50.047,21,2,1877.107,531.984,1050.13,2.4,3.21,0.047,0.009,0,1,NIGHT_ANOMALY,4
229.19,6.741,1512.46,0.979,50.047,21,2,1544.97,314.958,762.46,2.017,0.81,0.047,0.029,0,1,NIGHT_ANOMALY,4
226.11,10.873,2347.77,0.955,50.003,22,2,2458.494,729.204,1997.77,6.708,3.89,0.003,0.005,0,1,NIGHT_ANOMALY,4
232.32,7.758,1762.79,0.978,50.049,22,2,1802.339,375.977,1412.79,5.037,2.32,0.049,0.028,0,1,NIGHT_ANOMALY,4
230.05,6.171,1316.04,0.927,50.026,22,2,1419.639,532.452,966.04,3.76,0.05,0.026,0.023,0,1,NIGHT_ANOMALY,4
229.41,10.633,2246.69,0.921,49.95,22,2,2439.317,950.266,1896.69,6.419,0.59,0.05,0.029,0,1,NIGHT_ANOMALY,4
230.37,9.713,2199.54,0.983,50.014,23,2,2237.584,410.833,1849.54,6.284,0.37,0.014,0.033,0,1,NIGHT_ANOMALY,4
232.92,10.524,2331.17,0.951,50.033,23,2,2451.25,757.904,1981.17,6.66,2.92,0.033,0.001,0,1,NIGHT_ANOMALY,4
229.65,6.202,1330.28,0.934,50.035,23,2,1424.289,508.86,980.28,3.801,0.35,0.035,0.016,0,1,NIGHT_ANOMALY,4
225.76,9.107,1877.13,0.913,50.016,23,2,2055.996,838.763,1527.13,5.363,4.24,0.016,0.037,0,1,NIGHT_ANOMALY,4
227.02,10.896,2416.75,0.977,49.971,0,3,2473.61,527.471,2286.75,18.59,2.98,0.029,0.027,1,1,NIGHT_ANOMALY,4
224.37,10.082,2069.86,0.915,49.922,0,3,2262.098,912.652,1939.86,15.922,5.63,0.078,0.035,1,1,NIGHT_ANOMALY,4
229.88,10.028,2219.88,0.963,50.04,0,3,2305.237,621.264,2089.88,17.076,0.12,0.04,0.013,1,1,NIGHT_ANOMALY,4
228.53,6.841,1421.06,0.909,49.937,0,3,1563.374,651.608,1291.06,10.931,1.47,0.063,0.041,1,1,NIGHT_ANOMALY,4
229.84,8.985,2015.53,0.976,49.986,1,3,2065.112,449.721,1885.53,15.504,0.16,0.014,0.026,1,1,NIGHT_ANOMALY,4
227.94,11.444,2386.75,0.915,50.061,1,3,2608.545,1052.428,2256.75,18.36,2.06,0.061,0.035,1,1,NIGHT_ANOMALY,4
231.92,8.197,1828.79,0.962,49.991,1,3,1901.048,519.08,1698.79,14.068,1.92,0.009,0.012,1,1,NIGHT_ANOMALY,4
227.89,7.091,1457.54,0.902,50.02,1,3,1615.968,697.672,1327.54,11.212,2.11,0.02,0.048,1,1,NIGHT_ANOMALY,4
228.83,9.508,2099.46,0.965,50.054,2,3,2175.716,570.581,1969.46,16.15,1.17,0.054,0.015,1,1,NIGHT_ANOMALY,4
230.67,6.401,1436.55,0.973,50.013,2,3,1476.519,340.788,1306.55,11.05,0.67,0.013,0.023,1,1,NIGHT_ANOMALY,4
232.93,9.905,2247.29,0.974,49.918,2,3,2307.172,522.685,2117.29,17.287,2.93,0.082,0.024,1,1,NIGHT_ANOMALY,4
232.04,10.259,2166.29,0.91,49.979,2,3,2380.498,986.974,2036.29,16.664,2.04,0.021,0.04,1,1,NIGHT_ANOMALY,4
225.91,10.792,2364.81,0.97,49.843,3,3,2438.021,592.695,2234.81,18.191,4.09,0.157,0.02,1,1,NIGHT_ANOMALY,4
231.76,8.82,1935.72,0.947,49.964,3,3,2044.123,656.641,1805.72,14.89,1.76,0.036,0.003,1,1,NIGHT_ANOMALY,4
233.68,10.77,2448.68,0.973,50.042,3,3,2516.734,580.875,2318.68,18.836,3.68,0.042,0.023,1,1,NIGHT_ANOMALY,4
228.18,8.419,1873.03,0.975,50.06,3,3,1921.047,426.866,1743.03,14.408,1.82,0.06,0.025,1,1,NIGHT_ANOMALY,4
230.63,6.32,1341.04,0.92,49.975,4,3,1457.582,571.253,1211.04,10.316,0.63,0.025,0.03,1,1,NIGHT_ANOMALY,4
226.82,6.85,1423.27,0.916,49.899,4,3,1553.717,623.317,1293.27,10.948,3.18,0.101,0.034,1,1,NIGHT_ANOMALY,4
228.6,6.919,1510.57,0.955,50.026,4,3,1581.683,469.136,1380.57,11.62,1.4,0.026,0.005,1,1,NIGHT_ANOMALY,4
228.94,6.585,1426.17,0.946,50.02,4,3,1507.57,488.704,1296.17,10.971,1.06,0.02,0.004,1,1,NIGHT_ANOMALY,4
228.99,8.671,1844.67,0.929,49.997,5,3,1985.572,734.82,1714.67,14.19,1.01,0.003,0.021,1,1,NIGHT_ANOMALY,4
232.12,9.305,2053.97,0.951,49.993,5,3,2159.877,667.814,1923.97,15.8,2.12,0.007,0.001,1,1,NIGHT_ANOMALY,4
230.05,6.132,1300.69,0.922,50.007,5,3,1410.667,546.196,1170.69,10.005,0.05,0.007,0.028,1,1,NIGHT_ANOMALY,4
229.69,7.952,1733.44,0.949,49.936,5,3,1826.495,575.85,1603.44,13.334,0.31,0.064,0.001,1,1,NIGHT_ANOMALY,4
231.39,7.711,1611.08,0.903,50.027,6,3,1784.248,766.585,1111.08,3.222,1.39,0.027,0.047,0,1,NIGHT_ANOMALY,4
232.08,7.432,1659.2,0.962,50.02,6,3,1724.819,470.961,1159.2,3.318,2.08,0.02,0.012,0,1,NIGHT_ANOMALY,4
228.35,6.643,1488.18,0.981,50.005,6,3,1516.929,294.296,988.18,2.976,1.65,0.005,0.031,0,1,NIGHT_ANOMALY,4
228.92,10.531,2297.43,0.953,50.022,6,3,2410.757,730.388,1797.43,4.595,1.08,0.022,0.003,0,1,NIGHT_ANOMALY,4
230.94,10.288,2143.17,0.902,49.933,7,3,2375.911,1025.766,1643.17,4.286,0.94,0.067,0.048,0,1,NIGHT_ANOMALY,4
226.03,6.686,1360.08,0.9,49.889,7,3,1511.237,658.733,860.08,2.72,3.97,0.111,0.05,0,1,NIGHT_ANOMALY,4
229.57,5.786,1291.05,0.972,50.021,7,3,1328.292,312.123,791.05,2.582,0.43,0.021,0.022,0,1,NIGHT_ANOMALY,4
228.83,5.794,1292.64,0.975,49.963,7,3,1325.841,294.608,792.64,2.585,1.17,0.037,0.025,0,1,NIGHT_ANOMALY,4
229.24,9.528,2011.68,0.921,50.048,8,3,2184.199,850.882,1511.68,4.023,0.76,0.048,0.029,0,1,NIGHT_ANOMALY,4
227.44,10.816,2405.98,0.978,49.964,8,3,2459.991,513.166,1905.98,4.812,2.56,0.036,0.028,0,1,NIGHT_ANOMALY,4
233.25,10.099,2261.46,0.96,49.997,8,3,2355.592,659.566,1761.46,4.523,3.25,0.003,0.01,0,1,NIGHT_ANOMALY,4
230.77,6.439,1456.22,0.98,50.087,8,3,1485.928,295.696,956.22,2.912,0.77,0.087,0.03,0,1,NIGHT_ANOMALY,4
225.04,10.441,2215.61,0.943,50.056,9,3,2349.643,781.944,1790.61,5.213,4.96,0.056,0.007,0,1,NIGHT_ANOMALY,4
228.83,9.106,1965.01,0.943,50.008,9,3,2083.726,693.449,1540.01,4.624,1.17,0.008,0.007,0,1,NIGHT_ANOMALY,4
227.12,10.197,2271.86,0.981,50.012,9,3,2315.943,449.311,1846.86,5.346,2.88,0.012,0.031,0,1,NIGHT_ANOMALY,4
227.77,10.913,2294.24,0.923,49.951,9,3,2485.654,956.48,1869.24,5.398,2.23,0.049,0.027,0,1,NIGHT_ANOMALY,4
228.8,9.381,2041.23,0.951,49.992,10,3,2146.373,663.639,1616.23,4.803,1.2,0.008,0.001,0,1,NIGHT_ANOMALY,4
231.97,10.297,2176.04,0.911,50.025,10,3,2388.595,985.072,1751.04,5.12,1.97,0.025,0.039,0,1,NIGHT_ANOMALY,4
225.76,8.261,1682.33,0.902,50.068,10,3,1865.003,805.189,1257.33,3.958,4.24,0.068,0.048,0,1,NIGHT_ANOMALY,4
230.95,6.388,1429.57,0.969,49.974,10,3,1475.309,364.491,1004.57,3.364,0.95,0.026,0.019,0,1,NIGHT_ANOMALY,4
227.61,8.136,1668.49,0.901,49.892,11,3,1851.835,803.361,1243.49,3.926,2.39,0.108,0.049,0,1,NIGHT_ANOMALY,4
232.25,7.286,1526.33,0.902,50.049,11,3,1692.173,730.572,1101.33,3.591,2.25,0.049,0.048,0,1,NIGHT_ANOMALY,4
234.32,9.744,2175.8,0.953,50.081,11,3,2283.214,691.746,1750.8,5.12,4.32,0.081,0.003,0,1,NIGHT_ANOMALY,4
229.93,9.866,2071.23,0.913,49.912,11,3,2268.489,925.452,1646.23,4.873,0.07,0.088,0.037,0,1,NIGHT_ANOMALY,4
229.48,7.829,1685.29,0.938,50.058,12,3,1796.599,622.765,1260.29,3.965,0.52,0.058,0.012,0,1,NIGHT_ANOMALY,4
233.51,7.291,1562.96,0.918,50.02,12,3,1702.521,675.187,1137.96,3.678,3.51,0.02,0.032,0,1,NIGHT_ANOMALY,4
232.31,10.066,2179.41,0.932,49.946,12,3,2338.432,847.584,1754.41,5.128,2.31,0.054,0.018,0,1,NIGHT_ANOMALY,4
226.79,7.63,1612.66,0.932,49.999,12,3,1730.408,627.201,1187.66,3.794,3.21,0.001,0.018,0,1,NIGHT_ANOMALY,4
226.63,11.385,2484.66,0.963,50.037,13,3,2580.183,695.363,2059.66,5.846,3.37,0.037,0.013,0,1,NIGHT_ANOMALY,4
225.75,8.344,1751.85,0.93,50.029,13,3,1883.658,692.356,1326.85,4.122,4.25,0.029,0.02,0,1,NIGHT_ANOMALY,4
230.27,7.826,1774.98,0.985,49.957,13,3,1802.093,310.959,1349.98,4.176,0.27,0.043,0.035,0,1,NIGHT_ANOMALY,4
230.25,8.45,1766.65,0.908,49.98,13,3,1945.612,815.154,1341.65,4.157,0.25,0.02,0.042,0,1,NIGHT_ANOMALY,4
230.77,8.463,1798.62,0.921,50.063,14,3,1953.007,760.818,1373.62,4.232,0.77,0.063,0.029,0,1,NIGHT_ANOMALY,4
229.46,6.414,1437.97,0.977,50.001,14,3,1471.756,313.836,1012.97,3.383,0.54,0.001,0.027,0,1,NIGHT_ANOMALY,4
230.93,9.136,1991.6,0.944,50.012,14,3,2109.776,696.111,1566.6,4.686,0.93,0.012,0.006,0,1,NIGHT_ANOMALY,4
229.82,7.644,1675.95,0.954,49.936,14,3,1756.744,526.683,1250.95,3.943,0.18,0.064,0.004,0,1,NIGHT_ANOMALY,4
230.86,10.417,2207.73,0.918,50.087,15,3,2404.869,953.724,1782.73,5.195,0.86,0.087,0.032,0,1,NIGHT_ANOMALY,4
230.2,10.282,2179.98,0.921,50.016,15,3,2366.916,922.062,1754.98,5.129,0.2,0.016,0.029,0,1,NIGHT_ANOMALY,4
231.36,7.128,1556.68,0.944,49.922,15,3,1649.134,544.124,1131.68,3.663,1.36,0.078,0.006,0,1,NIGHT_ANOMALY,4
231.88,11.017,2485.63,0.973,50.03,15,3,2554.622,589.62,2060.63,5.849,1.88,0.03,0.023,0,1,NIGHT_ANOMALY,4
228.51,10.051,2161.33,0.941,50.028,16,3,2296.754,777.237,1736.33,5.085,1.49,0.028,0.009,0,1,NIGHT_ANOMALY,4
229.69,10.203,2249.7,0.96,49.982,16,3,2343.527,656.188,1824.7,5.293,0.31,0.018,0.01,0,1,NIGHT_ANOMALY,4
231.21,6.017,1281.39,0.921,50.048,16,3,1391.191,541.956,856.39,3.015,1.21,0.048,0.029,0,1,NIGHT_ANOMALY,4
227.46,6.325,1395.44,0.97,50.022,16,3,1438.685,349.751,970.44,3.283,2.54,0.022,0.02,0,1,NIGHT_ANOMALY,4
235.91,8.214,1866.02,0.963,50.004,17,3,1937.765,522.23,1116.02,2.488,5.91,0.004,0.013,0,1,NIGHT_ANOMALY,4
229.53,6.619,1461.43,0.962,50.074,17,3,1519.259,414.833,711.43,1.949,0.47,0.074,0.012,0,0,NIGHT_ANOMALY,4
228.67,6.846,1498.17,0.957,49.98,17,3,1565.475,454.125,748.17,1.998,1.33,0.02,0.007,0,0,NIGHT_ANOMALY,4
228.29,9.865,2069.73,0.919,50.066,17,3,2252.081,887.9,1319.73,2.76,1.71,0.066,0.031,0,1,NIGHT_ANOMALY,4
228.38,11.114,2449.36,0.965,49.91,18,3,2538.215,665.647,1699.36,3.266,1.62,0.09,0.015,0,1,NIGHT_ANOMALY,4
229.05,5.957,1264.92,0.927,50.075,18,3,1364.451,511.753,514.92,1.687,0.95,0.075,0.023,0,0,NIGHT_ANOMALY,4
232.23,6.934,1510.44,0.938,49.952,18,3,1610.283,558.181,760.44,2.014,2.23,0.048,0.012,0,1,NIGHT_ANOMALY,4
230.12,7.836,1637.26,0.908,50.067,18,3,1803.22,755.496,887.26,2.183,0.12,0.067,0.042,0,1,NIGHT_ANOMALY,4
230.44,6.467,1429.25,0.959,50.026,19,3,1490.255,422.347,679.25,1.906,0.44,0.026,0.009,0,0,NIGHT_ANOMALY,4
227.88,6.583,1381.67,0.921,49.974,19,3,1500.134,584.396,631.67,1.842,2.12,0.026,0.029,0,0,NIGHT_ANOMALY,4
231.57,6.532,1491.42,0.986,49.998,19,3,1512.615,252.222,741.42,1.989,1.57,0.002,0.036,0,0,NIGHT_ANOMALY,4
231.79,11.341,2426.36,0.923,49.95,19,3,2628.73,1011.535,1676.36,3.235,1.79,0.05,0.027,0,1,NIGHT_ANOMALY,4
236.92,6.854,1550.69,0.955,50.031,20,3,1623.85,481.643,800.69,2.068,6.92,0.031,0.005,0,1,NIGHT_ANOMALY,4
230.12,9.154,1999.1,0.949,50.03,20,3,2106.518,664.135,1249.1,2.665,0.12,0.03,0.001,0,1,NIGHT_ANOMALY,4
226.53,8.691,1775.79,0.902,50.006,20,3,1968.772,849.99,1025.79,2.368,3.47,0.006,0.048,0,1,NIGHT_ANOMALY,4
229.03,7.596,1642.24,0.944,50.042,20,3,1739.712,574.01,892.24,2.19,0.97,0.042,0.006,0,1,NIGHT_ANOMALY,4
231.36,8.609,1878.2,0.943,50.008,21,3,1991.778,662.849,1128.2,2.504,1.36,0.008,0.007,0,1,NIGHT_ANOMALY,4
229.41,6.223,1370.62,0.96,50.08,21,3,1427.618,399.733,620.62,1.827,0.59,0.08,0.01,0,0,NIGHT_ANOMALY,4
229.83,9.873,2219.1,0.978,50.076,21,3,2269.112,473.348,1469.1,2.959,0.17,0.076,0.028,0,1,NIGHT_ANOMALY,4
232.49,8.825,1863.0,0.908,50.023,21,3,2051.724,859.611,1113.0,2.484,2.49,0.023,0.042,0,1,NIGHT_ANOMALY,4
227.04,9.856,2078.81,0.929,50.027,22,3,2237.706,828.13,1728.81,5.939,2.96,0.027,0.021,0,1,NIGHT_ANOMALY,4
228.98,9.203,1945.08,0.923,50.065,22,3,2107.303,810.89,1595.08,5.557,1.02,0.065,0.027,0,1,NIGHT_ANOMALY,4
229.83,9.764,2039.95,0.909,49.99,22,3,2244.06,935.316,1689.95,5.828,0.17,0.01,0.041,0,1,NIGHT_ANOMALY,4
226.53,5.948,1226.13,0.91,50.075,22,3,1347.4,558.643,876.13,3.503,3.47,0.075,0.04,0,1,NIGHT_ANOMALY,4
229.12,9.958,2151.47,0.943,50.049,23,3,2281.577,759.292,1801.47,6.147,0.88,0.049,0.007,0,1,NIGHT_ANOMALY,4
227.93,11.283,2479.17,0.964,49.955,23,3,2571.734,683.83,2129.17,7.083,2.07,0.045,0.014,0,1,NIGHT_ANOMALY,4
230.3,8.798,1876.15,0.926,50.021,23,3,2026.179,764.93,1526.15,5.36,0.3,0.021,0.024,0,1,NIGHT_ANOMALY,4
227.83,6.971,1518.27,0.956,50.006,23,3,1588.203,465.926,1168.27,4.338,2.17,0.006,0.006,0,1,NIGHT_ANOMALY,4
226.58,5.81,1209.89,0.919,49.989,0,4,1316.43,519.012,1079.89,9.307,3.42,0.011,0.031,1,1,NIGHT_ANOMALY,4
230.51,10.456,2316.22,0.961,50.09,0,4,2410.213,666.54,2186.22,17.817,0.51,0.09,0.011,1,1,NIGHT_ANOMALY,4
227.13,11.443,2432.66,0.936,50.0,0,4,2599.049,914.865,2302.66,18.713,2.87,0.0,0.014,1,1,NIGHT_ANOMALY,4
229.36,7.589,1709.39,0.982,50.063,0,4,1740.613,328.769,1579.39,13.149,0.64,0.063,0.032,1,1,NIGHT_ANOMALY,4
232.5,10.951,2431.5,0.955,50.035,1,4,2546.108,755.19,2301.5,18.704,2.5,0.035,0.005,1,1,NIGHT_ANOMALY,4
227.84,7.944,1654.31,0.914,50.046,1,4,1809.961,734.327,1524.31,12.725,2.16,0.046,0.036,1,1,NIGHT_ANOMALY,4
232.72,7.312,1626.77,0.956,50.013,1,4,1701.649,499.207,1496.77,12.514,2.72,0.013,0.006,1,1,NIGHT_ANOMALY,4
229.93,10.277,2173.99,0.92,49.946,1,4,2362.991,926.099,2043.99,16.723,0.07,0.054,0.03,1,1,NIGHT_ANOMALY,4
231.36,8.824,1839.4,0.901,50.013,2,4,2041.521,885.651,1709.4,14.149,1.36,0.013,0.049,1,1,NIGHT_ANOMALY,4
226.62,5.957,1329.77,0.985,50.04,2,4,1349.975,232.944,1199.77,10.229,3.38,0.04,0.035,1,1,NIGHT_ANOMALY,4
230.48,8.688,1804.25,0.901,49.963,2,4,2002.41,868.684,1674.25,13.879,0.48,0.037,0.049,1,1,NIGHT_ANOMALY,4
226.95,11.2,2496.16,0.982,50.046,2,4,2541.84,480.105,2366.16,19.201,3.05,0.046,0.032,1,1,NIGHT_ANOMALY,4
231.67,5.612,1232.47,0.948,49.912,3,4,1300.132,413.793,1102.47,9.481,1.67,0.088,0.002,1,1,NIGHT_ANOMALY,4
232.54,8.216,1805.36,0.945,49.999,3,4,1910.549,624.884,1675.36,13.887,2.54,0.001,0.005,1,1,NIGHT_ANOMALY,4
228.54,7.16,1566.09,0.957,50.018,3,4,1636.346,474.684,1436.09,12.047,1.46,0.018,0.007,1,1,NIGHT_ANOMALY,4
228.5,8.907,1835.71,0.902,49.985,3,4,2035.249,878.691,1705.71,14.121,1.5,0.015,0.048,1,1,NIGHT_ANOMALY,4
228.14,7.085,1588.96,0.983,49.977,4,4,1616.372,296.775,1458.96,12.223,1.86,0.023,0.033,1,1,NIGHT_ANOMALY,4
232.01,7.053,1503.82,0.919,49.958,4,4,1636.367,645.15,1373.82,11.568,2.01,0.042,0.031,1,1,NIGHT_ANOMALY,4
223.55,6.357,1347.17,0.948,49.923,4,4,1421.107,452.296,1217.17,10.363,6.45,0.077,0.002,1,1,NIGHT_ANOMALY,4
231.56,6.253,1326.42,0.916,49.991,4,4,1447.945,580.884,1196.42,10.203,1.56,0.009,0.034,1,1,NIGHT_ANOMALY,4
230.99,6.898,1516.9,0.952,49.994,5,4,1593.369,487.727,1386.9,11.668,0.99,0.006,0.002,1,1,NIGHT_ANOMALY,4
228.46,11.544,2479.1,0.94,50.036,5,4,2637.342,899.794,2349.1,19.07,1.54,0.036,0.01,1,1,NIGHT_ANOMALY,4
227.62,10.721,2308.57,0.946,50.01,5,4,2440.314,791.068,2178.57,17.758,2.38,0.01,0.004,1,1,NIGHT_ANOMALY,4
229.15,8.764,1937.91,0.965,49.955,5,4,2008.271,526.669,1807.91,14.907,0.85,0.045,0.015,1,1,NIGHT_ANOMALY,4
228.44,11.185,2457.9,0.962,50.009,6,4,2555.101,697.669,1957.9,4.916,1.56,0.009,0.012,0,1,NIGHT_ANOMALY,4
232.94,7.261,1598.29,0.945,49.964,6,4,1691.377,553.199,1098.29,3.197,2.94,0.036,0.005,0,1,NIGHT_ANOMALY,4
229.25,11.122,2437.46,0.956,49.975,6,4,2549.718,748.002,1937.46,4.875,0.75,0.025,0.006,0,1,NIGHT_ANOMALY,4
231.59,8.405,1773.22,0.911,50.035,6,4,1946.514,802.755,1273.22,3.546,1.59,0.035,0.039,0,1,NIGHT_ANOMALY,4
229.4,8.011,1734.84,0.944,50.017,7,4,1837.723,606.348,1234.84,3.47,0.6,0.017,0.006,0,1,NIGHT_ANOMALY,4
231.56,8.322,1788.28,0.928,50.05,7,4,1927.042,717.978,1288.28,3.577,1.56,0.05,0.022,0,1,NIGHT_ANOMALY,4
230.49,8.895,1933.42,0.943,50.131,7,4,2050.209,682.294,1433.42,3.867,0.49,0.131,0.007,0,1,NIGHT_ANOMALY,4
230.41,6.915,1467.34,0.921,49.966,7,4,1593.285,620.684,967.34,2.935,0.41,0.034,0.029,0,1,NIGHT_ANOMALY,4
230.24,8.675,1961.39,0.982,49.997,8,4,1997.332,377.258,1461.39,3.923,0.24,0.003,0.032,0,1,NIGHT_ANOMALY,4
228.68,10.12,2219.28,0.959,50.063,8,4,2314.242,655.87,1719.28,4.439,1.32,0.063,0.009,0,1,NIGHT_ANOMALY,4
229.7,9.59,2061.79,0.936,49.92,8,4,2202.823,775.394,1561.79,4.124,0.3,0.08,0.014,0,1,NIGHT_ANOMALY,4
228.58,8.54,1928.64,0.988,49.956,8,4,1952.073,301.505,1428.64,3.857,1.42,0.044,0.038,0,1,NIGHT_ANOMALY,4
234.16,6.333,1456.21,0.982,50.009,9,4,1482.935,280.098,1031.21,3.426,4.16,0.009,0.032,0,1,NIGHT_ANOMALY,4
231.12,6.129,1355.59,0.957,50.044,9,4,1416.534,410.92,930.59,3.19,1.12,0.044,0.007,0,1,NIGHT_ANOMALY,4
233.3,7.705,1776.03,0.988,50.025,9,4,1797.577,277.643,1351.03,4.179,3.3,0.025,0.038,0,1,NIGHT_ANOMALY,4
230.65,9.256,2075.02,0.972,50.021,9,4,2134.896,501.66,1650.02,4.882,0.65,0.021,0.022,0,1,NIGHT_ANOMALY,4
228.33,9.12,1978.32,0.95,50.017,10,4,2082.37,650.22,1553.32,4.655,1.67,0.017,0.0,0,1,NIGHT_ANOMALY,4
228.37,10.389,2223.1,0.937,49.968,10,4,2372.536,828.796,1798.1,5.231,1.63,0.032,0.013,0,1,NIGHT_ANOMALY,4
228.05,11.853,2497.69,0.924,50.03,10,4,2703.077,1033.636,2072.69,5.877,1.95,0.03,0.026,0,1,NIGHT_ANOMALY,4
230.74,6.883,1554.89,0.979,49.972,10,4,1588.183,323.767,1129.89,3.659,0.74,0.028,0.029,0,1,NIGHT_ANOMALY,4
230.92,10.13,2201.21,0.941,50.037,11,4,2339.22,791.607,1776.21,5.179,0.92,0.037,0.009,0,1,NIGHT_ANOMALY,4
231.26,10.819,2404.38,0.961,49.988,11,4,2502.002,691.925,1979.38,5.657,1.26,0.012,0.011,0,1,NIGHT_ANOMALY,4
230.25,9.197,2068.95,0.977,50.003,11,4,2117.609,451.558,1643.95,4.868,0.25,0.003,0.027,0,1,NIGHT_ANOMALY,4
232.25,8.428,1814.6,0.927,50.056,11,4,1957.403,734.146,1389.6,4.27,2.25,0.056,0.023,0,1,NIGHT_ANOMALY,4
231.43,8.417,1889.55,0.97,49.932,12,4,1947.946,473.555,1464.55,4.446,1.43,0.068,0.02,0,1,NIGHT_ANOMALY,4
231.37,10.344,2304.85,0.963,50.02,12,4,2393.291,644.995,1879.85,5.423,1.37,0.02,0.013,0,1,NIGHT_ANOMALY,4
227.24,7.091,1566.33,0.972,50.036,12,4,1611.359,378.638,1141.33,3.685,2.76,0.036,0.022,0,1,NIGHT_ANOMALY,4
229.5,5.599,1207.96,0.94,49.946,12,4,1284.971,438.399,782.96,2.842,0.5,0.054,0.01,0,1,NIGHT_ANOMALY,4
228.51,7.556,1700.64,0.985,49.986,13,4,1726.622,297.936,1275.64,4.002,1.49,0.014,0.035,0,1,NIGHT_ANOMALY,4
227.7,7.478,1660.08,0.975,50.019,13,4,1702.741,378.357,1235.08,3.906,2.3,0.019,0.025,0,1,NIGHT_ANOMALY,4
225.1,9.695,2001.31,0.917,50.03,13,4,2182.345,870.509,1576.31,4.709,4.9,0.03,0.033,0,1,NIGHT_ANOMALY,4
229.31,9.561,2001.72,0.913,49.897,13,4,2192.433,894.424,1576.72,4.71,0.69,0.103,0.037,0,1,NIGHT_ANOMALY,4
227.75,6.961,1528.21,0.964,49.942,14,4,1585.368,421.553,1103.21,3.596,2.25,0.058,0.014,0,1,NIGHT_ANOMALY,4
230.39,5.766,1282.04,0.965,49.938,14,4,1328.429,348.38,857.04,3.017,0.39,0.062,0.015,0,1,NIGHT_ANOMALY,4
229.23,10.958,2333.66,0.929,49.95,14,4,2511.902,929.604,1908.66,5.491,0.77,0.05,0.021,0,1,NIGHT_ANOMALY,4
230.33,8.014,1705.56,0.924,49.874,14,4,1845.865,705.845,1280.56,4.013,0.33,0.126,0.026,0,1,NIGHT_ANOMALY,4
230.69,7.052,1535.72,0.944,49.979,15,4,1626.826,536.764,1110.72,3.613,0.69,0.021,0.006,0,1,NIGHT_ANOMALY,4
228.41,5.998,1356.23,0.99,49.957,15,4,1370.003,193.263,931.23,3.191,1.59,0.043,0.04,0,1,NIGHT_ANOMALY,4
229.71,7.168,1542.81,0.937,50.041,15,4,1646.561,575.192,1117.81,3.63,0.29,0.041,0.013,0,1,NIGHT_ANOMALY,4
230.69,7.687,1712.96,0.966,50.0,15,4,1773.314,458.476,1287.96,4.03,0.69,0.0,0.016,0,1,NIGHT_ANOMALY,4
229.0,8.209,1849.84,0.984,49.867,16,4,1879.861,334.932,1424.84,4.353,1.0,0.133,0.034,0,1,NIGHT_ANOMALY,4
233.77,7.266,1594.95,0.939,49.962,16,4,1698.573,584.168,1169.95,3.753,3.77,0.038,0.011,0,1,NIGHT_ANOMALY,4
230.02,7.569,1620.82,0.931,50.051,16,4,1741.021,635.506,1195.82,3.814,0.02,0.051,0.019,0,1,NIGHT_ANOMALY,4
230.0,8.558,1828.68,0.929,49.971,16,4,1968.34,728.443,1403.68,4.303,0.0,0.029,0.021,0,1,NIGHT_ANOMALY,4
230.27,9.989,2116.08,0.92,49.912,17,4,2300.167,901.478,1366.08,2.821,0.27,0.088,0.03,0,1,NIGHT_ANOMALY,4
231.04,8.949,1955.95,0.946,50.001,17,4,2067.577,670.239,1205.95,2.608,1.04,0.001,0.004,0,1,NIGHT_ANOMALY,4
229.78,9.895,2166.75,0.953,49.983,17,4,2273.673,688.855,1416.75,2.889,0.22,0.017,0.003,0,1,NIGHT_ANOMALY,4
229.52,8.597,1779.89,0.902,50.032,17,4,1973.183,851.894,1029.89,2.373,0.48,0.032,0.048,0,1,NIGHT_ANOMALY,4
231.24,7.716,1732.6,0.971,50.022,18,4,1784.248,426.577,982.6,2.31,1.24,0.022,0.021,0,1,NIGHT_ANOMALY,4
229.22,7.026,1583.09,0.983,49.986,18,4,1610.5,295.697,833.09,2.111,0.78,0.014,0.033,0,1,NIGHT_ANOMALY,4
230.94,8.724,1837.49,0.912,50.026,18,4,2014.721,826.419,1087.49,2.45,0.94,0.026,0.038,0,1,NIGHT_ANOMALY,4
230.41,6.099,1304.14,0.928,49.966,18,4,1405.271,523.576,554.14,1.739,0.41,0.034,0.022,0,0,NIGHT_ANOMALY,4
228.85,8.59,1781.06,0.906,50.024,19,4,1965.822,832.088,1031.06,2.375,1.15,0.024,0.044,0,1,NIGHT_ANOMALY,4
232.35,7.158,1576.76,0.948,49.994,19,4,1663.161,529.335,826.76,2.102,2.35,0.006,0.002,0,1,NIGHT_ANOMALY,4
231.86,7.159,1596.86,0.962,50.007,19,4,1659.886,453.231,846.86,2.129,1.86,0.007,0.012,0,1,NIGHT_ANOMALY,4
226.66,11.529,2398.82,0.918,50.087,19,4,2613.163,1036.329,1648.82,3.198,3.34,0.087,0.032,0,1,NIGHT_ANOMALY,4
234.42,8.792,1879.69,0.912,50.108,20,4,2061.021,845.41,1129.69,2.506,4.42,0.108,0.038,0,1,NIGHT_ANOMALY,4
230.43,8.816,1860.76,0.916,50.006,20,4,2031.471,814.982,1110.76,2.481,0.43,0.006,0.034,0,1,NIGHT_ANOMALY,4
231.26,6.77,1479.49,0.945,50.008,20,4,1565.63,512.071,729.49,1.973,1.26,0.008,0.005,0,0,NIGHT_ANOMALY,4
226.1,6.72,1371.99,0.903,49.979,20,4,1519.392,652.792,621.99,1.829,3.9,0.021,0.047,0,0,NIGHT_ANOMALY,4
233.66,10.438,2353.48,0.965,49.939,21,4,2438.943,639.613,1603.48,3.138,3.66,0.061,0.015,0,1,NIGHT_ANOMALY,4
228.79,9.83,2046.69,0.91,50.003,21,4,2249.006,932.456,1296.69,2.729,1.21,0.003,0.04,0,1,NIGHT_ANOMALY,4
224.45,7.746,1710.72,0.984,49.957,21,4,1738.59,309.762,960.72,2.281,5.55,0.043,0.034,0,1,NIGHT_ANOMALY,4
232.09,8.933,2046.22,0.987,50.025,21,4,2073.26,333.215,1296.22,2.728,2.09,0.025,0.037,0,1,NIGHT_ANOMALY,4
234.98,9.157,2005.33,0.932,49.904,22,4,2151.712,779.906,1655.33,5.73,4.98,0.096,0.018,0,1,NIGHT_ANOMALY,4
230.72,11.984,2491.31,0.901,49.874,22,4,2764.948,1199.487,2141.31,7.118,0.72,0.126,0.049,0,1,NIGHT_ANOMALY,4
227.13,7.371,1526.95,0.912,50.069,22,4,1674.175,686.73,1176.95,4.363,2.87,0.069,0.038,0,1,NIGHT_ANOMALY,4
229.58,7.766,1609.97,0.903,50.055,22,4,1782.918,766.014,1259.97,4.6,0.42,0.055,0.047,0,1,NIGHT_ANOMALY,4
228.75,10.252,2199.83,0.938,50.089,23,4,2345.145,812.91,1849.83,6.285,1.25,0.089,0.012,0,1,NIGHT_ANOMALY,4
230.43,10.207,2126.29,0.904,50.026,23,4,2351.999,1005.556,1776.29,6.075,0.43,0.026,0.046,0,1,NIGHT_ANOMALY,4
231.51,5.984,1348.02,0.973,50.007,23,4,1385.356,319.747,998.02,3.851,1.51,0.007,0.023,0,1,NIGHT_ANOMALY,4
231.05,11.543,2424.33,0.909,50.02,23,4,2667.01,1111.599,2074.33,6.927,1.05,0.02,0.041,0,1,NIGHT_ANOMALY,4
231.43,10.926,2412.22,0.954,50.012,0,5,2528.604,758.092,2282.22,18.556,1.43,0.012,0.004,1,1,NIGHT_ANOMALY,4
230.58,10.721,2251.97,0.911,50.025,0,5,2472.048,1019.488,2121.97,17.323,0.58,0.025,0.039,1,1,NIGHT_ANOMALY,4
232.04,10.654,2444.95,0.989,50.023,0,5,2472.154,365.67,2314.95,18.807,2.04,0.023,0.039,1,1,NIGHT_ANOMALY,4
227.18,9.637,2119.36,0.968,50.015,0,5,2189.334,549.414,1989.36,16.303,2.82,0.015,0.018,1,1,NIGHT_ANOMALY,4
229.88,6.982,1556.86,0.97,49.973,1,5,1605.022,390.189,1426.86,11.976,0.12,0.027,0.02,1,1,NIGHT_ANOMALY,4
226.06,8.347,1807.71,0.958,50.078,1,5,1886.923,541.109,1677.71,13.905,3.94,0.078,0.008,1,1,NIGHT_ANOMALY,4
227.1,5.881,1227.32,0.919,49.961,1,5,1335.575,526.561,1097.32,9.441,2.9,0.039,0.031,1,1,NIGHT_ANOMALY,4
229.76,6.892,1496.46,0.945,50.002,1,5,1583.506,517.918,1366.46,11.511,0.24,0.002,0.005,1,1,NIGHT_ANOMALY,4
229.62,6.173,1401.85,0.989,50.03,2,5,1417.444,209.662,1271.85,10.783,0.38,0.03,0.039,1,1,NIGHT_ANOMALY,4
226.55,9.377,1998.97,0.941,50.033,2,5,2124.359,718.897,1868.97,15.377,3.45,0.033,0.009,1,1,NIGHT_ANOMALY,4
229.9,10.621,2219.61,0.909,49.982,2,5,2441.768,1017.719,2089.61,17.074,0.1,0.018,0.041,1,1,NIGHT_ANOMALY,4
229.89,8.529,1858.73,0.948,49.937,2,5,1960.732,624.043,1728.73,14.298,0.11,0.063,0.002,1,1,NIGHT_ANOMALY,4
228.08,7.656,1706.01,0.977,50.028,3,5,1746.18,372.354,1576.01,13.123,1.92,0.028,0.027,1,1,NIGHT_ANOMALY,4
229.78,7.024,1572.0,0.974,50.103,3,5,1613.975,365.643,1442.0,12.092,0.22,0.103,0.024,1,1,NIGHT_ANOMALY,4
228.33,11.398,2342.28,0.9,50.025,3,5,2602.505,1134.406,2212.28,18.018,1.67,0.025,0.05,1,1,NIGHT_ANOMALY,4
226.35,10.535,2174.8,0.912,49.983,3,5,2384.597,978.138,2044.8,16.729,3.65,0.017,0.038,1,1,NIGHT_ANOMALY,4
231.35,6.216,1383.43,0.962,49.932,4,5,1438.072,392.665,1253.43,10.642,1.35,0.068,0.012,1,1,NIGHT_ANOMALY,4
230.17,5.503,1233.78,0.974,50.015,4,5,1266.626,286.951,1103.78,9.491,0.17,0.015,0.024,1,1,NIGHT_ANOMALY,4
231.14,9.108,1905.19,0.905,49.936,4,5,2105.223,895.586,1775.19,14.655,1.14,0.064,0.045,1,1,NIGHT_ANOMALY,4
229.56,10.45,2187.73,0.912,50.011,4,5,2398.902,984.006,2057.73,16.829,0.44,0.011,0.038,1,1,NIGHT_ANOMALY,4
229.39,9.22,1933.13,0.914,50.016,5,5,2114.976,858.076,1803.13,14.87,0.61,0.016,0.036,1,1,NIGHT_ANOMALY,4
229.78,8.424,1858.28,0.96,50.086,5,5,1935.667,541.987,1728.28,14.294,0.22,0.086,0.01,1,1,NIGHT_ANOMALY,4
229.7,6.411,1440.1,0.978,50.038,5,5,1472.607,307.193,1310.1,11.078,0.3,0.038,0.028,1,1,NIGHT_ANOMALY,4
232.51,9.227,1982.42,0.924,49.929,5,5,2145.37,820.373,1852.42,15.249,2.51,0.071,0.026,1,1,NIGHT_ANOMALY,4
231.57,11.404,2453.22,0.929,50.021,6,5,2640.824,977.316,1953.22,4.906,1.57,0.021,0.021,0,1,NIGHT_ANOMALY,4
229.39,9.784,2201.73,0.981,49.974,6,5,2244.352,435.422,1701.73,4.403,0.61,0.026,0.031,0,1,NIGHT_ANOMALY,4
227.6,8.888,1960.3,0.969,49.993,6,5,2022.909,499.781,1460.3,3.921,2.4,0.007,0.019,0,1,NIGHT_ANOMALY,4
228.44,11.767,2475.6,0.921,49.971,6,5,2688.053,1047.165,1975.6,4.951,1.56,0.029,0.029,0,1,NIGHT_ANOMALY,4
230.85,10.827,2289.5,0.916,50.014,7,5,2499.413,1002.71,1789.5,4.579,0.85,0.014,0.034,0,1,NIGHT_ANOMALY,4
230.12,10.931,2301.65,0.915,50.054,7,5,2515.442,1014.865,1801.65,4.603,0.12,0.054,0.035,0,1,NIGHT_ANOMALY,4
228.96,6.682,1493.29,0.976,50.02,7,5,1529.911,333.169,993.29,2.987,1.04,0.02,0.026,0,1,NIGHT_ANOMALY,4
229.5,5.964,1346.77,0.984,49.929,7,5,1368.738,243.866,846.77,2.694,0.5,0.071,0.034,0,1,NIGHT_ANOMALY,4
226.9,7.044,1577.54,0.987,49.986,8,5,1598.284,256.877,1077.54,3.155,3.1,0.014,0.037,0,1,NIGHT_ANOMALY,4
228.82,10.997,2418.3,0.961,49.92,8,5,2516.334,695.888,1918.3,4.837,1.18,0.08,0.011,0,1,NIGHT_ANOMALY,4
229.36,10.745,2225.33,0.903,49.963,8,5,2464.473,1058.838,1725.33,4.451,0.64,0.037,0.047,0,1,NIGHT_ANOMALY,4
230.4,6.019,1370.14,0.988,49.974,8,5,1386.778,214.193,870.14,2.74,0.4,0.026,0.038,0,1,NIGHT_ANOMALY,4
225.77,10.399,2321.92,0.989,49.968,9,5,2347.782,347.273,1896.92,5.463,4.23,0.032,0.039,0,1,NIGHT_ANOMALY,4
231.2,9.033,1923.51,0.921,49.971,9,5,2088.43,813.574,1498.51,4.526,1.2,0.029,0.029,0,1,NIGHT_ANOMALY,4
228.33,10.58,2292.55,0.949,50.093,9,5,2415.731,761.622,1867.55,5.394,1.67,0.093,0.001,0,1,NIGHT_ANOMALY,4
231.42,7.821,1748.39,0.966,50.001,9,5,1809.936,467.945,1323.39,4.114,1.42,0.001,0.016,0,1,NIGHT_ANOMALY,4
229.41,10.943,2307.01,0.919,50.048,10,5,2510.434,989.757,1882.01,5.428,0.59,0.048,0.031,0,1,NIGHT_ANOMALY,4
231.47,8.821,1945.89,0.953,50.04,10,5,2041.797,618.604,1520.89,4.579,1.47,0.04,0.003,0,1,NIGHT_ANOMALY,4
230.25,11.074,2463.19,0.966,50.106,10,5,2549.789,659.228,2038.19,5.796,0.25,0.106,0.016,0,1,NIGHT_ANOMALY,4
230.51,6.16,1323.48,0.932,49.994,10,5,1419.942,514.67,898.48,3.114,0.51,0.006,0.018,0,1,NIGHT_ANOMALY,4
228.14,7.687,1666.01,0.95,49.935,11,5,1753.712,547.596,1241.01,3.92,1.86,0.065,0.0,0,1,NIGHT_ANOMALY,4
226.97,9.012,1965.67,0.961,50.023,11,5,2045.454,565.667,1540.67,4.625,3.03,0.023,0.011,0,1,NIGHT_ANOMALY,4
227.6,7.843,1758.4,0.985,49.99,11,5,1785.067,308.021,1333.4,4.137,2.4,0.01,0.035,0,1,NIGHT_ANOMALY,4
231.68,6.744,1428.07,0.914,50.016,11,5,1562.45,633.908,1003.07,3.36,1.68,0.016,0.036,0,1,NIGHT_ANOMALY,4
230.54,6.911,1521.55,0.955,50.009,12,5,1593.262,472.571,1096.55,3.58,0.54,0.009,0.005,0,1,NIGHT_ANOMALY,4
230.09,11.015,2448.19,0.966,49.999,12,5,2534.441,655.26,2023.19,5.76,0.09,0.001,0.016,0,1,NIGHT_ANOMALY,4
228.42,6.165,1361.83,0.967,50.103,12,5,1408.209,358.778,936.83,3.204,1.58,0.103,0.017,0,1,NIGHT_ANOMALY,4
228.62,10.971,2327.54,0.928,50.006,12,5,2508.19,934.502,1902.54,5.477,1.38,0.006,0.022,0,1,NIGHT_ANOMALY,4
231.6,9.434,2023.32,0.926,49.902,13,5,2184.914,824.857,1598.32,4.761,1.6,0.098,0.024,0,1,NIGHT_ANOMALY,4
233.17,7.832,1659.98,0.909,50.074,13,5,1826.187,761.148,1234.98,3.906,3.17,0.074,0.041,0,1,NIGHT_ANOMALY,4
229.17,8.012,1759.03,0.958,49.977,13,5,1836.11,526.538,1334.03,4.139,0.83,0.023,0.008,0,1,NIGHT_ANOMALY,4
230.63,7.37,1607.89,0.946,50.028,13,5,1699.743,551.0,1182.89,3.783,0.63,0.028,0.004,0,1,NIGHT_ANOMALY,4
227.09,9.714,2102.18,0.953,50.055,14,5,2205.952,668.338,1677.18,4.946,2.91,0.055,0.003,0,1,NIGHT_ANOMALY,4
231.33,8.352,1820.04,0.942,50.062,14,5,1932.068,648.427,1395.04,4.282,1.33,0.062,0.008,0,1,NIGHT_ANOMALY,4
228.51,5.568,1206.14,0.948,49.965,14,5,1272.344,404.949,781.14,2.838,1.49,0.035,0.002,0,1,NIGHT_ANOMALY,4
231.26,7.85,1670.2,0.92,49.983,14,5,1815.391,711.485,1245.2,3.93,1.26,0.017,0.03,0,1,NIGHT_ANOMALY,4
227.43,7.809,1722.67,0.97,49.985,15,5,1776.001,431.755,1297.67,4.053,2.57,0.015,0.02,0,1,NIGHT_ANOMALY,4
231.68,11.242,2380.6,0.914,50.139,15,5,2604.547,1056.701,1955.6,5.601,1.68,0.139,0.036,0,1,NIGHT_ANOMALY,4
231.44,9.298,2089.56,0.971,50.023,15,5,2151.929,514.482,1664.56,4.917,1.44,0.023,0.021,0,1,NIGHT_ANOMALY,4
231.94,8.289,1885.91,0.981,50.02,15,5,1922.551,372.99,1460.91,4.437,1.94,0.02,0.031,0,1,NIGHT_ANOMALY,4
227.48,8.581,1766.62,0.905,49.993,16,5,1952.006,830.406,1341.62,4.157,2.52,0.007,0.045,0,1,NIGHT_ANOMALY,4
231.19,7.695,1611.79,0.906,50.065,16,5,1779.007,753.014,1186.79,3.792,1.19,0.065,0.044,0,1,NIGHT_ANOMALY,4
226.89,11.288,2305.11,0.9,49.973,16,5,2561.134,1116.373,1880.11,5.424,3.11,0.027,0.05,0,1,NIGHT_ANOMALY,4
230.75,10.844,2319.69,0.927,49.972,16,5,2502.253,938.498,1894.69,5.458,0.75,0.028,0.023,0,1,NIGHT_ANOMALY,4
226.45,11.176,2482.75,0.981,50.032,17,5,2530.805,490.996,1732.75,3.31,3.55,0.032,0.031,0,1,NIGHT_ANOMALY,4
230.52,7.14,1590.05,0.966,50.015,17,5,1645.913,425.538,840.05,2.12,0.52,0.015,0.016,0,1,NIGHT_ANOMALY,4
227.37,10.934,2329.38,0.937,50.04,17,5,2486.064,868.455,1579.38,3.106,2.63,0.04,0.013,0,1,NIGHT_ANOMALY,4
230.25,9.266,2035.27,0.954,50.147,17,5,2133.497,639.636,1285.27,2.714,0.25,0.147,0.004,0,1,NIGHT_ANOMALY,4
234.06,5.74,1328.73,0.989,49.981,18,5,1343.504,198.725,578.73,1.772,4.06,0.019,0.039,0,0,NIGHT_ANOMALY,4
229.0,10.435,2272.45,0.951,49.961,18,5,2389.615,738.847,1522.45,3.03,1.0,0.039,0.001,0,1,NIGHT_ANOMALY,4
227.0,7.481,1579.23,0.93,49.998,18,5,1698.187,624.185,829.23,2.106,3.0,0.002,0.02,0,1,NIGHT_ANOMALY,4
230.47,9.216,2000.88,0.942,49.983,18,5,2124.012,712.846,1250.88,2.668,0.47,0.017,0.008,0,1,NIGHT_ANOMALY,4
228.67,7.732,1730.94,0.979,49.997,19,5,1768.076,360.44,980.94,2.308,1.33,0.003,0.029,0,1,NIGHT_ANOMALY,4
225.44,5.598,1227.86,0.973,50.112,19,5,1262.013,291.279,477.86,1.637,4.56,0.112,0.023,0,0,NIGHT_ANOMALY,4
230.48,7.414,1585.79,0.928,50.009,19,5,1708.779,636.657,835.79,2.114,0.48,0.009,0.022,0,1,NIGHT_ANOMALY,4
230.38,5.979,1289.33,0.936,50.062,19,5,1377.442,484.86,539.33,1.719,0.38,0.062,0.014,0,0,NIGHT_ANOMALY,4
232.62,10.737,2405.24,0.963,50.053,20,5,2497.641,673.118,1655.24,3.207,2.62,0.053,0.013,0,1,NIGHT_ANOMALY,4
230.28,6.002,1304.71,0.944,50.05,20,5,1382.141,456.031,554.71,1.74,0.28,0.05,0.006,0,0,NIGHT_ANOMALY,4
230.6,10.686,2326.23,0.944,50.065,20,5,2464.192,813.049,1576.23,3.102,0.6,0.065,0.006,0,1,NIGHT_ANOMALY,4
231.03,6.241,1312.03,0.91,50.039,20,5,1441.858,597.806,562.03,1.749,1.03,0.039,0.04,0,0,NIGHT_ANOMALY,4
229.37,8.585,1803.66,0.916,50.005,21,5,1969.141,789.977,1053.66,2.405,0.63,0.005,0.034,0,1,NIGHT_ANOMALY,4
227.85,9.591,2076.11,0.95,50.062,21,5,2185.309,682.363,1326.11,2.768,2.15,0.062,0.0,0,1,NIGHT_ANOMALY,4
231.66,7.072,1476.13,0.901,49.973,21,5,1638.3,710.726,726.13,1.968,1.66,0.027,0.049,0,0,NIGHT_ANOMALY,4
235.17,10.637,2296.46,0.918,50.048,21,5,2501.503,992.047,1546.46,3.062,5.17,0.048,0.032,0,1,NIGHT_ANOMALY,4
227.7,10.075,2218.44,0.967,49.965,22,5,2294.077,584.477,1868.44,6.338,2.3,0.035,0.017,0,1,NIGHT_ANOMALY,4
231.85,6.77,1440.98,0.918,49.963,22,5,1569.624,622.482,1090.98,4.117,1.85,0.037,0.032,0,1,NIGHT_ANOMALY,4
230.58,7.912,1658.32,0.909,49.999,22,5,1824.349,760.382,1308.32,4.738,0.58,0.001,0.041,0,1,NIGHT_ANOMALY,4
226.92,9.902,2033.56,0.905,50.001,22,5,2246.962,955.884,1683.56,5.81,3.08,0.001,0.045,0,1,NIGHT_ANOMALY,4
227.28,9.545,2102.18,0.969,49.897,23,5,2169.388,535.97,1752.18,6.006,2.72,0.103,0.019,0,1,NIGHT_ANOMALY,4
229.96,10.895,2272.45,0.907,49.976,23,5,2505.414,1055.107,1922.45,6.493,0.04,0.024,0.043,0,1,NIGHT_ANOMALY,4
229.92,10.15,2254.4,0.966,49.968,23,5,2333.688,603.357,1904.4,6.441,0.08,0.032,0.016,0,1,NIGHT_ANOMALY,4
235.2,8.632,1997.7,0.984,49.934,23,5,2030.246,361.726,1647.7,5.708,5.2,0.066,0.034,0,1,NIGHT_ANOMALY,4
231.67,8.14,1729.35,0.917,49.988,0,6,1885.794,752.219,1599.35,13.303,1.67,0.012,0.033,1,1,NIGHT_ANOMALY,4
229.47,7.758,1744.58,0.98,50.084,0,6,1780.228,354.261,1614.58,13.42,0.53,0.084,0.03,1,1,NIGHT_ANOMALY,4
228.93,6.266,1401.46,0.977,49.986,0,6,1434.475,305.887,1271.46,10.78,1.07,0.014,0.027,1,1,NIGHT_ANOMALY,4
228.07,6.318,1378.97,0.957,50.03,0,6,1440.946,418.001,1248.97,10.607,1.93,0.03,0.007,1,1,NIGHT_ANOMALY,4
229.4,8.112,1717.58,0.923,50.016,1,6,1860.893,716.071,1587.58,13.212,0.6,0.016,0.027,1,1,NIGHT_ANOMALY,4
227.16,7.141,1591.23,0.981,50.0,1,6,1622.15,314.71,1461.23,12.24,2.84,0.0,0.031,1,1,NIGHT_ANOMALY,4
231.24,11.006,2471.17,0.971,50.074,1,6,2545.027,608.464,2341.17,19.009,1.24,0.074,0.021,1,1,NIGHT_ANOMALY,4
232.27,5.628,1248.34,0.955,49.897,1,6,1307.216,387.728,1118.34,9.603,2.27,0.103,0.005,1,1,NIGHT_ANOMALY,4
231.97,11.295,2489.03,0.95,50.019,2,6,2620.101,818.126,2359.03,19.146,1.97,0.019,0.0,1,1,NIGHT_ANOMALY,4
231.14,6.617,1417.86,0.927,49.97,2,6,1529.453,573.639,1287.86,10.907,1.14,0.03,0.023,1,1,NIGHT_ANOMALY,4
230.6,8.271,1722.29,0.903,49.919,2,6,1907.293,819.45,1592.29,13.248,0.6,0.081,0.047,1,1,NIGHT_ANOMALY,4
228.9,10.276,2316.94,0.985,50.038,2,6,2352.176,405.878,2186.94,17.823,1.1,0.038,0.035,1,1,NIGHT_ANOMALY,4
232.68,7.921,1684.66,0.914,49.969,3,6,1843.058,747.755,1554.66,12.959,2.68,0.031,0.036,1,1,NIGHT_ANOMALY,4
229.73,6.0,1345.38,0.976,50.053,3,6,1378.38,300.171,1215.38,10.349,0.27,0.053,0.026,1,1,NIGHT_ANOMALY,4
231.49,5.864,1228.5,0.905,50.025,3,6,1357.457,577.478,1098.5,9.45,1.49,0.025,0.045,1,1,NIGHT_ANOMALY,4
230.71,7.712,1713.49,0.963,50.0,3,6,1779.236,479.506,1583.49,13.181,0.71,0.0,0.013,1,1,NIGHT_ANOMALY,4
231.38,7.28,1596.82,0.948,49.989,4,6,1684.446,536.109,1466.82,12.283,1.38,0.011,0.002,1,1,NIGHT_ANOMALY,4
231.54,10.378,2239.51,0.932,49.992,4,6,2402.922,870.959,2109.51,17.227,1.54,0.008,0.018,1,1,NIGHT_ANOMALY,4
229.43,8.831,1953.24,0.964,50.006,4,6,2026.096,538.744,1823.24,15.025,0.57,0.006,0.014,1,1,NIGHT_ANOMALY,4
229.2,5.779,1308.75,0.988,49.999,4,6,1324.547,204.581,1178.75,10.067,0.8,0.001,0.038,1,1,NIGHT_ANOMALY,4
223.46,9.915,2060.48,0.93,50.029,5,6,2215.606,814.367,1930.48,15.85,6.54,0.029,0.02,1,1,NIGHT_ANOMALY,4
228.94,7.523,1682.72,0.977,49.98,5,6,1722.316,367.265,1552.72,12.944,1.06,0.02,0.027,1,1,NIGHT_ANOMALY,4
232.52,7.452,1561.16,0.901,49.951,5,6,1732.739,751.695,1431.16,12.009,2.52,0.049,0.049,1,1,NIGHT_ANOMALY,4
229.2,6.036,1275.47,0.922,49.976,5,6,1383.451,535.658,1145.47,9.811,0.8,0.024,0.028,1,1,NIGHT_ANOMALY,4
225.89,11.801,2417.76,0.907,50.136,6,6,2665.728,1122.62,1917.76,4.836,4.11,0.136,0.043,0,1,NIGHT_ANOMALY,4
230.51,11.383,2361.44,0.9,49.945,6,6,2623.895,1143.729,1861.44,4.723,0.51,0.055,0.05,0,1,NIGHT_ANOMALY,4
228.38,7.155,1475.63,0.903,49.984,6,6,1634.059,702.058,975.63,2.951,1.62,0.016,0.047,0,1,NIGHT_ANOMALY,4
231.04,10.814,2456.1,0.983,50.026,6,6,2498.467,458.732,1956.1,4.912,1.04,0.026,0.033,0,1,NIGHT_ANOMALY,4
230.35,6.023,1266.61,0.913,49.953,7,6,1387.398,566.002,766.61,2.533,0.35,0.047,0.037,0,1,NIGHT_ANOMALY,4
229.74,10.459,2270.75,0.945,49.997,7,6,2402.851,785.901,1770.75,4.542,0.26,0.003,0.005,0,1,NIGHT_ANOMALY,4
229.97,10.146,2149.02,0.921,49.971,7,6,2333.276,908.957,1649.02,4.298,0.03,0.029,0.029,0,1,NIGHT_ANOMALY,4
229.29,6.5,1448.55,0.972,50.031,7,6,1490.385,350.212,948.55,2.897,0.71,0.031,0.022,0,1,NIGHT_ANOMALY,4
231.74,7.293,1563.39,0.925,50.029,8,6,1690.08,642.175,1063.39,3.127,1.74,0.029,0.025,0,1,NIGHT_ANOMALY,4
229.82,10.052,2106.77,0.912,50.011,8,6,2310.151,947.601,1606.77,4.214,0.18,0.011,0.038,0,1,NIGHT_ANOMALY,4
229.09,11.144,2364.06,0.926,50.028,8,6,2552.979,963.81,1864.06,4.728,0.91,0.028,0.024,0,1,NIGHT_ANOMALY,4
229.08,10.04,2113.74,0.919,49.982,8,6,2299.963,906.778,1613.74,4.227,0.92,0.018,0.031,0,1,NIGHT_ANOMALY,4
234.6,8.569,1901.81,0.946,49.978,9,6,2010.287,651.668,1476.81,4.475,4.6,0.022,0.004,0,1,NIGHT_ANOMALY,4
231.11,10.466,2321.98,0.96,49.997,9,6,2418.797,677.263,1896.98,5.463,1.11,0.003,0.01,0,1,NIGHT_ANOMALY,4
229.05,8.329,1808.6,0.948,49.984,9,6,1907.757,607.183,1383.6,4.256,0.95,0.016,0.002,0,1,NIGHT_ANOMALY,4
230.49,10.11,2281.36,0.979,50.151,9,6,2330.254,475.046,1856.36,5.368,0.49,0.151,0.029,0,1,NIGHT_ANOMALY,4
228.64,10.073,2183.28,0.948,50.011,10,6,2303.091,733.005,1758.28,5.137,1.36,0.011,0.002,0,1,NIGHT_ANOMALY,4
228.77,9.429,2113.84,0.98,49.952,10,6,2157.072,429.252,1688.84,4.974,1.23,0.048,0.03,0,1,NIGHT_ANOMALY,4
229.83,10.398,2327.72,0.974,49.982,10,6,2389.772,541.398,1902.72,5.477,0.17,0.018,0.024,0,1,NIGHT_ANOMALY,4
226.17,8.831,1959.43,0.981,50.031,10,6,1997.307,387.493,1534.43,4.61,3.83,0.031,0.031,0,1,NIGHT_ANOMALY,4
231.51,5.453,1204.44,0.954,50.051,11,6,1262.424,378.483,779.44,2.834,1.51,0.051,0.004,0,1,NIGHT_ANOMALY,4
231.54,11.21,2439.77,0.94,49.978,11,6,2595.563,885.54,2014.77,5.741,1.54,0.022,0.01,0,1,NIGHT_ANOMALY,4
231.88,11.11,2483.52,0.964,49.995,11,6,2576.187,685.014,2058.52,5.844,1.88,0.005,0.014,0,1,NIGHT_ANOMALY,4
229.84,5.978,1281.88,0.933,49.921,11,6,1373.984,494.464,856.88,3.016,0.16,0.079,0.017,0,1,NIGHT_ANOMALY,4
226.95,9.81,2135.15,0.959,49.934,12,6,2226.38,630.969,1710.15,5.024,3.05,0.066,0.009,0,1,NIGHT_ANOMALY,4
230.21,11.277,2458.59,0.947,50.015,12,6,2596.078,833.947,2033.59,5.785,0.21,0.015,0.003,0,1,NIGHT_ANOMALY,4
230.72,10.917,2322.37,0.922,49.948,12,6,2518.77,975.242,1897.37,5.464,0.72,0.052,0.028,0,1,NIGHT_ANOMALY,4
231.53,7.246,1511.6,0.901,49.92,12,6,1677.666,727.804,1086.6,3.557,1.53,0.08,0.049,0,1,NIGHT_ANOMALY,4
228.05,5.8,1251.18,0.946,50.006,13,6,1322.69,428.772,826.18,2.944,1.95,0.006,0.004,0,1,NIGHT_ANOMALY,4
229.58,7.226,1602.55,0.966,49.988,13,6,1658.945,428.907,1177.55,3.771,0.42,0.012,0.016,0,1,NIGHT_ANOMALY,4
229.87,6.649,1482.55,0.97,49.931,13,6,1528.406,371.563,1057.55,3.488,0.13,0.069,0.02,0,1,NIGHT_ANOMALY,4
227.53,10.574,2288.06,0.951,50.042,13,6,2405.902,743.883,1863.06,5.384,2.47,0.042,0.001,0,1,NIGHT_ANOMALY,4
229.01,10.686,2268.55,0.927,50.047,14,6,2447.201,917.85,1843.55,5.338,0.99,0.047,0.023,0,1,NIGHT_ANOMALY,4
230.94,9.115,2056.67,0.977,50.038,14,6,2105.018,448.873,1631.67,4.839,0.94,0.038,0.027,0,1,NIGHT_ANOMALY,4
228.96,8.703,1819.32,0.913,50.089,14,6,1992.639,812.916,1394.32,4.281,1.04,0.089,0.037,0,1,NIGHT_ANOMALY,4
233.38,8.287,1849.02,0.956,50.009,14,6,1934.02,567.377,1424.02,4.351,3.38,0.009,0.006,0,1,NIGHT_ANOMALY,4
230.47,5.927,1334.47,0.977,50.01,15,6,1365.996,291.284,909.47,3.14,0.47,0.01,0.027,0,1,NIGHT_ANOMALY,4
231.41,8.595,1893.4,0.952,50.028,15,6,1988.969,608.819,1468.4,4.455,1.41,0.028,0.002,0,1,NIGHT_ANOMALY,4
232.32,6.064,1373.6,0.975,49.944,15,6,1408.788,313.04,948.6,3.232,2.32,0.056,0.025,0,1,NIGHT_ANOMALY,4
227.59,6.861,1461.55,0.936,50.035,15,6,1561.495,549.646,1036.55,3.439,2.41,0.035,0.014,0,1,NIGHT_ANOMALY,4
233.77,11.088,2426.07,0.936,49.978,16,6,2592.042,912.399,2001.07,5.708,3.77,0.022,0.014,0,1,NIGHT_ANOMALY,4
230.43,8.131,1780.0,0.95,49.939,16,6,1873.626,585.04,1355.0,4.188,0.43,0.061,0.0,0,1,NIGHT_ANOMALY,4
229.97,8.758,1931.46,0.959,49.986,16,6,2014.077,570.802,1506.46,4.545,0.03,0.014,0.009,0,1,NIGHT_ANOMALY,4
229.21,6.534,1409.33,0.941,49.942,16,6,1497.658,506.817,984.33,3.316,0.79,0.058,0.009,0,1,NIGHT_ANOMALY,4
230.26,10.056,2086.33,0.901,50.004,17,6,2315.495,1004.506,1336.33,2.782,0.26,0.004,0.049,0,1,NIGHT_ANOMALY,4
229.53,8.412,1789.84,0.927,50.07,17,6,1930.806,724.171,1039.84,2.386,0.47,0.07,0.023,0,1,NIGHT_ANOMALY,4
227.76,6.073,1315.35,0.951,50.073,17,6,1383.186,427.669,565.35,1.754,2.24,0.073,0.001,0,0,NIGHT_ANOMALY,4
230.72,10.235,2222.11,0.941,49.996,17,6,2361.419,799.12,1472.11,2.963,0.72,0.004,0.009,0,1,NIGHT_ANOMALY,4
231.23,9.087,1985.66,0.945,50.065,18,6,2101.187,687.236,1235.66,2.648,1.23,0.065,0.005,0,1,NIGHT_ANOMALY,4
227.52,8.989,1961.25,0.959,49.979,18,6,2045.177,579.616,1211.25,2.615,2.48,0.021,0.009,0,1,NIGHT_ANOMALY,4
230.76,9.246,2099.5,0.984,49.964,18,6,2133.607,380.141,1349.5,2.799,0.76,0.036,0.034,0,1,NIGHT_ANOMALY,4
228.58,10.546,2200.98,0.913,49.958,18,6,2410.605,983.429,1450.98,2.935,1.42,0.042,0.037,0,1,NIGHT_ANOMALY,4
225.27,7.387,1600.9,0.962,50.007,19,6,1664.069,454.373,850.9,2.135,4.73,0.007,0.012,0,1,NIGHT_ANOMALY,4
228.64,8.294,1830.06,0.965,50.0,19,6,1896.34,497.315,1080.06,2.44,1.36,0.0,0.015,0,1,NIGHT_ANOMALY,4
229.05,10.706,2366.28,0.965,49.994,19,6,2452.209,643.092,1616.28,3.155,0.95,0.006,0.015,0,1,NIGHT_ANOMALY,4
229.39,11.794,2451.04,0.906,50.042,19,6,2705.426,1145.146,1701.04,3.268,0.61,0.042,0.044,0,1,NIGHT_ANOMALY,4
233.27,11.694,2474.22,0.907,49.933,20,6,2727.859,1148.785,1724.22,3.299,3.27,0.067,0.043,0,1,NIGHT_ANOMALY,4
234.22,8.724,1871.72,0.916,49.905,20,6,2043.335,819.742,1121.72,2.496,4.22,0.095,0.034,0,1,NIGHT_ANOMALY,4
231.05,8.99,1971.16,0.949,49.983,20,6,2077.14,654.872,1221.16,2.628,1.05,0.017,0.001,0,1,NIGHT_ANOMALY,4
230.45,8.908,1855.77,0.904,49.979,20,6,2052.849,877.659,1105.77,2.474,0.45,0.021,0.046,0,1,NIGHT_ANOMALY,4
228.79,6.919,1500.61,0.948,50.051,21,6,1582.998,503.821,750.61,2.001,1.21,0.051,0.002,0,1,NIGHT_ANOMALY,4
229.48,7.198,1628.65,0.986,50.003,21,6,1651.797,275.429,878.65,2.172,0.52,0.003,0.036,0,1,NIGHT_ANOMALY,4
233.76,7.452,1677.61,0.963,50.05,21,6,1741.98,469.466,927.61,2.237,3.76,0.05,0.013,0,1,NIGHT_ANOMALY,4
233.32,10.38,2341.84,0.967,50.043,21,6,2421.862,617.033,1591.84,3.122,3.32,0.043,0.017,0,1,NIGHT_ANOMALY,4
228.35,7.608,1565.23,0.901,50.101,22,6,1737.287,753.668,1215.23,4.472,1.65,0.101,0.049,0,1,NIGHT_ANOMALY,4
229.84,6.053,1254.85,0.902,49.97,22,6,1391.222,600.64,904.85,3.585,0.16,0.03,0.048,0,1,NIGHT_ANOMALY,4
232.13,9.811,2051.97,0.901,50.017,22,6,2277.427,987.991,1701.97,5.863,2.13,0.017,0.049,0,1,NIGHT_ANOMALY,4
233.95,11.177,2355.94,0.901,49.93,22,6,2614.859,1134.376,2005.94,6.731,3.95,0.07,0.049,0,1,NIGHT_ANOMALY,4
229.6,8.535,1938.05,0.989,50.061,23,6,1959.636,289.861,1588.05,5.537,0.4,0.061,0.039,0,1,NIGHT_ANOMALY,4
227.19,9.673,2124.98,0.967,49.901,23,6,2197.609,559.899,1774.98,6.071,2.81,0.099,0.017,0,1,NIGHT_ANOMALY,4
228.34,10.792,2348.35,0.953,49.984,23,6,2464.245,746.593,1998.35,6.71,1.66,0.016,0.003,0,1,NIGHT_ANOMALY,4
228.9,10.792,2257.79,0.914,49.95,23,6,2470.289,1002.231,1907.79,6.451,1.1,0.05,0.036,0,1,NIGHT_ANOMALY,4
226.61,9.518,1949.75,0.904,49.968,0,0,2156.874,922.134,1819.75,14.998,3.39,0.032,0.046,1,1,NIGHT_ANOMALY,4
225.49,5.944,1282.59,0.957,50.047,0,0,1340.313,388.808,1152.59,9.866,4.51,0.047,0.007,1,1,NIGHT_ANOMALY,4
228.58,9.952,2083.76,0.916,49.949,0,0,2274.828,912.612,1953.76,16.029,1.42,0.051,0.034,1,1,NIGHT_ANOMALY,4
233.61,8.574,1824.75,0.911,49.984,0,0,2002.972,826.038,1694.75,14.037,3.61,0.016,0.039,1,1,NIGHT_ANOMALY,4
227.42,10.674,2323.02,0.957,49.986,1,0,2427.481,704.183,2193.02,17.869,2.58,0.014,0.007,1,1,NIGHT_ANOMALY,4
229.75,10.93,2348.0,0.935,49.94,1,0,2511.168,890.58,2218.0,18.062,0.25,0.06,0.015,1,1,NIGHT_ANOMALY,4
227.84,6.679,1393.97,0.916,50.028,1,0,1521.743,610.49,1263.97,10.723,2.16,0.028,0.034,1,1,NIGHT_ANOMALY,4
227.58,10.599,2383.21,0.988,50.104,1,0,2412.12,372.561,2253.21,18.332,2.42,0.104,0.038,1,1,NIGHT_ANOMALY,4
229.74,6.256,1402.87,0.976,49.931,2,0,1437.253,312.991,1272.87,10.791,0.26,0.069,0.026,1,1,NIGHT_ANOMALY,4
232.13,8.503,1894.93,0.96,50.026,2,0,1973.801,552.664,1764.93,14.576,2.13,0.026,0.01,1,1,NIGHT_ANOMALY,4
232.06,10.642,2400.49,0.972,49.969,2,0,2469.583,580.305,2270.49,18.465,2.06,0.031,0.022,1,1,NIGHT_ANOMALY,4
228.21,6.241,1390.14,0.976,49.969,2,0,1424.259,310.162,1260.14,10.693,1.79,0.031,0.026,1,1,NIGHT_ANOMALY,4
230.47,9.155,2069.78,0.981,50.02,3,0,2109.953,409.347,1939.78,15.921,0.47,0.02,0.031,1,1,NIGHT_ANOMALY,4
230.76,7.229,1579.78,0.947,50.01,3,0,1668.164,535.87,1449.78,12.152,0.76,0.01,0.003,1,1,NIGHT_ANOMALY,4
227.89,10.31,2175.58,0.926,49.921,3,0,2349.546,887.009,2045.58,16.735,2.11,0.079,0.024,1,1,NIGHT_ANOMALY,4
232.08,9.072,1981.24,0.941,50.032,3,0,2105.43,712.491,1851.24,15.24,2.08,0.032,0.009,1,1,NIGHT_ANOMALY,4
230.56,8.365,1795.57,0.931,49.99,4,0,1928.634,703.989,1665.57,13.812,0.56,0.01,0.019,1,1,NIGHT_ANOMALY,4
229.98,5.739,1282.82,0.972,50.015,4,0,1319.855,310.141,1152.82,9.868,0.02,0.015,0.022,1,1,NIGHT_ANOMALY,4
230.63,7.226,1553.27,0.932,50.069,4,0,1666.532,604.048,1423.27,11.948,0.63,0.069,0.018,1,1,NIGHT_ANOMALY,4
229.47,10.982,2356.3,0.935,50.089,4,0,2520.04,893.726,2226.3,18.125,0.53,0.089,0.015,1,1,NIGHT_ANOMALY,4
232.87,9.755,2210.29,0.973,49.945,5,0,2271.647,524.308,2080.29,17.002,2.87,0.055,0.023,1,1,NIGHT_ANOMALY,4
232.28,5.624,1272.32,0.974,49.971,5,0,1306.343,295.949,1142.32,9.787,2.28,0.029,0.024,1,1,NIGHT_ANOMALY,4
231.12,6.844,1515.29,0.958,49.989,5,0,1581.785,453.606,1385.29,11.656,1.12,0.011,0.008,1,1,NIGHT_ANOMALY,4
228.84,8.46,1868.18,0.965,50.045,5,0,1935.986,507.712,1738.18,14.371,1.16,0.045,0.015,1,1,NIGHT_ANOMALY,4
231.68,8.183,1869.35,0.986,49.878,6,0,1895.837,316.122,1369.35,3.739,1.68,0.122,0.036,0,1,NIGHT_ANOMALY,4
232.45,6.076,1344.58,0.952,50.056,6,0,1412.366,432.323,844.58,2.689,2.45,0.056,0.002,0,1,NIGHT_ANOMALY,4
227.61,6.294,1383.79,0.966,49.961,6,0,1432.577,370.382,883.79,2.768,2.39,0.039,0.016,0,1,NIGHT_ANOMALY,4
232.45,9.5,2042.72,0.925,49.984,6,0,2208.275,839.072,1542.72,4.085,2.45,0.016,0.025,0,1,NIGHT_ANOMALY,4
229.2,10.787,2244.85,0.908,50.008,7,0,2472.38,1035.854,1744.85,4.49,0.8,0.008,0.042,0,1,NIGHT_ANOMALY,4
232.08,9.724,2188.98,0.97,50.023,7,0,2256.746,548.626,1688.98,4.378,2.08,0.023,0.02,0,1,NIGHT_ANOMALY,4
230.33,6.202,1371.46,0.96,50.028,7,0,1428.507,399.982,871.46,2.743,0.33,0.028,0.01,0,1,NIGHT_ANOMALY,4
230.27,10.84,2456.12,0.984,49.956,7,0,2496.127,444.731,1956.12,4.912,0.27,0.044,0.034,0,1,NIGHT_ANOMALY,4
229.38,7.848,1629.13,0.905,49.998,8,0,1800.174,765.815,1129.13,3.258,0.62,0.002,0.045,0,1,NIGHT_ANOMALY,4
228.71,7.322,1602.6,0.957,50.061,8,0,1674.615,485.785,1102.6,3.205,1.29,0.061,0.007,0,1,NIGHT_ANOMALY,4
230.29,7.311,1643.28,0.976,50.011,8,0,1683.65,366.649,1143.28,3.287,0.29,0.011,0.026,0,1,NIGHT_ANOMALY,4
230.02,8.833,1907.81,0.939,49.974,8,0,2031.767,698.759,1407.81,3.816,0.02,0.026,0.011,0,1,NIGHT_ANOMALY,4
230.9,9.774,2205.01,0.977,49.963,9,0,2256.817,481.242,1780.01,5.188,0.9,0.037,0.027,0,1,NIGHT_ANOMALY,4
229.99,5.876,1251.51,0.926,50.04,9,0,1351.421,510.193,826.51,2.945,0.01,0.04,0.024,0,1,NIGHT_ANOMALY,4
234.93,7.185,1569.71,0.93,49.969,9,0,1687.972,620.43,1144.71,3.693,4.93,0.031,0.02,0,1,NIGHT_ANOMALY,4
227.28,10.293,2208.38,0.944,50.025,9,0,2339.393,771.872,1783.38,5.196,2.72,0.025,0.006,0,1,NIGHT_ANOMALY,4
227.42,11.206,2316.5,0.909,50.003,10,0,2548.469,1062.192,1891.5,5.451,2.58,0.003,0.041,0,1,NIGHT_ANOMALY,4
228.27,10.331,2221.54,0.942,49.983,10,0,2358.257,791.462,1796.54,5.227,1.73,0.017,0.008,0,1,NIGHT_ANOMALY,4
226.98,6.907,1478.36,0.943,49.891,10,0,1567.751,521.736,1053.36,3.478,3.02,0.109,0.007,0,1,NIGHT_ANOMALY,4
230.12,10.805,2287.62,0.92,50.007,10,0,2486.447,974.484,1862.62,5.383,0.12,0.007,0.03,0,1,NIGHT_ANOMALY,4
230.2,6.1,1357.79,0.967,49.967,11,0,1404.22,357.762,932.79,3.195,0.2,0.033,0.017,0,1,NIGHT_ANOMALY,4
230.72,10.582,2309.67,0.946,50.123,11,0,2441.479,791.446,1884.67,5.435,0.72,0.123,0.004,0,1,NIGHT_ANOMALY,4
228.69,9.988,2119.77,0.928,49.922,11,0,2284.156,851.031,1694.77,4.988,1.31,0.078,0.022,0,1,NIGHT_ANOMALY,4
227.25,5.714,1207.62,0.93,50.004,11,0,1298.507,477.278,782.62,2.841,2.75,0.004,0.02,0,1,NIGHT_ANOMALY,4
231.71,8.361,1855.86,0.958,49.918,12,0,1937.327,555.564,1430.86,4.367,1.71,0.082,0.008,0,1,NIGHT_ANOMALY,4
228.99,10.728,2255.26,0.918,49.999,12,0,2456.605,974.241,1830.26,5.306,1.01,0.001,0.032,0,1,NIGHT_ANOMALY,4
229.11,5.689,1229.15,0.943,50.026,12,0,1303.407,433.764,804.15,2.892,0.89,0.026,0.007,0,1,NIGHT_ANOMALY,4
229.73,6.835,1450.88,0.924,50.037,12,0,1570.205,600.434,1025.88,3.414,0.27,0.037,0.026,0,1,NIGHT_ANOMALY,4
230.98,8.342,1882.52,0.977,49.958,13,0,1926.835,410.877,1457.52,4.429,0.98,0.042,0.027,0,1,NIGHT_ANOMALY,4
229.84,9.337,2068.77,0.964,50.069,13,0,2146.016,570.63,1643.77,4.868,0.16,0.069,0.014,0,1,NIGHT_ANOMALY,4
232.24,9.499,2007.51,0.91,49.933,13,0,2206.048,914.646,1582.51,4.724,2.24,0.067,0.04,0,1,NIGHT_ANOMALY,4
230.65,8.751,1830.75,0.907,50.039,13,0,2018.418,850.018,1405.75,4.308,0.65,0.039,0.043,0,1,NIGHT_ANOMALY,4
233.81,10.026,2316.13,0.988,49.987,14,0,2344.179,362.068,1891.13,5.45,3.81,0.013,0.038,0,1,NIGHT_ANOMALY,4
229.33,10.692,2302.42,0.939,50.016,14,0,2451.996,843.284,1877.42,5.417,0.67,0.016,0.011,0,1,NIGHT_ANOMALY,4
229.72,10.533,2189.8,0.905,50.082,14,0,2419.641,1029.343,1764.8,5.152,0.28,0.082,0.045,0,1,NIGHT_ANOMALY,4
229.04,6.314,1423.02,0.984,49.978,14,0,1446.159,257.66,998.02,3.348,0.96,0.022,0.034,0,1,NIGHT_ANOMALY,4
235.27,8.231,1742.84,0.9,50.009,15,0,1936.507,844.104,1317.84,4.101,5.27,0.009,0.05,0,1,NIGHT_ANOMALY,4
231.91,5.857,1331.09,0.98,50.03,15,0,1358.297,270.298,906.09,3.132,1.91,0.03,0.03,0,1,NIGHT_ANOMALY,4
226.76,11.813,2421.62,0.904,50.049,15,0,2678.716,1145.238,1996.62,5.698,3.24,0.049,0.046,0,1,NIGHT_ANOMALY,4
232.57,6.537,1403.31,0.923,50.002,15,0,1520.31,585.015,978.31,3.302,2.57,0.002,0.027,0,1,NIGHT_ANOMALY,4
232.69,7.298,1609.84,0.948,49.955,16,0,1698.172,540.478,1184.84,3.788,2.69,0.045,0.002,0,1,NIGHT_ANOMALY,4
232.23,10.255,2174.42,0.913,50.027,16,0,2381.519,971.563,1749.42,5.116,2.23,0.027,0.037,0,1,NIGHT_ANOMALY,4
230.28,6.097,1331.06,0.948,50.056,16,0,1404.017,446.857,906.06,3.132,0.28,0.056,0.002,0,1,NIGHT_ANOMALY,4
231.58,7.722,1756.03,0.982,50.043,16,0,1788.261,337.768,1331.03,4.132,1.58,0.043,0.032,0,1,NIGHT_ANOMALY,4
230.56,10.658,2405.63,0.979,50.111,17,0,2457.308,500.948,1655.63,3.208,0.56,0.111,0.029,0,1,NIGHT_ANOMALY,4
228.79,5.352,1202.51,0.982,50.062,17,0,1224.484,231.282,452.51,1.603,1.21,0.062,0.032,0,0,NIGHT_ANOMALY,4
231.28,5.788,1289.06,0.963,50.029,17,0,1338.649,360.768,539.06,1.719,1.28,0.029,0.013,0,0,NIGHT_ANOMALY,4
227.13,10.813,2257.08,0.919,50.014,17,0,2455.957,968.279,1507.08,3.009,2.87,0.014,0.031,0,1,NIGHT_ANOMALY,4
234.15,11.506,2484.01,0.922,49.978,18,0,2694.13,1043.14,1734.01,3.312,4.15,0.022,0.028,0,1,NIGHT_ANOMALY,4
229.11,8.322,1752.28,0.919,49.954,18,0,1906.653,751.712,1002.28,2.336,0.89,0.046,0.031,0,1,NIGHT_ANOMALY,4
229.5,7.043,1459.67,0.903,50.031,18,0,1616.369,694.457,709.67,1.946,0.5,0.031,0.047,0,0,NIGHT_ANOMALY,4
229.95,11.197,2469.16,0.959,49.97,18,0,2574.75,729.7,1719.16,3.292,0.05,0.03,0.009,0,1,NIGHT_ANOMALY,4
230.65,6.632,1393.59,0.911,49.962,19,0,1529.671,630.846,643.59,1.858,0.65,0.038,0.039,0,0,NIGHT_ANOMALY,4
228.39,6.082,1294.69,0.932,49.912,19,0,1389.068,503.479,544.69,1.726,1.61,0.088,0.018,0,0,NIGHT_ANOMALY,4
231.64,5.824,1293.72,0.959,50.068,19,0,1349.071,382.335,543.72,1.725,1.64,0.068,0.009,0,0,NIGHT_ANOMALY,4
228.75,10.337,2177.69,0.921,49.977,19,0,2364.589,921.155,1427.69,2.904,1.25,0.023,0.029,0,1,NIGHT_ANOMALY,4
228.49,8.54,1896.69,0.972,49.986,20,0,1951.305,458.519,1146.69,2.529,1.51,0.014,0.022,0,1,NIGHT_ANOMALY,4
230.33,7.352,1613.87,0.953,49.945,20,0,1693.386,513.046,863.87,2.152,0.33,0.055,0.003,0,1,NIGHT_ANOMALY,4
226.01,8.346,1861.72,0.987,50.013,20,0,1886.279,303.163,1111.72,2.482,3.99,0.013,0.037,0,1,NIGHT_ANOMALY,4
227.12,10.247,2178.41,0.936,50.047,20,0,2327.299,819.209,1428.41,2.905,2.88,0.047,0.014,0,1,NIGHT_ANOMALY,4
229.52,10.637,2346.19,0.961,49.983,21,0,2441.404,675.166,1596.19,3.128,0.48,0.017,0.011,0,1,NIGHT_ANOMALY,4
230.65,5.56,1218.27,0.95,50.001,21,0,1282.414,400.434,468.27,1.624,0.65,0.001,0.0,0,0,NIGHT_ANOMALY,4
231.86,9.961,2196.35,0.951,50.04,21,0,2309.557,714.094,1446.35,2.928,1.86,0.04,0.001,0,1,NIGHT_ANOMALY,4
228.94,9.228,2004.86,0.949,50.047,21,0,2112.658,666.071,1254.86,2.673,1.06,0.047,0.001,0,1,NIGHT_ANOMALY,4
226.3,6.411,1408.79,0.971,50.02,22,0,1450.809,346.859,1058.79,4.025,3.7,0.02,0.021,0,1,NIGHT_ANOMALY,4
229.62,5.669,1230.14,0.945,49.936,22,0,1301.716,425.753,880.14,3.515,0.38,0.064,0.005,0,1,NIGHT_ANOMALY,4
232.0,5.756,1220.49,0.914,49.944,22,0,1335.392,541.787,870.49,3.487,2.0,0.056,0.036,0,1,NIGHT_ANOMALY,4
233.07,7.224,1584.25,0.941,50.025,22,0,1683.698,569.774,1234.25,4.526,3.07,0.025,0.009,0,1,NIGHT_ANOMALY,4
231.11,8.952,1907.62,0.922,49.979,23,0,2068.897,801.056,1557.62,5.45,1.11,0.021,0.028,0,1,NIGHT_ANOMALY,4
228.52,6.317,1418.94,0.983,49.969,23,0,1443.561,265.046,1068.94,4.054,1.48,0.031,0.033,0,1,NIGHT_ANOMALY,4
231.67,7.061,1590.05,0.972,50.051,23,0,1635.822,384.387,1240.05,4.543,1.67,0.051,0.022,0,1,NIGHT_ANOMALY,4
229.96,8.091,1678.18,0.902,50.002,23,0,1860.606,803.291,1328.18,4.795,0.04,0.002,0.048,0,1,NIGHT_ANOMALY,4
229.41,11.018,2449.31,0.969,50.077,0,1,2527.639,624.48,2319.31,18.841,0.59,0.077,0.019,1,1,NIGHT_ANOMALY,4
227.89,9.44,1959.78,0.911,49.928,0,1,2151.282,887.202,1829.78,15.075,2.11,0.072,0.039,1,1,NIGHT_ANOMALY,4
231.13,9.537,2142.67,0.972,50.042,0,1,2204.287,517.965,2012.67,16.482,1.13,0.042,0.022,1,1,NIGHT_ANOMALY,4
230.04,11.152,2439.71,0.951,49.993,0,1,2565.406,793.2,2309.71,18.767,0.04,0.007,0.001,1,1,NIGHT_ANOMALY,4
231.49,7.111,1600.07,0.972,50.124,1,1,1646.125,386.808,1470.07,12.308,1.49,0.124,0.022,1,1,NIGHT_ANOMALY,4
232.27,9.101,1904.65,0.901,49.968,1,1,2113.889,917.046,1774.65,14.651,2.27,0.032,0.049,1,1,NIGHT_ANOMALY,4
228.16,9.093,1873.37,0.903,49.973,1,1,2074.659,891.358,1743.37,14.411,1.84,0.027,0.047,1,1,NIGHT_ANOMALY,4
227.92,9.059,1932.61,0.936,50.066,1,1,2064.727,726.784,1802.61,14.866,2.08,0.066,0.014,1,1,NIGHT_ANOMALY,4
231.11,7.703,1689.42,0.949,49.965,2,1,1780.24,561.267,1559.42,12.996,1.11,0.035,0.001,1,1,NIGHT_ANOMALY,4
227.35,7.883,1695.47,0.946,49.971,2,1,1792.2,580.971,1565.47,13.042,2.65,0.029,0.004,1,1,NIGHT_ANOMALY,4
232.21,7.105,1534.4,0.93,49.949,2,1,1649.852,606.419,1404.4,11.803,2.21,0.051,0.02,1,1,NIGHT_ANOMALY,4
231.96,10.973,2329.02,0.915,50.045,2,1,2545.297,1026.91,2199.02,17.916,1.96,0.045,0.035,1,1,NIGHT_ANOMALY,4
232.23,8.221,1733.59,0.908,49.929,3,1,1909.163,799.882,1603.59,13.335,2.23,0.071,0.042,1,1,NIGHT_ANOMALY,4
230.29,6.473,1468.37,0.985,50.018,3,1,1490.667,257.221,1338.37,11.295,0.29,0.018,0.035,1,1,NIGHT_ANOMALY,4
229.42,8.599,1949.19,0.988,49.97,3,1,1972.783,304.704,1819.19,14.994,0.58,0.03,0.038,1,1,NIGHT_ANOMALY,4
231.45,9.661,2198.1,0.983,50.025,3,1,2236.038,410.549,2068.1,16.908,1.45,0.025,0.033,1,1,NIGHT_ANOMALY,4
231.07,10.604,2374.32,0.969,50.024,4,1,2450.266,605.365,2244.32,18.264,1.07,0.024,0.019,1,1,NIGHT_ANOMALY,4
229.01,9.377,2115.26,0.985,49.969,4,1,2147.427,370.548,1985.26,16.271,0.99,0.031,0.035,1,1,NIGHT_ANOMALY,4
228.48,6.11,1284.31,0.92,50.013,4,1,1396.013,547.123,1154.31,9.879,1.52,0.013,0.03,1,1,NIGHT_ANOMALY,4
230.74,8.89,1928.1,0.94,50.108,4,1,2051.279,699.844,1798.1,14.832,0.74,0.108,0.01,1,1,NIGHT_ANOMALY,4
231.54,10.305,2230.85,0.935,49.968,5,1,2386.02,846.196,2100.85,17.16,1.54,0.032,0.015,1,1,NIGHT_ANOMALY,4
229.17,5.965,1261.71,0.923,50.085,5,1,1366.999,526.021,1131.71,9.705,0.83,0.085,0.027,1,1,NIGHT_ANOMALY,4
226.68,8.565,1784.33,0.919,50.082,5,1,1941.514,765.457,1654.33,13.726,3.32,0.082,0.031,1,1,NIGHT_ANOMALY,4
229.6,11.457,2425.36,0.922,50.052,5,1,2630.527,1018.514,2295.36,18.657,0.4,0.052,0.028,1,1,NIGHT_ANOMALY,4
228.45,9.475,2002.15,0.925,49.985,6,1,2164.564,822.463,1502.15,4.004,1.55,0.015,0.025,0,1,NIGHT_ANOMALY,4
229.21,11.809,2490.21,0.92,49.984,6,1,2706.741,1060.821,1990.21,4.98,0.79,0.016,0.03,0,1,NIGHT_ANOMALY,4
228.61,9.915,2148.86,0.948,49.961,6,1,2266.668,721.413,1648.86,4.298,1.39,0.039,0.002,0,1,NIGHT_ANOMALY,4
227.86,8.379,1804.33,0.945,49.921,6,1,1909.239,624.455,1304.33,3.609,2.14,0.079,0.005,0,1,NIGHT_ANOMALY,4
229.09,9.423,1968.82,0.912,50.069,7,1,2158.715,885.484,1468.82,3.938,0.91,0.069,0.038,0,1,NIGHT_ANOMALY,4
228.99,10.568,2206.95,0.912,50.011,7,1,2419.966,992.646,1706.95,4.414,1.01,0.011,0.038,0,1,NIGHT_ANOMALY,4
228.81,5.433,1228.12,0.988,50.015,7,1,1243.125,192.005,728.12,2.456,1.19,0.015,0.038,0,1,NIGHT_ANOMALY,4
230.33,6.628,1436.52,0.941,49.92,7,1,1526.627,516.621,936.52,2.873,0.33,0.08,0.009,0,1,NIGHT_ANOMALY,4
228.65,8.687,1942.69,0.978,50.041,8,1,1986.283,414.348,1442.69,3.885,1.35,0.041,0.028,0,1,NIGHT_ANOMALY,4
228.88,10.605,2342.23,0.965,50.004,8,1,2427.272,636.552,1842.23,4.684,1.12,0.004,0.015,0,1,NIGHT_ANOMALY,4
230.88,5.432,1235.23,0.985,49.994,8,1,1254.14,216.407,735.23,2.47,0.88,0.006,0.035,0,1,NIGHT_ANOMALY,4
228.82,8.715,1832.65,0.919,50.061,8,1,1994.166,786.215,1332.65,3.665,1.18,0.061,0.031,0,1,NIGHT_ANOMALY,4
230.58,5.642,1241.02,0.954,50.005,9,1,1300.932,390.028,816.02,2.92,0.58,0.005,0.004,0,1,NIGHT_ANOMALY,4
228.6,8.507,1777.56,0.914,50.056,9,1,1944.7,788.992,1352.56,4.182,1.4,0.056,0.036,0,1,NIGHT_ANOMALY,4
230.92,10.514,2343.02,0.965,49.996,9,1,2427.893,636.715,1918.02,5.513,0.92,0.004,0.015,0,1,NIGHT_ANOMALY,4
225.69,8.259,1729.78,0.928,50.004,9,1,1863.974,694.48,1304.78,4.07,4.31,0.004,0.022,0,1,NIGHT_ANOMALY,4
230.65,6.476,1368.2,0.916,50.039,10,1,1493.689,599.236,943.2,3.219,0.65,0.039,0.034,0,1,NIGHT_ANOMALY,4
230.39,8.483,1811.69,0.927,50.017,10,1,1954.398,733.019,1386.69,4.263,0.39,0.017,0.023,0,1,NIGHT_ANOMALY,4
231.72,9.849,2101.86,0.921,49.908,10,1,2282.21,889.064,1676.86,4.946,1.72,0.092,0.029,0,1,NIGHT_ANOMALY,4
231.79,10.47,2300.69,0.948,50.019,10,1,2426.841,772.392,1875.69,5.413,1.79,0.019,0.002,0,1,NIGHT_ANOMALY,4
232.93,9.503,2067.45,0.934,49.982,11,1,2213.534,790.836,1642.45,4.865,2.93,0.018,0.016,0,1,NIGHT_ANOMALY,4
229.23,8.386,1862.79,0.969,50.022,11,1,1922.323,474.93,1437.79,4.383,0.77,0.022,0.019,0,1,NIGHT_ANOMALY,4
231.63,7.466,1682.75,0.973,49.992,11,1,1729.35,399.143,1257.75,3.959,1.63,0.008,0.023,0,1,NIGHT_ANOMALY,4
230.2,9.397,1998.78,0.924,50.003,11,1,2163.189,827.187,1573.78,4.703,0.2,0.003,0.026,0,1,NIGHT_ANOMALY,4
229.19,6.614,1414.35,0.933,49.911,12,1,1515.863,545.523,989.35,3.328,0.81,0.089,0.017,0,1,NIGHT_ANOMALY,4
230.68,10.542,2208.01,0.908,50.011,12,1,2431.829,1018.864,1783.01,5.195,0.68,0.011,0.042,0,1,NIGHT_ANOMALY,4
228.55,9.251,2088.94,0.988,50.025,12,1,2114.316,326.564,1663.94,4.915,1.45,0.025,0.038,0,1,NIGHT_ANOMALY,4
228.09,9.241,1922.23,0.912,50.027,12,1,2107.78,864.591,1497.23,4.523,1.91,0.027,0.038,0,1,NIGHT_ANOMALY,4
230.91,7.978,1680.19,0.912,49.917,13,1,1842.2,755.652,1255.19,3.953,0.91,0.083,0.038,0,1,NIGHT_ANOMALY,4
229.91,7.411,1625.4,0.954,49.977,13,1,1703.863,510.829,1200.4,3.824,0.09,0.023,0.004,0,1,NIGHT_ANOMALY,4
229.23,6.827,1494.48,0.955,50.018,13,1,1564.953,464.174,1069.48,3.516,0.77,0.018,0.005,0,1,NIGHT_ANOMALY,4
230.03,8.58,1944.02,0.985,49.901,13,1,1973.657,340.563,1519.02,4.574,0.03,0.099,0.035,0,1,NIGHT_ANOMALY,4
230.06,8.381,1748.72,0.907,49.989,14,1,1928.133,811.996,1323.72,4.115,0.06,0.011,0.043,0,1,NIGHT_ANOMALY,4
228.62,7.413,1654.01,0.976,49.954,14,1,1694.76,369.069,1229.01,3.892,1.38,0.046,0.026,0,1,NIGHT_ANOMALY,4
233.46,8.999,1895.02,0.902,49.99,14,1,2100.907,907.037,1470.02,4.459,3.46,0.01,0.048,0,1,NIGHT_ANOMALY,4
229.31,7.171,1565.54,0.952,50.03,14,1,1644.382,503.342,1140.54,3.684,0.69,0.03,0.002,0,1,NIGHT_ANOMALY,4
228.63,10.365,2175.48,0.918,50.065,15,1,2369.75,939.796,1750.48,5.119,1.37,0.065,0.032,0,1,NIGHT_ANOMALY,4
233.27,11.065,2441.71,0.946,49.985,15,1,2581.133,836.717,2016.71,5.745,3.27,0.015,0.004,0,1,NIGHT_ANOMALY,4
229.78,9.913,2157.03,0.947,49.962,15,1,2277.809,731.709,1732.03,5.075,0.22,0.038,0.003,0,1,NIGHT_ANOMALY,4
230.61,6.42,1345.73,0.909,50.009,15,1,1480.516,617.073,920.73,3.166,0.61,0.009,0.041,0,1,NIGHT_ANOMALY,4
230.17,8.662,1961.73,0.984,50.033,16,1,1993.733,355.22,1536.73,4.616,0.17,0.033,0.034,0,1,NIGHT_ANOMALY,4
230.14,8.718,1974.27,0.984,50.033,16,1,2006.361,357.47,1549.27,4.645,0.14,0.033,0.034,0,1,NIGHT_ANOMALY,4
228.66,7.406,1666.45,0.984,50.018,16,1,1693.456,301.72,1241.45,3.921,1.34,0.018,0.034,0,1,NIGHT_ANOMALY,4
230.54,9.83,2241.33,0.989,50.032,16,1,2266.208,335.207,1816.33,5.274,0.54,0.032,0.039,0,1,NIGHT_ANOMALY,4
228.55,6.976,1453.97,0.912,50.078,17,1,1594.365,653.993,703.97,1.939,1.45,0.078,0.038,0,0,NIGHT_ANOMALY,4
228.04,6.576,1373.6,0.916,50.03,17,1,1499.591,601.603,623.6,1.831,1.96,0.03,0.034,0,0,NIGHT_ANOMALY,4
231.09,7.701,1660.49,0.933,49.95,17,1,1779.624,640.445,910.49,2.214,1.09,0.05,0.017,0,1,NIGHT_ANOMALY,4
230.36,9.766,2218.21,0.986,50.022,17,1,2249.696,375.126,1468.21,2.958,0.36,0.022,0.036,0,1,NIGHT_ANOMALY,4
227.54,9.362,1917.12,0.9,50.02,18,1,2130.229,928.546,1167.12,2.556,2.46,0.02,0.05,0,1,NIGHT_ANOMALY,4
230.27,6.881,1465.57,0.925,50.031,18,1,1584.488,602.053,715.57,1.954,0.27,0.031,0.025,0,0,NIGHT_ANOMALY,4
229.59,7.17,1596.88,0.97,50.005,18,1,1646.16,400.19,846.88,2.129,0.41,0.005,0.02,0,1,NIGHT_ANOMALY,4
229.26,11.606,2397.47,0.901,50.046,18,1,2660.792,1154.302,1647.47,3.197,0.74,0.046,0.049,0,1,NIGHT_ANOMALY,4
228.84,8.63,1824.81,0.924,50.069,19,1,1974.889,755.183,1074.81,2.433,1.16,0.069,0.026,0,1,NIGHT_ANOMALY,4
228.76,9.082,1992.38,0.959,49.961,19,1,2077.598,588.804,1242.38,2.657,1.24,0.039,0.009,0,1,NIGHT_ANOMALY,4
233.25,8.096,1708.9,0.905,49.979,19,1,1888.392,803.344,958.9,2.279,3.25,0.021,0.045,0,1,NIGHT_ANOMALY,4
226.88,9.002,1897.31,0.929,50.043,19,1,2042.374,755.841,1147.31,2.53,3.12,0.043,0.021,0,1,NIGHT_ANOMALY,4
228.34,9.415,2027.22,0.943,49.988,20,1,2149.821,715.445,1277.22,2.703,1.66,0.012,0.007,0,1,NIGHT_ANOMALY,4
228.91,8.861,1906.66,0.94,50.011,20,1,2028.372,692.029,1156.66,2.542,1.09,0.011,0.01,0,1,NIGHT_ANOMALY,4
230.01,10.88,2274.83,0.909,49.966,20,1,2502.509,1043.036,1524.83,3.033,0.01,0.034,0.041,0,1,NIGHT_ANOMALY,4
228.32,8.246,1854.42,0.985,50.071,20,1,1882.727,324.873,1104.42,2.473,1.68,0.071,0.035,0,1,NIGHT_ANOMALY,4
228.26,8.353,1862.71,0.977,49.975,21,1,1906.656,406.574,1112.71,2.484,1.74,0.025,0.027,0,1,NIGHT_ANOMALY,4
225.5,10.138,2233.61,0.977,50.003,21,1,2286.119,487.49,1483.61,2.978,4.5,0.003,0.027,0,1,NIGHT_ANOMALY,4
228.85,6.653,1502.77,0.987,50.006,21,1,1522.539,244.703,752.77,2.004,1.15,0.006,0.037,0,1,NIGHT_ANOMALY,4
227.94,8.148,1818.22,0.979,49.943,21,1,1857.255,378.62,1068.22,2.424,2.06,0.057,0.029,0,1,NIGHT_ANOMALY,4
231.22,8.198,1815.93,0.958,50.002,22,1,1895.542,543.581,1465.93,5.188,1.22,0.002,0.008,0,1,NIGHT_ANOMALY,4
231.38,7.306,1589.12,0.94,50.034,22,1,1690.462,576.743,1239.12,4.54,1.38,0.034,0.01,0,1,NIGHT_ANOMALY,4
230.27,6.115,1302.56,0.925,49.987,22,1,1408.101,535.032,952.56,3.722,0.27,0.013,0.025,0,1,NIGHT_ANOMALY,4
227.44,8.762,1885.22,0.946,49.998,22,1,1992.829,646.009,1535.22,5.386,2.56,0.002,0.004,0,1,NIGHT_ANOMALY,4
227.93,9.967,2149.09,0.946,50.033,23,1,2271.778,736.435,1799.09,6.14,2.07,0.033,0.004,0,1,NIGHT_ANOMALY,4
229.34,5.816,1211.23,0.908,50.035,23,1,1333.841,558.84,861.23,3.461,0.66,0.035,0.042,0,1,NIGHT_ANOMALY,4
231.73,8.804,1887.23,0.925,49.968,23,1,2040.151,775.19,1537.23,5.392,1.73,0.032,0.025,0,1,NIGHT_ANOMALY,4
229.4,11.718,2478.53,0.922,49.944,23,1,2688.109,1040.809,2128.53,7.082,0.6,0.056,0.028,0,1,NIGHT_ANOMALY,4
229.24,10.86,2360.01,0.948,49.937,0,2,2489.546,792.349,2230.01,18.154,0.76,0.063,0.002,1,1,NIGHT_ANOMALY,4
229.16,7.734,1623.47,0.916,49.88,0,2,1772.323,711.018,1493.47,12.488,0.84,0.12,0.034,1,1,NIGHT_ANOMALY,4
230.33,9.755,2087.31,0.929,49.953,0,2,2246.869,831.521,1957.31,16.056,0.33,0.047,0.021,1,1,NIGHT_ANOMALY,4
229.82,10.287,2215.31,0.937,50.027,0,2,2364.158,825.87,2085.31,17.041,0.18,0.027,0.013,1,1,NIGHT_ANOMALY,4
228.7,8.205,1741.38,0.928,50.07,1,2,1876.483,699.141,1611.38,13.395,1.3,0.07,0.022,1,1,NIGHT_ANOMALY,4
231.7,6.057,1350.16,0.962,49.976,1,2,1403.407,383.199,1220.16,10.386,1.7,0.024,0.012,1,1,NIGHT_ANOMALY,4
229.92,8.881,1943.93,0.952,49.963,1,2,2041.92,625.028,1813.93,14.953,0.08,0.037,0.002,1,1,NIGHT_ANOMALY,4
227.23,11.614,2496.59,0.946,50.022,1,2,2639.049,855.492,2366.59,19.205,2.77,0.022,0.004,1,1,NIGHT_ANOMALY,4
229.67,9.937,2257.18,0.989,50.006,2,2,2282.231,337.577,2127.18,17.363,0.33,0.006,0.039,1,1,NIGHT_ANOMALY,4
228.33,10.743,2222.34,0.906,49.988,2,2,2452.949,1038.279,2092.34,17.095,1.67,0.012,0.044,1,1,NIGHT_ANOMALY,4
231.64,10.808,2378.3,0.95,50.035,2,2,2503.565,781.738,2248.3,18.295,1.64,0.035,0.0,1,1,NIGHT_ANOMALY,4
234.17,5.534,1251.92,0.966,50.001,2,2,1295.897,335.044,1121.92,9.63,4.17,0.001,0.016,1,1,NIGHT_ANOMALY,4
230.2,11.066,2374.1,0.932,50.018,3,2,2547.393,923.324,2244.1,18.262,0.2,0.018,0.018,1,1,NIGHT_ANOMALY,4
230.92,7.0,1595.51,0.987,50.036,3,2,1616.44,259.795,1465.51,12.273,0.92,0.036,0.037,1,1,NIGHT_ANOMALY,4
228.06,10.708,2283.36,0.935,49.921,3,2,2442.066,866.073,2153.36,17.564,1.94,0.079,0.015,1,1,NIGHT_ANOMALY,4
230.76,5.881,1226.74,0.904,50.015,3,2,1357.1,580.204,1096.74,9.436,0.76,0.015,0.046,1,1,NIGHT_ANOMALY,4
228.32,11.431,2403.64,0.921,49.99,4,2,2609.926,1016.729,2273.64,18.49,1.68,0.01,0.029,1,1,NIGHT_ANOMALY,4
231.22,8.208,1728.86,0.911,49.981,4,2,1897.854,782.687,1598.86,13.299,1.22,0.019,0.039,1,1,NIGHT_ANOMALY,4
226.85,7.323,1611.47,0.97,49.99,4,2,1661.223,403.851,1481.47,12.396,3.15,0.01,0.02,1,1,NIGHT_ANOMALY,4
228.86,6.639,1467.74,0.966,50.016,4,2,1519.402,392.829,1337.74,11.29,1.14,0.016,0.016,1,1,NIGHT_ANOMALY,4
230.5,7.104,1573.6,0.961,50.022,5,2,1637.472,452.84,1443.6,12.105,0.5,0.022,0.011,1,1,NIGHT_ANOMALY,4
232.21,10.992,2358.52,0.924,49.947,5,2,2552.452,976.039,2228.52,18.142,2.21,0.053,0.026,1,1,NIGHT_ANOMALY,4
227.74,9.505,2088.95,0.965,49.955,5,2,2164.669,567.684,1958.95,16.069,2.26,0.045,0.015,1,1,NIGHT_ANOMALY,4
233.54,7.231,1548.67,0.917,49.917,5,2,1688.728,673.612,1418.67,11.913,3.54,0.083,0.033,1,1,NIGHT_ANOMALY,4
229.03,8.185,1709.7,0.912,49.937,6,2,1874.611,768.947,1209.7,3.419,0.97,0.063,0.038,0,1,NIGHT_ANOMALY,4
229.12,10.161,2109.24,0.906,49.875,6,2,2328.088,985.428,1609.24,4.218,0.88,0.125,0.044,0,1,NIGHT_ANOMALY,4
234.66,7.633,1710.66,0.955,49.975,6,2,1791.16,531.268,1210.66,3.421,4.66,0.025,0.005,0,1,NIGHT_ANOMALY,4
229.15,8.946,1908.63,0.931,49.914,6,2,2049.976,748.281,1408.63,3.817,0.85,0.086,0.019,0,1,NIGHT_ANOMALY,4
229.53,5.574,1247.33,0.975,49.98,7,2,1279.4,284.289,747.33,2.495,0.47,0.02,0.025,0,1,NIGHT_ANOMALY,4
231.17,10.199,2216.24,0.94,49.942,7,2,2357.703,804.388,1716.24,4.432,1.17,0.058,0.01,0,1,NIGHT_ANOMALY,4
232.07,9.666,2153.41,0.96,50.044,7,2,2243.189,628.093,1653.41,4.307,2.07,0.044,0.01,0,1,NIGHT_ANOMALY,4
232.54,10.67,2319.85,0.935,49.956,7,2,2481.202,879.953,1819.85,4.64,2.54,0.044,0.015,0,1,NIGHT_ANOMALY,4
227.7,8.758,1932.44,0.969,49.99,8,2,1994.197,492.688,1432.44,3.865,2.3,0.01,0.019,0,1,NIGHT_ANOMALY,4
229.74,8.175,1846.26,0.983,49.922,8,2,1878.125,344.834,1346.26,3.693,0.26,0.078,0.033,0,1,NIGHT_ANOMALY,4
228.8,8.515,1804.11,0.926,50.02,8,2,1948.232,735.503,1304.11,3.608,1.2,0.02,0.024,0,1,NIGHT_ANOMALY,4
227.36,5.659,1217.18,0.946,50.101,8,2,1286.63,417.083,717.18,2.434,2.64,0.101,0.004,0,1,NIGHT_ANOMALY,4
229.99,9.488,1990.05,0.912,50.022,9,2,2182.145,895.095,1565.05,4.682,0.01,0.022,0.038,0,1,NIGHT_ANOMALY,4
226.55,6.541,1372.27,0.926,49.987,9,2,1481.864,559.438,947.27,3.229,3.45,0.013,0.024,0,1,NIGHT_ANOMALY,4
229.41,10.044,2089.94,0.907,49.956,9,2,2304.194,970.367,1664.94,4.918,0.59,0.044,0.043,0,1,NIGHT_ANOMALY,4
230.68,6.221,1415.06,0.986,49.899,9,2,1435.06,239.29,990.06,3.33,0.68,0.101,0.036,0,1,NIGHT_ANOMALY,4
227.7,10.07,2237.84,0.976,49.959,10,2,2292.939,499.335,1812.84,5.266,2.3,0.041,0.026,0,1,NIGHT_ANOMALY,4
230.35,9.112,2040.14,0.972,50.01,10,2,2098.949,493.213,1615.14,4.8,0.35,0.01,0.022,0,1,NIGHT_ANOMALY,4
228.82,5.768,1235.32,0.936,50.033,10,2,1319.834,464.581,810.32,2.907,1.18,0.033,0.014,0,1,NIGHT_ANOMALY,4
231.76,5.905,1341.23,0.98,50.033,10,2,1368.543,272.337,916.23,3.156,1.76,0.033,0.03,0,1,NIGHT_ANOMALY,4
231.84,8.907,1967.9,0.953,49.959,11,2,2064.999,625.633,1542.9,4.63,1.84,0.041,0.003,0,1,NIGHT_ANOMALY,4
227.83,7.03,1553.69,0.97,49.956,11,2,1601.645,389.368,1128.69,3.656,2.17,0.044,0.02,0,1,NIGHT_ANOMALY,4
230.75,7.376,1640.72,0.964,49.934,11,2,1702.012,452.569,1215.72,3.861,0.75,0.066,0.014,0,1,NIGHT_ANOMALY,4
229.14,9.597,1983.45,0.902,49.983,11,2,2199.057,949.412,1558.45,4.667,0.86,0.017,0.048,0,1,NIGHT_ANOMALY,4
232.96,6.811,1483.55,0.935,49.973,12,2,1586.691,562.716,1058.55,3.491,2.96,0.027,0.015,0,1,NIGHT_ANOMALY,4
229.15,5.987,1289.66,0.94,49.921,12,2,1371.921,468.064,864.66,3.034,0.85,0.079,0.01,0,1,NIGHT_ANOMALY,4
228.08,6.051,1304.15,0.945,50.046,12,2,1380.112,451.394,879.15,3.069,1.92,0.046,0.005,0,1,NIGHT_ANOMALY,4
232.63,9.439,2028.86,0.924,50.001,12,2,2195.795,839.655,1603.86,4.774,2.63,0.001,0.026,0,1,NIGHT_ANOMALY,4
230.39,10.179,2300.64,0.981,50.026,13,2,2345.14,454.975,1875.64,5.413,0.39,0.026,0.031,0,1,NIGHT_ANOMALY,4
229.81,10.561,2312.94,0.953,50.017,13,2,2427.023,735.316,1887.94,5.442,0.19,0.017,0.003,0,1,NIGHT_ANOMALY,4
225.71,7.574,1601.75,0.937,49.917,13,2,1709.528,597.188,1176.75,3.769,4.29,0.083,0.013,0,1,NIGHT_ANOMALY,4
230.68,6.431,1445.02,0.974,49.934,13,2,1483.503,336.085,1020.02,3.4,0.68,0.066,0.024,0,1,NIGHT_ANOMALY,4
227.06,8.569,1914.58,0.984,50.083,14,2,1945.677,346.658,1489.58,4.505,2.94,0.083,0.034,0,1,NIGHT_ANOMALY,4
230.46,10.803,2350.21,0.944,49.907,14,2,2489.659,821.452,1925.21,5.53,0.46,0.093,0.006,0,1,NIGHT_ANOMALY,4
230.16,7.719,1716.12,0.966,49.998,14,2,1776.605,459.327,1291.12,4.038,0.16,0.002,0.016,0,1,NIGHT_ANOMALY,4
230.44,7.846,1674.16,0.926,49.997,14,2,1808.032,682.575,1249.16,3.939,0.44,0.003,0.024,0,1,NIGHT_ANOMALY,4
229.36,5.682,1223.69,0.939,49.967,15,2,1303.224,448.201,798.69,2.879,0.64,0.033,0.011,0,1,NIGHT_ANOMALY,4
231.03,7.124,1527.36,0.928,49.976,15,2,1645.858,613.214,1102.36,3.594,1.03,0.024,0.022,0,1,NIGHT_ANOMALY,4
230.92,5.668,1209.47,0.924,50.044,15,2,1308.855,500.496,784.47,2.846,0.92,0.044,0.026,0,1,NIGHT_ANOMALY,4
229.13,5.485,1212.74,0.965,49.939,15,2,1256.778,329.59,787.74,2.854,0.87,0.061,0.015,0,1,NIGHT_ANOMALY,4
229.46,9.368,2126.0,0.989,50.056,16,2,2149.581,317.956,1701.0,5.002,0.54,0.056,0.039,0,1,NIGHT_ANOMALY,4
229.95,9.461,2077.64,0.955,50.005,16,2,2175.557,645.283,1652.64,4.889,0.05,0.005,0.005,0,1,NIGHT_ANOMALY,4
230.11,7.956,1702.7,0.93,50.007,16,2,1830.755,672.911,1277.7,4.006,0.11,0.007,0.02,0,1,NIGHT_ANOMALY,4
232.7,10.666,2395.14,0.965,50.101,16,2,2481.978,650.898,1970.14,5.636,2.7,0.101,0.015,0,1,NIGHT_ANOMALY,4
229.11,6.953,1471.9,0.924,50.06,17,2,1593.002,609.152,721.9,1.963,0.89,0.06,0.026,0,0,NIGHT_ANOMALY,4
229.36,11.99,2485.98,0.904,50.104,17,2,2750.026,1175.726,1735.98,3.315,0.64,0.104,0.046,0,1,NIGHT_ANOMALY,4
228.43,6.717,1502.05,0.979,49.971,17,2,1534.364,312.796,752.05,2.003,1.57,0.029,0.029,0,1,NIGHT_ANOMALY,4
233.48,9.344,2146.8,0.984,50.005,17,2,2181.637,388.699,1396.8,2.862,3.48,0.005,0.034,0,1,NIGHT_ANOMALY,4
231.42,7.872,1752.57,0.962,49.936,18,2,1821.738,497.425,1002.57,2.337,1.42,0.064,0.012,0,1,NIGHT_ANOMALY,4
228.75,8.529,1771.48,0.908,50.035,18,2,1951.009,817.414,1021.48,2.362,1.25,0.035,0.042,0,1,NIGHT_ANOMALY,4
228.49,10.786,2373.23,0.963,49.96,18,2,2464.493,664.184,1623.23,3.164,1.51,0.04,0.013,0,1,NIGHT_ANOMALY,4
231.41,9.645,2200.78,0.986,49.942,18,2,2231.949,372.167,1450.78,2.934,1.41,0.058,0.036,0,1,NIGHT_ANOMALY,4
228.66,6.609,1471.97,0.974,50.082,19,2,1511.214,342.363,721.97,1.963,1.34,0.082,0.024,0,0,NIGHT_ANOMALY,4
227.9,8.116,1823.72,0.986,50.004,19,2,1849.636,308.418,1073.72,2.432,2.1,0.004,0.036,0,1,NIGHT_ANOMALY,4
226.91,5.597,1249.72,0.984,50.022,19,2,1270.015,226.277,499.72,1.666,3.09,0.022,0.034,0,0,NIGHT_ANOMALY,4
231.96,10.369,2369.21,0.985,50.032,19,2,2405.193,415.027,1619.21,3.159,1.96,0.032,0.035,0,1,NIGHT_ANOMALY,4
229.56,6.472,1467.97,0.988,49.991,20,2,1485.712,229.474,717.97,1.957,0.44,0.009,0.038,0,0,NIGHT_ANOMALY,4
229.24,10.484,2263.85,0.942,50.027,20,2,2403.352,806.596,1513.85,3.018,0.76,0.027,0.008,0,1,NIGHT_ANOMALY,4
227.99,8.055,1687.63,0.919,49.975,20,2,1836.459,724.038,937.63,2.25,2.01,0.025,0.031,0,1,NIGHT_ANOMALY,4
232.15,5.788,1222.66,0.91,49.981,20,2,1343.684,557.103,472.66,1.63,2.15,0.019,0.04,0,0,NIGHT_ANOMALY,4
231.86,10.718,2281.37,0.918,49.94,21,2,2485.075,985.532,1531.37,3.042,1.86,0.06,0.032,0,1,NIGHT_ANOMALY,4
230.09,6.756,1431.66,0.921,50.083,21,2,1554.488,605.57,681.66,1.909,0.09,0.083,0.029,0,0,NIGHT_ANOMALY,4
228.75,8.961,1998.48,0.975,49.986,21,2,2049.829,455.482,1248.48,2.665,1.25,0.014,0.025,0,1,NIGHT_ANOMALY,4
233.68,8.045,1832.97,0.975,49.976,21,2,1879.956,417.735,1082.97,2.444,3.68,0.024,0.025,0,1,NIGHT_ANOMALY,4
229.07,10.026,2174.87,0.947,49.981,22,2,2296.656,737.763,1824.87,6.214,0.93,0.019,0.003,0,1,NIGHT_ANOMALY,4
235.43,6.878,1465.41,0.905,50.023,22,2,1619.288,688.864,1115.41,4.187,5.43,0.023,0.045,0,1,NIGHT_ANOMALY,4
232.48,11.494,2498.35,0.935,49.947,22,2,2672.125,947.663,2148.35,7.138,2.48,0.053,0.015,0,1,NIGHT_ANOMALY,4
230.31,10.213,2189.87,0.931,50.001,22,2,2352.156,858.582,1839.87,6.257,0.31,0.001,0.019,0,1,NIGHT_ANOMALY,4
231.98,7.748,1677.06,0.933,50.024,23,2,1797.381,646.835,1327.06,4.792,1.98,0.024,0.017,0,1,NIGHT_ANOMALY,4
230.71,10.929,2317.27,0.919,49.992,23,2,2521.43,994.093,1967.27,6.621,0.71,0.008,0.031,0,1,NIGHT_ANOMALY,4
229.29,6.681,1513.48,0.988,49.979,23,2,1531.886,236.606,1163.48,4.324,0.71,0.021,0.038,0,1,NIGHT_ANOMALY,4
231.2,7.579,1732.89,0.989,50.058,23,2,1752.265,259.187,1382.89,4.951,1.2,0.058,0.039,0,1,NIGHT_ANOMALY,4
229.29,8.768,1954.2,0.972,49.988,0,3,2010.415,472.409,1824.2,15.032,0.71,0.012,0.022,1,1,NIGHT_ANOMALY,4
232.13,6.832,1447.84,0.913,49.979,0,3,1585.912,646.988,1317.84,11.137,2.13,0.021,0.037,1,1,NIGHT_ANOMALY,4
231.21,9.109,1920.69,0.912,49.947,0,3,2106.092,863.898,1790.69,14.775,1.21,0.053,0.038,1,1,NIGHT_ANOMALY,4
233.63,7.233,1564.72,0.926,50.022,0,3,1689.846,637.957,1434.72,12.036,3.63,0.022,0.024,1,1,NIGHT_ANOMALY,4
230.13,9.8,2077.17,0.921,50.008,1,3,2255.274,878.57,1947.17,15.978,0.13,0.008,0.029,1,1,NIGHT_ANOMALY,4
230.04,8.343,1842.52,0.96,50.089,1,3,1919.224,537.383,1712.52,14.173,0.04,0.089,0.01,1,1,NIGHT_ANOMALY,4
228.99,8.602,1849.72,0.939,50.032,1,3,1969.772,677.438,1719.72,14.229,1.01,0.032,0.011,1,1,NIGHT_ANOMALY,4
230.19,8.875,1877.39,0.919,50.037,1,3,2042.936,805.443,1747.39,14.441,0.19,0.037,0.031,1,1,NIGHT_ANOMALY,4
227.82,11.299,2437.76,0.947,50.016,2,3,2574.138,826.9,2307.76,18.752,2.18,0.016,0.003,1,1,NIGHT_ANOMALY,4
231.13,10.86,2382.06,0.949,50.005,2,3,2510.072,791.366,2252.06,18.324,1.13,0.005,0.001,1,1,NIGHT_ANOMALY,4
232.07,9.311,2046.36,0.947,50.043,2,3,2160.804,694.123,1916.36,15.741,2.07,0.043,0.003,1,1,NIGHT_ANOMALY,4
229.86,8.592,1925.54,0.975,49.93,2,3,1974.957,438.845,1795.54,14.812,0.14,0.07,0.025,1,1,NIGHT_ANOMALY,4
230.12,10.205,2233.27,0.951,50.062,3,3,2348.375,726.096,2103.27,17.179,0.12,0.062,0.001,1,1,NIGHT_ANOMALY,4
230.17,8.727,1912.27,0.952,49.977,3,3,2008.694,614.857,1782.27,14.71,0.17,0.023,0.002,1,1,NIGHT_ANOMALY,4
233.72,6.651,1408.44,0.906,50.064,3,3,1554.472,657.973,1278.44,10.834,3.72,0.064,0.044,1,1,NIGHT_ANOMALY,4
229.15,7.862,1634.11,0.907,50.033,3,3,1801.577,758.699,1504.11,12.57,0.85,0.033,0.043,1,1,NIGHT_ANOMALY,4
232.27,6.403,1435.24,0.965,50.059,4,3,1487.225,390.025,1305.24,11.04,2.27,0.059,0.015,1,1,NIGHT_ANOMALY,4
232.42,6.369,1409.19,0.952,50.037,4,3,1480.283,453.112,1279.19,10.84,2.42,0.037,0.002,1,1,NIGHT_ANOMALY,4
227.46,10.961,2455.71,0.985,50.083,4,3,2493.189,430.211,2325.71,18.89,2.54,0.083,0.035,1,1,NIGHT_ANOMALY,4
229.59,11.582,2481.05,0.933,50.0,4,3,2659.111,956.951,2351.05,19.085,0.41,0.0,0.017,1,1,NIGHT_ANOMALY,4
227.12,6.754,1515.53,0.988,49.936,5,3,1533.968,236.927,1385.53,11.658,2.88,0.064,0.038,1,1,NIGHT_ANOMALY,4
233.7,7.149,1570.37,0.94,49.992,5,3,1670.721,570.007,1440.37,12.08,3.7,0.008,0.01,1,1,NIGHT_ANOMALY,4
229.37,8.203,1710.34,0.909,49.96,5,3,1881.522,784.211,1580.34,13.156,0.63,0.04,0.041,1,1,NIGHT_ANOMALY,4
231.07,6.934,1530.1,0.955,50.029,5,3,1602.239,475.233,1400.1,11.77,1.07,0.029,0.005,1,1,NIGHT_ANOMALY,4
227.68,8.845,1880.9,0.934,49.946,6,3,2013.83,719.487,1380.9,3.762,2.32,0.054,0.016,0,1,NIGHT_ANOMALY,4
228.8,9.31,2036.44,0.956,49.99,6,3,2130.128,624.909,1536.44,4.073,1.2,0.01,0.006,0,1,NIGHT_ANOMALY,4
230.67,7.826,1743.75,0.966,50.057,6,3,1805.223,466.726,1243.75,3.487,0.67,0.057,0.016,0,1,NIGHT_ANOMALY,4
230.3,7.87,1645.74,0.908,49.982,6,3,1812.461,759.367,1145.74,3.291,0.3,0.018,0.042,0,1,NIGHT_ANOMALY,4
230.37,8.77,1933.42,0.957,49.931,7,3,2020.345,586.078,1433.42,3.867,0.37,0.069,0.007,0,1,NIGHT_ANOMALY,4
229.07,11.206,2369.23,0.923,49.931,7,3,2566.958,987.765,1869.23,4.738,0.93,0.069,0.027,0,1,NIGHT_ANOMALY,4
228.71,10.206,2163.81,0.927,49.905,7,3,2334.214,875.474,1663.81,4.328,1.29,0.095,0.023,0,1,NIGHT_ANOMALY,4
227.69,9.782,2176.1,0.977,50.059,7,3,2227.264,474.94,1676.1,4.352,2.31,0.059,0.027,0,1,NIGHT_ANOMALY,4
230.64,9.562,2000.26,0.907,50.05,8,3,2205.38,928.753,1500.26,4.001,0.64,0.05,0.043,0,1,NIGHT_ANOMALY,4
230.5,9.413,2059.06,0.949,49.938,8,3,2169.697,684.053,1559.06,4.118,0.5,0.062,0.001,0,1,NIGHT_ANOMALY,4
228.26,9.857,2159.93,0.96,50.059,8,3,2249.959,629.988,1659.93,4.32,1.74,0.059,0.01,0,1,NIGHT_ANOMALY,4
229.86,10.604,2300.84,0.944,49.985,8,3,2437.435,804.221,1800.84,4.602,0.14,0.015,0.006,0,1,NIGHT_ANOMALY,4
230.96,7.388,1540.79,0.903,49.942,9,3,1706.332,733.11,1115.79,3.625,0.96,0.058,0.047,0,1,NIGHT_ANOMALY,4
229.19,10.957,2297.81,0.915,50.102,9,3,2511.235,1013.167,1872.81,5.407,0.81,0.102,0.035,0,1,NIGHT_ANOMALY,4
232.58,8.255,1839.3,0.958,49.947,9,3,1919.948,550.58,1414.3,4.328,2.58,0.053,0.008,0,1,NIGHT_ANOMALY,4
228.99,6.943,1442.05,0.907,49.997,9,3,1589.878,669.546,1017.05,3.393,1.01,0.003,0.043,0,1,NIGHT_ANOMALY,4
229.46,7.931,1719.76,0.945,50.081,10,3,1819.847,595.218,1294.76,4.046,0.54,0.081,0.005,0,1,NIGHT_ANOMALY,4
230.58,11.103,2444.97,0.955,49.982,10,3,2560.13,759.349,2019.97,5.753,0.58,0.018,0.005,0,1,NIGHT_ANOMALY,4
230.19,10.6,2410.79,0.988,50.06,10,3,2440.014,376.87,1985.79,5.672,0.19,0.06,0.038,0,1,NIGHT_ANOMALY,4
228.33,9.919,2067.75,0.913,50.026,10,3,2264.805,923.949,1642.75,4.865,1.67,0.026,0.037,0,1,NIGHT_ANOMALY,4
230.66,8.818,1946.39,0.957,49.964,11,3,2033.96,590.027,1521.39,4.58,0.66,0.036,0.007,0,1,NIGHT_ANOMALY,4
229.22,10.943,2382.96,0.95,49.999,11,3,2508.354,783.233,1957.96,5.607,0.78,0.001,0.0,0,1,NIGHT_ANOMALY,4
229.73,5.884,1242.22,0.919,50.07,11,3,1351.731,532.93,817.22,2.923,0.27,0.07,0.031,0,1,NIGHT_ANOMALY,4
232.26,10.168,2130.11,0.902,50.068,11,3,2361.62,1019.596,1705.11,5.012,2.26,0.068,0.048,0,1,NIGHT_ANOMALY,4
228.18,7.802,1616.51,0.908,50.063,12,3,1780.26,745.876,1191.51,3.804,1.82,0.063,0.042,0,1,NIGHT_ANOMALY,4
229.38,9.522,2140.52,0.98,50.139,12,3,2184.156,434.642,1715.52,5.037,0.62,0.139,0.03,0,1,NIGHT_ANOMALY,4
229.71,5.586,1252.3,0.976,49.995,12,3,1283.16,279.434,827.3,2.947,0.29,0.005,0.026,0,1,NIGHT_ANOMALY,4
227.92,7.575,1676.47,0.971,50.016,12,3,1726.494,412.769,1251.47,3.945,2.08,0.016,0.021,0,1,NIGHT_ANOMALY,4
232.73,9.168,2018.54,0.946,50.08,13,3,2133.669,691.664,1593.54,4.75,2.73,0.08,0.004,0,1,NIGHT_ANOMALY,4
227.28,6.27,1291.17,0.906,50.08,13,3,1425.046,603.19,866.17,3.038,2.72,0.08,0.044,0,1,NIGHT_ANOMALY,4
231.93,8.007,1788.29,0.963,50.051,13,3,1857.064,500.481,1363.29,4.208,1.93,0.051,0.013,0,1,NIGHT_ANOMALY,4
228.56,10.676,2310.78,0.947,50.016,13,3,2440.107,783.844,1885.78,5.437,1.44,0.016,0.003,0,1,NIGHT_ANOMALY,4
231.22,6.82,1496.55,0.949,50.001,14,3,1576.92,497.165,1071.55,3.521,1.22,0.001,0.001,0,1,NIGHT_ANOMALY,4
227.05,9.527,1996.55,0.923,49.962,14,3,2163.105,832.363,1571.55,4.698,2.95,0.038,0.027,0,1,NIGHT_ANOMALY,4
229.18,8.66,1847.69,0.931,50.025,14,3,1984.699,724.453,1422.69,4.348,0.82,0.025,0.019,0,1,NIGHT_ANOMALY,4
228.79,9.597,2066.07,0.941,49.964,14,3,2195.698,743.038,1641.07,4.861,1.21,0.036,0.009,0,1,NIGHT_ANOMALY,4
229.12,8.836,1890.92,0.934,50.1,15,3,2024.504,723.301,1465.92,4.449,0.88,0.1,0.016,0,1,NIGHT_ANOMALY,4
230.08,9.379,2114.87,0.98,50.065,15,3,2157.92,429.421,1689.87,4.976,0.08,0.065,0.03,0,1,NIGHT_ANOMALY,4
231.55,9.731,2228.44,0.989,50.019,15,3,2253.213,333.285,1803.44,5.243,1.55,0.019,0.039,0,1,NIGHT_ANOMALY,4
228.86,6.972,1569.99,0.984,49.899,15,3,1595.612,284.288,1144.99,3.694,1.14,0.101,0.034,0,1,NIGHT_ANOMALY,4
227.71,5.499,1228.48,0.981,50.01,16,3,1252.177,242.932,803.48,2.891,2.29,0.01,0.031,0,1,NIGHT_ANOMALY,4
228.54,11.075,2417.21,0.955,49.962,16,3,2531.08,750.733,1992.21,5.688,1.46,0.038,0.005,0,1,NIGHT_ANOMALY,4
230.94,7.888,1685.02,0.925,49.989,16,3,1821.655,692.169,1260.02,3.965,0.94,0.011,0.025,0,1,NIGHT_ANOMALY,4
231.79,10.879,2365.29,0.938,50.07,16,3,2521.643,874.091,1940.29,5.565,1.79,0.07,0.012,0,1,NIGHT_ANOMALY,4
230.64,10.394,2366.07,0.987,50.094,17,3,2397.272,385.29,1616.07,3.155,0.64,0.094,0.037,0,1,NIGHT_ANOMALY,4
229.48,5.793,1266.9,0.953,50.078,17,3,1329.378,402.762,516.9,1.689,0.52,0.078,0.003,0,0,NIGHT_ANOMALY,4
230.66,8.201,1734.56,0.917,49.927,17,3,1891.643,754.552,984.56,2.313,0.66,0.073,0.033,0,1,NIGHT_ANOMALY,4
229.77,9.452,2080.48,0.958,49.901,17,3,2171.786,622.799,1330.48,2.774,0.23,0.099,0.008,0,1,NIGHT_ANOMALY,4
233.11,7.237,1531.87,0.908,50.03,18,3,1687.017,706.81,781.87,2.042,3.11,0.03,0.042,0,1,NIGHT_ANOMALY,4
226.05,11.857,2449.69,0.914,49.955,18,3,2680.275,1087.426,1699.69,3.266,3.95,0.045,0.036,0,1,NIGHT_ANOMALY,4
227.42,10.624,2275.93,0.942,49.996,18,3,2416.11,810.878,1525.93,3.035,2.58,0.004,0.008,0,1,NIGHT_ANOMALY,4
228.8,6.463,1375.19,0.93,50.091,18,3,1478.734,543.523,625.19,1.834,1.2,0.091,0.02,0,0,NIGHT_ANOMALY,4
235.68,10.468,2311.59,0.937,49.984,19,3,2467.098,861.83,1561.59,3.082,5.68,0.016,0.013,0,1,NIGHT_ANOMALY,4
231.76,9.983,2151.63,0.93,49.995,19,3,2313.66,850.408,1401.63,2.869,1.76,0.005,0.02,0,1,NIGHT_ANOMALY,4
227.41,7.446,1613.63,0.953,49.954,19,3,1693.295,513.018,863.63,2.152,2.59,0.046,0.003,0,1,NIGHT_ANOMALY,4
228.37,7.202,1560.82,0.949,49.991,19,3,1644.721,518.541,810.82,2.081,1.63,0.009,0.001,0,1,NIGHT_ANOMALY,4
228.79,11.647,2499.59,0.938,50.013,20,3,2664.717,923.685,1749.59,3.333,1.21,0.013,0.012,0,1,NIGHT_ANOMALY,4
229.51,8.434,1871.81,0.967,50.005,20,3,1935.687,493.167,1121.81,2.496,0.49,0.005,0.017,0,1,NIGHT_ANOMALY,4
230.36,8.02,1679.45,0.909,50.016,20,3,1847.487,770.025,929.45,2.239,0.36,0.016,0.041,0,1,NIGHT_ANOMALY,4
229.2,9.685,2097.73,0.945,50.007,20,3,2219.802,726.031,1347.73,2.797,0.8,0.007,0.005,0,1,NIGHT_ANOMALY,4
229.72,7.267,1604.3,0.961,50.002,21,3,1669.375,461.663,854.3,2.139,0.28,0.002,0.011,0,1,NIGHT_ANOMALY,4
231.63,9.775,2087.5,0.922,50.038,21,3,2264.183,876.669,1337.5,2.783,1.63,0.038,0.028,0,1,NIGHT_ANOMALY,4
229.04,9.96,2164.89,0.949,49.995,21,3,2281.238,719.22,1414.89,2.887,0.96,0.005,0.001,0,1,NIGHT_ANOMALY,4
235.88,10.063,2326.13,0.98,49.957,21,3,2373.66,472.352,1576.13,3.102,5.88,0.043,0.03,0,1,NIGHT_ANOMALY,4
233.45,8.358,1799.08,0.922,49.972,22,3,1951.175,755.475,1449.08,5.14,3.45,0.028,0.028,0,1,NIGHT_ANOMALY,4
231.23,9.426,2016.13,0.925,49.903,22,3,2179.574,828.166,1666.13,5.76,1.23,0.097,0.025,0,1,NIGHT_ANOMALY,4
229.3,8.961,2024.01,0.985,49.998,22,3,2054.757,354.557,1674.01,5.783,0.7,0.002,0.035,0,1,NIGHT_ANOMALY,4
229.36,10.736,2336.73,0.949,49.994,22,3,2462.409,776.339,1986.73,6.676,0.64,0.006,0.001,0,1,NIGHT_ANOMALY,4
228.74,10.002,2157.53,0.943,49.894,23,3,2287.857,761.382,1807.53,6.164,1.26,0.106,0.007,0,1,NIGHT_ANOMALY,4
234.1,10.323,2276.43,0.942,50.16,23,3,2416.614,811.047,1926.43,6.504,4.1,0.16,0.008,0,1,NIGHT_ANOMALY,4
225.82,9.317,1998.75,0.95,50.038,23,3,2103.965,656.963,1648.75,5.711,4.18,0.038,0.0,0,1,NIGHT_ANOMALY,4
229.72,8.802,1949.23,0.964,49.973,23,3,2021.995,537.653,1599.23,5.569,0.28,0.027,0.014,0,1,NIGHT_ANOMALY,4
233.48,7.255,1634.72,0.965,49.986,0,4,1693.897,444.224,1504.72,12.575,3.48,0.014,0.015,1,1,NIGHT_ANOMALY,4
232.3,9.394,2110.23,0.967,50.008,0,4,2182.226,555.98,1980.23,16.233,2.3,0.008,0.017,1,1,NIGHT_ANOMALY,4
231.64,6.846,1554.02,0.98,50.025,0,4,1585.807,315.572,1424.02,11.954,1.64,0.025,0.03,1,1,NIGHT_ANOMALY,4
227.17,11.684,2433.91,0.917,49.915,0,4,2654.254,1058.748,2303.91,18.722,2.83,0.085,0.033,1,1,NIGHT_ANOMALY,4
229.79,7.845,1699.86,0.943,49.989,1,4,1802.703,599.926,1569.86,13.076,0.21,0.011,0.007,1,1,NIGHT_ANOMALY,4
232.08,8.672,1976.44,0.982,49.963,1,4,2012.598,380.141,1846.44,15.203,2.08,0.037,0.032,1,1,NIGHT_ANOMALY,4
231.76,7.923,1731.53,0.943,50.003,1,4,1836.234,611.085,1601.53,13.319,1.76,0.003,0.007,1,1,NIGHT_ANOMALY,4
227.68,7.52,1655.61,0.967,49.923,1,4,1712.154,436.216,1525.61,12.735,2.32,0.077,0.017,1,1,NIGHT_ANOMALY,4
228.04,6.182,1304.03,0.925,49.878,2,4,1409.743,535.656,1174.03,10.031,1.96,0.122,0.025,1,1,NIGHT_ANOMALY,4
232.21,11.478,2484.16,0.932,49.993,2,4,2665.306,966.062,2354.16,19.109,2.21,0.007,0.018,1,1,NIGHT_ANOMALY,4
230.04,9.597,2046.62,0.927,49.956,2,4,2207.694,828.021,1916.62,15.743,0.04,0.044,0.023,1,1,NIGHT_ANOMALY,4
227.81,11.154,2482.54,0.977,50.058,2,4,2540.993,541.84,2352.54,19.096,2.19,0.058,0.027,1,1,NIGHT_ANOMALY,4
234.66,11.281,2453.95,0.927,49.951,3,4,2647.199,992.862,2323.95,18.877,4.66,0.049,0.023,1,1,NIGHT_ANOMALY,4
231.42,11.02,2481.33,0.973,50.02,3,4,2550.248,588.61,2351.33,19.087,1.42,0.02,0.023,1,1,NIGHT_ANOMALY,4
234.09,10.481,2362.8,0.963,49.97,3,4,2453.497,661.221,2232.8,18.175,4.09,0.03,0.013,1,1,NIGHT_ANOMALY,4
231.09,9.906,2188.56,0.956,49.965,3,4,2289.178,671.568,2058.56,16.835,1.09,0.035,0.006,1,1,NIGHT_ANOMALY,4
228.45,8.374,1888.18,0.987,50.042,4,4,1913.04,307.464,1758.18,14.524,1.55,0.042,0.037,1,1,NIGHT_ANOMALY,4
232.01,6.214,1358.1,0.942,50.05,4,4,1441.71,483.856,1228.1,10.447,2.01,0.05,0.008,1,1,NIGHT_ANOMALY,4
230.95,8.93,1977.81,0.959,49.967,4,4,2062.383,584.492,1847.81,15.214,0.95,0.033,0.009,1,1,NIGHT_ANOMALY,4
231.95,9.299,1982.16,0.919,50.001,4,4,2156.903,850.375,1852.16,15.247,1.95,0.001,0.031,1,1,NIGHT_ANOMALY,4
230.68,9.311,2008.2,0.935,49.966,5,4,2147.861,761.734,1878.2,15.448,0.68,0.034,0.015,1,1,NIGHT_ANOMALY,4
227.48,6.029,1284.98,0.937,49.953,5,4,1371.477,479.097,1154.98,9.884,2.52,0.047,0.013,1,1,NIGHT_ANOMALY,4
230.53,6.577,1461.56,0.964,49.958,5,4,1516.196,403.16,1331.56,11.243,0.53,0.042,0.014,1,1,NIGHT_ANOMALY,4
230.7,7.274,1616.11,0.963,50.103,5,4,1678.112,452.253,1486.11,12.432,0.7,0.103,0.013,1,1,NIGHT_ANOMALY,4
230.66,6.846,1496.91,0.948,49.888,6,4,1579.098,502.58,996.91,2.994,0.66,0.112,0.002,0,1,NIGHT_ANOMALY,4
228.92,5.896,1272.82,0.943,50.025,6,4,1349.712,449.174,772.82,2.546,1.08,0.025,0.007,0,1,NIGHT_ANOMALY,4
234.35,8.406,1930.65,0.98,49.99,6,4,1969.946,392.014,1430.65,3.861,4.35,0.01,0.03,0,1,NIGHT_ANOMALY,4
229.43,9.663,2079.61,0.938,50.02,6,4,2216.982,768.484,1579.61,4.159,0.57,0.02,0.012,0,1,NIGHT_ANOMALY,4
230.97,5.901,1296.15,0.951,50.043,7,4,1362.954,421.413,796.15,2.592,0.97,0.043,0.001,0,1,NIGHT_ANOMALY,4
229.17,7.537,1680.63,0.973,50.052,7,4,1727.254,398.659,1180.63,3.361,0.83,0.052,0.023,0,1,NIGHT_ANOMALY,4
228.37,7.448,1668.58,0.981,50.056,7,4,1700.9,329.988,1168.58,3.337,1.63,0.056,0.031,0,1,NIGHT_ANOMALY,4
227.88,7.049,1524.34,0.949,50.006,7,4,1606.326,506.436,1024.34,3.049,2.12,0.006,0.001,0,1,NIGHT_ANOMALY,4
229.97,7.254,1523.0,0.913,50.002,8,4,1668.202,680.559,1023.0,3.046,0.03,0.002,0.037,0,1,NIGHT_ANOMALY,4
229.14,9.864,2201.45,0.974,50.033,8,4,2260.237,512.052,1701.45,4.403,0.86,0.033,0.024,0,1,NIGHT_ANOMALY,4
228.32,7.351,1544.19,0.92,49.972,8,4,1678.38,657.788,1044.19,3.088,1.68,0.028,0.03,0,1,NIGHT_ANOMALY,4
232.25,11.092,2449.95,0.951,49.956,8,4,2576.117,796.512,1949.95,4.9,2.25,0.044,0.001,0,1,NIGHT_ANOMALY,4
227.86,7.816,1634.95,0.918,50.009,9,4,1780.954,706.291,1209.95,3.847,2.14,0.009,0.032,0,1,NIGHT_ANOMALY,4
231.57,5.473,1219.21,0.962,49.931,9,4,1267.383,346.058,794.21,2.869,1.57,0.069,0.012,0,1,NIGHT_ANOMALY,4
228.16,8.929,1892.64,0.929,49.998,9,4,2037.241,753.941,1467.64,4.453,1.84,0.002,0.021,0,1,NIGHT_ANOMALY,4
230.33,11.081,2437.51,0.955,50.015,9,4,2552.287,757.023,2012.51,5.735,0.33,0.015,0.005,0,1,NIGHT_ANOMALY,4
230.61,10.769,2371.7,0.955,50.087,10,4,2483.439,736.602,1946.7,5.58,0.61,0.087,0.005,0,1,NIGHT_ANOMALY,4
230.75,6.597,1459.93,0.959,49.964,10,4,1522.258,431.417,1034.93,3.435,0.75,0.036,0.009,0,1,NIGHT_ANOMALY,4
230.16,10.116,2251.39,0.967,50.061,10,4,2328.299,593.195,1826.39,5.297,0.16,0.061,0.017,0,1,NIGHT_ANOMALY,4
230.61,5.638,1241.74,0.955,49.961,10,4,1300.179,385.641,816.74,2.922,0.61,0.039,0.005,0,1,NIGHT_ANOMALY,4
232.06,5.955,1250.55,0.905,49.918,11,4,1381.917,587.884,825.55,2.942,2.06,0.082,0.045,0,1,NIGHT_ANOMALY,4
226.08,8.483,1729.82,0.902,50.025,11,4,1917.837,827.999,1304.82,4.07,3.92,0.025,0.048,0,1,NIGHT_ANOMALY,4
226.63,10.814,2382.07,0.972,49.993,11,4,2450.777,575.886,1957.07,5.605,3.37,0.007,0.022,0,1,NIGHT_ANOMALY,4
232.82,9.055,2030.29,0.963,49.996,11,4,2108.185,568.159,1605.29,4.777,2.82,0.004,0.013,0,1,NIGHT_ANOMALY,4
231.02,7.447,1622.24,0.943,49.965,12,4,1720.406,572.539,1197.24,3.817,1.02,0.035,0.007,0,1,NIGHT_ANOMALY,4
231.35,8.455,1783.97,0.912,49.983,12,4,1956.064,802.358,1358.97,4.198,1.35,0.017,0.038,0,1,NIGHT_ANOMALY,4
228.55,7.426,1573.32,0.927,49.986,12,4,1697.212,636.559,1148.32,3.702,1.45,0.014,0.023,0,1,NIGHT_ANOMALY,4
232.92,9.842,2219.02,0.968,49.933,12,4,2292.399,575.278,1794.02,5.221,2.92,0.067,0.018,0,1,NIGHT_ANOMALY,4
230.55,9.702,2102.63,0.94,49.912,13,4,2236.796,763.138,1677.63,4.947,0.55,0.088,0.01,0,1,NIGHT_ANOMALY,4
229.84,9.484,2099.21,0.963,49.991,13,4,2179.803,587.46,1674.21,4.939,0.16,0.009,0.013,0,1,NIGHT_ANOMALY,4
229.4,5.705,1285.17,0.982,50.012,13,4,1308.727,247.194,860.17,3.024,0.6,0.012,0.032,0,1,NIGHT_ANOMALY,4
230.44,5.711,1231.74,0.936,49.992,13,4,1316.043,463.247,806.74,2.898,0.44,0.008,0.014,0,1,NIGHT_ANOMALY,4
229.74,11.228,2476.33,0.96,50.058,14,4,2579.521,722.266,2051.33,5.827,0.26,0.058,0.01,0,1,NIGHT_ANOMALY,4
229.96,5.973,1347.41,0.981,49.955,14,4,1373.551,266.48,922.41,3.17,0.04,0.045,0.031,0,1,NIGHT_ANOMALY,4
227.08,11.543,2435.1,0.929,49.969,14,4,2621.184,970.047,2010.1,5.73,2.92,0.031,0.021,0,1,NIGHT_ANOMALY,4
227.62,10.373,2280.72,0.966,49.99,14,4,2361.102,610.444,1855.72,5.366,2.38,0.01,0.016,0,1,NIGHT_ANOMALY,4
228.26,6.896,1470.28,0.934,49.965,15,4,1574.081,562.377,1045.28,3.459,1.74,0.035,0.016,0,1,NIGHT_ANOMALY,4
230.98,10.445,2267.87,0.94,49.962,15,4,2412.586,823.113,1842.87,5.336,0.98,0.038,0.01,0,1,NIGHT_ANOMALY,4
228.4,6.277,1308.99,0.913,50.025,15,4,1433.667,584.878,883.99,3.08,1.6,0.025,0.037,0,1,NIGHT_ANOMALY,4
234.3,6.829,1507.23,0.942,49.988,15,4,1600.035,536.992,1082.23,3.546,4.3,0.012,0.008,0,1,NIGHT_ANOMALY,4
228.22,6.126,1303.07,0.932,50.044,16,4,1398.076,506.744,878.07,3.066,1.78,0.044,0.018,0,1,NIGHT_ANOMALY,4
226.29,6.854,1532.44,0.988,50.014,16,4,1550.992,239.557,1107.44,3.606,3.71,0.014,0.038,0,1,NIGHT_ANOMALY,4
230.91,8.313,1731.4,0.902,50.03,16,4,1919.555,828.741,1306.4,4.074,0.91,0.03,0.048,0,1,NIGHT_ANOMALY,4
229.72,8.495,1773.91,0.909,49.927,16,4,1951.471,813.366,1348.91,4.174,0.28,0.073,0.041,0,1,NIGHT_ANOMALY,4
231.95,8.117,1737.86,0.923,50.007,17,4,1882.738,724.478,987.86,2.317,1.95,0.007,0.027,0,1,NIGHT_ANOMALY,4
229.5,6.976,1540.21,0.962,50.04,17,4,1600.992,437.15,790.21,2.054,0.5,0.04,0.012,0,1,NIGHT_ANOMALY,4
229.12,11.127,2332.77,0.915,50.002,17,4,2549.418,1028.573,1582.77,3.11,0.88,0.002,0.035,0,1,NIGHT_ANOMALY,4
232.46,10.519,2401.12,0.982,49.987,17,4,2445.247,461.86,1651.12,3.201,2.46,0.013,0.032,0,1,NIGHT_ANOMALY,4
228.89,11.48,2420.07,0.921,49.992,18,4,2627.657,1023.637,1670.07,3.227,1.11,0.008,0.029,0,1,NIGHT_ANOMALY,4
229.14,5.55,1243.85,0.978,50.086,18,4,1271.727,265.288,493.85,1.658,0.86,0.086,0.028,0,0,NIGHT_ANOMALY,4
227.17,7.35,1536.2,0.92,49.95,18,4,1669.699,654.386,786.2,2.048,2.83,0.05,0.03,0,1,NIGHT_ANOMALY,4
225.32,9.795,2010.51,0.911,49.965,18,4,2207.009,910.185,1260.51,2.681,4.68,0.035,0.039,0,1,NIGHT_ANOMALY,4
229.0,8.695,1811.97,0.91,49.977,19,4,1991.155,825.549,1061.97,2.416,1.0,0.023,0.04,0,1,NIGHT_ANOMALY,4
227.28,5.935,1246.29,0.924,49.949,19,4,1348.907,515.812,496.29,1.662,2.72,0.051,0.026,0,0,NIGHT_ANOMALY,4
228.66,6.184,1389.92,0.983,50.023,19,4,1414.033,259.624,639.92,1.853,1.34,0.023,0.033,0,0,NIGHT_ANOMALY,4
230.07,6.088,1381.08,0.986,50.012,19,4,1400.666,233.555,631.08,1.841,0.07,0.012,0.036,0,0,NIGHT_ANOMALY,4
234.92,10.088,2341.39,0.988,50.059,20,4,2369.873,366.036,1591.39,3.122,4.92,0.059,0.038,0,1,NIGHT_ANOMALY,4
229.28,11.377,2397.14,0.919,50.007,20,4,2608.519,1028.428,1647.14,3.196,0.72,0.007,0.031,0,1,NIGHT_ANOMALY,4
229.3,7.448,1577.93,0.924,49.928,20,4,1707.826,653.06,827.93,2.104,0.7,0.072,0.026,0,1,NIGHT_ANOMALY,4
231.38,8.542,1950.79,0.987,50.076,20,4,1976.448,317.655,1200.79,2.601,1.38,0.076,0.037,0,1,NIGHT_ANOMALY,4
229.59,7.583,1643.45,0.944,49.99,21,4,1740.981,574.429,893.45,2.191,0.41,0.01,0.006,0,1,NIGHT_ANOMALY,4
230.01,10.172,2253.19,0.963,50.011,21,4,2339.662,630.542,1503.19,3.004,0.01,0.011,0.013,0,1,NIGHT_ANOMALY,4
233.26,6.691,1407.72,0.902,50.006,21,4,1560.743,673.829,657.72,1.877,3.26,0.006,0.048,0,0,NIGHT_ANOMALY,4
228.32,7.027,1512.95,0.943,50.037,21,4,1604.405,533.934,762.95,2.017,1.68,0.037,0.007,0,1,NIGHT_ANOMALY,4
230.31,10.194,2204.59,0.939,50.069,22,4,2347.78,807.442,1854.59,6.299,0.31,0.069,0.011,0,1,NIGHT_ANOMALY,4
230.15,7.057,1482.96,0.913,50.04,22,4,1624.169,662.595,1132.96,4.237,0.15,0.04,0.037,0,1,NIGHT_ANOMALY,4
231.72,5.974,1281.86,0.926,49.959,22,4,1384.295,522.604,931.86,3.662,1.72,0.041,0.024,0,1,NIGHT_ANOMALY,4
229.37,5.623,1275.48,0.989,49.999,22,4,1289.748,190.774,925.48,3.644,0.63,0.001,0.039,0,1,NIGHT_ANOMALY,4
229.86,8.643,1901.36,0.957,49.895,23,4,1986.68,576.312,1551.36,5.432,0.14,0.105,0.007,0,1,NIGHT_ANOMALY,4
230.04,9.252,1996.37,0.938,49.945,23,4,2128.33,737.754,1646.37,5.704,0.04,0.055,0.012,0,1,NIGHT_ANOMALY,4
229.79,10.363,2214.66,0.93,50.077,23,4,2381.314,875.275,1864.66,6.328,0.21,0.077,0.02,0,1,NIGHT_ANOMALY,4
235.18,8.515,1970.6,0.984,49.921,23,4,2002.558,356.793,1620.6,5.63,5.18,0.079,0.034,0,1,NIGHT_ANOMALY,4
228.44,7.028,1469.02,0.915,50.074,0,5,1605.476,647.736,1339.02,11.3,1.56,0.074,0.035,1,1,NIGHT_ANOMALY,4
228.11,8.842,1918.03,0.951,50.04,0,5,2016.949,623.622,1788.03,14.754,1.89,0.04,0.001,1,1,NIGHT_ANOMALY,4
228.84,7.964,1800.64,0.988,49.971,0,5,1822.482,281.489,1670.64,13.851,1.16,0.029,0.038,1,1,NIGHT_ANOMALY,4
230.11,8.693,1842.27,0.921,50.013,0,5,2000.346,779.26,1712.27,14.171,0.11,0.013,0.029,1,1,NIGHT_ANOMALY,4
226.56,6.693,1428.51,0.942,50.069,1,5,1516.366,508.912,1298.51,10.989,3.44,0.069,0.008,1,1,NIGHT_ANOMALY,4
227.78,8.21,1836.51,0.982,49.878,1,5,1870.074,353.221,1706.51,14.127,2.22,0.122,0.032,1,1,NIGHT_ANOMALY,4
228.66,11.296,2430.62,0.941,49.994,1,5,2582.943,874.085,2300.62,18.697,1.34,0.006,0.009,1,1,NIGHT_ANOMALY,4
227.9,5.888,1239.89,0.924,50.01,1,5,1341.875,513.123,1109.89,9.538,2.1,0.01,0.026,1,1,NIGHT_ANOMALY,4
229.56,6.302,1417.71,0.98,49.972,2,5,1446.687,287.887,1287.71,10.905,0.44,0.028,0.03,1,1,NIGHT_ANOMALY,4
228.55,10.607,2249.77,0.928,49.979,2,5,2424.23,903.22,2119.77,17.306,1.45,0.021,0.022,1,1,NIGHT_ANOMALY,4
233.24,11.236,2468.76,0.942,49.982,2,5,2620.685,879.535,2338.76,18.99,3.24,0.018,0.008,1,1,NIGHT_ANOMALY,4
230.51,10.481,2268.5,0.939,49.943,2,5,2415.975,830.895,2138.5,17.45,0.51,0.057,0.011,1,1,NIGHT_ANOMALY,4
231.42,6.895,1515.89,0.95,49.991,3,5,1595.641,498.239,1385.89,11.661,1.42,0.009,0.0,1,1,NIGHT_ANOMALY,4
232.73,9.853,2263.31,0.987,49.955,3,5,2293.089,368.546,2133.31,17.41,2.73,0.045,0.037,1,1,NIGHT_ANOMALY,4
231.88,9.336,2021.85,0.934,49.97,3,5,2164.832,773.436,1891.85,15.553,1.88,0.03,0.016,1,1,NIGHT_ANOMALY,4
227.52,10.753,2284.96,0.934,50.064,3,5,2446.523,874.076,2154.96,17.577,2.48,0.064,0.016,1,1,NIGHT_ANOMALY,4
233.4,11.205,2374.74,0.908,49.982,4,5,2615.247,1095.71,2244.74,18.267,3.4,0.018,0.042,1,1,NIGHT_ANOMALY,4
230.93,7.338,1655.5,0.977,50.072,4,5,1694.564,361.348,1525.5,12.735,0.93,0.072,0.027,1,1,NIGHT_ANOMALY,4
229.94,10.693,2217.85,0.902,49.988,4,5,2458.748,1061.53,2087.85,17.06,0.06,0.012,0.048,1,1,NIGHT_ANOMALY,4
233.43,8.374,1790.52,0.916,50.003,4,5,1954.743,784.2,1660.52,13.773,3.43,0.003,0.034,1,1,NIGHT_ANOMALY,4
231.86,6.574,1493.75,0.98,50.007,5,5,1524.248,303.321,1363.75,11.49,1.86,0.007,0.03,1,1,NIGHT_ANOMALY,4
231.83,9.797,2171.22,0.956,50.016,5,5,2271.239,666.306,2041.22,16.702,1.83,0.016,0.006,1,1,NIGHT_ANOMALY,4
228.99,6.021,1272.65,0.923,49.997,5,5,1378.749,530.542,1142.65,9.79,1.01,0.003,0.027,1,1,NIGHT_ANOMALY,4
227.19,7.767,1688.76,0.957,50.029,5,5,1764.585,511.885,1558.76,12.99,2.81,0.029,0.007,1,1,NIGHT_ANOMALY,4
230.59,9.928,2140.51,0.935,50.004,6,5,2289.298,811.894,1640.51,4.281,0.59,0.004,0.015,0,1,NIGHT_ANOMALY,4
230.77,9.133,2040.1,0.968,49.968,6,5,2107.622,528.908,1540.1,4.08,0.77,0.032,0.018,0,1,NIGHT_ANOMALY,4
229.29,6.024,1342.6,0.972,49.961,6,5,1381.243,324.566,842.6,2.685,0.71,0.039,0.022,0,1,NIGHT_ANOMALY,4
231.96,10.993,2351.07,0.922,50.087,6,5,2549.936,987.31,1851.07,4.702,1.96,0.087,0.028,0,1,NIGHT_ANOMALY,4
229.94,8.962,1947.35,0.945,49.982,7,5,2060.722,674.001,1447.35,3.895,0.06,0.018,0.005,0,1,NIGHT_ANOMALY,4
227.69,11.656,2462.91,0.928,49.899,7,5,2653.955,988.811,1962.91,4.926,2.31,0.101,0.022,0,1,NIGHT_ANOMALY,4
231.81,11.365,2407.89,0.914,49.944,7,5,2634.521,1068.862,1907.89,4.816,1.81,0.056,0.036,0,1,NIGHT_ANOMALY,4
231.83,10.686,2442.75,0.986,49.959,7,5,2477.335,413.084,1942.75,4.886,1.83,0.041,0.036,0,1,NIGHT_ANOMALY,4
227.17,7.838,1673.74,0.94,50.07,8,5,1780.558,607.481,1173.74,3.347,2.83,0.07,0.01,0,1,NIGHT_ANOMALY,4
232.16,9.998,2267.81,0.977,50.049,8,5,2321.136,494.957,1767.81,4.536,2.16,0.049,0.027,0,1,NIGHT_ANOMALY,4
230.66,10.928,2341.78,0.929,50.038,8,5,2520.652,932.842,1841.78,4.684,0.66,0.038,0.021,0,1,NIGHT_ANOMALY,4
232.38,10.713,2442.12,0.981,49.988,8,5,2489.487,482.98,1942.12,4.884,2.38,0.012,0.031,0,1,NIGHT_ANOMALY,4
229.0,9.124,1941.08,0.929,50.022,9,5,2089.396,773.243,1516.08,4.567,1.0,0.022,0.021,0,1,NIGHT_ANOMALY,4
230.11,6.176,1320.18,0.929,49.981,9,5,1421.159,525.942,895.18,3.106,0.11,0.019,0.021,0,1,NIGHT_ANOMALY,4
231.69,10.22,2176.05,0.919,49.955,9,5,2367.872,933.551,1751.05,5.12,1.69,0.045,0.031,0,1,NIGHT_ANOMALY,4
231.05,6.007,1354.53,0.976,49.984,9,5,1387.917,302.247,929.53,3.187,1.05,0.016,0.026,0,1,NIGHT_ANOMALY,4
231.99,9.116,2034.56,0.962,49.991,10,5,2114.821,577.451,1609.56,4.787,1.99,0.009,0.012,0,1,NIGHT_ANOMALY,4
229.0,5.697,1261.52,0.967,49.961,10,5,1304.613,332.385,836.52,2.968,1.0,0.039,0.017,0,1,NIGHT_ANOMALY,4
225.8,5.869,1211.24,0.914,50.01,10,5,1325.22,537.661,786.24,2.85,4.2,0.01,0.036,0,1,NIGHT_ANOMALY,4
230.54,6.184,1348.59,0.946,49.969,10,5,1425.659,462.151,923.59,3.173,0.54,0.031,0.004,0,1,NIGHT_ANOMALY,4
226.3,9.552,2129.26,0.985,50.073,11,5,2161.618,372.996,1704.26,5.01,3.7,0.073,0.035,0,1,NIGHT_ANOMALY,4
231.19,10.182,2325.63,0.988,50.026,11,5,2353.977,363.581,1900.63,5.472,1.19,0.026,0.038,0,1,NIGHT_ANOMALY,4
231.83,7.049,1549.28,0.948,50.087,11,5,1634.17,520.108,1124.28,3.645,1.83,0.087,0.002,0,1,NIGHT_ANOMALY,4
231.49,8.171,1713.64,0.906,49.972,11,5,1891.505,800.632,1288.64,4.032,1.49,0.028,0.044,0,1,NIGHT_ANOMALY,4
229.52,10.961,2291.95,0.911,49.917,12,5,2515.769,1037.519,1866.95,5.393,0.48,0.083,0.039,0,1,NIGHT_ANOMALY,4
231.13,9.287,1996.22,0.93,49.998,12,5,2146.504,788.968,1571.22,4.697,1.13,0.002,0.02,0,1,NIGHT_ANOMALY,4
225.89,10.699,2250.14,0.931,50.052,12,5,2416.797,882.177,1825.14,5.294,4.11,0.052,0.019,0,1,NIGHT_ANOMALY,4
228.76,11.824,2437.17,0.901,49.989,12,5,2704.858,1173.419,2012.17,5.735,1.24,0.011,0.049,0,1,NIGHT_ANOMALY,4
226.6,8.684,1890.95,0.961,50.003,13,5,1967.794,544.19,1465.95,4.449,3.4,0.003,0.011,0,1,NIGHT_ANOMALY,4
230.66,6.384,1394.52,0.947,49.973,13,5,1472.533,473.027,969.52,3.281,0.66,0.027,0.003,0,1,NIGHT_ANOMALY,4
230.74,10.311,2150.82,0.904,49.956,13,5,2379.16,1017.168,1725.82,5.061,0.74,0.044,0.046,0,1,NIGHT_ANOMALY,4
230.66,10.909,2345.11,0.932,50.066,13,5,2516.27,912.043,1920.11,5.518,0.66,0.066,0.018,0,1,NIGHT_ANOMALY,4
230.53,11.058,2490.63,0.977,49.988,14,5,2549.201,543.59,2065.63,5.86,0.53,0.012,0.027,0,1,NIGHT_ANOMALY,4
229.48,8.541,1811.11,0.924,50.007,14,5,1959.989,749.485,1386.11,4.261,0.52,0.007,0.026,0,1,NIGHT_ANOMALY,4
225.87,8.344,1797.94,0.954,49.955,14,5,1884.659,565.033,1372.94,4.23,4.13,0.045,0.004,0,1,NIGHT_ANOMALY,4
229.65,10.346,2169.2,0.913,49.954,14,5,2375.959,969.295,1744.2,5.104,0.35,0.046,0.037,0,1,NIGHT_ANOMALY,4
230.36,9.693,2139.02,0.958,50.002,15,5,2232.879,640.319,1714.02,5.033,0.36,0.002,0.008,0,1,NIGHT_ANOMALY,4
228.95,10.513,2349.14,0.976,50.006,15,5,2406.951,524.163,1924.14,5.527,1.05,0.006,0.026,0,1,NIGHT_ANOMALY,4
226.52,5.959,1225.66,0.908,50.018,15,5,1349.833,565.54,800.66,2.884,3.48,0.018,0.042,0,1,NIGHT_ANOMALY,4
229.25,5.999,1247.41,0.907,50.006,15,5,1375.271,579.169,822.41,2.935,0.75,0.006,0.043,0,1,NIGHT_ANOMALY,4
229.72,5.845,1224.61,0.912,49.996,16,5,1342.713,550.768,799.61,2.881,0.28,0.004,0.038,0,1,NIGHT_ANOMALY,4
231.12,9.254,2006.09,0.938,50.027,16,5,2138.784,741.378,1581.09,4.72,1.12,0.027,0.012,0,1,NIGHT_ANOMALY,4
231.75,8.802,1997.07,0.979,49.965,16,5,2039.863,415.847,1572.07,4.699,1.75,0.035,0.029,0,1,NIGHT_ANOMALY,4
229.24,10.613,2384.33,0.98,49.902,16,5,2432.924,484.146,1959.33,5.61,0.76,0.098,0.03,0,1,NIGHT_ANOMALY,4
229.9,9.317,2011.34,0.939,49.904,17,5,2141.978,736.663,1261.34,2.682,0.1,0.096,0.011,0,1,NIGHT_ANOMALY,4
227.7,7.137,1527.51,0.94,50.024,17,5,1625.095,554.441,777.51,2.037,2.3,0.024,0.01,0,1,NIGHT_ANOMALY,4
230.63,6.558,1409.57,0.932,49.957,17,5,1512.472,548.208,659.57,1.879,0.63,0.043,0.018,0,0,NIGHT_ANOMALY,4
232.04,10.043,2197.54,0.943,49.971,17,5,2330.378,775.533,1447.54,2.93,2.04,0.029,0.007,0,1,NIGHT_ANOMALY,4
224.8,8.655,1758.95,0.904,50.012,18,5,1945.644,831.826,1008.95,2.345,5.2,0.012,0.046,0,1,NIGHT_ANOMALY,4
230.2,6.82,1433.33,0.913,50.072,18,5,1569.964,640.482,683.33,1.911,0.2,0.072,0.037,0,0,NIGHT_ANOMALY,4
230.12,5.923,1327.47,0.974,49.948,18,5,1363.001,308.785,577.47,1.77,0.12,0.052,0.024,0,0,NIGHT_ANOMALY,4
229.53,6.384,1381.75,0.943,49.992,18,5,1465.32,487.648,631.75,1.842,0.47,0.008,0.007,0,0,NIGHT_ANOMALY,4
230.41,5.309,1201.12,0.982,50.018,19,5,1223.247,231.048,451.12,1.601,0.41,0.018,0.032,0,0,NIGHT_ANOMALY,4
229.18,9.198,1930.84,0.916,49.946,19,5,2107.998,845.683,1180.84,2.574,0.82,0.054,0.034,0,1,NIGHT_ANOMALY,4
230.57,6.35,1426.16,0.974,50.044,19,5,1464.119,331.693,676.16,1.902,0.57,0.044,0.024,0,0,NIGHT_ANOMALY,4
226.25,8.297,1783.41,0.95,49.953,19,5,1877.196,586.154,1033.41,2.378,3.75,0.047,0.0,0,1,NIGHT_ANOMALY,4
227.18,7.255,1537.7,0.933,49.958,20,5,1648.191,593.145,787.7,2.05,2.82,0.042,0.017,0,1,NIGHT_ANOMALY,4
231.17,11.261,2366.3,0.909,50.024,20,5,2603.205,1085.006,1616.3,3.155,1.17,0.024,0.041,0,1,NIGHT_ANOMALY,4
228.85,8.269,1740.87,0.92,50.025,20,5,1892.361,741.651,990.87,2.321,1.15,0.025,0.03,0,1,NIGHT_ANOMALY,4
229.87,8.062,1747.59,0.943,49.941,20,5,1853.212,616.735,997.59,2.33,0.13,0.059,0.007,0,1,NIGHT_ANOMALY,4
229.39,6.616,1382.55,0.911,49.945,21,5,1517.644,625.886,632.55,1.843,0.61,0.055,0.039,0,0,NIGHT_ANOMALY,4
229.26,9.274,2053.82,0.966,50.072,21,5,2126.157,549.701,1303.82,2.738,0.74,0.072,0.016,0,1,NIGHT_ANOMALY,4
228.45,11.717,2449.15,0.915,49.966,21,5,2676.749,1079.945,1699.15,3.266,1.55,0.034,0.035,0,1,NIGHT_ANOMALY,4
231.72,6.005,1303.73,0.937,50.005,21,5,1391.479,486.084,553.73,1.738,1.72,0.005,0.013,0,0,NIGHT_ANOMALY,4
231.43,6.404,1462.71,0.987,49.929,22,5,1482.078,238.2,1112.71,4.179,1.43,0.071,0.037,0,1,NIGHT_ANOMALY,4
232.22,9.695,2163.53,0.961,49.991,22,5,2251.373,622.614,1813.53,6.182,2.22,0.009,0.011,0,1,NIGHT_ANOMALY,4
230.76,8.097,1687.16,0.903,50.028,22,5,1868.464,802.768,1337.16,4.82,0.76,0.028,0.047,0,1,NIGHT_ANOMALY,4
227.8,9.404,2084.46,0.973,49.939,22,5,2142.231,494.438,1734.46,5.956,2.2,0.061,0.023,0,1,NIGHT_ANOMALY,4
231.19,7.155,1518.52,0.918,49.991,23,5,1654.164,656.009,1168.52,4.339,1.19,0.009,0.032,0,1,NIGHT_ANOMALY,4
229.21,5.825,1261.71,0.945,49.96,23,5,1335.148,436.687,911.71,3.605,0.79,0.04,0.005,0,1,NIGHT_ANOMALY,4
232.53,10.72,2435.41,0.977,49.961,23,5,2492.722,531.546,2085.41,6.958,2.53,0.039,0.027,0,1,NIGHT_ANOMALY,4
226.89,10.009,2087.07,0.919,50.012,23,5,2270.942,895.336,1737.07,5.963,3.11,0.012,0.031,0,1,NIGHT_ANOMALY,4
228.25,8.027,1725.87,0.942,50.026,0,6,1832.163,614.897,1595.87,13.276,1.75,0.026,0.008,1,1,NIGHT_ANOMALY,4
227.78,10.988,2460.41,0.983,49.942,0,6,2502.847,459.537,2330.41,18.926,2.22,0.058,0.033,1,1,NIGHT_ANOMALY,4
231.84,9.544,2082.18,0.941,49.975,0,6,2212.681,748.786,1952.18,16.017,1.84,0.025,0.009,1,1,NIGHT_ANOMALY,4
229.72,10.902,2261.39,0.903,50.001,0,6,2504.407,1075.995,2131.39,17.395,0.28,0.001,0.047,1,1,NIGHT_ANOMALY,4
229.85,10.074,2123.3,0.917,50.075,1,6,2315.509,923.627,1993.3,16.333,0.15,0.075,0.033,1,1,NIGHT_ANOMALY,4
229.77,8.228,1835.64,0.971,49.978,1,6,1890.548,451.991,1705.64,14.12,0.23,0.022,0.021,1,1,NIGHT_ANOMALY,4
230.05,7.7,1658.02,0.936,49.972,1,6,1771.385,623.528,1528.02,12.754,0.05,0.028,0.014,1,1,NIGHT_ANOMALY,4
232.31,5.743,1294.09,0.97,50.016,1,6,1334.156,324.34,1164.09,9.955,2.31,0.016,0.02,1,1,NIGHT_ANOMALY,4
274.52,0.689,177.52,0.938,50.002,2,6,189.144,65.564,47.52,1.366,44.52,0.002,0.012,1,0,VOLTAGE_ANOMALY,5
278.65,0.691,186.18,0.967,49.955,2,6,192.547,49.056,56.18,1.432,48.65,0.045,0.017,1,0,VOLTAGE_ANOMALY,5
263.63,0.596,152.5,0.971,49.972,2,6,157.123,37.565,22.5,1.173,33.63,0.028,0.021,1,0,VOLTAGE_ANOMALY,5
269.34,0.618,152.16,0.914,50.072,2,6,166.452,67.532,22.16,1.17,39.34,0.072,0.036,1,0,VOLTAGE_ANOMALY,5
258.3,0.631,159.72,0.98,50.062,3,6,162.987,32.434,29.72,1.229,28.3,0.062,0.03,1,0,VOLTAGE_ANOMALY,5
175.59,0.618,100.64,0.927,50.035,3,6,108.515,40.7,-29.36,0.774,54.41,0.035,0.023,1,0,VOLTAGE_ANOMALY,5
175.35,0.707,120.66,0.973,49.969,3,6,123.972,28.613,-9.34,0.928,54.65,0.031,0.023,1,0,VOLTAGE_ANOMALY,5
277.68,0.447,117.79,0.948,50.072,3,6,124.123,39.505,-12.21,0.906,47.68,0.072,0.002,1,0,VOLTAGE_ANOMALY,5
192.38,0.651,121.63,0.971,49.993,4,6,125.239,29.942,-8.37,0.936,37.62,0.007,0.021,1,0,VOLTAGE_ANOMALY,5
180.76,0.84,144.4,0.951,50.059,4,6,151.838,46.947,14.4,1.111,49.24,0.059,0.001,1,0,VOLTAGE_ANOMALY,5
263.54,0.611,157.27,0.977,49.946,4,6,161.023,34.336,27.27,1.21,33.54,0.054,0.027,1,0,VOLTAGE_ANOMALY,5
267.01,0.423,101.69,0.9,49.984,4,6,112.945,49.232,-28.31,0.782,37.01,0.016,0.05,1,0,VOLTAGE_ANOMALY,5
179.83,0.627,110.03,0.976,50.02,5,6,112.753,24.554,-19.97,0.846,50.17,0.02,0.026,1,0,VOLTAGE_ANOMALY,5
188.14,0.503,90.05,0.952,49.984,5,6,94.634,28.967,-39.95,0.693,41.86,0.016,0.002,1,0,VOLTAGE_ANOMALY,5
174.02,0.652,111.68,0.985,49.978,5,6,113.461,19.578,-18.32,0.859,55.98,0.022,0.035,1,0,VOLTAGE_ANOMALY,5
180.67,0.854,150.94,0.978,49.951,5,6,154.292,32.186,20.94,1.161,49.33,0.049,0.028,1,0,VOLTAGE_ANOMALY,5
264.22,2.211,567.79,0.972,50.05,6,6,584.19,137.274,67.79,1.136,34.22,0.05,0.022,0,0,VOLTAGE_ANOMALY,5
191.78,3.392,593.35,0.912,49.928,6,6,650.518,266.836,93.35,1.187,38.22,0.072,0.038,0,0,VOLTAGE_ANOMALY,5
185.08,3.49,614.93,0.952,50.05,6,6,645.929,197.718,114.93,1.23,44.92,0.05,0.002,0,0,VOLTAGE_ANOMALY,5
192.36,2.15,385.84,0.933,49.983,6,6,413.574,148.836,-114.16,0.772,37.64,0.017,0.017,0,0,VOLTAGE_ANOMALY,5
182.38,2.712,483.29,0.977,49.993,7,6,494.615,105.471,-16.71,0.967,47.62,0.007,0.027,0,0,VOLTAGE_ANOMALY,5
170.17,3.124,499.23,0.939,49.929,7,6,531.611,182.83,-0.77,0.998,59.83,0.071,0.011,0,0,VOLTAGE_ANOMALY,5
255.12,2.539,607.65,0.938,50.043,7,6,647.75,224.533,107.65,1.215,25.12,0.043,0.012,0,0,VOLTAGE_ANOMALY,5
269.89,2.206,555.43,0.933,50.0,7,6,595.377,214.262,55.43,1.111,39.89,0.0,0.017,0,0,VOLTAGE_ANOMALY,5
266.0,1.842,476.15,0.972,49.996,8,6,489.972,115.134,-23.85,0.952,36.0,0.004,0.022,0,0,VOLTAGE_ANOMALY,5
184.59,2.364,426.78,0.978,49.973,8,6,436.371,91.029,-73.22,0.854,45.41,0.027,0.028,0,0,VOLTAGE_ANOMALY,5
172.76,2.34,376.33,0.931,50.011,8,6,404.258,147.562,-123.67,0.753,57.24,0.011,0.019,0,0,VOLTAGE_ANOMALY,5
183.62,3.708,630.5,0.926,49.892,8,6,680.863,257.042,130.5,1.261,46.38,0.108,0.024,0,0,VOLTAGE_ANOMALY,5
267.65,1.795,474.07,0.987,49.891,9,6,480.432,77.215,49.07,1.115,37.65,0.109,0.037,0,0,VOLTAGE_ANOMALY,5
272.42,2.223,577.76,0.954,49.98,9,6,605.59,181.56,152.76,1.359,42.42,0.02,0.004,0,0,VOLTAGE_ANOMALY,5
187.63,2.011,367.58,0.974,50.034,9,6,377.324,85.482,-57.42,0.865,42.37,0.034,0.024,0,0,VOLTAGE_ANOMALY,5
274.51,1.711,461.16,0.982,49.971,9,6,469.687,88.715,36.16,1.085,44.51,0.029,0.032,0,0,VOLTAGE_ANOMALY,5
192.8,2.056,385.31,0.972,50.035,10,6,396.397,93.146,-39.69,0.907,37.2,0.035,0.022,0,0,VOLTAGE_ANOMALY,5
275.33,1.552,394.31,0.923,49.992,10,6,427.312,164.43,-30.69,0.928,45.33,0.008,0.027,0,0,VOLTAGE_ANOMALY,5
170.27,2.336,378.67,0.952,49.92,10,6,397.751,121.751,-46.33,0.891,59.73,0.08,0.002,0,0,VOLTAGE_ANOMALY,5
268.35,2.032,499.06,0.915,49.879,10,6,545.287,219.998,74.06,1.174,38.35,0.121,0.035,0,0,VOLTAGE_ANOMALY,5
265.68,1.866,456.17,0.92,50.138,11,6,495.759,194.297,31.17,1.073,35.68,0.138,0.03,0,0,VOLTAGE_ANOMALY,5
185.66,3.244,590.26,0.98,49.981,11,6,602.281,119.852,165.26,1.389,44.34,0.019,0.03,0,0,VOLTAGE_ANOMALY,5
277.59,1.156,307.08,0.957,49.933,11,6,320.894,93.087,-117.92,0.723,47.59,0.067,0.007,0,0,VOLTAGE_ANOMALY,5
262.66,2.199,525.05,0.909,49.994,11,6,577.589,240.737,100.05,1.235,32.66,0.006,0.041,0,0,VOLTAGE_ANOMALY,5
269.85,2.043,519.79,0.943,49.961,12,6,551.304,183.47,94.79,1.223,39.85,0.039,0.007,0,0,VOLTAGE_ANOMALY,5
170.57,3.24,505.05,0.914,50.05,12,6,552.647,224.217,80.05,1.188,59.43,0.05,0.036,0,0,VOLTAGE_ANOMALY,5
186.06,3.389,592.68,0.94,50.023,12,6,630.557,215.13,167.68,1.395,43.94,0.023,0.01,0,0,VOLTAGE_ANOMALY,5
267.36,1.666,418.22,0.939,50.056,12,6,445.422,153.188,-6.78,0.984,37.36,0.056,0.011,0,0,VOLTAGE_ANOMALY,5
177.66,3.655,594.11,0.915,50.027,13,6,649.347,261.982,169.11,1.398,52.34,0.027,0.035,0,0,VOLTAGE_ANOMALY,5
270.1,1.864,474.69,0.943,50.048,13,6,503.466,167.55,49.69,1.117,40.1,0.048,0.007,0,0,VOLTAGE_ANOMALY,5
275.57,1.203,314.5,0.949,50.087,13,6,331.511,104.517,-110.5,0.74,45.57,0.087,0.001,0,0,VOLTAGE_ANOMALY,5
194.95,2.173,403.8,0.953,49.989,13,6,423.626,128.346,-21.2,0.95,35.05,0.011,0.003,0,0,VOLTAGE_ANOMALY,5
262.22,1.321,316.36,0.913,50.034,14,6,346.393,141.314,-108.64,0.744,32.22,0.034,0.037,0,0,VOLTAGE_ANOMALY,5
263.65,1.065,259.13,0.923,50.003,14,6,280.787,108.047,-165.87,0.61,33.65,0.003,0.027,0,0,VOLTAGE_ANOMALY,5
258.97,1.165,293.61,0.973,49.96,14,6,301.7,69.634,-131.39,0.691,28.97,0.04,0.023,0,0,VOLTAGE_ANOMALY,5
276.55,1.304,344.78,0.956,50.126,14,6,360.621,105.794,-80.22,0.811,46.55,0.126,0.006,0,0,VOLTAGE_ANOMALY,5
278.59,1.593,437.49,0.986,49.996,15,6,443.794,74.001,12.49,1.029,48.59,0.004,0.036,0,0,VOLTAGE_ANOMALY,5
189.38,1.735,304.91,0.928,50.083,15,6,328.574,122.42,-120.09,0.717,40.62,0.083,0.022,0,0,VOLTAGE_ANOMALY,5
271.76,2.3,597.42,0.956,50.094,15,6,625.048,183.368,172.42,1.406,41.76,0.094,0.006,0,0,VOLTAGE_ANOMALY,5
261.87,1.204,285.71,0.906,50.0,15,6,315.291,133.456,-139.29,0.672,31.87,0.0,0.044,0,0,VOLTAGE_ANOMALY,5
276.94,1.543,420.53,0.984,49.96,16,6,427.318,76.135,-4.47,0.989,46.94,0.04,0.034,0,0,VOLTAGE_ANOMALY,5
190.17,1.433,252.09,0.925,49.979,16,6,272.514,103.546,-172.91,0.593,39.83,0.021,0.025,0,0,VOLTAGE_ANOMALY,5
186.4,1.678,304.66,0.974,49.907,16,6,312.779,70.86,-120.34,0.717,43.6,0.093,0.024,0,0,VOLTAGE_ANOMALY,5
171.92,2.906,489.06,0.979,50.062,16,6,499.6,101.848,64.06,1.151,58.08,0.062,0.029,0,0,VOLTAGE_ANOMALY,5
187.24,3.47,616.02,0.948,49.936,17,6,649.723,206.787,-133.98,0.821,42.76,0.064,0.002,0,0,VOLTAGE_ANOMALY,5
271.68,3.632,892.04,0.904,49.924,17,6,986.742,421.864,142.04,1.189,41.68,0.076,0.046,0,0,VOLTAGE_ANOMALY,5
194.94,4.644,848.31,0.937,50.004,17,6,905.301,316.248,98.31,1.131,35.06,0.004,0.013,0,0,VOLTAGE_ANOMALY,5
180.44,2.995,503.63,0.932,49.906,17,6,540.418,195.879,-246.37,0.672,49.56,0.094,0.018,0,0,VOLTAGE_ANOMALY,5
180.18,5.346,928.51,0.964,50.066,18,6,963.242,256.128,178.51,1.238,49.82,0.066,0.014,0,0,VOLTAGE_ANOMALY,5
178.15,3.191,541.81,0.953,49.912,18,6,568.477,172.232,-208.19,0.722,51.85,0.088,0.003,0,0,VOLTAGE_ANOMALY,5
191.25,4.027,723.14,0.939,49.931,18,6,770.164,264.873,-26.86,0.964,38.75,0.069,0.011,0,0,VOLTAGE_ANOMALY,5
265.05,2.62,660.47,0.951,50.065,18,6,694.431,214.712,-89.53,0.881,35.05,0.065,0.001,0,0,VOLTAGE_ANOMALY,5
182.59,3.683,624.73,0.929,49.966,19,6,672.479,248.871,-125.27,0.833,47.41,0.034,0.021,0,0,VOLTAGE_ANOMALY,5
258.03,3.765,884.93,0.911,50.07,19,6,971.483,400.646,134.93,1.18,28.03,0.07,0.039,0,0,VOLTAGE_ANOMALY,5
193.36,3.344,622.74,0.963,49.92,19,6,646.596,174.258,-127.26,0.83,36.64,0.08,0.013,0,0,VOLTAGE_ANOMALY,5
188.81,4.517,809.34,0.949,50.003,19,6,852.855,268.885,59.34,1.079,41.19,0.003,0.001,0,0,VOLTAGE_ANOMALY,5
261.69,4.14,1008.66,0.931,50.044,20,6,1083.397,395.461,258.66,1.345,31.69,0.044,0.019,0,0,VOLTAGE_ANOMALY,5
182.15,3.599,597.16,0.911,50.082,20,6,655.558,270.356,-152.84,0.796,47.85,0.082,0.039,0,0,VOLTAGE_ANOMALY,5
174.2,5.341,899.78,0.967,50.06,20,6,930.402,237.044,149.78,1.2,55.8,0.06,0.017,0,0,VOLTAGE_ANOMALY,5
185.04,3.76,637.23,0.916,50.057,20,6,695.75,279.12,-112.77,0.85,44.96,0.057,0.034,0,0,VOLTAGE_ANOMALY,5
194.1,2.875,528.45,0.947,50.035,21,6,558.038,179.26,-221.55,0.705,35.9,0.035,0.003,0,0,VOLTAGE_ANOMALY,5
192.02,3.017,571.19,0.986,49.988,21,6,579.324,96.6,-178.81,0.762,37.98,0.012,0.036,0,0,VOLTAGE_ANOMALY,5
186.01,4.349,778.26,0.962,50.014,21,6,808.957,220.885,28.26,1.038,43.99,0.014,0.012,0,0,VOLTAGE_ANOMALY,5
265.68,2.619,635.9,0.914,50.018,21,6,695.816,282.302,-114.1,0.848,35.68,0.018,0.036,0,0,VOLTAGE_ANOMALY,5
271.94,1.529,376.18,0.905,49.982,22,6,415.796,176.885,26.18,1.075,41.94,0.018,0.045,0,0,VOLTAGE_ANOMALY,5
178.6,2.526,436.21,0.967,50.015,22,6,451.144,114.941,86.21,1.246,51.4,0.015,0.017,0,0,VOLTAGE_ANOMALY,5
277.72,0.908,245.19,0.972,49.9,22,6,252.17,59.255,-104.81,0.701,47.72,0.1,0.022,0,0,VOLTAGE_ANOMALY,5
279.12,1.618,408.25,0.904,50.04,22,6,451.616,193.081,58.25,1.166,49.12,0.04,0.046,0,0,VOLTAGE_ANOMALY,5
272.89,1.037,271.45,0.959,50.035,23,6,282.987,80.2,-78.55,0.776,42.89,0.035,0.009,0,0,VOLTAGE_ANOMALY,5
193.22,2.009,351.73,0.906,49.95,23,6,388.179,164.308,1.73,1.005,36.78,0.05,0.044,0,0,VOLTAGE_ANOMALY,5
180.14,1.623,267.47,0.915,50.027,23,6,292.367,117.957,-82.53,0.764,49.86,0.027,0.035,0,0,VOLTAGE_ANOMALY,5
263.53,1.109,278.33,0.952,49.968,23,6,292.255,89.459,-71.67,0.795,33.53,0.032,0.002,0,0,VOLTAGE_ANOMALY,5
177.41,0.741,130.11,0.99,49.906,0,0,131.461,18.545,0.11,1.001,52.59,0.094,0.04,1,0,VOLTAGE_ANOMALY,5
261.71,0.35,86.97,0.95,49.962,0,0,91.598,28.602,-43.03,0.669,31.71,0.038,0.0,1,0,VOLTAGE_ANOMALY,5
276.57,0.304,80.68,0.959,49.951,0,0,84.077,23.828,-49.32,0.621,46.57,0.049,0.009,1,0,VOLTAGE_ANOMALY,5
193.82,0.855,154.36,0.931,50.016,0,0,165.716,60.49,24.36,1.187,36.18,0.016,0.019,1,0,VOLTAGE_ANOMALY,5
259.97,0.665,156.15,0.903,50.068,1,0,172.88,74.276,26.15,1.201,29.97,0.068,0.047,1,0,VOLTAGE_ANOMALY,5
267.91,0.376,93.36,0.928,50.085,1,0,100.734,37.532,-36.64,0.718,37.91,0.085,0.022,1,0,VOLTAGE_ANOMALY,5
183.27,0.531,91.55,0.941,50.13,1,0,97.316,32.932,-38.45,0.704,46.73,0.13,0.009,1,0,VOLTAGE_ANOMALY,5
175.82,0.555,93.11,0.954,49.998,1,0,97.58,29.255,-36.89,0.716,54.18,0.002,0.004,1,0,VOLTAGE_ANOMALY,5
174.59,1.078,171.31,0.91,49.932,2,0,188.208,78.033,41.31,1.318,55.41,0.068,0.04,1,0,VOLTAGE_ANOMALY,5
177.36,0.729,125.37,0.97,50.066,2,0,129.295,31.432,-4.63,0.964,52.64,0.066,0.02,1,0,VOLTAGE_ANOMALY,5
178.49,0.9,148.9,0.927,49.936,2,0,160.641,60.25,18.9,1.145,51.51,0.064,0.023,1,0,VOLTAGE_ANOMALY,5
194.19,0.613,114.25,0.959,49.974,2,0,119.038,33.736,-15.75,0.879,35.81,0.026,0.009,1,0,VOLTAGE_ANOMALY,5
173.58,0.837,131.72,0.907,49.94,3,0,145.286,61.185,1.72,1.013,56.42,0.06,0.043,1,0,VOLTAGE_ANOMALY,5
182.22,0.558,93.58,0.921,49.89,3,0,101.679,39.61,-36.42,0.72,47.78,0.11,0.029,1,0,VOLTAGE_ANOMALY,5
171.95,1.012,157.26,0.904,49.916,3,0,174.013,74.396,27.26,1.21,58.05,0.084,0.046,1,0,VOLTAGE_ANOMALY,5
192.8,0.832,149.52,0.932,49.936,3,0,160.41,58.142,19.52,1.15,37.2,0.064,0.018,1,0,VOLTAGE_ANOMALY,5
182.1,0.654,113.03,0.949,50.109,4,0,119.093,37.547,-16.97,0.869,47.9,0.109,0.001,1,0,VOLTAGE_ANOMALY,5
170.71,0.791,121.97,0.903,49.94,4,0,135.032,58.015,-8.03,0.938,59.29,0.06,0.047,1,0,VOLTAGE_ANOMALY,5
185.0,0.462,83.23,0.973,49.95,4,0,85.47,19.727,-46.77,0.64,45.0,0.05,0.023,1,0,VOLTAGE_ANOMALY,5
187.72,0.731,128.46,0.936,49.92,4,0,137.223,48.303,-1.54,0.988,42.28,0.08,0.014,1,0,VOLTAGE_ANOMALY,5
170.31,1.188,186.73,0.923,50.011,5,0,202.328,77.856,56.73,1.436,59.69,0.011,0.027,1,0,VOLTAGE_ANOMALY,5
187.61,0.797,146.51,0.98,50.021,5,0,149.525,29.755,16.51,1.127,42.39,0.021,0.03,1,0,VOLTAGE_ANOMALY,5
192.88,0.719,134.01,0.966,49.907,5,0,138.681,35.855,4.01,1.031,37.12,0.093,0.016,1,0,VOLTAGE_ANOMALY,5
279.73,0.621,170.35,0.98,49.913,5,0,173.712,34.568,40.35,1.31,49.73,0.087,0.03,1,0,VOLTAGE_ANOMALY,5
272.62,2.097,529.48,0.926,50.071,6,0,571.684,215.824,29.48,1.059,42.62,0.071,0.024,0,0,VOLTAGE_ANOMALY,5
262.62,1.178,305.24,0.987,50.093,6,0,309.366,49.721,-194.76,0.61,32.62,0.093,0.037,0,0,VOLTAGE_ANOMALY,5
182.97,2.822,476.56,0.923,50.023,6,0,516.341,198.688,-23.44,0.953,47.03,0.023,0.027,0,0,VOLTAGE_ANOMALY,5
178.5,2.006,346.31,0.967,49.951,6,0,358.071,91.228,-153.69,0.693,51.5,0.049,0.017,0,0,VOLTAGE_ANOMALY,5
277.04,1.32,342.39,0.936,50.057,7,0,365.693,128.724,-157.61,0.685,47.04,0.057,0.014,0,0,VOLTAGE_ANOMALY,5
181.21,3.273,558.18,0.941,49.985,7,0,593.1,200.709,58.18,1.116,48.79,0.015,0.009,0,0,VOLTAGE_ANOMALY,5
271.3,2.143,541.4,0.931,50.065,7,0,581.396,212.221,41.4,1.083,41.3,0.065,0.019,0,0,VOLTAGE_ANOMALY,5
272.2,2.384,631.45,0.973,49.95,7,0,648.925,149.775,131.45,1.263,42.2,0.05,0.023,0,0,VOLTAGE_ANOMALY,5
183.65,2.256,387.79,0.936,49.894,8,0,414.314,145.839,-112.21,0.776,46.35,0.106,0.014,0,0,VOLTAGE_ANOMALY,5
180.4,2.875,489.03,0.943,50.03,8,0,518.65,172.603,-10.97,0.978,49.6,0.03,0.007,0,0,VOLTAGE_ANOMALY,5
192.26,2.007,381.26,0.988,49.99,8,0,385.866,59.598,-118.74,0.763,37.74,0.01,0.038,0,0,VOLTAGE_ANOMALY,5
193.87,2.45,468.24,0.986,50.006,8,0,474.982,79.201,-31.76,0.936,36.13,0.006,0.036,0,0,VOLTAGE_ANOMALY,5
270.52,1.911,511.23,0.989,49.924,9,0,516.964,76.467,86.23,1.203,40.52,0.076,0.039,0,0,VOLTAGE_ANOMALY,5
264.3,1.389,340.31,0.927,49.94,9,0,367.113,137.69,-84.69,0.801,34.3,0.06,0.023,0,0,VOLTAGE_ANOMALY,5
274.53,1.97,532.29,0.984,50.058,9,0,540.824,96.358,107.29,1.252,44.53,0.058,0.034,0,0,VOLTAGE_ANOMALY,5
263.96,2.047,517.55,0.958,50.021,9,0,540.326,154.948,92.55,1.218,33.96,0.021,0.008,0,0,VOLTAGE_ANOMALY,5
173.61,2.307,385.23,0.962,49.943,10,0,400.518,109.361,-39.77,0.906,56.39,0.057,0.012,0,0,VOLTAGE_ANOMALY,5
260.15,1.199,298.75,0.958,49.952,10,0,311.92,89.449,-126.25,0.703,30.15,0.048,0.008,0,0,VOLTAGE_ANOMALY,5
172.69,3.515,587.55,0.968,50.055,10,0,607.005,152.328,162.55,1.382,57.31,0.055,0.018,0,0,VOLTAGE_ANOMALY,5
268.06,1.523,384.66,0.942,49.885,10,0,408.255,137.016,-40.34,0.905,38.06,0.115,0.008,0,0,VOLTAGE_ANOMALY,5
258.22,1.796,435.04,0.938,49.974,11,0,463.763,160.757,10.04,1.024,28.22,0.026,0.012,0,0,VOLTAGE_ANOMALY,5
264.29,1.498,366.6,0.926,50.008,11,0,395.906,149.464,-58.4,0.863,34.29,0.008,0.024,0,0,VOLTAGE_ANOMALY,5
179.48,3.182,564.89,0.989,49.991,11,0,571.105,84.475,139.89,1.329,50.52,0.009,0.039,0,0,VOLTAGE_ANOMALY,5
276.81,1.938,530.56,0.989,49.929,11,0,536.458,79.35,105.56,1.248,46.81,0.071,0.039,0,0,VOLTAGE_ANOMALY,5
183.26,2.896,515.37,0.971,50.002,12,0,530.721,126.884,90.37,1.213,46.74,0.002,0.021,0,0,VOLTAGE_ANOMALY,5
178.55,3.243,565.72,0.977,50.007,12,0,579.038,123.474,140.72,1.331,51.45,0.007,0.027,0,0,VOLTAGE_ANOMALY,5
173.22,2.499,398.67,0.921,50.0,12,0,432.877,168.633,-26.33,0.938,56.78,0.0,0.029,0,0,VOLTAGE_ANOMALY,5
264.6,1.262,313.31,0.938,50.007,12,0,333.925,115.75,-111.69,0.737,34.6,0.007,0.012,0,0,VOLTAGE_ANOMALY,5
189.93,1.786,314.18,0.926,50.011,13,0,339.215,128.062,-110.82,0.739,40.07,0.011,0.024,0,0,VOLTAGE_ANOMALY,5
264.54,1.808,447.64,0.936,50.009,13,0,478.288,168.357,22.64,1.053,34.54,0.009,0.014,0,0,VOLTAGE_ANOMALY,5
260.81,1.496,364.86,0.935,49.975,13,0,390.172,138.374,-60.14,0.858,30.81,0.025,0.015,0,0,VOLTAGE_ANOMALY,5
174.74,2.238,371.07,0.949,49.972,13,0,391.068,123.294,-53.93,0.873,55.26,0.028,0.001,0,0,VOLTAGE_ANOMALY,5
262.73,1.722,437.55,0.967,50.023,14,0,452.421,115.266,12.55,1.03,32.73,0.023,0.017,0,0,VOLTAGE_ANOMALY,5
176.66,2.145,373.55,0.986,50.01,14,0,378.936,63.186,-51.45,0.879,53.34,0.01,0.036,0,0,VOLTAGE_ANOMALY,5
179.54,2.222,359.83,0.902,49.917,14,0,398.938,172.236,-65.17,0.847,50.46,0.083,0.048,0,0,VOLTAGE_ANOMALY,5
185.06,2.977,504.61,0.916,49.95,14,0,550.924,221.019,79.61,1.187,44.94,0.05,0.034,0,0,VOLTAGE_ANOMALY,5
259.7,1.022,259.92,0.979,49.893,15,0,265.413,54.107,-165.08,0.612,29.7,0.107,0.029,0,0,VOLTAGE_ANOMALY,5
185.5,1.63,272.76,0.902,49.891,15,0,302.365,130.542,-152.24,0.642,44.5,0.109,0.048,0,0,VOLTAGE_ANOMALY,5
184.29,1.657,275.78,0.903,49.974,15,0,305.369,131.199,-149.22,0.649,45.71,0.026,0.047,0,0,VOLTAGE_ANOMALY,5
176.61,1.44,244.83,0.963,50.008,15,0,254.318,68.539,-180.17,0.576,53.39,0.008,0.013,0,0,VOLTAGE_ANOMALY,5
176.05,2.126,344.01,0.919,49.978,16,0,374.282,147.564,-80.99,0.809,53.95,0.022,0.031,0,0,VOLTAGE_ANOMALY,5
188.31,3.498,613.32,0.931,50.068,16,0,658.708,240.441,188.32,1.443,41.69,0.068,0.019,0,0,VOLTAGE_ANOMALY,5
257.88,1.319,331.97,0.976,50.081,16,0,340.144,74.073,-93.03,0.781,27.88,0.081,0.026,0,0,VOLTAGE_ANOMALY,5
278.17,1.276,321.91,0.907,49.968,16,0,354.945,149.478,-103.09,0.757,48.17,0.032,0.043,0,0,VOLTAGE_ANOMALY,5
185.93,4.039,736.76,0.981,50.015,17,0,750.971,145.694,-13.24,0.982,44.07,0.015,0.031,0,0,VOLTAGE_ANOMALY,5
194.3,4.757,902.03,0.976,49.99,17,0,924.285,201.282,152.03,1.203,35.7,0.01,0.026,0,0,VOLTAGE_ANOMALY,5
261.53,2.697,656.73,0.931,50.067,17,0,705.346,257.465,-93.27,0.876,31.53,0.067,0.019,0,0,VOLTAGE_ANOMALY,5
274.03,3.712,991.84,0.975,49.972,17,0,1017.199,226.027,241.84,1.322,44.03,0.028,0.025,0,0,VOLTAGE_ANOMALY,5
275.75,3.153,818.2,0.941,49.981,18,0,869.44,294.224,68.2,1.091,45.75,0.019,0.009,0,0,VOLTAGE_ANOMALY,5
182.05,5.634,969.25,0.945,49.935,18,0,1025.67,335.466,219.25,1.292,47.95,0.065,0.005,0,0,VOLTAGE_ANOMALY,5
171.25,3.387,534.76,0.922,49.989,18,0,580.024,224.579,-215.24,0.713,58.75,0.011,0.028,0,0,VOLTAGE_ANOMALY,5
255.4,4.244,995.06,0.918,50.002,18,0,1083.918,429.86,245.06,1.327,25.4,0.002,0.032,0,0,VOLTAGE_ANOMALY,5
193.45,3.943,689.52,0.904,50.027,19,0,762.773,326.11,-60.48,0.919,36.55,0.027,0.046,0,0,VOLTAGE_ANOMALY,5
271.56,3.039,746.14,0.904,50.045,19,0,825.271,352.83,-3.86,0.995,41.56,0.045,0.046,0,0,VOLTAGE_ANOMALY,5
276.39,3.777,978.28,0.937,49.966,19,0,1043.925,364.674,228.28,1.304,46.39,0.034,0.013,0,0,VOLTAGE_ANOMALY,5
272.17,2.208,584.84,0.973,49.972,19,0,600.951,138.703,-165.16,0.78,42.17,0.028,0.023,0,0,VOLTAGE_ANOMALY,5
262.04,3.151,816.66,0.989,50.044,20,0,825.688,122.132,66.66,1.089,32.04,0.044,0.039,0,0,VOLTAGE_ANOMALY,5
191.57,4.065,742.93,0.954,50.011,20,0,778.732,233.469,-7.07,0.991,38.43,0.011,0.004,0,0,VOLTAGE_ANOMALY,5
278.02,3.932,1004.56,0.919,50.063,20,0,1093.175,430.992,254.56,1.339,48.02,0.063,0.031,0,0,VOLTAGE_ANOMALY,5
256.38,2.825,714.22,0.986,50.006,20,0,724.274,120.769,-35.78,0.952,26.38,0.006,0.036,0,0,VOLTAGE_ANOMALY,5
256.75,3.653,849.77,0.906,49.985,21,0,937.908,396.995,99.77,1.133,26.75,0.015,0.044,0,0,VOLTAGE_ANOMALY,5
186.93,4.908,856.98,0.934,50.043,21,0,917.452,327.781,106.98,1.143,43.07,0.043,0.016,0,0,VOLTAGE_ANOMALY,5
261.86,2.596,643.07,0.946,49.959,21,0,679.789,220.365,-106.93,0.857,31.86,0.041,0.004,0,0,VOLTAGE_ANOMALY,5
185.74,5.076,848.51,0.9,49.926,21,0,942.816,410.964,98.51,1.131,44.26,0.074,0.05,0,0,VOLTAGE_ANOMALY,5
272.11,0.859,227.54,0.974,50.032,22,0,233.742,52.954,-122.46,0.65,42.11,0.032,0.024,0,0,VOLTAGE_ANOMALY,5
187.97,2.703,457.85,0.901,50.067,22,0,508.083,220.416,107.85,1.308,42.03,0.067,0.049,0,0,VOLTAGE_ANOMALY,5
188.5,2.101,379.79,0.959,49.954,22,0,396.038,112.24,29.79,1.085,41.5,0.046,0.009,0,0,VOLTAGE_ANOMALY,5
181.59,1.87,327.41,0.964,49.986,22,0,339.573,90.293,-22.59,0.935,48.41,0.014,0.014,0,0,VOLTAGE_ANOMALY,5
190.4,1.763,309.09,0.921,49.99,23,0,335.675,130.766,-40.91,0.883,39.6,0.01,0.029,0,0,VOLTAGE_ANOMALY,5
185.78,2.393,433.54,0.975,50.035,23,0,444.572,98.786,83.54,1.239,44.22,0.035,0.025,0,0,VOLTAGE_ANOMALY,5
259.36,1.593,375.08,0.908,50.12,23,0,413.16,173.102,25.08,1.072,29.36,0.12,0.042,0,0,VOLTAGE_ANOMALY,5
192.94,1.43,264.24,0.958,50.021,23,0,275.904,79.121,-85.76,0.755,37.06,0.021,0.008,0,0,VOLTAGE_ANOMALY,5
179.66,0.854,143.66,0.936,50.008,0,1,153.43,54.007,13.66,1.105,50.34,0.008,0.014,1,0,VOLTAGE_ANOMALY,5
268.41,0.493,129.74,0.98,49.967,0,1,132.326,26.333,-0.26,0.998,38.41,0.033,0.03,1,0,VOLTAGE_ANOMALY,5
186.76,0.939,159.46,0.909,50.04,0,1,175.368,73.093,29.46,1.227,43.24,0.04,0.041,1,0,VOLTAGE_ANOMALY,5
264.97,0.638,157.33,0.931,50.015,0,1,169.051,61.707,27.33,1.21,34.97,0.015,0.019,1,0,VOLTAGE_ANOMALY,5
264.76,0.333,85.31,0.968,49.982,1,1,88.165,22.125,-44.69,0.656,34.76,0.018,0.018,1,0,VOLTAGE_ANOMALY,5
255.24,0.662,161.47,0.955,49.988,1,1,168.969,50.117,31.47,1.242,25.24,0.012,0.005,1,0,VOLTAGE_ANOMALY,5
189.18,0.666,122.23,0.97,49.942,1,1,125.994,30.63,-7.77,0.94,40.82,0.058,0.02,1,0,VOLTAGE_ANOMALY,5
182.9,0.736,131.95,0.98,49.998,1,1,134.614,26.788,1.95,1.015,47.1,0.002,0.03,1,0,VOLTAGE_ANOMALY,5
266.6,0.728,190.43,0.981,49.928,2,1,194.085,37.654,60.43,1.465,36.6,0.072,0.031,1,0,VOLTAGE_ANOMALY,5
188.84,0.583,100.19,0.91,50.01,2,1,110.094,45.646,-29.81,0.771,41.16,0.01,0.04,1,0,VOLTAGE_ANOMALY,5
187.71,0.517,90.98,0.938,50.01,2,1,97.046,33.64,-39.02,0.7,42.29,0.01,0.012,1,0,VOLTAGE_ANOMALY,5
278.18,0.333,88.77,0.959,49.991,2,1,92.634,26.253,-41.23,0.683,48.18,0.009,0.009,1,0,VOLTAGE_ANOMALY,5
266.9,0.55,135.11,0.921,50.014,3,1,146.795,57.186,5.11,1.039,36.9,0.014,0.029,1,0,VOLTAGE_ANOMALY,5
192.83,0.56,106.42,0.985,49.965,3,1,107.985,18.633,-23.58,0.819,37.17,0.035,0.035,1,0,VOLTAGE_ANOMALY,5
256.36,0.664,153.45,0.902,50.057,3,1,170.223,73.491,23.45,1.18,26.36,0.057,0.048,1,0,VOLTAGE_ANOMALY,5
279.54,0.606,166.73,0.984,49.992,3,1,169.401,30.182,36.73,1.283,49.54,0.008,0.034,1,0,VOLTAGE_ANOMALY,5
279.46,0.482,122.9,0.913,49.951,4,1,134.7,54.952,-7.1,0.945,49.46,0.049,0.037,1,0,VOLTAGE_ANOMALY,5
174.95,0.963,154.42,0.917,49.986,4,1,168.477,67.203,24.42,1.188,55.05,0.014,0.033,1,0,VOLTAGE_ANOMALY,5
193.83,0.872,154.03,0.911,49.991,4,1,169.02,69.705,24.03,1.185,36.17,0.009,0.039,1,0,VOLTAGE_ANOMALY,5
178.35,0.764,134.76,0.989,49.991,4,1,136.259,20.155,4.76,1.037,51.65,0.009,0.039,1,0,VOLTAGE_ANOMALY,5
175.55,0.92,148.52,0.92,49.98,5,1,161.506,63.297,18.52,1.142,54.45,0.02,0.03,1,0,VOLTAGE_ANOMALY,5
267.44,0.456,114.66,0.941,49.98,5,1,121.953,41.27,-15.34,0.882,37.44,0.02,0.009,1,0,VOLTAGE_ANOMALY,5
189.68,0.619,112.55,0.959,49.994,5,1,117.412,33.275,-17.45,0.866,40.32,0.006,0.009,1,0,VOLTAGE_ANOMALY,5
267.48,0.678,170.23,0.938,50.061,5,1,181.351,62.863,40.23,1.309,37.48,0.061,0.012,1,0,VOLTAGE_ANOMALY,5
182.64,3.675,657.1,0.979,50.039,6,1,671.202,136.831,157.1,1.314,47.36,0.039,0.029,0,0,VOLTAGE_ANOMALY,5
262.12,1.561,404.57,0.989,50.016,6,1,409.169,60.522,-95.43,0.809,32.12,0.016,0.039,0,0,VOLTAGE_ANOMALY,5
171.74,2.515,411.16,0.952,49.97,6,1,431.926,132.212,-88.84,0.822,58.26,0.03,0.002,0,0,VOLTAGE_ANOMALY,5
172.33,1.969,317.53,0.936,50.014,6,1,339.318,119.44,-182.47,0.635,57.67,0.014,0.014,0,0,VOLTAGE_ANOMALY,5
271.05,2.229,549.24,0.909,50.066,7,1,604.17,251.816,49.24,1.098,41.05,0.066,0.041,0,0,VOLTAGE_ANOMALY,5
190.36,3.294,611.4,0.975,50.004,7,1,627.046,139.333,111.4,1.223,39.64,0.004,0.025,0,0,VOLTAGE_ANOMALY,5
267.53,2.078,523.2,0.941,50.054,7,1,555.927,188.129,23.2,1.046,37.53,0.054,0.009,0,0,VOLTAGE_ANOMALY,5
277.01,1.019,276.1,0.978,49.964,7,1,282.273,58.884,-223.9,0.552,47.01,0.036,0.028,0,0,VOLTAGE_ANOMALY,5
256.3,2.495,603.62,0.944,49.973,8,1,639.469,210.99,103.62,1.207,26.3,0.027,0.006,0,0,VOLTAGE_ANOMALY,5
267.46,1.919,506.97,0.988,50.105,8,1,513.256,79.274,6.97,1.014,37.46,0.105,0.038,0,0,VOLTAGE_ANOMALY,5
182.15,2.566,422.01,0.903,50.072,8,1,467.397,200.813,-77.99,0.844,47.85,0.072,0.047,0,0,VOLTAGE_ANOMALY,5
266.63,2.041,508.93,0.935,50.098,8,1,544.192,192.996,8.93,1.018,36.63,0.098,0.015,0,0,VOLTAGE_ANOMALY,5
189.54,1.608,287.41,0.943,50.098,9,1,304.78,101.429,-137.59,0.676,40.46,0.098,0.007,0,0,VOLTAGE_ANOMALY,5
182.41,3.469,573.96,0.907,50.032,9,1,632.78,266.483,148.96,1.35,47.59,0.032,0.043,0,0,VOLTAGE_ANOMALY,5
192.81,3.064,574.21,0.972,49.931,9,1,590.77,138.82,149.21,1.351,37.19,0.069,0.022,0,0,VOLTAGE_ANOMALY,5
180.24,2.562,429.4,0.93,49.972,9,1,461.775,169.73,4.4,1.01,49.76,0.028,0.02,0,0,VOLTAGE_ANOMALY,5
256.51,1.902,475.74,0.975,50.008,10,1,487.882,108.41,50.74,1.119,26.51,0.008,0.025,0,0,VOLTAGE_ANOMALY,5
178.18,2.452,412.8,0.945,49.989,10,1,436.897,142.896,-12.2,0.971,51.82,0.011,0.005,0,0,VOLTAGE_ANOMALY,5
190.29,2.592,467.6,0.948,50.084,10,1,493.232,156.981,42.6,1.1,39.71,0.084,0.002,0,0,VOLTAGE_ANOMALY,5
192.02,2.58,473.55,0.956,49.989,10,1,495.412,145.337,48.55,1.114,37.98,0.011,0.006,0,0,VOLTAGE_ANOMALY,5
171.01,3.476,550.48,0.926,49.926,11,1,594.431,224.412,125.48,1.295,58.99,0.074,0.024,0,0,VOLTAGE_ANOMALY,5
276.2,1.6,423.67,0.959,50.015,11,1,441.92,125.243,-1.33,0.997,46.2,0.015,0.009,0,0,VOLTAGE_ANOMALY,5
258.93,1.528,385.31,0.974,49.983,11,1,395.645,89.633,-39.69,0.907,28.93,0.017,0.024,0,0,VOLTAGE_ANOMALY,5
187.27,2.266,387.42,0.913,49.99,11,1,424.354,173.119,-37.58,0.912,42.73,0.01,0.037,0,0,VOLTAGE_ANOMALY,5
172.4,2.596,419.43,0.937,49.972,12,1,447.55,156.342,-5.57,0.987,57.6,0.028,0.013,0,0,VOLTAGE_ANOMALY,5
188.68,2.414,415.43,0.912,50.007,12,1,455.474,186.831,-9.57,0.977,41.32,0.007,0.038,0,0,VOLTAGE_ANOMALY,5
183.32,2.506,433.68,0.944,49.984,12,1,459.4,151.577,8.68,1.02,46.68,0.016,0.006,0,0,VOLTAGE_ANOMALY,5
176.93,2.385,397.52,0.942,50.037,12,1,421.978,141.621,-27.48,0.935,53.07,0.037,0.008,0,0,VOLTAGE_ANOMALY,5
268.91,1.914,499.27,0.97,49.984,13,1,514.694,125.125,74.27,1.175,38.91,0.016,0.02,0,0,VOLTAGE_ANOMALY,5
270.34,1.341,327.38,0.903,49.99,13,1,362.526,155.756,-97.62,0.77,40.34,0.01,0.047,0,0,VOLTAGE_ANOMALY,5
278.08,0.861,236.67,0.989,49.923,13,1,239.427,35.415,-188.33,0.557,48.08,0.077,0.039,0,0,VOLTAGE_ANOMALY,5
183.56,1.609,285.95,0.968,50.035,13,1,295.348,74.118,-139.05,0.673,46.44,0.035,0.018,0,0,VOLTAGE_ANOMALY,5
173.41,3.264,524.65,0.927,49.982,14,1,566.01,212.289,99.65,1.234,56.59,0.018,0.023,0,0,VOLTAGE_ANOMALY,5
277.82,2.177,560.7,0.927,49.923,14,1,604.814,226.842,135.7,1.319,47.82,0.077,0.023,0,0,VOLTAGE_ANOMALY,5
271.84,1.757,456.62,0.956,49.976,14,1,477.623,140.119,31.62,1.074,41.84,0.024,0.006,0,0,VOLTAGE_ANOMALY,5
174.22,3.333,549.98,0.947,50.061,14,1,580.675,186.532,124.98,1.294,55.78,0.061,0.003,0,0,VOLTAGE_ANOMALY,5
191.08,1.745,322.42,0.967,49.951,15,1,333.435,84.951,-102.58,0.759,38.92,0.049,0.017,0,0,VOLTAGE_ANOMALY,5
175.93,3.337,530.71,0.904,49.994,15,1,587.078,250.995,105.71,1.249,54.07,0.006,0.046,0,0,VOLTAGE_ANOMALY,5
179.27,2.136,358.33,0.936,49.951,15,1,382.921,134.788,-66.67,0.843,50.73,0.049,0.014,0,0,VOLTAGE_ANOMALY,5
273.94,1.355,340.09,0.916,50.009,15,1,371.189,148.913,-84.91,0.8,43.94,0.009,0.034,0,0,VOLTAGE_ANOMALY,5
179.65,1.779,289.24,0.905,50.042,16,1,319.597,135.96,-135.76,0.681,50.35,0.042,0.045,0,0,VOLTAGE_ANOMALY,5
185.04,1.69,294.57,0.942,49.978,16,1,312.718,104.952,-130.43,0.693,44.96,0.022,0.008,0,0,VOLTAGE_ANOMALY,5
259.45,1.049,260.93,0.959,49.985,16,1,272.163,77.133,-164.07,0.614,29.45,0.015,0.009,0,0,VOLTAGE_ANOMALY,5
272.57,2.365,585.33,0.908,49.995,16,1,644.628,270.08,160.33,1.377,42.57,0.005,0.042,0,0,VOLTAGE_ANOMALY,5
261.59,3.111,766.5,0.942,50.021,17,1,813.806,273.124,16.5,1.022,31.59,0.021,0.008,0,0,VOLTAGE_ANOMALY,5
268.09,2.605,628.61,0.9,49.931,17,1,698.374,304.414,-121.39,0.838,38.09,0.069,0.05,0,0,VOLTAGE_ANOMALY,5
263.48,3.037,780.88,0.976,49.989,17,1,800.189,174.258,30.88,1.041,33.48,0.011,0.026,0,0,VOLTAGE_ANOMALY,5
260.61,3.772,942.8,0.959,49.979,17,1,983.021,278.594,192.8,1.257,30.61,0.021,0.009,0,0,VOLTAGE_ANOMALY,5
194.87,4.167,803.07,0.989,49.994,18,1,812.023,120.111,53.07,1.071,35.13,0.006,0.039,0,0,VOLTAGE_ANOMALY,5
177.55,2.995,501.95,0.944,49.97,18,1,531.762,175.453,-248.05,0.669,52.45,0.03,0.006,0,0,VOLTAGE_ANOMALY,5
179.18,4.522,755.95,0.933,50.077,18,1,810.252,291.591,5.95,1.008,50.82,0.077,0.017,0,0,VOLTAGE_ANOMALY,5
258.62,3.404,810.9,0.921,49.97,18,1,880.342,342.948,60.9,1.081,28.62,0.03,0.029,0,0,VOLTAGE_ANOMALY,5
184.56,3.136,538.88,0.931,50.037,19,1,578.78,211.266,-211.12,0.719,45.44,0.037,0.019,0,0,VOLTAGE_ANOMALY,5
188.52,5.485,933.68,0.903,50.02,19,1,1034.032,444.262,183.68,1.245,41.48,0.02,0.047,0,0,VOLTAGE_ANOMALY,5
182.29,4.901,842.49,0.943,50.033,19,1,893.403,297.318,92.49,1.123,47.71,0.033,0.007,0,0,VOLTAGE_ANOMALY,5
194.12,4.957,948.85,0.986,49.978,19,1,962.253,160.451,198.85,1.265,35.88,0.022,0.036,0,0,VOLTAGE_ANOMALY,5
173.25,5.495,878.64,0.923,49.958,20,1,952.009,366.333,128.64,1.172,56.75,0.042,0.027,0,0,VOLTAGE_ANOMALY,5
266.34,2.742,665.23,0.911,50.0,20,1,730.304,301.182,-84.77,0.887,36.34,0.0,0.039,0,0,VOLTAGE_ANOMALY,5
265.81,3.145,794.28,0.95,50.003,20,1,835.972,261.032,44.28,1.059,35.81,0.003,0.0,0,0,VOLTAGE_ANOMALY,5
183.77,3.05,514.01,0.917,50.1,20,1,560.499,223.576,-235.99,0.685,46.23,0.1,0.033,0,0,VOLTAGE_ANOMALY,5
278.81,2.1,540.45,0.923,49.968,21,1,585.501,225.301,-209.55,0.721,48.81,0.032,0.027,0,0,VOLTAGE_ANOMALY,5
191.31,5.12,907.02,0.926,50.092,21,1,979.507,369.787,157.02,1.209,38.69,0.092,0.024,0,0,VOLTAGE_ANOMALY,5
172.65,3.908,655.07,0.971,49.993,21,1,674.716,161.311,-94.93,0.873,57.35,0.007,0.021,0,0,VOLTAGE_ANOMALY,5
277.06,2.486,679.81,0.987,50.115,21,1,688.771,110.699,-70.19,0.906,47.06,0.115,0.037,0,0,VOLTAGE_ANOMALY,5
180.49,1.913,339.41,0.983,50.011,22,1,345.277,63.395,-10.59,0.97,49.51,0.011,0.033,0,0,VOLTAGE_ANOMALY,5
188.49,2.995,509.19,0.902,50.044,22,1,564.528,243.727,159.19,1.455,41.51,0.044,0.048,0,0,VOLTAGE_ANOMALY,5
180.72,2.245,389.97,0.961,49.878,22,1,405.716,112.2,39.97,1.114,49.28,0.122,0.011,0,0,VOLTAGE_ANOMALY,5
192.03,2.543,480.6,0.984,49.982,22,1,488.332,87.005,130.6,1.373,37.97,0.018,0.034,0,0,VOLTAGE_ANOMALY,5
188.69,1.359,251.21,0.98,50.019,23,1,256.43,51.029,-98.79,0.718,41.31,0.019,0.03,0,0,VOLTAGE_ANOMALY,5
172.43,2.785,439.33,0.915,50.03,23,1,480.218,193.746,89.33,1.255,57.57,0.03,0.035,0,0,VOLTAGE_ANOMALY,5
272.06,1.779,448.07,0.926,49.978,23,1,483.995,182.719,98.07,1.28,42.06,0.022,0.024,0,0,VOLTAGE_ANOMALY,5
277.76,1.626,421.43,0.933,49.952,23,1,451.638,162.534,71.43,1.204,47.76,0.048,0.017,0,0,VOLTAGE_ANOMALY,5
182.26,0.755,135.22,0.983,50.019,0,2,137.606,25.265,5.22,1.04,47.74,0.019,0.033,1,0,VOLTAGE_ANOMALY,5
174.76,0.959,164.14,0.979,50.059,0,2,167.595,34.166,34.14,1.263,55.24,0.059,0.029,1,0,VOLTAGE_ANOMALY,5
174.99,0.802,136.9,0.976,50.06,0,2,140.342,30.562,6.9,1.053,55.01,0.06,0.026,1,0,VOLTAGE_ANOMALY,5
256.18,0.473,118.31,0.977,49.953,0,2,121.173,25.839,-11.69,0.91,26.18,0.047,0.027,1,0,VOLTAGE_ANOMALY,5
174.67,1.125,182.41,0.928,49.959,1,2,196.504,73.213,52.41,1.403,55.33,0.041,0.022,1,0,VOLTAGE_ANOMALY,5
178.99,0.758,133.24,0.982,50.096,1,2,135.674,25.626,3.24,1.025,51.01,0.096,0.032,1,0,VOLTAGE_ANOMALY,5
266.65,0.471,121.49,0.967,50.018,1,2,125.592,31.998,-8.51,0.935,36.65,0.018,0.017,1,0,VOLTAGE_ANOMALY,5
185.3,0.783,131.07,0.903,50.025,1,2,145.09,62.337,1.07,1.008,44.7,0.025,0.047,1,0,VOLTAGE_ANOMALY,5
278.48,0.375,101.51,0.972,50.102,2,2,104.43,24.539,-28.49,0.781,48.48,0.102,0.022,1,0,VOLTAGE_ANOMALY,5
182.28,0.668,113.32,0.93,50.014,2,2,121.763,44.755,-16.68,0.872,47.72,0.014,0.02,1,0,VOLTAGE_ANOMALY,5
183.44,0.87,157.88,0.989,50.073,2,2,159.593,23.606,27.88,1.214,46.56,0.073,0.039,1,0,VOLTAGE_ANOMALY,5
262.2,0.583,142.28,0.93,49.98,2,2,152.863,56.186,12.28,1.094,32.2,0.02,0.02,1,0,VOLTAGE_ANOMALY,5
271.31,0.595,158.37,0.981,50.016,3,2,161.429,31.319,28.37,1.218,41.31,0.016,0.031,1,0,VOLTAGE_ANOMALY,5
275.8,0.35,91.99,0.954,49.984,3,2,96.53,28.94,-38.01,0.708,45.8,0.016,0.004,1,0,VOLTAGE_ANOMALY,5
185.34,0.877,146.46,0.901,49.97,3,2,162.543,70.514,16.46,1.127,44.66,0.03,0.049,1,0,VOLTAGE_ANOMALY,5
178.56,0.95,166.94,0.984,49.985,3,2,169.632,30.223,36.94,1.284,51.44,0.015,0.034,1,0,VOLTAGE_ANOMALY,5
178.65,0.908,159.46,0.983,49.928,4,2,162.214,29.783,29.46,1.227,51.35,0.072,0.033,1,0,VOLTAGE_ANOMALY,5
173.01,0.476,79.64,0.967,49.946,4,2,82.353,20.982,-50.36,0.613,56.99,0.054,0.017,1,0,VOLTAGE_ANOMALY,5
189.77,0.606,107.92,0.938,49.914,4,2,115.001,39.863,-22.08,0.83,40.23,0.086,0.012,1,0,VOLTAGE_ANOMALY,5
181.51,0.947,163.21,0.95,49.988,4,2,171.89,53.673,33.21,1.255,48.49,0.012,0.0,1,0,VOLTAGE_ANOMALY,5
257.4,0.393,98.7,0.975,49.927,5,2,101.158,22.478,-31.3,0.759,27.4,0.073,0.025,1,0,VOLTAGE_ANOMALY,5
189.0,0.56,102.17,0.965,49.985,5,2,105.84,27.757,-27.83,0.786,41.0,0.015,0.015,1,0,VOLTAGE_ANOMALY,5
260.84,0.656,168.32,0.983,49.999,5,2,171.111,31.417,38.32,1.295,30.84,0.001,0.033,1,0,VOLTAGE_ANOMALY,5
193.21,0.512,91.16,0.922,49.998,5,2,98.924,38.302,-38.84,0.701,36.79,0.002,0.028,1,0,VOLTAGE_ANOMALY,5
173.86,2.248,353.39,0.904,50.095,6,2,390.837,167.096,-146.61,0.707,56.14,0.095,0.046,0,0,VOLTAGE_ANOMALY,5
274.46,1.429,363.53,0.927,50.109,6,2,392.203,147.1,-136.47,0.727,44.46,0.109,0.023,0,0,VOLTAGE_ANOMALY,5
271.92,1.612,401.1,0.915,49.967,6,2,438.335,176.848,-98.9,0.802,41.92,0.033,0.035,0,0,VOLTAGE_ANOMALY,5
176.43,2.957,475.32,0.911,50.077,6,2,521.704,215.154,-24.68,0.951,53.57,0.077,0.039,0,0,VOLTAGE_ANOMALY,5
188.78,3.96,684.77,0.916,49.961,7,2,747.569,299.908,184.77,1.37,41.22,0.039,0.034,0,0,VOLTAGE_ANOMALY,5
269.25,2.61,687.21,0.978,50.083,7,2,702.742,146.596,187.21,1.374,39.25,0.083,0.028,0,0,VOLTAGE_ANOMALY,5
269.91,2.535,676.01,0.988,49.954,7,2,684.222,105.681,176.01,1.352,39.91,0.046,0.038,0,0,VOLTAGE_ANOMALY,5
258.38,2.702,655.54,0.939,49.96,7,2,698.143,240.103,155.54,1.311,28.38,0.04,0.011,0,0,VOLTAGE_ANOMALY,5
184.08,3.843,663.54,0.938,50.05,8,2,707.419,245.217,163.54,1.327,45.92,0.05,0.012,0,0,VOLTAGE_ANOMALY,5
175.46,2.53,425.23,0.958,50.033,8,2,443.914,127.3,-74.77,0.85,54.54,0.033,0.008,0,0,VOLTAGE_ANOMALY,5
265.34,2.69,676.55,0.948,50.002,8,2,713.765,227.17,176.55,1.353,35.34,0.002,0.002,0,0,VOLTAGE_ANOMALY,5
256.86,2.689,674.93,0.977,50.066,8,2,690.697,147.284,174.93,1.35,26.86,0.066,0.027,0,0,VOLTAGE_ANOMALY,5
276.76,1.704,449.84,0.954,50.001,9,2,471.599,141.389,24.84,1.058,46.76,0.001,0.004,0,0,VOLTAGE_ANOMALY,5
273.0,2.045,533.24,0.955,50.094,9,2,558.285,165.591,108.24,1.255,43.0,0.094,0.005,0,0,VOLTAGE_ANOMALY,5
174.48,2.379,374.84,0.903,49.956,9,2,415.088,178.339,-50.16,0.882,55.52,0.044,0.047,0,0,VOLTAGE_ANOMALY,5
185.6,3.569,596.77,0.901,50.05,9,2,662.406,287.365,171.77,1.404,44.4,0.05,0.049,0,0,VOLTAGE_ANOMALY,5
264.27,2.235,536.3,0.908,49.929,10,2,590.643,247.462,111.3,1.262,34.27,0.071,0.042,0,0,VOLTAGE_ANOMALY,5
265.07,1.301,338.04,0.98,49.968,10,2,344.856,68.625,-86.96,0.795,35.07,0.032,0.03,0,0,VOLTAGE_ANOMALY,5
268.03,2.174,558.82,0.959,50.023,10,2,582.697,165.14,133.82,1.315,38.03,0.023,0.009,0,0,VOLTAGE_ANOMALY,5
260.95,1.285,326.56,0.974,50.036,10,2,335.321,75.966,-98.44,0.768,30.95,0.036,0.024,0,0,VOLTAGE_ANOMALY,5
277.19,1.396,350.25,0.905,50.023,11,2,386.957,164.616,-74.75,0.824,47.19,0.023,0.045,0,0,VOLTAGE_ANOMALY,5
275.27,2.3,579.96,0.916,50.053,11,2,633.121,253.994,154.96,1.365,45.27,0.053,0.034,0,0,VOLTAGE_ANOMALY,5
274.03,2.059,525.35,0.931,50.116,11,2,564.228,205.954,100.35,1.236,44.03,0.116,0.019,0,0,VOLTAGE_ANOMALY,5
173.9,2.313,368.48,0.916,50.069,11,2,402.231,161.366,-56.52,0.867,56.1,0.069,0.034,0,0,VOLTAGE_ANOMALY,5
267.19,1.466,354.0,0.904,50.053,12,2,391.701,167.465,-71.0,0.833,37.19,0.053,0.046,0,0,VOLTAGE_ANOMALY,5
182.15,2.583,445.53,0.947,49.959,12,2,470.493,151.138,20.53,1.048,47.85,0.041,0.003,0,0,VOLTAGE_ANOMALY,5
260.66,2.46,619.37,0.966,49.992,12,2,641.224,165.783,194.37,1.457,30.66,0.008,0.016,0,0,VOLTAGE_ANOMALY,5
269.59,2.162,566.6,0.972,49.964,12,2,582.854,136.959,141.6,1.333,39.59,0.036,0.022,0,0,VOLTAGE_ANOMALY,5
180.24,2.336,388.26,0.922,50.019,13,2,421.041,163.023,-36.74,0.914,49.76,0.019,0.028,0,0,VOLTAGE_ANOMALY,5
190.92,1.639,300.94,0.962,49.971,13,2,312.918,85.442,-124.06,0.708,39.08,0.029,0.012,0,0,VOLTAGE_ANOMALY,5
189.85,2.088,374.68,0.945,49.995,13,2,396.407,129.653,-50.32,0.882,40.15,0.005,0.005,0,0,VOLTAGE_ANOMALY,5
264.12,1.374,339.29,0.935,50.022,13,2,362.901,128.702,-85.71,0.798,34.12,0.022,0.015,0,0,VOLTAGE_ANOMALY,5
279.03,1.582,402.25,0.911,49.958,14,2,441.425,182.047,-22.75,0.946,49.03,0.042,0.039,0,0,VOLTAGE_ANOMALY,5
272.08,2.211,576.41,0.958,50.013,14,2,601.569,172.511,151.41,1.356,42.08,0.013,0.008,0,0,VOLTAGE_ANOMALY,5
177.72,2.274,375.38,0.929,49.993,14,2,404.135,149.562,-49.62,0.883,52.28,0.007,0.021,0,0,VOLTAGE_ANOMALY,5
270.09,0.955,249.82,0.969,50.031,14,2,257.936,63.726,-175.18,0.588,40.09,0.031,0.019,0,0,VOLTAGE_ANOMALY,5
264.65,1.226,312.83,0.964,50.015,15,2,324.461,86.275,-112.17,0.736,34.65,0.015,0.014,0,0,VOLTAGE_ANOMALY,5
185.69,1.479,262.5,0.956,50.013,15,2,274.636,80.569,-162.5,0.618,44.31,0.013,0.006,0,0,VOLTAGE_ANOMALY,5
188.91,2.976,533.61,0.949,50.068,15,2,562.196,177.247,108.61,1.256,41.09,0.068,0.001,0,0,VOLTAGE_ANOMALY,5
170.29,2.672,418.57,0.92,50.016,15,2,455.015,178.329,-6.43,0.985,59.71,0.016,0.03,0,0,VOLTAGE_ANOMALY,5
175.72,3.759,601.14,0.91,50.031,16,2,660.531,273.862,176.14,1.414,54.28,0.031,0.04,0,0,VOLTAGE_ANOMALY,5
175.38,2.81,462.82,0.939,50.05,16,2,492.818,169.488,37.82,1.089,54.62,0.05,0.011,0,0,VOLTAGE_ANOMALY,5
194.18,1.95,341.49,0.902,49.999,16,2,378.651,163.477,-83.51,0.804,35.82,0.001,0.048,0,0,VOLTAGE_ANOMALY,5
191.72,2.812,489.49,0.908,49.934,16,2,539.117,225.874,64.49,1.152,38.28,0.066,0.042,0,0,VOLTAGE_ANOMALY,5
259.04,3.391,827.54,0.942,50.014,17,2,878.405,294.804,77.54,1.103,29.04,0.014,0.008,0,0,VOLTAGE_ANOMALY,5
266.84,2.389,601.07,0.943,49.946,17,2,637.481,212.149,-148.93,0.801,36.84,0.054,0.007,0,0,VOLTAGE_ANOMALY,5
272.3,3.088,812.15,0.966,49.967,17,2,840.862,217.398,62.15,1.083,42.3,0.033,0.016,0,0,VOLTAGE_ANOMALY,5
266.09,2.772,708.21,0.96,50.008,17,2,737.601,206.528,-41.79,0.944,36.09,0.008,0.01,0,0,VOLTAGE_ANOMALY,5
267.71,3.887,959.5,0.922,50.029,18,2,1040.589,402.905,209.5,1.279,37.71,0.029,0.028,0,0,VOLTAGE_ANOMALY,5
255.32,2.599,606.61,0.914,50.002,18,2,663.577,269.222,-143.39,0.809,25.32,0.002,0.036,0,0,VOLTAGE_ANOMALY,5
261.47,3.5,864.72,0.945,49.95,18,2,915.145,299.317,114.72,1.153,31.47,0.05,0.005,0,0,VOLTAGE_ANOMALY,5
170.45,4.778,789.96,0.97,50.086,18,2,814.41,197.987,39.96,1.053,59.55,0.086,0.02,0,0,VOLTAGE_ANOMALY,5
265.93,2.003,502.39,0.943,50.055,19,2,532.658,177.265,-247.61,0.67,35.93,0.055,0.007,0,0,VOLTAGE_ANOMALY,5
175.72,3.623,628.93,0.988,50.07,19,2,636.634,98.331,-121.07,0.839,54.28,0.07,0.038,0,0,VOLTAGE_ANOMALY,5
273.17,2.647,704.99,0.975,50.072,19,2,723.081,160.672,-45.01,0.94,43.17,0.072,0.025,0,0,VOLTAGE_ANOMALY,5
278.45,3.2,812.54,0.912,49.99,19,2,891.04,365.496,62.54,1.083,48.45,0.01,0.038,0,0,VOLTAGE_ANOMALY,5
279.01,2.816,721.15,0.918,49.933,20,2,785.692,311.59,-28.85,0.962,49.01,0.067,0.032,0,0,VOLTAGE_ANOMALY,5
257.98,2.353,597.93,0.985,50.053,20,2,607.027,104.745,-152.07,0.797,27.98,0.053,0.035,0,0,VOLTAGE_ANOMALY,5
257.34,3.831,902.96,0.916,50.029,20,2,985.87,395.509,152.96,1.204,27.34,0.029,0.034,0,0,VOLTAGE_ANOMALY,5
184.29,2.941,535.55,0.988,50.035,20,2,541.997,83.714,-214.45,0.714,45.71,0.035,0.038,0,0,VOLTAGE_ANOMALY,5
271.51,3.58,959.34,0.987,50.048,21,2,972.006,156.221,209.34,1.279,41.51,0.048,0.037,0,0,VOLTAGE_ANOMALY,5
275.61,2.473,626.41,0.919,49.976,21,2,681.584,268.719,-123.59,0.835,45.61,0.024,0.031,0,0,VOLTAGE_ANOMALY,5
260.71,3.092,792.33,0.983,50.011,21,2,806.115,148.007,42.33,1.056,30.71,0.011,0.033,0,0,VOLTAGE_ANOMALY,5
177.94,5.143,848.26,0.927,49.989,21,2,915.145,343.236,98.26,1.131,52.06,0.011,0.023,0,0,VOLTAGE_ANOMALY,5
268.05,1.898,485.42,0.954,49.948,22,2,508.759,152.529,135.42,1.387,38.05,0.052,0.004,0,0,VOLTAGE_ANOMALY,5
266.51,1.988,484.9,0.915,50.018,22,2,529.822,213.759,134.9,1.385,36.51,0.018,0.035,0,0,VOLTAGE_ANOMALY,5
267.33,1.535,400.82,0.977,49.917,22,2,410.352,87.503,50.82,1.145,37.33,0.083,0.027,0,0,VOLTAGE_ANOMALY,5
172.0,2.642,448.96,0.988,49.976,22,2,454.424,70.188,98.96,1.283,58.0,0.024,0.038,0,0,VOLTAGE_ANOMALY,5
187.68,2.049,354.16,0.921,49.958,23,2,384.556,149.809,4.16,1.012,42.32,0.042,0.029,0,0,VOLTAGE_ANOMALY,5
176.82,1.505,247.55,0.93,50.032,23,2,266.114,97.813,-102.45,0.707,53.18,0.032,0.02,0,0,VOLTAGE_ANOMALY,5
192.02,1.165,206.11,0.921,50.082,23,2,223.703,87.146,-143.89,0.589,37.98,0.082,0.029,0,0,VOLTAGE_ANOMALY,5
171.66,2.64,430.92,0.951,49.993,23,2,453.182,140.12,80.92,1.231,58.34,0.007,0.001,0,0,VOLTAGE_ANOMALY,5
183.82,1.035,173.46,0.912,49.945,0,3,190.254,78.04,43.46,1.334,46.18,0.055,0.038,1,0,VOLTAGE_ANOMALY,5
278.52,0.373,97.22,0.935,49.995,0,3,103.888,36.844,-32.78,0.748,48.52,0.005,0.015,1,0,VOLTAGE_ANOMALY,5
178.7,1.009,177.41,0.984,49.954,0,3,180.308,32.125,47.41,1.365,51.3,0.046,0.034,1,0,VOLTAGE_ANOMALY,5
186.46,0.665,120.62,0.973,50.008,0,3,123.996,28.619,-9.38,0.928,43.54,0.008,0.023,1,0,VOLTAGE_ANOMALY,5
271.57,0.576,142.51,0.911,50.045,1,3,156.424,64.51,12.51,1.096,41.57,0.045,0.039,1,0,VOLTAGE_ANOMALY,5
271.38,0.194,52.14,0.988,50.105,1,3,52.648,8.132,-77.86,0.401,41.38,0.105,0.038,1,0,VOLTAGE_ANOMALY,5
180.91,0.587,105.04,0.989,50.022,1,3,106.194,15.708,-24.96,0.808,49.09,0.022,0.039,1,0,VOLTAGE_ANOMALY,5
177.27,0.448,77.25,0.973,50.015,1,3,79.417,18.33,-52.75,0.594,52.73,0.015,0.023,1,0,VOLTAGE_ANOMALY,5
258.99,0.632,161.28,0.986,50.034,2,3,163.682,27.293,31.28,1.241,28.99,0.034,0.036,1,0,VOLTAGE_ANOMALY,5
184.75,0.829,140.05,0.914,50.054,2,3,153.158,62.138,10.05,1.077,45.25,0.054,0.036,1,0,VOLTAGE_ANOMALY,5
277.47,0.376,100.7,0.966,49.95,2,3,104.329,26.973,-29.3,0.775,47.47,0.05,0.016,1,0,VOLTAGE_ANOMALY,5
177.02,0.731,125.56,0.97,50.009,2,3,129.402,31.458,-4.44,0.966,52.98,0.009,0.02,1,0,VOLTAGE_ANOMALY,5
190.84,0.977,171.24,0.918,50.035,3,3,186.451,73.943,41.24,1.317,39.16,0.035,0.032,1,0,VOLTAGE_ANOMALY,5
269.19,0.366,89.94,0.913,50.028,3,3,98.524,40.194,-40.06,0.692,39.19,0.028,0.037,1,0,VOLTAGE_ANOMALY,5
267.82,0.551,141.73,0.961,50.028,3,3,147.569,40.81,11.73,1.09,37.82,0.028,0.011,1,0,VOLTAGE_ANOMALY,5
173.8,0.728,118.56,0.937,50.038,3,3,126.526,44.199,-11.44,0.912,56.2,0.038,0.013,1,0,VOLTAGE_ANOMALY,5
188.93,0.801,139.76,0.924,50.046,4,3,151.333,57.869,9.76,1.075,41.07,0.046,0.026,1,0,VOLTAGE_ANOMALY,5
272.8,0.559,148.08,0.971,50.03,4,3,152.495,36.458,18.08,1.139,42.8,0.03,0.021,1,0,VOLTAGE_ANOMALY,5
257.95,0.378,95.26,0.978,50.057,4,3,97.505,20.34,-34.74,0.733,27.95,0.057,0.028,1,0,VOLTAGE_ANOMALY,5
272.15,0.521,138.93,0.98,50.047,4,3,141.79,28.216,8.93,1.069,42.15,0.047,0.03,1,0,VOLTAGE_ANOMALY,5
182.67,0.598,100.66,0.922,49.945,5,3,109.237,42.295,-29.34,0.774,47.33,0.055,0.028,1,0,VOLTAGE_ANOMALY,5
170.46,1.038,164.36,0.929,50.142,5,3,176.937,65.481,34.36,1.264,59.54,0.142,0.021,1,0,VOLTAGE_ANOMALY,5
270.17,0.577,154.11,0.989,49.953,5,3,155.888,23.058,24.11,1.185,40.17,0.047,0.039,1,0,VOLTAGE_ANOMALY,5
186.93,0.519,89.75,0.925,49.938,5,3,97.017,36.863,-40.25,0.69,43.07,0.062,0.025,1,0,VOLTAGE_ANOMALY,5
191.93,2.948,533.62,0.943,49.986,6,3,565.81,188.297,33.62,1.067,38.07,0.014,0.007,0,0,VOLTAGE_ANOMALY,5
172.03,2.607,443.47,0.989,50.003,6,3,448.482,66.337,-56.53,0.887,57.97,0.003,0.039,0,0,VOLTAGE_ANOMALY,5
178.71,2.696,468.87,0.973,50.095,6,3,481.802,111.202,-31.13,0.938,51.29,0.095,0.023,0,0,VOLTAGE_ANOMALY,5
191.16,3.789,674.31,0.931,50.109,6,3,724.305,264.385,174.31,1.349,38.84,0.109,0.019,0,0,VOLTAGE_ANOMALY,5
189.94,2.669,478.12,0.943,49.897,7,3,506.95,168.709,-21.88,0.956,40.06,0.103,0.007,0,0,VOLTAGE_ANOMALY,5
273.07,2.067,527.82,0.935,50.013,7,3,564.436,200.176,27.82,1.056,43.07,0.013,0.015,0,0,VOLTAGE_ANOMALY,5
190.25,3.735,657.92,0.926,49.996,7,3,710.584,268.262,157.92,1.316,39.75,0.004,0.024,0,0,VOLTAGE_ANOMALY,5
176.42,3.564,621.86,0.989,50.075,7,3,628.761,93.003,121.86,1.244,53.58,0.075,0.039,0,0,VOLTAGE_ANOMALY,5
277.77,1.704,433.08,0.915,49.971,8,3,473.32,190.963,-66.92,0.866,47.77,0.029,0.035,0,0,VOLTAGE_ANOMALY,5
262.72,2.045,487.89,0.908,49.938,8,3,537.262,225.097,-12.11,0.976,32.72,0.062,0.042,0,0,VOLTAGE_ANOMALY,5
175.11,3.095,512.21,0.945,50.005,8,3,541.965,177.261,12.21,1.024,54.89,0.005,0.005,0,0,VOLTAGE_ANOMALY,5
261.17,2.394,586.49,0.938,50.027,8,3,625.241,216.731,86.49,1.173,31.17,0.027,0.012,0,0,VOLTAGE_ANOMALY,5
176.22,2.568,445.25,0.984,49.999,9,3,452.533,80.627,20.25,1.048,53.78,0.001,0.034,0,0,VOLTAGE_ANOMALY,5
266.29,1.085,269.9,0.934,50.104,9,3,288.925,103.225,-155.1,0.635,36.29,0.104,0.016,0,0,VOLTAGE_ANOMALY,5
181.12,3.691,602.96,0.902,49.962,9,3,668.514,288.622,177.96,1.419,48.88,0.038,0.048,0,0,VOLTAGE_ANOMALY,5
266.57,1.953,494.56,0.95,49.933,9,3,520.611,162.561,69.56,1.164,36.57,0.067,0.0,0,0,VOLTAGE_ANOMALY,5
188.69,2.165,374.57,0.917,49.961,10,3,408.514,162.951,-50.43,0.881,41.31,0.039,0.033,0,0,VOLTAGE_ANOMALY,5
188.83,3.143,544.75,0.918,50.025,10,3,593.493,235.368,119.75,1.282,41.17,0.025,0.032,0,0,VOLTAGE_ANOMALY,5
259.51,1.28,311.28,0.937,50.04,10,3,332.173,116.038,-113.72,0.732,29.51,0.04,0.013,0,0,VOLTAGE_ANOMALY,5
274.21,1.734,428.3,0.901,50.04,10,3,475.48,206.272,3.3,1.008,44.21,0.04,0.049,0,0,VOLTAGE_ANOMALY,5
255.78,2.322,572.44,0.964,50.02,11,3,593.921,157.925,147.44,1.347,25.78,0.02,0.014,0,0,VOLTAGE_ANOMALY,5
255.59,1.437,363.63,0.99,49.989,11,3,367.283,51.812,-61.37,0.856,25.59,0.011,0.04,0,0,VOLTAGE_ANOMALY,5
265.82,2.372,577.51,0.916,50.053,11,3,630.525,252.953,152.51,1.359,35.82,0.053,0.034,0,0,VOLTAGE_ANOMALY,5
176.7,3.272,541.15,0.936,50.042,11,3,578.162,203.513,116.15,1.273,53.3,0.042,0.014,0,0,VOLTAGE_ANOMALY,5
185.77,2.308,387.19,0.903,50.037,12,3,428.757,184.211,-37.81,0.911,44.23,0.037,0.047,0,0,VOLTAGE_ANOMALY,5
187.16,2.441,416.16,0.911,49.939,12,3,456.858,188.411,-8.84,0.979,42.84,0.061,0.039,0,0,VOLTAGE_ANOMALY,5
190.82,2.337,422.77,0.948,49.96,12,3,445.946,141.931,-2.23,0.995,39.18,0.04,0.002,0,0,VOLTAGE_ANOMALY,5
279.74,1.546,420.42,0.972,50.006,12,3,432.478,101.624,-4.58,0.989,49.74,0.006,0.022,0,0,VOLTAGE_ANOMALY,5
176.82,1.915,320.02,0.945,49.988,13,3,338.61,110.749,-104.98,0.753,53.18,0.012,0.005,0,0,VOLTAGE_ANOMALY,5
183.57,2.799,497.29,0.968,50.028,13,3,513.812,128.941,72.29,1.17,46.43,0.028,0.018,0,0,VOLTAGE_ANOMALY,5
170.4,3.465,541.48,0.917,49.976,13,3,590.436,235.517,116.48,1.274,59.6,0.024,0.033,0,0,VOLTAGE_ANOMALY,5
267.72,2.084,519.49,0.931,50.01,13,3,557.928,203.655,94.49,1.222,37.72,0.01,0.019,0,0,VOLTAGE_ANOMALY,5
263.06,2.198,522.8,0.904,49.993,14,3,578.206,247.202,97.8,1.23,33.06,0.007,0.046,0,0,VOLTAGE_ANOMALY,5
276.37,1.123,288.1,0.928,49.977,14,3,310.364,115.635,-136.9,0.678,46.37,0.023,0.022,0,0,VOLTAGE_ANOMALY,5
174.89,2.16,355.77,0.942,49.976,14,3,377.762,126.782,-69.23,0.837,55.11,0.024,0.008,0,0,VOLTAGE_ANOMALY,5
193.44,1.657,292.68,0.913,50.024,14,3,320.53,130.763,-132.32,0.689,36.56,0.024,0.037,0,0,VOLTAGE_ANOMALY,5
183.0,2.472,443.8,0.981,49.995,15,3,452.376,87.764,18.8,1.044,47.0,0.005,0.031,0,0,VOLTAGE_ANOMALY,5
267.14,1.384,339.03,0.917,50.037,15,3,369.722,147.477,-85.97,0.798,37.14,0.037,0.033,0,0,VOLTAGE_ANOMALY,5
259.21,2.158,535.87,0.958,49.947,15,3,559.375,160.411,110.87,1.261,29.21,0.053,0.008,0,0,VOLTAGE_ANOMALY,5
174.31,3.046,506.59,0.954,50.014,15,3,530.948,159.182,81.59,1.192,55.69,0.014,0.004,0,0,VOLTAGE_ANOMALY,5
175.46,1.623,281.64,0.989,49.947,16,3,284.772,42.122,-143.36,0.663,54.54,0.053,0.039,0,0,VOLTAGE_ANOMALY,5
190.89,2.497,442.33,0.928,49.929,16,3,476.652,177.591,17.33,1.041,39.11,0.071,0.022,0,0,VOLTAGE_ANOMALY,5
178.19,3.294,545.24,0.929,49.948,16,3,586.958,217.221,120.24,1.283,51.81,0.052,0.021,0,0,VOLTAGE_ANOMALY,5
255.05,2.321,544.58,0.92,50.084,16,3,591.971,232.004,119.58,1.281,25.05,0.084,0.03,0,0,VOLTAGE_ANOMALY,5
174.54,6.123,986.41,0.923,50.007,17,3,1068.708,411.239,236.41,1.315,55.46,0.007,0.027,0,0,VOLTAGE_ANOMALY,5
277.09,2.536,685.25,0.975,50.031,17,3,702.7,156.143,-64.75,0.914,47.09,0.031,0.025,0,0,VOLTAGE_ANOMALY,5
185.95,4.853,866.38,0.96,50.054,17,3,902.415,252.676,116.38,1.155,44.05,0.054,0.01,0,0,VOLTAGE_ANOMALY,5
278.95,1.881,507.39,0.967,50.039,17,3,524.705,133.682,-242.61,0.677,48.95,0.039,0.017,0,0,VOLTAGE_ANOMALY,5
270.34,3.827,935.38,0.904,49.984,18,3,1034.591,442.321,185.38,1.247,40.34,0.016,0.046,0,0,VOLTAGE_ANOMALY,5
255.03,4.197,966.52,0.903,49.997,18,3,1070.361,459.87,216.52,1.289,25.03,0.003,0.047,0,0,VOLTAGE_ANOMALY,5
190.41,4.132,757.63,0.963,50.002,18,3,786.774,212.037,7.63,1.01,39.59,0.002,0.013,0,0,VOLTAGE_ANOMALY,5
187.61,3.339,580.78,0.927,49.95,18,3,626.43,234.95,-169.22,0.774,42.39,0.05,0.023,0,0,VOLTAGE_ANOMALY,5
263.04,3.577,919.27,0.977,49.89,19,3,940.894,200.636,169.27,1.226,33.04,0.11,0.027,0,0,VOLTAGE_ANOMALY,5
192.07,5.229,951.06,0.947,49.909,19,3,1004.334,322.626,201.06,1.268,37.93,0.091,0.003,0,0,VOLTAGE_ANOMALY,5
268.11,2.307,557.21,0.901,49.991,19,3,618.53,268.33,-192.79,0.743,38.11,0.009,0.049,0,0,VOLTAGE_ANOMALY,5
272.04,2.545,648.13,0.936,49.974,19,3,692.342,243.704,-101.87,0.864,42.04,0.026,0.014,0,0,VOLTAGE_ANOMALY,5
176.29,5.994,979.57,0.927,49.945,20,3,1056.682,396.321,229.57,1.306,53.71,0.055,0.023,0,0,VOLTAGE_ANOMALY,5
265.31,2.592,629.18,0.915,50.08,20,3,687.684,277.449,-120.82,0.839,35.31,0.08,0.035,0,0,VOLTAGE_ANOMALY,5
261.38,3.406,856.44,0.962,49.998,20,3,890.26,243.085,106.44,1.142,31.38,0.002,0.012,0,0,VOLTAGE_ANOMALY,5
267.06,2.678,703.02,0.983,49.961,20,3,715.187,131.312,-46.98,0.937,37.06,0.039,0.033,0,0,VOLTAGE_ANOMALY,5
183.93,4.862,849.6,0.95,50.009,21,3,894.268,279.235,99.6,1.133,46.07,0.009,0.0,0,0,VOLTAGE_ANOMALY,5
275.67,3.435,908.05,0.959,49.959,21,3,946.926,268.365,158.05,1.211,45.67,0.041,0.009,0,0,VOLTAGE_ANOMALY,5
192.68,5.66,996.8,0.914,49.972,21,3,1090.569,442.459,246.8,1.329,37.32,0.028,0.036,0,0,VOLTAGE_ANOMALY,5
187.93,3.912,696.93,0.948,50.036,21,3,735.182,233.987,-53.07,0.929,42.07,0.036,0.002,0,0,VOLTAGE_ANOMALY,5
176.27,2.608,428.96,0.933,49.999,22,3,459.712,165.44,78.96,1.226,53.73,0.001,0.017,0,0,VOLTAGE_ANOMALY,5
273.26,1.625,405.4,0.913,49.982,22,3,444.048,181.153,55.4,1.158,43.26,0.018,0.037,0,0,VOLTAGE_ANOMALY,5
261.67,1.354,335.4,0.947,50.048,22,3,354.301,113.813,-14.6,0.958,31.67,0.048,0.003,0,0,VOLTAGE_ANOMALY,5
193.46,2.396,428.74,0.925,49.926,22,3,463.53,176.126,78.74,1.225,36.54,0.074,0.025,0,0,VOLTAGE_ANOMALY,5
172.86,1.463,246.07,0.973,50.021,23,3,252.894,58.369,-103.93,0.703,57.14,0.021,0.023,0,0,VOLTAGE_ANOMALY,5
269.32,1.752,435.44,0.923,50.068,23,3,471.849,181.567,85.44,1.244,39.32,0.068,0.027,0,0,VOLTAGE_ANOMALY,5
170.19,1.982,326.25,0.967,49.972,23,3,337.317,85.94,-23.75,0.932,59.81,0.028,0.017,0,0,VOLTAGE_ANOMALY,5
261.38,1.796,442.14,0.942,49.97,23,3,469.438,157.55,92.14,1.263,31.38,0.03,0.008,0,0,VOLTAGE_ANOMALY,5
172.13,0.639,102.7,0.934,50.01,0,4,109.991,39.297,-27.3,0.79,57.87,0.01,0.016,1,0,VOLTAGE_ANOMALY,5
186.99,0.972,165.2,0.909,50.066,0,4,181.754,75.754,35.2,1.271,43.01,0.066,0.041,1,0,VOLTAGE_ANOMALY,5
177.07,0.903,153.44,0.96,49.92,0,4,159.894,44.77,23.44,1.18,52.93,0.08,0.01,1,0,VOLTAGE_ANOMALY,5
172.13,1.065,180.51,0.985,50.026,0,4,183.318,31.632,50.51,1.389,57.87,0.026,0.035,1,0,VOLTAGE_ANOMALY,5
172.69,0.546,88.86,0.942,50.016,1,4,94.289,31.645,-41.14,0.684,57.31,0.016,0.008,1,0,VOLTAGE_ANOMALY,5
262.97,0.36,88.12,0.93,49.916,1,4,94.669,34.797,-41.88,0.678,32.97,0.084,0.02,1,0,VOLTAGE_ANOMALY,5
194.69,0.727,137.74,0.973,50.047,1,4,141.54,32.668,7.74,1.06,35.31,0.047,0.023,1,0,VOLTAGE_ANOMALY,5
269.71,0.496,131.78,0.986,50.052,1,4,133.776,22.307,1.78,1.014,39.71,0.052,0.036,1,0,VOLTAGE_ANOMALY,5
270.72,0.364,94.4,0.958,50.004,2,4,98.542,28.259,-35.6,0.726,40.72,0.004,0.008,1,0,VOLTAGE_ANOMALY,5
264.84,0.661,164.6,0.94,49.961,2,4,175.059,59.726,34.6,1.266,34.84,0.039,0.01,1,0,VOLTAGE_ANOMALY,5
266.08,0.359,91.23,0.956,50.052,2,4,95.523,28.023,-38.77,0.702,36.08,0.052,0.006,1,0,VOLTAGE_ANOMALY,5
187.63,0.937,173.66,0.988,49.966,2,4,175.809,27.154,43.66,1.336,42.37,0.034,0.038,1,0,VOLTAGE_ANOMALY,5
177.16,0.531,87.28,0.927,49.946,3,4,94.072,35.283,-42.72,0.671,52.84,0.054,0.023,1,0,VOLTAGE_ANOMALY,5
181.55,0.892,154.83,0.956,49.974,3,4,161.943,47.509,24.83,1.191,48.45,0.026,0.006,1,0,VOLTAGE_ANOMALY,5
262.46,0.462,117.62,0.969,50.006,3,4,121.257,29.958,-12.38,0.905,32.46,0.006,0.019,1,0,VOLTAGE_ANOMALY,5
275.25,0.663,175.97,0.964,49.929,3,4,182.491,48.525,45.97,1.354,45.25,0.071,0.014,1,0,VOLTAGE_ANOMALY,5
189.19,0.43,76.31,0.939,49.984,4,4,81.352,27.978,-53.69,0.587,40.81,0.016,0.011,1,0,VOLTAGE_ANOMALY,5
174.78,0.855,138.91,0.93,49.942,4,4,149.437,54.927,8.91,1.069,55.22,0.058,0.02,1,0,VOLTAGE_ANOMALY,5
259.73,0.296,70.42,0.917,50.044,4,4,76.88,30.666,-59.58,0.542,29.73,0.044,0.033,1,0,VOLTAGE_ANOMALY,5
273.96,0.651,162.16,0.909,49.99,4,4,178.348,74.335,32.16,1.247,43.96,0.01,0.041,1,0,VOLTAGE_ANOMALY,5
263.4,0.429,102.39,0.907,50.062,5,4,112.999,47.587,-27.61,0.788,33.4,0.062,0.043,1,0,VOLTAGE_ANOMALY,5
184.63,0.919,162.21,0.956,50.043,5,4,169.675,49.777,32.21,1.248,45.37,0.043,0.006,1,0,VOLTAGE_ANOMALY,5
274.44,0.411,103.18,0.915,50.066,5,4,112.795,45.508,-26.82,0.794,44.44,0.066,0.035,1,0,VOLTAGE_ANOMALY,5
277.04,0.448,122.65,0.989,49.959,5,4,124.114,18.358,-7.35,0.943,47.04,0.041,0.039,1,0,VOLTAGE_ANOMALY,5
270.54,2.294,600.74,0.968,49.99,6,4,620.619,155.744,100.74,1.201,40.54,0.01,0.018,0,0,VOLTAGE_ANOMALY,5
180.84,3.098,554.01,0.989,50.034,6,4,560.242,82.869,54.01,1.108,49.16,0.034,0.039,0,0,VOLTAGE_ANOMALY,5
186.03,2.419,406.31,0.903,49.882,6,4,450.007,193.341,-93.69,0.813,43.97,0.118,0.047,0,0,VOLTAGE_ANOMALY,5
260.56,2.557,632.98,0.95,49.967,6,4,666.252,208.037,132.98,1.266,30.56,0.033,0.0,0,0,VOLTAGE_ANOMALY,5
174.99,2.146,348.09,0.927,49.989,7,4,375.529,140.846,-151.91,0.696,55.01,0.011,0.023,0,0,VOLTAGE_ANOMALY,5
174.37,2.417,388.65,0.922,50.02,7,4,421.452,163.182,-111.35,0.777,55.63,0.02,0.028,0,0,VOLTAGE_ANOMALY,5
189.26,1.889,324.3,0.907,49.964,7,4,357.512,150.559,-175.7,0.649,40.74,0.036,0.043,0,0,VOLTAGE_ANOMALY,5
174.72,2.736,459.89,0.962,49.966,7,4,478.034,130.527,-40.11,0.92,55.28,0.034,0.012,0,0,VOLTAGE_ANOMALY,5
259.63,1.998,497.04,0.958,50.036,8,4,518.741,148.758,-2.96,0.994,29.63,0.036,0.008,0,0,VOLTAGE_ANOMALY,5
194.65,2.426,458.11,0.97,49.97,8,4,472.221,114.799,-41.89,0.916,35.35,0.03,0.02,0,0,VOLTAGE_ANOMALY,5
261.52,2.29,557.57,0.931,49.966,8,4,598.881,218.603,57.57,1.115,31.52,0.034,0.019,0,0,VOLTAGE_ANOMALY,5
187.0,1.805,321.04,0.951,49.995,8,4,337.535,104.363,-178.96,0.642,43.0,0.005,0.001,0,0,VOLTAGE_ANOMALY,5
278.61,2.111,568.69,0.967,50.082,9,4,588.146,149.846,143.69,1.338,48.61,0.082,0.017,0,0,VOLTAGE_ANOMALY,5
180.31,3.121,510.4,0.907,49.92,9,4,562.748,236.99,85.4,1.201,49.69,0.08,0.043,0,0,VOLTAGE_ANOMALY,5
261.59,1.922,472.73,0.94,50.044,9,4,502.776,171.534,47.73,1.112,31.59,0.044,0.01,0,0,VOLTAGE_ANOMALY,5
256.45,1.785,414.21,0.905,49.972,9,4,457.763,194.738,-10.79,0.975,26.45,0.028,0.045,0,0,VOLTAGE_ANOMALY,5
271.99,2.262,577.73,0.939,50.014,10,4,615.241,211.592,152.73,1.359,41.99,0.014,0.011,0,0,VOLTAGE_ANOMALY,5
184.4,1.779,312.06,0.951,49.932,10,4,328.048,101.429,-112.94,0.734,45.6,0.068,0.001,0,0,VOLTAGE_ANOMALY,5
258.56,2.132,500.58,0.908,49.926,10,4,551.25,230.957,75.58,1.178,28.56,0.074,0.042,0,0,VOLTAGE_ANOMALY,5
185.28,2.918,504.98,0.934,50.006,10,4,540.647,193.159,79.98,1.188,44.72,0.006,0.016,0,0,VOLTAGE_ANOMALY,5
187.14,1.959,331.48,0.904,49.998,11,4,366.607,156.737,-93.52,0.78,42.86,0.002,0.046,0,0,VOLTAGE_ANOMALY,5
181.03,2.547,420.03,0.911,49.935,11,4,461.083,190.154,-4.97,0.988,48.97,0.065,0.039,0,0,VOLTAGE_ANOMALY,5
194.85,2.612,494.21,0.971,50.09,11,4,508.948,121.679,69.21,1.163,35.15,0.09,0.021,0,0,VOLTAGE_ANOMALY,5
194.39,2.215,417.29,0.969,49.938,11,4,430.574,106.378,-7.71,0.982,35.61,0.062,0.019,0,0,VOLTAGE_ANOMALY,5
192.1,2.521,456.64,0.943,50.011,12,4,484.284,161.166,31.64,1.074,37.9,0.011,0.007,0,0,VOLTAGE_ANOMALY,5
263.74,2.211,569.03,0.976,49.9,12,4,583.129,126.988,144.03,1.339,33.74,0.1,0.026,0,0,VOLTAGE_ANOMALY,5
170.16,1.892,301.72,0.937,49.931,12,4,321.943,112.464,-123.28,0.71,59.84,0.069,0.013,0,0,VOLTAGE_ANOMALY,5
275.62,1.788,487.31,0.989,50.047,12,4,492.809,72.894,62.31,1.147,45.62,0.047,0.039,0,0,VOLTAGE_ANOMALY,5
171.69,3.501,560.76,0.933,50.03,13,4,601.087,216.317,135.76,1.319,58.31,0.03,0.017,0,0,VOLTAGE_ANOMALY,5
186.87,2.713,483.63,0.954,50.04,13,4,506.978,151.995,58.63,1.138,43.13,0.04,0.004,0,0,VOLTAGE_ANOMALY,5
173.23,3.445,567.49,0.951,49.957,13,4,596.777,184.518,142.49,1.335,56.77,0.043,0.001,0,0,VOLTAGE_ANOMALY,5
181.7,1.653,277.44,0.924,49.926,13,4,300.35,114.852,-147.56,0.653,48.3,0.074,0.026,0,0,VOLTAGE_ANOMALY,5
174.67,3.047,522.12,0.981,49.967,14,4,532.219,103.255,97.12,1.229,55.33,0.033,0.031,0,0,VOLTAGE_ANOMALY,5
264.36,1.254,320.18,0.966,49.999,14,4,331.507,85.709,-104.82,0.753,34.36,0.001,0.016,0,0,VOLTAGE_ANOMALY,5
269.04,0.996,245.27,0.915,50.005,14,4,267.964,108.111,-179.73,0.577,39.04,0.005,0.035,0,0,VOLTAGE_ANOMALY,5
262.5,2.299,557.1,0.923,50.046,14,4,603.487,232.222,132.1,1.311,32.5,0.046,0.027,0,0,VOLTAGE_ANOMALY,5
274.12,2.294,577.27,0.918,49.988,15,4,628.831,249.382,152.27,1.358,44.12,0.012,0.032,0,0,VOLTAGE_ANOMALY,5
171.56,2.639,412.94,0.912,50.038,15,4,452.747,185.712,-12.06,0.972,58.44,0.038,0.038,0,0,VOLTAGE_ANOMALY,5
193.73,2.01,383.13,0.984,49.966,15,4,389.397,69.378,-41.87,0.901,36.27,0.034,0.034,0,0,VOLTAGE_ANOMALY,5
193.9,3.298,598.57,0.936,50.042,15,4,639.482,225.098,173.57,1.408,36.1,0.042,0.014,0,0,VOLTAGE_ANOMALY,5
257.9,1.353,332.47,0.953,49.983,16,4,348.939,105.718,-92.53,0.782,27.9,0.017,0.003,0,0,VOLTAGE_ANOMALY,5
183.08,2.557,432.5,0.924,49.959,16,4,468.136,179.012,7.5,1.018,46.92,0.041,0.026,0,0,VOLTAGE_ANOMALY,5
181.71,1.541,271.11,0.968,50.02,16,4,280.015,70.27,-153.89,0.638,48.29,0.02,0.018,0,0,VOLTAGE_ANOMALY,5
188.38,2.016,345.29,0.909,49.961,16,4,379.774,158.288,-79.71,0.812,41.62,0.039,0.041,0,0,VOLTAGE_ANOMALY,5
177.88,4.109,691.36,0.946,50.061,17,4,730.909,236.936,-58.64,0.922,52.12,0.061,0.004,0,0,VOLTAGE_ANOMALY,5
264.05,3.367,807.26,0.908,49.96,17,4,889.056,372.488,57.26,1.076,34.05,0.04,0.042,0,0,VOLTAGE_ANOMALY,5
268.66,3.194,778.32,0.907,49.958,17,4,858.1,361.372,28.32,1.038,38.66,0.042,0.043,0,0,VOLTAGE_ANOMALY,5
178.29,3.169,545.86,0.966,49.932,17,4,565.001,146.077,-204.14,0.728,51.71,0.068,0.016,0,0,VOLTAGE_ANOMALY,5
275.17,3.701,963.36,0.946,49.977,18,4,1018.404,330.133,213.36,1.284,45.17,0.023,0.004,0,0,VOLTAGE_ANOMALY,5
278.13,2.074,524.93,0.91,50.001,18,4,576.842,239.163,-225.07,0.7,48.13,0.001,0.04,0,0,VOLTAGE_ANOMALY,5
260.42,4.015,948.38,0.907,49.953,18,4,1045.586,440.328,198.38,1.265,30.42,0.047,0.043,0,0,VOLTAGE_ANOMALY,5
264.53,2.889,741.26,0.97,50.076,18,4,764.227,185.787,-8.74,0.988,34.53,0.076,0.02,0,0,VOLTAGE_ANOMALY,5
175.63,5.199,901.26,0.987,49.962,19,4,913.1,146.754,151.26,1.202,54.37,0.038,0.037,0,0,VOLTAGE_ANOMALY,5
276.33,3.237,821.21,0.918,50.136,19,4,894.48,354.733,71.21,1.095,46.33,0.136,0.032,0,0,VOLTAGE_ANOMALY,5
174.21,3.966,635.7,0.92,49.944,19,4,690.917,270.783,-114.3,0.848,55.79,0.056,0.03,0,0,VOLTAGE_ANOMALY,5
273.46,2.806,704.32,0.918,49.947,19,4,767.329,304.308,-45.68,0.939,43.46,0.053,0.032,0,0,VOLTAGE_ANOMALY,5
181.73,4.065,706.17,0.956,50.028,20,4,738.732,216.719,-43.83,0.942,48.27,0.028,0.006,0,0,VOLTAGE_ANOMALY,5
260.61,3.632,904.78,0.956,50.059,20,4,946.536,277.682,154.78,1.206,30.61,0.059,0.006,0,0,VOLTAGE_ANOMALY,5
184.31,4.317,755.95,0.95,49.984,20,4,795.666,248.447,5.95,1.008,45.69,0.016,0.0,0,0,VOLTAGE_ANOMALY,5
271.22,2.603,663.56,0.94,49.968,20,4,705.986,240.864,-86.44,0.885,41.22,0.032,0.01,0,0,VOLTAGE_ANOMALY,5
193.28,3.103,564.37,0.941,50.031,21,4,599.748,202.959,-185.63,0.752,36.72,0.031,0.009,0,0,VOLTAGE_ANOMALY,5
192.65,4.518,859.01,0.987,50.022,21,4,870.393,139.89,109.01,1.145,37.35,0.022,0.037,0,0,VOLTAGE_ANOMALY,5
276.75,2.348,623.86,0.96,49.996,21,4,649.809,181.947,-126.14,0.832,46.75,0.004,0.01,0,0,VOLTAGE_ANOMALY,5
190.94,3.044,560.87,0.965,50.029,21,4,581.221,152.425,-189.13,0.748,39.06,0.029,0.015,0,0,VOLTAGE_ANOMALY,5
192.43,1.904,344.43,0.94,49.996,22,4,366.387,125.002,-5.57,0.984,37.57,0.004,0.01,0,0,VOLTAGE_ANOMALY,5
186.53,2.579,435.78,0.906,49.875,22,4,481.061,203.622,85.78,1.245,43.47,0.125,0.044,0,0,VOLTAGE_ANOMALY,5
264.98,1.43,351.14,0.927,49.985,22,4,378.921,142.119,1.14,1.003,34.98,0.015,0.023,0,0,VOLTAGE_ANOMALY,5
180.02,2.552,453.94,0.988,50.026,22,4,459.411,70.958,103.94,1.297,49.98,0.026,0.038,0,0,VOLTAGE_ANOMALY,5
185.5,1.436,243.45,0.914,49.972,23,4,266.378,108.073,-106.55,0.696,44.5,0.028,0.036,0,0,VOLTAGE_ANOMALY,5
273.42,0.943,237.9,0.923,50.098,23,4,257.835,99.215,-112.1,0.68,43.42,0.098,0.027,0,0,VOLTAGE_ANOMALY,5
188.35,1.22,224.81,0.978,49.962,23,4,229.787,47.935,-125.19,0.642,41.65,0.038,0.028,0,0,VOLTAGE_ANOMALY,5
268.82,1.441,378.36,0.977,49.909,23,4,387.37,82.602,28.36,1.081,38.82,0.091,0.027,0,0,VOLTAGE_ANOMALY,5
264.4,0.391,97.78,0.947,49.986,0,5,103.38,33.209,-32.22,0.752,34.4,0.014,0.003,1,0,VOLTAGE_ANOMALY,5
257.18,0.426,103.96,0.949,50.002,0,5,109.559,34.541,-26.04,0.8,27.18,0.002,0.001,1,0,VOLTAGE_ANOMALY,5
272.21,0.691,174.41,0.927,49.94,0,5,188.097,70.548,44.41,1.342,42.21,0.06,0.023,1,0,VOLTAGE_ANOMALY,5
187.85,1.036,184.31,0.947,50.025,0,5,194.613,62.516,54.31,1.418,42.15,0.025,0.003,1,0,VOLTAGE_ANOMALY,5
263.8,0.407,100.98,0.941,50.084,1,5,107.367,36.334,-29.02,0.777,33.8,0.084,0.009,1,0,VOLTAGE_ANOMALY,5
271.98,0.67,173.4,0.951,49.944,1,5,182.227,56.343,43.4,1.334,41.98,0.056,0.001,1,0,VOLTAGE_ANOMALY,5
268.87,0.379,96.87,0.951,50.021,1,5,101.902,31.507,-33.13,0.745,38.87,0.021,0.001,1,0,VOLTAGE_ANOMALY,5
186.69,0.95,163.15,0.92,50.038,1,5,177.355,69.509,33.15,1.255,43.31,0.038,0.03,1,0,VOLTAGE_ANOMALY,5
260.69,0.413,104.42,0.971,50.047,2,5,107.665,25.74,-25.58,0.803,30.69,0.047,0.021,1,0,VOLTAGE_ANOMALY,5
192.9,0.85,160.98,0.982,49.983,2,5,163.965,30.97,30.98,1.238,37.1,0.017,0.032,1,0,VOLTAGE_ANOMALY,5
259.39,0.411,103.16,0.967,49.96,2,5,106.609,27.162,-26.84,0.794,29.39,0.04,0.017,1,0,VOLTAGE_ANOMALY,5
182.6,0.679,112.89,0.911,50.085,2,5,123.985,51.132,-17.11,0.868,47.4,0.085,0.039,1,0,VOLTAGE_ANOMALY,5
265.61,0.413,105.45,0.962,50.137,3,5,109.697,29.953,-24.55,0.811,35.61,0.137,0.012,1,0,VOLTAGE_ANOMALY,5
176.65,0.753,130.15,0.979,50.105,3,5,133.017,27.117,0.15,1.001,53.35,0.105,0.029,1,0,VOLTAGE_ANOMALY,5
257.13,0.395,99.43,0.979,50.093,3,5,101.566,20.705,-30.57,0.765,27.13,0.093,0.029,1,0,VOLTAGE_ANOMALY,5
189.97,0.465,87.19,0.987,49.949,3,5,88.336,14.197,-42.81,0.671,40.03,0.051,0.037,1,0,VOLTAGE_ANOMALY,5
266.24,0.676,165.86,0.921,50.05,4,5,179.978,70.113,35.86,1.276,36.24,0.05,0.029,1,0,VOLTAGE_ANOMALY,5
172.3,1.101,172.79,0.911,50.037,4,5,189.702,78.234,42.79,1.329,57.7,0.037,0.039,1,0,VOLTAGE_ANOMALY,5
190.39,0.903,167.75,0.976,49.978,4,5,171.922,37.44,37.75,1.29,39.61,0.022,0.026,1,0,VOLTAGE_ANOMALY,5
257.08,0.687,169.55,0.96,49.959,4,5,176.614,49.452,39.55,1.304,27.08,0.041,0.01,1,0,VOLTAGE_ANOMALY,5
172.77,0.987,163.89,0.961,50.007,5,5,170.524,47.158,33.89,1.261,57.23,0.007,0.011,1,0,VOLTAGE_ANOMALY,5
275.74,0.443,114.9,0.941,49.983,5,5,122.153,41.337,-15.1,0.884,45.74,0.017,0.009,1,0,VOLTAGE_ANOMALY,5
188.6,1.022,173.65,0.901,49.98,5,5,192.749,83.618,43.65,1.336,41.4,0.02,0.049,1,0,VOLTAGE_ANOMALY,5
180.43,0.572,95.83,0.929,50.034,5,5,103.206,38.194,-34.17,0.737,49.57,0.034,0.021,1,0,VOLTAGE_ANOMALY,5
262.2,1.882,486.16,0.985,50.061,6,5,493.46,85.149,-13.84,0.972,32.2,0.061,0.035,0,0,VOLTAGE_ANOMALY,5
259.97,2.147,523.65,0.938,50.005,6,5,558.156,193.476,23.65,1.047,29.97,0.005,0.012,0,0,VOLTAGE_ANOMALY,5
266.45,1.312,341.18,0.976,50.022,6,5,349.582,76.129,-158.82,0.682,36.45,0.022,0.026,0,0,VOLTAGE_ANOMALY,5
185.2,2.156,376.96,0.944,50.119,6,5,399.291,131.744,-123.04,0.754,44.8,0.119,0.006,0,0,VOLTAGE_ANOMALY,5
176.55,3.08,505.66,0.93,49.975,7,5,543.774,199.869,5.66,1.011,53.45,0.025,0.02,0,0,VOLTAGE_ANOMALY,5
272.46,2.474,645.04,0.957,49.945,7,5,674.066,195.538,145.04,1.29,42.46,0.055,0.007,0,0,VOLTAGE_ANOMALY,5
267.14,1.527,372.94,0.914,50.087,7,5,407.923,165.5,-127.06,0.746,37.14,0.087,0.036,0,0,VOLTAGE_ANOMALY,5
267.02,2.297,596.06,0.972,49.96,7,5,613.345,144.124,96.06,1.192,37.02,0.04,0.022,0,0,VOLTAGE_ANOMALY,5
260.63,2.529,633.34,0.961,50.035,8,5,659.133,182.282,133.34,1.267,30.63,0.035,0.011,0,0,VOLTAGE_ANOMALY,5
270.76,2.345,616.52,0.971,49.991,8,5,634.932,151.799,116.52,1.233,40.76,0.009,0.021,0,0,VOLTAGE_ANOMALY,5
173.62,3.996,642.52,0.926,49.942,8,5,693.786,261.92,142.52,1.285,56.38,0.058,0.024,0,0,VOLTAGE_ANOMALY,5
194.07,2.0,374.19,0.964,49.976,8,5,388.14,103.207,-125.81,0.748,35.93,0.024,0.014,0,0,VOLTAGE_ANOMALY,5
184.82,2.959,493.22,0.902,49.954,9,5,546.882,236.109,68.22,1.161,45.18,0.046,0.048,0,0,VOLTAGE_ANOMALY,5
276.73,1.315,330.42,0.908,49.966,9,5,363.9,152.463,-94.58,0.777,46.73,0.034,0.042,0,0,VOLTAGE_ANOMALY,5
258.64,1.603,384.68,0.928,49.999,9,5,414.6,154.472,-40.32,0.905,28.64,0.001,0.022,0,0,VOLTAGE_ANOMALY,5
170.84,1.757,281.81,0.939,50.063,9,5,300.166,103.232,-143.19,0.663,59.16,0.063,0.011,0,0,VOLTAGE_ANOMALY,5
194.25,2.318,425.05,0.944,50.03,10,5,450.272,148.565,0.05,1.0,35.75,0.03,0.006,0,0,VOLTAGE_ANOMALY,5
171.41,3.697,588.11,0.928,50.038,10,5,633.703,236.105,163.11,1.384,58.59,0.038,0.022,0,0,VOLTAGE_ANOMALY,5
268.25,2.011,497.79,0.923,50.063,10,5,539.451,207.581,72.79,1.171,38.25,0.063,0.027,0,0,VOLTAGE_ANOMALY,5
179.13,2.908,488.54,0.938,50.064,10,5,520.91,180.566,63.54,1.15,50.87,0.064,0.012,0,0,VOLTAGE_ANOMALY,5
171.34,1.845,293.29,0.928,49.994,11,5,316.122,117.781,-131.71,0.69,58.66,0.006,0.022,0,0,VOLTAGE_ANOMALY,5
189.89,3.056,554.76,0.956,50.034,11,5,580.304,170.242,129.76,1.305,40.11,0.034,0.006,0,0,VOLTAGE_ANOMALY,5
186.85,2.897,510.94,0.944,50.06,11,5,541.304,178.601,85.94,1.202,43.15,0.06,0.006,0,0,VOLTAGE_ANOMALY,5
272.63,1.462,389.39,0.977,50.035,11,5,398.585,84.994,-35.61,0.916,42.63,0.035,0.027,0,0,VOLTAGE_ANOMALY,5
187.02,2.02,347.25,0.919,50.019,12,5,377.78,148.943,-77.75,0.817,42.98,0.019,0.031,0,0,VOLTAGE_ANOMALY,5
177.08,2.898,497.24,0.969,49.998,12,5,513.178,126.786,72.24,1.17,52.92,0.002,0.019,0,0,VOLTAGE_ANOMALY,5
256.94,2.139,521.62,0.949,50.017,12,5,549.595,173.274,96.62,1.227,26.94,0.017,0.001,0,0,VOLTAGE_ANOMALY,5
276.56,1.48,401.4,0.981,49.973,12,5,409.309,79.409,-23.6,0.944,46.56,0.027,0.031,0,0,VOLTAGE_ANOMALY,5
178.79,1.456,240.0,0.922,50.021,13,5,260.318,100.793,-185.0,0.565,51.21,0.021,0.028,0,0,VOLTAGE_ANOMALY,5
171.29,3.239,532.03,0.959,49.988,13,5,554.808,157.236,107.03,1.252,58.71,0.012,0.009,0,0,VOLTAGE_ANOMALY,5
261.98,2.535,603.78,0.909,50.039,13,5,664.119,276.802,178.78,1.421,31.98,0.039,0.041,0,0,VOLTAGE_ANOMALY,5
279.13,1.214,315.9,0.932,49.998,13,5,338.864,122.824,-109.1,0.743,49.13,0.002,0.018,0,0,VOLTAGE_ANOMALY,5
270.9,1.28,323.2,0.932,49.975,14,5,346.752,125.683,-101.8,0.76,40.9,0.025,0.018,0,0,VOLTAGE_ANOMALY,5
178.21,1.715,279.04,0.913,50.05,14,5,305.63,124.685,-145.96,0.657,51.79,0.05,0.037,0,0,VOLTAGE_ANOMALY,5
176.28,1.767,300.82,0.966,49.912,14,5,311.487,80.532,-124.18,0.708,53.72,0.088,0.016,0,0,VOLTAGE_ANOMALY,5
175.51,2.693,466.54,0.987,49.963,14,5,472.648,75.964,41.54,1.098,54.49,0.037,0.037,0,0,VOLTAGE_ANOMALY,5
259.79,1.465,351.3,0.923,49.986,15,5,380.592,146.452,-73.7,0.827,29.79,0.014,0.027,0,0,VOLTAGE_ANOMALY,5
272.61,1.184,302.43,0.937,50.008,15,5,322.77,112.753,-122.57,0.712,42.61,0.008,0.013,0,0,VOLTAGE_ANOMALY,5
185.69,3.538,597.11,0.909,50.074,15,5,656.971,273.823,172.11,1.405,44.31,0.074,0.041,0,0,VOLTAGE_ANOMALY,5
177.32,2.186,376.01,0.97,50.008,15,5,387.622,94.233,-48.99,0.885,52.68,0.008,0.02,0,0,VOLTAGE_ANOMALY,5
172.74,2.453,412.32,0.973,50.132,16,5,423.731,97.799,-12.68,0.97,57.26,0.132,0.023,0,0,VOLTAGE_ANOMALY,5
194.0,2.368,453.42,0.987,49.974,16,5,459.392,73.834,28.42,1.067,36.0,0.026,0.037,0,0,VOLTAGE_ANOMALY,5
184.87,2.602,473.79,0.985,49.969,16,5,481.032,83.004,48.79,1.115,45.13,0.031,0.035,0,0,VOLTAGE_ANOMALY,5
188.76,1.874,333.52,0.943,49.953,16,5,353.736,117.721,-91.48,0.785,41.24,0.047,0.007,0,0,VOLTAGE_ANOMALY,5
258.93,3.371,838.85,0.961,50.053,17,5,872.853,241.386,88.85,1.118,28.93,0.053,0.011,0,0,VOLTAGE_ANOMALY,5
269.07,2.671,674.03,0.938,50.062,17,5,718.686,249.122,-75.97,0.899,39.07,0.062,0.012,0,0,VOLTAGE_ANOMALY,5
178.22,3.29,555.83,0.948,49.976,17,5,586.344,186.616,-194.17,0.741,51.78,0.024,0.002,0,0,VOLTAGE_ANOMALY,5
263.26,2.921,748.17,0.973,49.949,17,5,768.982,177.485,-1.83,0.998,33.26,0.051,0.023,0,0,VOLTAGE_ANOMALY,5
256.61,3.698,893.83,0.942,49.999,18,5,948.944,318.478,143.83,1.192,26.61,0.001,0.008,0,0,VOLTAGE_ANOMALY,5
186.9,3.214,560.38,0.933,50.067,18,5,600.697,216.177,-189.62,0.747,43.1,0.067,0.017,0,0,VOLTAGE_ANOMALY,5
177.23,5.409,892.43,0.931,49.996,18,5,958.637,349.921,142.43,1.19,52.77,0.004,0.019,0,0,VOLTAGE_ANOMALY,5
262.87,2.27,582.49,0.976,49.99,18,5,596.715,129.947,-167.51,0.777,32.87,0.01,0.026,0,0,VOLTAGE_ANOMALY,5
257.53,3.492,814.72,0.906,50.018,19,5,899.295,380.651,64.72,1.086,27.53,0.018,0.044,0,0,VOLTAGE_ANOMALY,5
271.37,2.473,619.52,0.923,49.995,19,5,671.098,258.238,-130.48,0.826,41.37,0.005,0.027,0,0,VOLTAGE_ANOMALY,5
173.48,5.352,859.83,0.926,50.026,19,5,928.465,350.517,109.83,1.146,56.52,0.026,0.024,0,0,VOLTAGE_ANOMALY,5
270.79,3.397,895.08,0.973,49.993,19,5,919.874,212.312,145.08,1.193,40.79,0.007,0.023,0,0,VOLTAGE_ANOMALY,5
182.68,4.169,693.03,0.91,50.031,20,5,761.593,315.763,-56.97,0.924,47.32,0.031,0.04,0,0,VOLTAGE_ANOMALY,5
272.88,3.555,913.95,0.942,49.959,20,5,970.088,325.574,163.95,1.219,42.88,0.041,0.008,0,0,VOLTAGE_ANOMALY,5
257.81,4.183,997.64,0.925,50.013,20,5,1078.419,409.764,247.64,1.33,27.81,0.013,0.025,0,0,VOLTAGE_ANOMALY,5
279.11,2.126,543.47,0.916,50.011,20,5,593.388,238.054,-206.53,0.725,49.11,0.011,0.034,0,0,VOLTAGE_ANOMALY,5
274.41,2.256,573.36,0.926,50.045,21,5,619.069,233.713,-176.64,0.764,44.41,0.045,0.024,0,0,VOLTAGE_ANOMALY,5
267.04,3.45,873.42,0.948,49.977,21,5,921.288,293.219,123.42,1.165,37.04,0.023,0.002,0,0,VOLTAGE_ANOMALY,5
260.62,2.912,702.8,0.926,49.936,21,5,758.925,286.512,-47.2,0.937,30.62,0.064,0.024,0,0,VOLTAGE_ANOMALY,5
172.43,5.134,812.71,0.918,49.885,21,5,885.256,351.075,62.71,1.084,57.57,0.115,0.032,0,0,VOLTAGE_ANOMALY,5
258.2,1.154,270.77,0.909,50.018,22,5,297.963,124.19,-79.23,0.774,28.2,0.018,0.041,0,0,VOLTAGE_ANOMALY,5
180.65,1.783,289.96,0.9,49.99,22,5,322.099,140.4,-60.04,0.828,49.35,0.01,0.05,0,0,VOLTAGE_ANOMALY,5
264.1,1.62,406.46,0.95,50.006,22,5,427.842,133.594,56.46,1.161,34.1,0.006,0.0,0,0,VOLTAGE_ANOMALY,5
270.93,1.755,449.91,0.946,49.974,22,5,475.482,154.135,99.91,1.285,40.93,0.026,0.004,0,0,VOLTAGE_ANOMALY,5
255.6,2.04,478.64,0.918,49.987,23,5,521.424,206.787,128.64,1.368,25.6,0.013,0.032,0,0,VOLTAGE_ANOMALY,5
269.9,1.162,301.38,0.961,49.996,23,5,313.624,86.732,-48.62,0.861,39.9,0.004,0.011,0,0,VOLTAGE_ANOMALY,5
260.59,0.899,214.65,0.916,49.938,23,5,234.27,93.984,-135.35,0.613,30.59,0.062,0.034,0,0,VOLTAGE_ANOMALY,5
175.81,1.485,254.54,0.975,50.011,23,5,261.078,58.013,-95.46,0.727,54.19,0.011,0.025,0,0,VOLTAGE_ANOMALY,5
269.02,0.653,166.77,0.95,50.03,0,6,175.67,54.853,36.77,1.283,39.02,0.03,0.0,1,0,VOLTAGE_ANOMALY,5
264.33,0.658,162.16,0.933,49.976,0,6,173.929,62.593,32.16,1.247,34.33,0.024,0.017,1,0,VOLTAGE_ANOMALY,5
276.6,0.638,170.87,0.968,49.985,0,6,176.471,44.285,40.87,1.314,46.6,0.015,0.018,1,0,VOLTAGE_ANOMALY,5
267.04,0.493,127.77,0.971,50.038,0,6,131.651,31.475,-2.23,0.983,37.04,0.038,0.021,1,0,VOLTAGE_ANOMALY,5
178.78,0.544,94.09,0.967,50.037,1,6,97.256,24.779,-35.91,0.724,51.22,0.037,0.017,1,0,VOLTAGE_ANOMALY,5
277.09,0.608,152.37,0.904,50.014,1,6,168.471,72.027,22.37,1.172,47.09,0.014,0.046,1,0,VOLTAGE_ANOMALY,5
187.04,0.64,110.51,0.923,50.097,1,6,119.706,46.063,-19.49,0.85,42.96,0.097,0.027,1,0,VOLTAGE_ANOMALY,5
268.67,0.424,106.43,0.935,50.0,1,6,113.916,40.4,-23.57,0.819,38.67,0.0,0.015,1,0,VOLTAGE_ANOMALY,5
177.69,0.708,117.3,0.932,49.972,2,6,125.805,45.599,-12.7,0.902,52.31,0.028,0.018,1,0,VOLTAGE_ANOMALY,5
269.16,0.514,132.1,0.955,50.002,2,6,138.348,41.035,2.1,1.016,39.16,0.002,0.005,1,0,VOLTAGE_ANOMALY,5
257.04,0.502,121.64,0.942,50.004,2,6,129.034,43.305,-8.36,0.936,27.04,0.004,0.008,1,0,VOLTAGE_ANOMALY,5
171.09,1.157,179.73,0.908,50.007,2,6,197.951,82.936,49.73,1.383,58.91,0.007,0.042,1,0,VOLTAGE_ANOMALY,5
256.16,0.651,163.64,0.982,50.02,3,6,166.76,31.498,33.64,1.259,26.16,0.02,0.032,1,0,VOLTAGE_ANOMALY,5
274.98,0.462,121.34,0.955,49.997,3,6,127.041,37.681,-8.66,0.933,44.98,0.003,0.005,1,0,VOLTAGE_ANOMALY,5
264.5,0.698,170.09,0.921,49.981,3,6,184.621,71.921,40.09,1.308,34.5,0.019,0.029,1,0,VOLTAGE_ANOMALY,5
170.81,0.829,133.96,0.946,50.071,3,6,141.601,45.902,3.96,1.03,59.19,0.071,0.004,1,0,VOLTAGE_ANOMALY,5
174.46,0.87,144.73,0.954,50.033,4,6,151.78,45.505,14.73,1.113,55.54,0.033,0.004,1,0,VOLTAGE_ANOMALY,5
177.96,0.759,123.92,0.917,49.954,4,6,135.072,53.878,-6.08,0.953,52.04,0.046,0.033,1,0,VOLTAGE_ANOMALY,5
186.76,0.481,83.22,0.926,50.026,4,6,89.832,33.914,-46.78,0.64,43.24,0.026,0.024,1,0,VOLTAGE_ANOMALY,5
269.19,0.529,133.63,0.939,49.985,4,6,142.402,48.974,3.63,1.028,39.19,0.015,0.011,1,0,VOLTAGE_ANOMALY,5
176.88,0.706,116.82,0.935,50.042,5,6,124.877,44.287,-13.18,0.899,53.12,0.042,0.015,1,0,VOLTAGE_ANOMALY,5
189.99,0.577,108.35,0.989,49.972,5,6,109.624,16.215,-21.65,0.833,40.01,0.028,0.039,1,0,VOLTAGE_ANOMALY,5
266.26,0.494,122.07,0.928,49.926,5,6,131.532,49.006,-7.93,0.939,36.26,0.074,0.022,1,0,VOLTAGE_ANOMALY,5
190.63,0.83,152.24,0.962,49.916,5,6,158.223,43.203,22.24,1.171,39.37,0.084,0.012,1,0,VOLTAGE_ANOMALY,5
184.14,3.405,577.46,0.921,50.001,6,6,626.997,244.254,77.46,1.155,45.86,0.001,0.029,0,0,VOLTAGE_ANOMALY,5
177.27,4.054,666.96,0.928,49.985,6,6,718.653,267.756,166.96,1.334,52.73,0.015,0.022,0,0,VOLTAGE_ANOMALY,5
272.73,1.412,353.05,0.917,50.031,6,6,385.095,153.609,-146.95,0.706,42.73,0.031,0.033,0,0,VOLTAGE_ANOMALY,5
263.51,2.203,549.82,0.947,50.123,6,6,580.513,186.48,49.82,1.1,33.51,0.123,0.003,0,0,VOLTAGE_ANOMALY,5
193.3,2.699,497.63,0.954,49.955,7,6,521.717,156.414,-2.37,0.995,36.7,0.045,0.004,0,0,VOLTAGE_ANOMALY,5
267.84,1.82,472.91,0.97,50.085,7,6,487.469,118.506,-27.09,0.946,37.84,0.085,0.02,0,0,VOLTAGE_ANOMALY,5
266.19,1.56,384.02,0.925,49.933,7,6,415.256,157.784,-115.98,0.768,36.19,0.067,0.025,0,0,VOLTAGE_ANOMALY,5
179.82,2.498,418.25,0.931,49.919,7,6,449.19,163.963,-81.75,0.837,50.18,0.081,0.019,0,0,VOLTAGE_ANOMALY,5
186.49,2.42,411.65,0.912,50.046,8,6,451.306,185.121,-88.35,0.823,43.51,0.046,0.038,0,0,VOLTAGE_ANOMALY,5
175.96,3.288,527.72,0.912,49.947,8,6,578.556,237.318,27.72,1.055,54.04,0.053,0.038,0,0,VOLTAGE_ANOMALY,5
177.17,3.366,576.68,0.967,50.089,8,6,596.354,151.937,76.68,1.153,52.83,0.089,0.017,0,0,VOLTAGE_ANOMALY,5
255.05,2.816,654.97,0.912,49.916,8,6,718.221,294.607,154.97,1.31,25.05,0.084,0.038,0,0,VOLTAGE_ANOMALY,5
263.73,1.424,368.43,0.981,49.972,9,6,375.552,72.86,-56.57,0.867,33.73,0.028,0.031,0,0,VOLTAGE_ANOMALY,5
178.38,2.204,383.71,0.976,50.03,9,6,393.15,85.616,-41.29,0.903,51.62,0.03,0.026,0,0,VOLTAGE_ANOMALY,5
265.6,1.934,484.85,0.944,50.138,9,6,513.67,169.483,59.85,1.141,35.6,0.138,0.006,0,0,VOLTAGE_ANOMALY,5
278.17,1.001,255.31,0.917,49.991,9,6,278.448,111.069,-169.69,0.601,48.17,0.009,0.033,0,0,VOLTAGE_ANOMALY,5
267.06,1.323,349.01,0.988,49.934,10,6,353.32,54.572,-75.99,0.821,37.06,0.066,0.038,0,0,VOLTAGE_ANOMALY,5
264.94,1.292,338.51,0.989,49.997,10,6,342.302,50.632,-86.49,0.796,34.94,0.003,0.039,0,0,VOLTAGE_ANOMALY,5
278.55,1.241,322.81,0.934,49.948,10,6,345.681,123.502,-102.19,0.76,48.55,0.052,0.016,0,0,VOLTAGE_ANOMALY,5
192.7,2.157,393.64,0.947,50.006,10,6,415.654,133.522,-31.36,0.926,37.3,0.006,0.003,0,0,VOLTAGE_ANOMALY,5
278.31,1.796,491.86,0.984,49.881,11,6,499.845,89.057,66.86,1.157,48.31,0.119,0.034,0,0,VOLTAGE_ANOMALY,5
193.76,2.355,434.94,0.953,50.076,11,6,456.305,138.247,9.94,1.023,36.24,0.076,0.003,0,0,VOLTAGE_ANOMALY,5
178.91,3.267,564.6,0.966,50.006,11,6,584.499,151.118,139.6,1.328,51.09,0.006,0.016,0,0,VOLTAGE_ANOMALY,5
189.07,2.284,389.13,0.901,50.05,11,6,431.836,187.339,-35.87,0.916,40.93,0.05,0.049,0,0,VOLTAGE_ANOMALY,5
171.01,3.466,545.91,0.921,50.004,12,6,592.721,230.902,120.91,1.284,58.99,0.004,0.029,0,0,VOLTAGE_ANOMALY,5
274.02,1.643,444.94,0.988,49.957,12,6,450.215,69.537,19.94,1.047,44.02,0.043,0.038,0,0,VOLTAGE_ANOMALY,5
174.35,3.209,532.11,0.951,49.988,12,6,559.489,172.989,107.11,1.252,55.65,0.012,0.001,0,0,VOLTAGE_ANOMALY,5
194.7,1.867,334.36,0.92,50.047,12,6,363.505,142.464,-90.64,0.787,35.3,0.047,0.03,0,0,VOLTAGE_ANOMALY,5
190.66,3.264,566.29,0.91,50.058,13,6,622.314,258.017,141.29,1.332,39.34,0.058,0.04,0,0,VOLTAGE_ANOMALY,5
260.55,1.861,460.54,0.95,50.018,13,6,484.884,151.405,35.54,1.084,30.55,0.018,0.0,0,0,VOLTAGE_ANOMALY,5
277.5,2.081,566.6,0.981,49.976,13,6,577.477,112.035,141.6,1.333,47.5,0.024,0.031,0,0,VOLTAGE_ANOMALY,5
273.08,1.425,362.17,0.931,49.989,13,6,389.139,142.043,-62.83,0.852,43.08,0.011,0.019,0,0,VOLTAGE_ANOMALY,5
188.32,2.984,522.1,0.929,49.99,14,6,561.947,207.965,97.1,1.228,41.68,0.01,0.021,0,0,VOLTAGE_ANOMALY,5
189.94,2.711,493.79,0.959,49.991,14,6,514.927,145.934,68.79,1.162,40.06,0.009,0.009,0,0,VOLTAGE_ANOMALY,5
262.73,2.141,537.14,0.955,49.981,14,6,562.505,166.842,112.14,1.264,32.73,0.019,0.005,0,0,VOLTAGE_ANOMALY,5
170.79,3.503,555.76,0.929,50.021,14,6,598.277,221.41,130.76,1.308,59.21,0.021,0.021,0,0,VOLTAGE_ANOMALY,5
270.24,1.687,438.94,0.963,50.017,15,6,455.895,122.864,13.94,1.033,40.24,0.017,0.013,0,0,VOLTAGE_ANOMALY,5
172.69,2.521,400.16,0.919,50.039,15,6,435.351,171.641,-24.84,0.942,57.31,0.039,0.031,0,0,VOLTAGE_ANOMALY,5
262.99,1.672,428.4,0.974,49.999,15,6,439.719,99.618,3.4,1.008,32.99,0.001,0.024,0,0,VOLTAGE_ANOMALY,5
188.11,2.904,494.92,0.906,50.075,15,6,546.271,231.225,69.92,1.165,41.89,0.075,0.044,0,0,VOLTAGE_ANOMALY,5
178.62,1.648,269.99,0.917,49.939,16,6,294.366,117.419,-155.01,0.635,51.38,0.061,0.033,0,0,VOLTAGE_ANOMALY,5
267.18,2.275,584.74,0.962,49.941,16,6,607.835,165.969,159.74,1.376,37.18,0.059,0.012,0,0,VOLTAGE_ANOMALY,5
177.14,2.584,437.66,0.956,50.004,16,6,457.73,134.283,12.66,1.03,52.86,0.004,0.006,0,0,VOLTAGE_ANOMALY,5
279.86,1.837,472.41,0.919,50.088,16,6,514.103,202.689,47.41,1.112,49.86,0.088,0.031,0,0,VOLTAGE_ANOMALY,5
185.38,5.343,943.85,0.953,50.051,17,6,990.485,300.088,193.85,1.258,44.62,0.051,0.003,0,0,VOLTAGE_ANOMALY,5
276.34,3.147,786.97,0.905,49.973,17,6,869.642,369.956,36.97,1.049,46.34,0.027,0.045,0,0,VOLTAGE_ANOMALY,5
186.97,5.515,980.63,0.951,50.056,17,6,1031.14,318.819,230.63,1.308,43.03,0.056,0.001,0,0,VOLTAGE_ANOMALY,5
172.5,4.81,806.55,0.972,49.914,17,6,829.725,194.969,56.55,1.075,57.5,0.086,0.022,0,0,VOLTAGE_ANOMALY,5
260.3,3.463,819.33,0.909,49.924,18,6,901.419,375.708,69.33,1.092,30.3,0.076,0.041,0,0,VOLTAGE_ANOMALY,5
266.67,2.432,629.06,0.97,50.071,18,6,648.541,157.664,-120.94,0.839,36.67,0.071,0.02,0,0,VOLTAGE_ANOMALY,5
185.67,3.908,654.43,0.902,49.948,18,6,725.598,313.267,-95.57,0.873,44.33,0.052,0.048,0,0,VOLTAGE_ANOMALY,5
265.06,2.02,517.85,0.967,49.98,18,6,535.421,136.413,-232.15,0.69,35.06,0.02,0.017,0,0,VOLTAGE_ANOMALY,5
267.11,2.997,763.83,0.954,50.012,19,6,800.529,240.004,13.83,1.018,37.11,0.012,0.004,0,0,VOLTAGE_ANOMALY,5
277.79,1.949,530.13,0.979,49.993,19,6,541.413,110.373,-219.87,0.707,47.79,0.007,0.029,0,0,VOLTAGE_ANOMALY,5
266.5,3.85,965.44,0.941,50.075,19,6,1026.025,347.214,215.44,1.287,36.5,0.075,0.009,0,0,VOLTAGE_ANOMALY,5
170.26,3.746,594.41,0.932,49.917,19,6,637.794,231.174,-155.59,0.793,59.74,0.083,0.018,0,0,VOLTAGE_ANOMALY,5
189.24,3.406,603.37,0.936,49.895,20,6,644.551,226.882,-146.63,0.804,40.76,0.105,0.014,0,0,VOLTAGE_ANOMALY,5
174.78,4.154,654.9,0.902,49.999,20,6,726.036,313.456,-95.1,0.873,55.22,0.001,0.048,0,0,VOLTAGE_ANOMALY,5
180.06,4.493,780.61,0.965,50.029,20,6,809.01,212.163,30.61,1.041,49.94,0.029,0.015,0,0,VOLTAGE_ANOMALY,5
271.76,2.893,722.48,0.919,49.958,20,6,786.202,309.966,-27.52,0.963,41.76,0.042,0.031,0,0,VOLTAGE_ANOMALY,5
273.8,3.453,912.23,0.965,50.053,21,6,945.431,247.939,162.23,1.216,43.8,0.053,0.015,0,0,VOLTAGE_ANOMALY,5
274.53,2.665,723.54,0.989,50.117,21,6,731.622,108.218,-26.46,0.965,44.53,0.117,0.039,0,0,VOLTAGE_ANOMALY,5
275.65,1.892,510.49,0.979,50.062,21,6,521.53,106.319,-239.51,0.681,45.65,0.062,0.029,0,0,VOLTAGE_ANOMALY,5
180.48,3.434,565.79,0.913,50.021,21,6,619.768,252.84,-184.21,0.754,49.52,0.021,0.037,0,0,VOLTAGE_ANOMALY,5
264.17,1.724,441.29,0.969,49.933,22,6,455.429,112.519,91.29,1.261,34.17,0.067,0.019,0,0,VOLTAGE_ANOMALY,5
172.74,2.906,473.4,0.943,50.043,22,6,501.982,167.056,123.4,1.353,57.26,0.043,0.007,0,0,VOLTAGE_ANOMALY,5
275.23,1.437,384.33,0.972,49.94,22,6,395.506,92.936,34.33,1.098,45.23,0.06,0.022,0,0,VOLTAGE_ANOMALY,5
274.9,1.989,494.35,0.904,49.992,22,6,546.776,233.765,144.35,1.412,44.9,0.008,0.046,0,0,VOLTAGE_ANOMALY,5
276.09,1.347,354.11,0.952,50.008,23,6,371.893,113.836,4.11,1.012,46.09,0.008,0.002,0,0,VOLTAGE_ANOMALY,5
176.76,2.409,414.71,0.974,49.974,23,6,425.815,96.468,64.71,1.185,53.24,0.026,0.024,0,0,VOLTAGE_ANOMALY,5
190.97,2.372,416.75,0.92,49.952,23,6,452.981,177.532,66.75,1.191,39.03,0.048,0.03,0,0,VOLTAGE_ANOMALY,5
264.04,1.67,428.93,0.973,50.012,23,6,440.947,101.773,78.93,1.226,34.04,0.012,0.023,0,0,VOLTAGE_ANOMALY,5
188.11,0.636,112.73,0.942,49.952,0,0,119.638,40.152,-17.27,0.867,41.89,0.048,0.008,1,0,VOLTAGE_ANOMALY,5
175.16,0.913,145.51,0.91,49.985,0,0,159.921,66.305,15.51,1.119,54.84,0.015,0.04,1,0,VOLTAGE_ANOMALY,5
182.43,0.419,71.41,0.934,50.023,0,0,76.438,27.309,-58.59,0.549,47.57,0.023,0.016,1,0,VOLTAGE_ANOMALY,5
272.85,0.545,139.14,0.935,50.008,0,0,148.703,52.737,9.14,1.07,42.85,0.008,0.015,1,0,VOLTAGE_ANOMALY,5
277.67,0.554,146.21,0.95,49.974,1,0,153.829,48.033,16.21,1.125,47.67,0.026,0.0,1,0,VOLTAGE_ANOMALY,5
274.21,0.562,145.39,0.944,50.005,1,0,154.106,50.847,15.39,1.118,44.21,0.005,0.006,1,0,VOLTAGE_ANOMALY,5
276.76,0.581,146.26,0.91,50.043,1,0,160.798,66.668,16.26,1.125,46.76,0.043,0.04,1,0,VOLTAGE_ANOMALY,5
171.41,0.815,130.84,0.937,50.081,1,0,139.699,48.801,0.84,1.006,58.59,0.081,0.013,1,0,VOLTAGE_ANOMALY,5
261.53,0.507,123.93,0.935,49.947,2,0,132.596,47.025,-6.07,0.953,31.53,0.053,0.015,1,0,VOLTAGE_ANOMALY,5
184.69,0.678,118.36,0.945,50.031,2,0,125.22,40.956,-11.64,0.91,45.31,0.031,0.005,1,0,VOLTAGE_ANOMALY,5
274.55,0.325,82.42,0.925,49.958,2,0,89.229,33.904,-47.58,0.634,44.55,0.042,0.025,1,0,VOLTAGE_ANOMALY,5
258.64,0.397,97.7,0.951,49.962,2,0,102.68,31.748,-32.3,0.752,28.64,0.038,0.001,1,0,VOLTAGE_ANOMALY,5
255.96,0.714,165.74,0.907,50.045,3,0,182.755,76.964,35.74,1.275,25.96,0.045,0.043,1,0,VOLTAGE_ANOMALY,5
271.31,0.359,96.04,0.985,50.026,3,0,97.4,16.807,-33.96,0.739,41.31,0.026,0.035,1,0,VOLTAGE_ANOMALY,5
275.8,0.541,146.34,0.98,49.943,3,0,149.208,29.692,16.34,1.126,45.8,0.057,0.03,1,0,VOLTAGE_ANOMALY,5
182.64,0.662,110.05,0.91,49.98,3,0,120.908,50.129,-19.95,0.847,47.36,0.02,0.04,1,0,VOLTAGE_ANOMALY,5
178.67,0.777,133.62,0.962,50.04,4,0,138.827,37.907,3.62,1.028,51.33,0.04,0.012,1,0,VOLTAGE_ANOMALY,5
194.7,0.757,142.14,0.964,49.962,4,0,147.388,39.191,12.14,1.093,35.3,0.038,0.014,1,0,VOLTAGE_ANOMALY,5
276.52,0.561,146.72,0.946,49.97,4,0,155.128,50.287,16.72,1.129,46.52,0.03,0.004,1,0,VOLTAGE_ANOMALY,5
177.8,0.563,97.37,0.972,50.081,4,0,100.101,23.522,-32.63,0.749,52.2,0.081,0.022,1,0,VOLTAGE_ANOMALY,5
186.99,0.61,110.12,0.966,49.957,5,0,114.064,29.49,-19.88,0.847,43.01,0.043,0.016,1,0,VOLTAGE_ANOMALY,5
184.39,0.452,75.61,0.908,50.055,5,0,83.344,34.919,-54.39,0.582,45.61,0.055,0.042,1,0,VOLTAGE_ANOMALY,5
189.1,0.858,158.76,0.979,50.054,5,0,162.248,33.076,28.76,1.221,40.9,0.054,0.029,1,0,VOLTAGE_ANOMALY,5
270.48,0.435,113.19,0.961,49.92,5,0,117.659,32.538,-16.81,0.871,40.48,0.08,0.011,1,0,VOLTAGE_ANOMALY,5
173.57,1.812,303.11,0.964,50.113,6,0,314.509,83.629,-196.89,0.606,56.43,0.113,0.014,0,0,VOLTAGE_ANOMALY,5
192.66,2.676,489.87,0.95,50.014,6,0,515.558,160.983,-10.13,0.98,37.34,0.014,0.0,0,0,VOLTAGE_ANOMALY,5
267.65,1.205,303.56,0.941,49.927,6,0,322.518,109.142,-196.44,0.607,37.65,0.073,0.009,0,0,VOLTAGE_ANOMALY,5
256.51,1.821,445.63,0.954,49.926,6,0,467.105,140.041,-54.37,0.891,26.51,0.074,0.004,0,0,VOLTAGE_ANOMALY,5
257.56,2.823,692.87,0.953,50.077,7,0,727.092,220.287,192.87,1.386,27.56,0.077,0.003,0,0,VOLTAGE_ANOMALY,5
184.13,2.733,474.63,0.943,50.042,7,0,503.227,167.47,-25.37,0.949,45.87,0.042,0.007,0,0,VOLTAGE_ANOMALY,5
173.71,3.074,481.7,0.902,49.947,7,0,533.985,230.54,-18.3,0.963,56.29,0.053,0.048,0,0,VOLTAGE_ANOMALY,5
191.26,3.984,694.86,0.912,49.997,7,0,761.98,312.557,194.86,1.39,38.74,0.003,0.038,0,0,VOLTAGE_ANOMALY,5
272.94,1.879,465.73,0.908,49.91,8,0,512.854,214.871,-34.27,0.931,42.94,0.09,0.042,0,0,VOLTAGE_ANOMALY,5
178.55,2.631,431.21,0.918,50.034,8,0,469.765,186.3,-68.79,0.862,51.45,0.034,0.032,0,0,VOLTAGE_ANOMALY,5
188.06,1.723,313.4,0.967,49.854,8,0,324.027,82.555,-186.6,0.627,41.94,0.146,0.017,0,0,VOLTAGE_ANOMALY,5
256.56,2.496,625.03,0.976,50.025,8,0,640.374,139.455,125.03,1.25,26.56,0.025,0.026,0,0,VOLTAGE_ANOMALY,5
176.21,1.521,259.95,0.97,50.022,9,0,268.015,65.156,-165.05,0.612,53.79,0.022,0.02,0,0,VOLTAGE_ANOMALY,5
275.3,1.115,286.05,0.932,49.922,9,0,306.959,111.26,-138.95,0.673,45.3,0.078,0.018,0,0,VOLTAGE_ANOMALY,5
269.13,1.941,481.67,0.922,49.958,9,0,522.381,202.261,56.67,1.133,39.13,0.042,0.028,0,0,VOLTAGE_ANOMALY,5
261.11,1.366,342.39,0.96,49.991,9,0,356.676,99.869,-82.61,0.806,31.11,0.009,0.01,0,0,VOLTAGE_ANOMALY,5
278.41,2.312,593.36,0.922,50.033,10,0,643.684,249.228,168.36,1.396,48.41,0.033,0.028,0,0,VOLTAGE_ANOMALY,5
194.57,2.368,448.3,0.973,50.078,10,0,460.742,106.342,23.3,1.055,35.43,0.078,0.023,0,0,VOLTAGE_ANOMALY,5
188.46,2.564,449.84,0.931,49.987,10,0,483.211,176.381,24.84,1.058,41.54,0.013,0.019,0,0,VOLTAGE_ANOMALY,5
262.73,2.03,507.83,0.952,49.963,10,0,533.342,163.255,82.83,1.195,32.73,0.037,0.002,0,0,VOLTAGE_ANOMALY,5
265.25,1.795,441.83,0.928,50.015,11,0,476.124,177.394,16.83,1.04,35.25,0.015,0.022,0,0,VOLTAGE_ANOMALY,5
266.97,1.261,331.39,0.984,50.02,11,0,336.649,59.98,-93.61,0.78,36.97,0.02,0.034,0,0,VOLTAGE_ANOMALY,5
189.76,2.257,422.34,0.986,49.954,11,0,428.288,71.415,-2.66,0.994,40.24,0.046,0.036,0,0,VOLTAGE_ANOMALY,5
274.62,2.251,579.1,0.937,49.97,11,0,618.17,215.945,154.1,1.363,44.62,0.03,0.013,0,0,VOLTAGE_ANOMALY,5
185.98,1.54,280.89,0.981,50.047,12,0,286.409,55.566,-144.11,0.661,44.02,0.047,0.031,0,0,VOLTAGE_ANOMALY,5
174.48,3.111,531.9,0.98,49.999,12,0,542.807,108.017,106.9,1.252,55.52,0.001,0.03,0,0,VOLTAGE_ANOMALY,5
177.6,2.682,445.32,0.935,49.938,12,0,476.323,168.927,20.32,1.048,52.4,0.062,0.015,0,0,VOLTAGE_ANOMALY,5
192.81,1.967,345.92,0.912,50.057,12,0,379.257,155.568,-79.08,0.814,37.19,0.057,0.038,0,0,VOLTAGE_ANOMALY,5
268.4,1.408,347.74,0.92,50.003,13,0,377.907,148.109,-77.26,0.818,38.4,0.003,0.03,0,0,VOLTAGE_ANOMALY,5
189.96,3.275,604.65,0.972,50.058,13,0,622.119,146.186,179.65,1.423,40.04,0.058,0.022,0,0,VOLTAGE_ANOMALY,5
172.91,2.579,408.44,0.916,49.965,13,0,445.935,178.899,-16.56,0.961,57.09,0.035,0.034,0,0,VOLTAGE_ANOMALY,5
184.97,3.328,558.35,0.907,50.042,13,0,615.58,259.24,133.35,1.314,45.03,0.042,0.043,0,0,VOLTAGE_ANOMALY,5
184.95,2.007,351.49,0.947,49.903,14,0,371.195,119.24,-73.51,0.827,45.05,0.097,0.003,0,0,VOLTAGE_ANOMALY,5
259.94,1.297,326.28,0.968,50.007,14,0,337.142,84.606,-98.72,0.768,29.94,0.007,0.018,0,0,VOLTAGE_ANOMALY,5
194.02,3.082,550.05,0.92,50.063,14,0,597.97,234.355,125.05,1.294,35.98,0.063,0.03,0,0,VOLTAGE_ANOMALY,5
191.0,2.403,415.87,0.906,50.074,14,0,458.973,194.273,-9.13,0.979,39.0,0.074,0.044,0,0,VOLTAGE_ANOMALY,5
257.3,2.306,557.14,0.939,49.996,15,0,593.334,204.058,132.14,1.311,27.3,0.004,0.011,0,0,VOLTAGE_ANOMALY,5
268.89,1.125,290.34,0.96,49.971,15,0,302.501,84.7,-134.66,0.683,38.89,0.029,0.01,0,0,VOLTAGE_ANOMALY,5
190.39,2.41,433.11,0.944,50.087,15,0,458.84,151.392,8.11,1.019,39.61,0.087,0.006,0,0,VOLTAGE_ANOMALY,5
267.65,1.404,355.23,0.945,50.043,15,0,375.781,122.907,-69.77,0.836,37.65,0.043,0.005,0,0,VOLTAGE_ANOMALY,5
259.43,1.852,452.56,0.942,49.921,16,0,480.464,161.25,27.56,1.065,29.43,0.079,0.008,0,0,VOLTAGE_ANOMALY,5
267.59,1.945,489.35,0.94,49.943,16,0,520.463,177.569,64.35,1.151,37.59,0.057,0.01,0,0,VOLTAGE_ANOMALY,5
185.67,2.858,502.98,0.948,49.952,16,0,530.645,168.889,77.98,1.183,44.33,0.048,0.002,0,0,VOLTAGE_ANOMALY,5
263.61,1.417,342.88,0.918,49.993,16,0,373.535,148.137,-82.12,0.807,33.61,0.007,0.032,0,0,VOLTAGE_ANOMALY,5
256.84,2.138,537.05,0.978,49.957,17,0,549.124,114.55,-212.95,0.716,26.84,0.043,0.028,0,0,VOLTAGE_ANOMALY,5
189.17,5.325,914.72,0.908,50.026,17,0,1007.33,422.041,164.72,1.22,40.83,0.026,0.042,0,0,VOLTAGE_ANOMALY,5
176.81,3.299,555.3,0.952,49.938,17,0,583.296,178.546,-194.7,0.74,53.19,0.062,0.002,0,0,VOLTAGE_ANOMALY,5
192.84,5.265,939.17,0.925,49.952,17,0,1015.303,385.782,189.17,1.252,37.16,0.048,0.025,0,0,VOLTAGE_ANOMALY,5
181.89,4.346,747.8,0.946,50.011,18,0,790.494,256.252,-2.2,0.997,48.11,0.011,0.004,0,0,VOLTAGE_ANOMALY,5
184.55,5.411,925.74,0.927,50.071,18,0,998.6,374.536,175.74,1.234,45.45,0.071,0.023,0,0,VOLTAGE_ANOMALY,5
193.2,2.786,524.74,0.975,50.102,18,0,538.255,119.603,-225.26,0.7,36.8,0.102,0.025,0,0,VOLTAGE_ANOMALY,5
191.48,4.0,693.96,0.906,50.027,18,0,765.92,324.197,-56.04,0.925,38.52,0.027,0.044,0,0,VOLTAGE_ANOMALY,5
176.57,3.146,531.57,0.957,50.052,19,0,555.489,161.141,-218.43,0.709,53.43,0.052,0.007,0,0,VOLTAGE_ANOMALY,5
257.05,3.072,752.43,0.953,49.999,19,0,789.658,239.243,2.43,1.003,27.05,0.001,0.003,0,0,VOLTAGE_ANOMALY,5
181.49,5.149,892.43,0.955,49.947,19,0,934.492,277.176,142.43,1.19,48.51,0.053,0.005,0,0,VOLTAGE_ANOMALY,5
175.36,5.535,874.53,0.901,50.023,19,0,970.618,421.072,124.53,1.166,54.64,0.023,0.049,0,0,VOLTAGE_ANOMALY,5
275.42,3.581,976.38,0.99,49.991,20,0,986.279,139.132,226.38,1.302,45.42,0.009,0.04,0,0,VOLTAGE_ANOMALY,5
184.84,3.101,556.65,0.971,49.922,20,0,573.189,137.038,-193.35,0.742,45.16,0.078,0.021,0,0,VOLTAGE_ANOMALY,5
279.1,2.775,732.55,0.946,49.974,20,0,774.503,251.068,-17.45,0.977,49.1,0.026,0.004,0,0,VOLTAGE_ANOMALY,5
192.99,4.286,777.5,0.94,49.945,20,0,827.155,282.204,27.5,1.037,37.01,0.055,0.01,0,0,VOLTAGE_ANOMALY,5
178.7,3.975,666.95,0.939,49.932,21,0,710.332,244.296,-83.05,0.889,51.3,0.068,0.011,0,0,VOLTAGE_ANOMALY,5
273.99,2.241,601.64,0.98,49.973,21,0,614.012,122.187,-148.36,0.802,43.99,0.027,0.03,0,0,VOLTAGE_ANOMALY,5
170.92,4.014,652.53,0.951,49.976,21,0,686.073,212.127,-97.47,0.87,59.08,0.024,0.001,0,0,VOLTAGE_ANOMALY,5
185.54,3.525,593.88,0.908,50.014,21,0,654.029,274.018,-156.12,0.792,44.46,0.014,0.042,0,0,VOLTAGE_ANOMALY,5
187.25,2.368,400.8,0.904,50.021,22,0,443.408,189.571,50.8,1.145,42.75,0.021,0.046,0,0,VOLTAGE_ANOMALY,5
278.7,1.331,341.72,0.921,49.957,22,0,370.95,144.508,-8.28,0.976,48.7,0.043,0.029,0,0,VOLTAGE_ANOMALY,5
255.94,0.991,233.38,0.92,50.022,22,0,253.637,99.405,-116.62,0.667,25.94,0.022,0.03,0,0,VOLTAGE_ANOMALY,5
190.44,2.176,392.5,0.947,49.922,22,0,414.397,133.118,42.5,1.121,39.56,0.078,0.003,0,0,VOLTAGE_ANOMALY,5
190.56,1.153,206.23,0.939,50.039,23,0,219.716,75.564,-143.77,0.589,39.44,0.039,0.011,0,0,VOLTAGE_ANOMALY,5
176.8,2.255,393.07,0.986,50.006,23,0,398.684,66.479,43.07,1.123,53.2,0.006,0.036,0,0,VOLTAGE_ANOMALY,5
172.71,1.324,211.25,0.924,50.036,23,0,228.668,87.441,-138.75,0.604,57.29,0.036,0.026,0,0,VOLTAGE_ANOMALY,5
188.88,1.449,255.62,0.934,49.994,23,0,273.687,97.781,-94.38,0.73,41.12,0.006,0.016,0,0,VOLTAGE_ANOMALY,5
181.76,1.093,180.4,0.908,50.05,0,1,198.664,83.234,50.4,1.388,48.24,0.05,0.042,1,0,VOLTAGE_ANOMALY,5
170.17,1.041,168.62,0.952,50.07,0,1,177.147,54.224,38.62,1.297,59.83,0.07,0.002,1,0,VOLTAGE_ANOMALY,5
265.56,0.39,94.65,0.915,50.07,0,1,103.568,41.785,-35.35,0.728,35.56,0.07,0.035,1,0,VOLTAGE_ANOMALY,5
174.92,0.645,104.46,0.926,49.954,0,1,112.823,42.593,-25.54,0.804,55.08,0.046,0.024,1,0,VOLTAGE_ANOMALY,5
262.38,0.646,156.22,0.921,49.919,1,1,169.497,66.03,26.22,1.202,32.38,0.081,0.029,1,0,VOLTAGE_ANOMALY,5
262.16,0.374,92.75,0.947,49.952,1,1,98.048,31.496,-37.25,0.713,32.16,0.048,0.003,1,0,VOLTAGE_ANOMALY,5
188.59,0.879,157.35,0.949,49.952,1,1,165.771,52.264,27.35,1.21,41.41,0.048,0.001,1,0,VOLTAGE_ANOMALY,5
170.8,0.642,100.83,0.92,50.041,1,1,109.654,42.975,-29.17,0.776,59.2,0.041,0.03,1,0,VOLTAGE_ANOMALY,5
275.71,0.472,120.19,0.923,50.044,2,1,130.135,50.076,-9.81,0.925,45.71,0.044,0.027,1,0,VOLTAGE_ANOMALY,5
263.19,0.373,92.67,0.944,50.026,2,1,98.17,32.391,-37.33,0.713,33.19,0.026,0.006,1,0,VOLTAGE_ANOMALY,5
269.39,0.563,144.86,0.955,50.137,2,1,151.667,44.985,14.86,1.114,39.39,0.137,0.005,1,0,VOLTAGE_ANOMALY,5
171.33,0.987,153.78,0.909,49.956,2,1,169.103,70.481,23.78,1.183,58.67,0.044,0.041,1,0,VOLTAGE_ANOMALY,5
263.08,0.483,125.14,0.985,49.98,3,1,127.068,21.926,-4.86,0.963,33.08,0.02,0.035,1,0,VOLTAGE_ANOMALY,5
173.54,0.982,164.13,0.963,50.012,3,1,170.416,45.927,34.13,1.263,56.46,0.012,0.013,1,0,VOLTAGE_ANOMALY,5
272.13,0.704,187.48,0.979,50.003,3,1,191.58,39.055,57.48,1.442,42.13,0.003,0.029,1,0,VOLTAGE_ANOMALY,5
264.08,0.451,113.64,0.954,50.026,3,1,119.1,35.707,-16.36,0.874,34.08,0.026,0.004,1,0,VOLTAGE_ANOMALY,5
178.75,0.651,111.18,0.955,49.971,4,1,116.366,34.515,-18.82,0.855,51.25,0.029,0.005,1,0,VOLTAGE_ANOMALY,5
271.93,0.533,141.86,0.978,50.017,4,1,144.939,30.235,11.86,1.091,41.93,0.017,0.028,1,0,VOLTAGE_ANOMALY,5
257.3,0.356,86.24,0.942,50.047,4,1,91.599,30.742,-43.76,0.663,27.3,0.047,0.008,1,0,VOLTAGE_ANOMALY,5
265.05,0.681,170.27,0.944,49.931,4,1,180.499,59.555,40.27,1.31,35.05,0.069,0.006,1,0,VOLTAGE_ANOMALY,5
185.55,0.833,139.6,0.903,50.033,5,1,154.563,66.407,9.6,1.074,44.45,0.033,0.047,1,0,VOLTAGE_ANOMALY,5
174.84,0.935,156.28,0.956,50.015,5,1,163.475,47.958,26.28,1.202,55.16,0.015,0.006,1,0,VOLTAGE_ANOMALY,5
189.82,0.593,109.71,0.975,50.002,5,1,112.563,25.012,-20.29,0.844,40.18,0.002,0.025,1,0,VOLTAGE_ANOMALY,5
187.71,1.102,187.65,0.907,50.039,5,1,206.856,87.114,57.65,1.443,42.29,0.039,0.043,1,0,VOLTAGE_ANOMALY,5
172.89,2.774,446.54,0.931,50.043,6,1,479.597,175.062,-53.46,0.893,57.11,0.043,0.019,0,0,VOLTAGE_ANOMALY,5
268.19,1.471,381.78,0.968,49.954,6,1,394.507,99.002,-118.22,0.764,38.19,0.046,0.018,0,0,VOLTAGE_ANOMALY,5
189.29,2.765,500.36,0.956,50.012,6,1,523.387,153.544,0.36,1.001,40.71,0.012,0.006,0,0,VOLTAGE_ANOMALY,5
181.57,3.4,556.27,0.901,49.996,6,1,617.338,267.813,56.27,1.113,48.43,0.004,0.049,0,0,VOLTAGE_ANOMALY,5
181.04,3.858,669.87,0.959,50.08,7,1,698.452,197.946,169.87,1.34,48.96,0.08,0.009,0,0,VOLTAGE_ANOMALY,5
272.64,1.842,475.06,0.946,50.003,7,1,502.203,162.797,-24.94,0.95,42.64,0.003,0.004,0,0,VOLTAGE_ANOMALY,5
276.91,1.601,423.78,0.956,50.027,7,1,443.333,130.059,-76.22,0.848,46.91,0.027,0.006,0,0,VOLTAGE_ANOMALY,5
273.04,1.453,377.35,0.951,50.032,7,1,396.727,122.664,-122.65,0.755,43.04,0.032,0.001,0,0,VOLTAGE_ANOMALY,5
189.53,3.599,626.21,0.918,50.074,8,1,682.118,270.515,126.21,1.252,40.47,0.074,0.032,0,0,VOLTAGE_ANOMALY,5
171.24,2.762,445.94,0.943,49.966,8,1,472.965,157.399,-54.06,0.892,58.76,0.034,0.007,0,0,VOLTAGE_ANOMALY,5
189.71,2.023,353.1,0.92,50.107,8,1,383.783,150.412,-146.9,0.706,40.29,0.107,0.03,0,0,VOLTAGE_ANOMALY,5
183.38,3.704,659.55,0.971,50.08,8,1,679.24,162.392,159.55,1.319,46.62,0.08,0.021,0,0,VOLTAGE_ANOMALY,5
255.76,2.466,579.72,0.919,50.002,9,1,630.704,248.66,154.72,1.364,25.76,0.002,0.031,0,0,VOLTAGE_ANOMALY,5
173.58,2.859,456.02,0.919,49.994,9,1,496.265,195.656,31.02,1.073,56.42,0.006,0.031,0,0,VOLTAGE_ANOMALY,5
266.72,1.224,307.98,0.943,50.095,9,1,326.465,108.645,-117.02,0.725,36.72,0.095,0.007,0,0,VOLTAGE_ANOMALY,5
258.91,1.163,272.53,0.905,49.993,9,1,301.112,128.097,-152.47,0.641,28.91,0.007,0.045,0,0,VOLTAGE_ANOMALY,5
183.52,2.833,492.89,0.948,50.004,10,1,519.912,165.473,67.89,1.16,46.48,0.004,0.002,0,0,VOLTAGE_ANOMALY,5
270.98,1.375,366.62,0.984,49.988,10,1,372.598,66.385,-58.38,0.863,40.98,0.012,0.034,0,0,VOLTAGE_ANOMALY,5
268.57,1.773,432.3,0.908,50.031,10,1,476.175,199.503,7.3,1.017,38.57,0.031,0.042,0,0,VOLTAGE_ANOMALY,5
255.25,1.033,244.93,0.929,49.98,10,1,263.673,97.58,-180.07,0.576,25.25,0.02,0.021,0,0,VOLTAGE_ANOMALY,5
180.14,3.414,565.88,0.92,49.998,11,1,614.998,241.029,140.88,1.331,49.86,0.002,0.03,0,0,VOLTAGE_ANOMALY,5
194.3,1.432,259.3,0.932,49.983,11,1,278.238,100.85,-165.7,0.61,35.7,0.017,0.018,0,0,VOLTAGE_ANOMALY,5
191.87,1.656,305.0,0.96,49.99,11,1,317.737,88.966,-120.0,0.718,38.13,0.01,0.01,0,0,VOLTAGE_ANOMALY,5
257.26,2.211,530.13,0.932,50.054,11,1,568.802,206.167,105.13,1.247,27.26,0.054,0.018,0,0,VOLTAGE_ANOMALY,5
194.79,2.867,518.74,0.929,49.997,12,1,558.463,206.676,93.74,1.221,35.21,0.003,0.021,0,0,VOLTAGE_ANOMALY,5
255.22,2.296,564.33,0.963,49.977,12,1,585.985,157.924,139.33,1.328,25.22,0.023,0.013,0,0,VOLTAGE_ANOMALY,5
182.38,2.59,452.61,0.958,50.059,12,1,472.364,135.459,27.61,1.065,47.62,0.059,0.008,0,0,VOLTAGE_ANOMALY,5
194.58,1.944,366.95,0.97,49.955,12,1,378.264,91.958,-58.05,0.863,35.42,0.045,0.02,0,0,VOLTAGE_ANOMALY,5
259.36,2.398,562.24,0.904,50.023,13,1,621.945,265.902,137.24,1.323,29.36,0.023,0.046,0,0,VOLTAGE_ANOMALY,5
192.07,2.083,391.75,0.979,50.005,13,1,400.082,81.561,-33.25,0.922,37.93,0.005,0.029,0,0,VOLTAGE_ANOMALY,5
178.18,2.6,454.94,0.982,50.058,13,1,463.268,87.502,29.94,1.07,51.82,0.058,0.032,0,0,VOLTAGE_ANOMALY,5
265.13,2.467,594.66,0.909,49.966,13,1,654.076,272.616,169.66,1.399,35.13,0.034,0.041,0,0,VOLTAGE_ANOMALY,5
175.64,2.201,377.36,0.976,49.968,14,1,386.584,84.187,-47.64,0.888,54.36,0.032,0.026,0,0,VOLTAGE_ANOMALY,5
170.97,2.167,359.73,0.971,50.039,14,1,370.492,88.577,-65.27,0.846,59.03,0.039,0.021,0,0,VOLTAGE_ANOMALY,5
273.21,1.441,359.08,0.912,49.948,14,1,393.696,161.49,-65.92,0.845,43.21,0.052,0.038,0,0,VOLTAGE_ANOMALY,5
175.93,1.699,295.69,0.989,49.994,14,1,298.905,44.213,-129.31,0.696,54.07,0.006,0.039,0,0,VOLTAGE_ANOMALY,5
262.88,1.271,305.05,0.913,50.027,15,1,334.12,136.308,-119.95,0.718,32.88,0.027,0.037,0,0,VOLTAGE_ANOMALY,5
185.5,1.957,332.19,0.915,49.961,15,1,363.024,146.463,-92.81,0.782,44.5,0.039,0.035,0,0,VOLTAGE_ANOMALY,5
177.16,2.016,323.88,0.907,50.035,15,1,357.155,150.409,-101.12,0.762,52.84,0.035,0.043,0,0,VOLTAGE_ANOMALY,5
175.21,3.442,583.77,0.968,50.01,15,1,603.073,151.341,158.77,1.374,54.79,0.01,0.018,0,0,VOLTAGE_ANOMALY,5
191.84,2.449,455.25,0.969,49.989,16,1,469.816,116.073,30.25,1.071,38.16,0.011,0.019,0,0,VOLTAGE_ANOMALY,5
273.03,2.256,594.34,0.965,50.013,16,1,615.956,161.534,169.34,1.398,43.03,0.013,0.015,0,0,VOLTAGE_ANOMALY,5
177.96,3.007,499.31,0.933,50.017,16,1,535.126,192.579,74.31,1.175,52.04,0.017,0.017,0,0,VOLTAGE_ANOMALY,5
261.08,2.278,554.38,0.932,50.049,16,1,594.74,215.569,129.38,1.304,31.08,0.049,0.018,0,0,VOLTAGE_ANOMALY,5
255.18,3.555,816.37,0.9,50.013,17,1,907.165,395.424,66.37,1.088,25.18,0.013,0.05,0,0,VOLTAGE_ANOMALY,5
173.17,5.715,911.45,0.921,50.013,17,1,989.667,385.537,161.45,1.215,56.83,0.013,0.029,0,0,VOLTAGE_ANOMALY,5
278.23,2.667,674.57,0.909,50.027,17,1,742.039,309.279,-75.43,0.899,48.23,0.027,0.041,0,0,VOLTAGE_ANOMALY,5
261.68,3.699,892.39,0.922,49.953,17,1,967.954,374.782,142.39,1.19,31.68,0.047,0.028,0,0,VOLTAGE_ANOMALY,5
180.74,3.562,602.63,0.936,49.982,18,1,643.796,226.616,-147.37,0.804,49.26,0.018,0.014,0,0,VOLTAGE_ANOMALY,5
188.87,3.903,726.17,0.985,50.034,18,1,737.16,127.2,-23.83,0.968,41.13,0.034,0.035,0,0,VOLTAGE_ANOMALY,5
266.25,3.009,733.96,0.916,49.93,18,1,801.146,321.402,-16.04,0.979,36.25,0.07,0.034,0,0,VOLTAGE_ANOMALY,5
170.02,3.526,556.37,0.928,50.063,18,1,599.491,223.358,-193.63,0.742,59.98,0.063,0.022,0,0,VOLTAGE_ANOMALY,5
183.9,4.123,699.81,0.923,49.882,19,1,758.22,291.763,-50.19,0.933,46.1,0.118,0.027,0,0,VOLTAGE_ANOMALY,5
256.21,3.593,859.9,0.934,50.015,19,1,920.563,328.892,109.9,1.147,26.21,0.015,0.016,0,0,VOLTAGE_ANOMALY,5
177.42,5.282,852.75,0.91,50.076,19,1,937.132,388.543,102.75,1.137,52.58,0.076,0.04,0,0,VOLTAGE_ANOMALY,5
185.3,2.994,504.9,0.91,49.977,19,1,554.788,230.02,-245.1,0.673,44.7,0.023,0.04,0,0,VOLTAGE_ANOMALY,5
180.77,5.612,951.52,0.938,49.961,20,1,1014.481,351.655,201.52,1.269,49.23,0.039,0.012,0,0,VOLTAGE_ANOMALY,5
183.19,3.112,560.41,0.983,50.032,20,1,570.087,104.671,-189.59,0.747,46.81,0.032,0.033,0,0,VOLTAGE_ANOMALY,5
179.56,5.009,860.74,0.957,50.033,20,1,899.416,260.91,110.74,1.148,50.44,0.033,0.007,0,0,VOLTAGE_ANOMALY,5
261.79,3.316,820.46,0.945,49.984,20,1,868.096,283.928,70.46,1.094,31.79,0.016,0.005,0,0,VOLTAGE_ANOMALY,5
191.0,5.571,970.49,0.912,50.001,21,1,1064.061,436.467,220.49,1.294,39.0,0.001,0.038,0,0,VOLTAGE_ANOMALY,5
260.46,3.552,914.97,0.989,50.039,21,1,925.154,136.845,164.97,1.22,30.46,0.039,0.039,0,0,VOLTAGE_ANOMALY,5
264.86,3.695,943.39,0.964,49.984,21,1,978.658,260.227,193.39,1.258,34.86,0.016,0.014,0,0,VOLTAGE_ANOMALY,5
174.05,3.037,520.12,0.984,49.886,21,1,528.59,94.178,-229.88,0.693,55.95,0.114,0.034,0,0,VOLTAGE_ANOMALY,5
274.08,1.334,342.29,0.936,50.008,22,1,365.623,128.699,-7.71,0.978,44.08,0.008,0.014,0,0,VOLTAGE_ANOMALY,5
191.87,1.334,249.48,0.975,49.976,22,1,255.955,56.874,-100.52,0.713,38.13,0.024,0.025,0,0,VOLTAGE_ANOMALY,5
278.73,1.78,483.65,0.975,50.006,22,1,496.139,110.245,133.65,1.382,48.73,0.006,0.025,0,0,VOLTAGE_ANOMALY,5
187.43,1.676,303.77,0.967,49.989,22,1,314.133,80.034,-46.23,0.868,42.57,0.011,0.017,0,0,VOLTAGE_ANOMALY,5
266.55,1.126,288.5,0.961,49.924,23,1,300.135,83.002,-61.5,0.824,36.55,0.076,0.011,0,0,VOLTAGE_ANOMALY,5
184.0,1.164,210.32,0.982,50.029,23,1,214.176,40.454,-139.68,0.601,46.0,0.029,0.032,0,0,VOLTAGE_ANOMALY,5
173.79,2.695,445.02,0.95,49.996,23,1,468.364,146.247,95.02,1.271,56.21,0.004,0.0,0,0,VOLTAGE_ANOMALY,5
178.56,1.825,309.28,0.949,49.908,23,1,325.872,102.74,-40.72,0.884,51.44,0.092,0.001,0,0,VOLTAGE_ANOMALY,5
276.18,0.349,93.95,0.974,49.927,0,2,96.387,21.836,-36.05,0.723,46.18,0.073,0.024,1,0,VOLTAGE_ANOMALY,5
190.93,0.957,170.42,0.933,49.939,0,2,182.72,65.757,40.42,1.311,39.07,0.061,0.017,1,0,VOLTAGE_ANOMALY,5
268.0,0.692,170.43,0.919,49.993,0,2,185.456,73.117,40.43,1.311,38.0,0.007,0.031,1,0,VOLTAGE_ANOMALY,5
274.83,0.517,133.21,0.938,49.94,0,2,142.087,49.252,3.21,1.025,44.83,0.06,0.012,1,0,VOLTAGE_ANOMALY,5
175.54,1.099,188.3,0.976,49.944,1,2,192.918,42.012,58.3,1.448,54.46,0.056,0.026,1,0,VOLTAGE_ANOMALY,5
186.84,0.535,96.62,0.966,50.034,1,2,99.959,25.844,-33.38,0.743,43.16,0.034,0.016,1,0,VOLTAGE_ANOMALY,5
256.09,0.457,107.05,0.914,50.027,1,2,117.033,47.482,-22.95,0.823,26.09,0.027,0.036,1,0,VOLTAGE_ANOMALY,5
276.49,0.492,127.43,0.936,49.926,1,2,136.033,47.884,-2.57,0.98,46.49,0.074,0.014,1,0,VOLTAGE_ANOMALY,5
183.61,0.834,139.44,0.911,50.05,2,2,153.131,63.152,9.44,1.073,46.39,0.05,0.039,1,0,VOLTAGE_ANOMALY,5
180.46,0.591,99.14,0.93,49.966,2,2,106.652,39.201,-30.86,0.763,49.54,0.034,0.02,1,0,VOLTAGE_ANOMALY,5
182.05,0.587,97.81,0.916,50.065,2,2,106.863,42.871,-32.19,0.752,47.95,0.065,0.034,1,0,VOLTAGE_ANOMALY,5
266.08,0.528,129.7,0.924,50.013,2,2,140.49,53.722,-0.3,0.998,36.08,0.013,0.026,1,0,VOLTAGE_ANOMALY,5
261.27,0.53,133.82,0.967,50.065,3,2,138.473,35.28,3.82,1.029,31.27,0.065,0.017,1,0,VOLTAGE_ANOMALY,5
176.19,0.568,91.73,0.916,49.999,3,2,100.076,40.148,-38.27,0.706,53.81,0.001,0.034,1,0,VOLTAGE_ANOMALY,5
187.63,0.989,181.44,0.978,50.05,3,2,185.566,38.71,51.44,1.396,42.37,0.05,0.028,1,0,VOLTAGE_ANOMALY,5
180.56,0.694,120.89,0.965,49.987,3,2,125.309,32.862,-9.11,0.93,49.44,0.013,0.015,1,0,VOLTAGE_ANOMALY,5
267.48,0.553,145.53,0.984,49.993,4,2,147.916,26.354,15.53,1.119,37.48,0.007,0.034,1,0,VOLTAGE_ANOMALY,5
257.88,0.329,81.82,0.964,50.027,4,2,84.843,22.56,-48.18,0.629,27.88,0.027,0.014,1,0,VOLTAGE_ANOMALY,5
186.76,0.669,114.24,0.914,49.987,4,2,124.942,50.691,-15.76,0.879,43.24,0.013,0.036,1,0,VOLTAGE_ANOMALY,5
173.58,1.062,176.28,0.956,49.99,4,2,184.342,54.08,46.28,1.356,56.42,0.01,0.006,1,0,VOLTAGE_ANOMALY,5
172.31,0.513,85.52,0.967,50.084,5,2,88.395,22.521,-44.48,0.658,57.69,0.084,0.017,1,0,VOLTAGE_ANOMALY,5
275.84,0.436,118.12,0.982,50.005,5,2,120.266,22.716,-11.88,0.909,45.84,0.005,0.032,1,0,VOLTAGE_ANOMALY,5
265.28,0.518,127.1,0.925,50.024,5,2,137.415,52.213,-2.9,0.978,35.28,0.024,0.025,1,0,VOLTAGE_ANOMALY,5
190.94,0.98,178.12,0.952,49.971,5,2,187.121,57.277,48.12,1.37,39.06,0.029,0.002,1,0,VOLTAGE_ANOMALY,5
279.4,2.086,526.98,0.904,49.989,6,2,582.828,249.178,26.98,1.054,49.4,0.011,0.046,0,0,VOLTAGE_ANOMALY,5
267.04,2.768,681.41,0.922,49.967,6,2,739.167,286.198,181.41,1.363,37.04,0.033,0.028,0,0,VOLTAGE_ANOMALY,5
279.42,1.871,503.0,0.962,50.012,6,2,522.795,142.749,3.0,1.006,49.42,0.012,0.012,0,0,VOLTAGE_ANOMALY,5
181.1,3.366,556.6,0.913,50.07,6,2,609.583,248.685,56.6,1.113,48.9,0.07,0.037,0,0,VOLTAGE_ANOMALY,5
279.04,1.63,414.41,0.911,49.999,7,2,454.835,187.577,-85.59,0.829,49.04,0.001,0.039,0,0,VOLTAGE_ANOMALY,5
271.17,2.403,612.63,0.94,49.99,7,2,651.622,222.317,112.63,1.225,41.17,0.01,0.01,0,0,VOLTAGE_ANOMALY,5
188.49,3.754,658.75,0.931,50.017,7,2,707.591,258.284,158.75,1.317,41.51,0.017,0.019,0,0,VOLTAGE_ANOMALY,5
274.79,1.76,464.18,0.96,49.99,7,2,483.63,135.417,-35.82,0.928,44.79,0.01,0.01,0,0,VOLTAGE_ANOMALY,5
264.9,1.257,329.44,0.989,50.044,8,2,332.979,49.253,-170.56,0.659,34.9,0.044,0.039,0,0,VOLTAGE_ANOMALY,5
272.38,1.548,403.64,0.957,50.028,8,2,421.644,122.314,-96.36,0.807,42.38,0.028,0.007,0,0,VOLTAGE_ANOMALY,5
256.47,1.896,464.41,0.955,50.01,8,2,486.267,144.23,-35.59,0.929,26.47,0.01,0.005,0,0,VOLTAGE_ANOMALY,5
271.12,1.331,345.74,0.958,50.03,8,2,360.861,103.483,-154.26,0.691,41.12,0.03,0.008,0,0,VOLTAGE_ANOMALY,5
255.05,1.494,343.35,0.901,49.976,9,2,381.045,165.304,-81.65,0.808,25.05,0.024,0.049,0,0,VOLTAGE_ANOMALY,5
268.95,1.182,302.02,0.95,49.941,9,2,317.899,99.264,-122.98,0.711,38.95,0.059,0.0,0,0,VOLTAGE_ANOMALY,5
187.99,1.489,260.4,0.93,50.06,9,2,279.917,102.886,-164.6,0.613,42.01,0.06,0.02,0,0,VOLTAGE_ANOMALY,5
174.84,3.136,503.94,0.919,49.945,9,2,548.298,216.171,78.94,1.186,55.16,0.055,0.031,0,0,VOLTAGE_ANOMALY,5
279.96,1.521,416.32,0.978,49.956,10,2,425.819,88.828,-8.68,0.98,49.96,0.044,0.028,0,0,VOLTAGE_ANOMALY,5
173.17,3.505,564.44,0.93,50.033,10,2,606.961,223.094,139.44,1.328,56.83,0.033,0.02,0,0,VOLTAGE_ANOMALY,5
266.75,1.524,377.97,0.93,50.047,10,2,406.527,149.423,-47.03,0.889,36.75,0.047,0.02,0,0,VOLTAGE_ANOMALY,5
170.39,2.052,325.59,0.931,49.964,10,2,349.64,127.625,-99.41,0.766,59.61,0.036,0.019,0,0,VOLTAGE_ANOMALY,5
279.53,1.915,523.11,0.977,49.983,11,2,535.3,114.147,98.11,1.231,49.53,0.017,0.027,0,0,VOLTAGE_ANOMALY,5
255.45,2.044,501.75,0.961,49.977,11,2,522.14,144.397,76.75,1.181,25.45,0.023,0.011,0,0,VOLTAGE_ANOMALY,5
268.52,1.524,389.58,0.952,50.025,11,2,409.224,125.263,-35.42,0.917,38.52,0.025,0.002,0,0,VOLTAGE_ANOMALY,5
259.47,1.228,290.35,0.911,49.976,11,2,318.629,131.405,-134.65,0.683,29.47,0.024,0.039,0,0,VOLTAGE_ANOMALY,5
226.17,500.0,325.46,0.928,50.03,12,2,113085.0,42133.231,-99.54,0.766,3.83,0.03,0.022,0,0,SENSOR_FAULT,6
0.0,1.438,297.24,0.905,49.962,12,2,0.0,0.0,-127.76,0.699,230.0,0.038,0.045,0,0,SENSOR_FAULT,6
500.0,1.782,399.24,0.972,50.061,12,2,891.0,209.368,-25.76,0.939,270.0,0.061,0.022,0,0,SENSOR_FAULT,6
232.66,2.112,474.4,-1.0,49.966,12,2,491.378,0.0,49.4,1.116,2.66,0.034,1.95,0,0,SENSOR_FAULT,6
231.12,2.716,602.76,2.0,49.94,13,2,627.722,0.0,177.76,1.418,1.12,0.06,1.05,0,0,SENSOR_FAULT,6
500.0,2.282,486.33,0.922,49.968,13,2,1141.0,441.784,61.33,1.144,270.0,0.032,0.028,0,0,SENSOR_FAULT,6
0.0,2.64,556.41,0.923,50.068,13,2,0.0,0.0,131.41,1.309,230.0,0.068,0.027,0,0,SENSOR_FAULT,6
230.18,500.0,346.09,0.925,49.965,13,2,115090.0,43730.414,-78.91,0.814,0.18,0.035,0.025,0,0,SENSOR_FAULT,6
231.38,1.37,294.01,0.928,100.0,14,2,316.991,118.104,-130.99,0.692,1.38,50.0,0.022,0,0,SENSOR_FAULT,6
230.55,500.0,566.16,0.962,49.958,14,2,115275.0,31475.775,141.16,1.332,0.55,0.042,0.012,0,0,SENSOR_FAULT,6
0.0,1.998,433.76,0.945,49.925,14,2,0.0,0.0,8.76,1.021,230.0,0.075,0.005,0,0,SENSOR_FAULT,6
231.88,1.761,384.55,2.0,49.956,14,2,408.341,0.0,-40.45,0.905,1.88,0.044,1.05,0,0,SENSOR_FAULT,6
229.78,500.0,384.24,0.941,50.005,15,2,114890.0,38879.53,-40.76,0.904,0.22,0.005,0.009,0,0,SENSOR_FAULT,6
228.58,500.0,424.67,0.974,49.931,15,2,114290.0,25892.172,-0.33,0.999,1.42,0.069,0.024,0,0,SENSOR_FAULT,6
0.0,2.311,521.85,0.984,50.022,15,2,0.0,0.0,96.85,1.228,230.0,0.022,0.034,0,0,SENSOR_FAULT,6
500.0,2.366,548.28,0.99,50.054,15,2,1183.0,166.883,123.28,1.29,270.0,0.054,0.04,0,0,SENSOR_FAULT,6
230.77,2.755,576.0,0.906,-10.0,16,2,635.771,269.108,151.0,1.355,0.77,60.0,0.044,0,0,SENSOR_FAULT,6
227.6,500.0,270.68,0.957,50.022,16,2,113800.0,33012.005,-154.32,0.637,2.4,0.022,0.007,0,0,SENSOR_FAULT,6
500.0,1.272,283.83,0.964,50.0,16,2,636.0,169.114,-141.17,0.668,270.0,0.0,0.014,0,0,SENSOR_FAULT,6
0.0,1.304,290.88,0.978,50.078,16,2,0.0,0.0,-134.12,0.684,230.0,0.078,0.028,0,0,SENSOR_FAULT,6
0.0,2.973,637.15,0.936,50.106,17,2,0.0,0.0,-112.85,0.85,230.0,0.106,0.014,0,0,SENSOR_FAULT,6
228.67,3.158,656.94,2.0,50.005,17,2,722.14,0.0,-93.06,0.876,1.33,0.005,1.05,0,0,SENSOR_FAULT,6
500.0,4.083,930.58,0.988,49.937,17,2,2041.5,315.318,180.58,1.241,270.0,0.063,0.038,0,0,SENSOR_FAULT,6
231.11,2.703,588.63,2.0,50.028,17,2,624.69,0.0,-161.37,0.785,1.11,0.028,1.05,0,0,SENSOR_FAULT,6
500.0,4.199,896.04,0.925,50.021,18,2,2099.5,797.741,146.04,1.195,270.0,0.021,0.025,0,0,SENSOR_FAULT,6
231.64,4.479,956.96,2.0,50.02,18,2,1037.516,0.0,206.96,1.276,1.64,0.02,1.05,0,0,SENSOR_FAULT,6
227.25,4.601,955.1,2.0,50.015,18,2,1045.577,0.0,205.1,1.273,2.75,0.015,1.05,0,0,SENSOR_FAULT,6
230.73,3.361,716.07,-1.0,49.991,18,2,775.484,0.0,-33.93,0.955,0.73,0.009,1.95,0,0,SENSOR_FAULT,6
234.22,2.665,562.53,0.901,100.0,19,2,624.196,270.788,-187.47,0.75,4.22,50.0,0.049,0,0,SENSOR_FAULT,6
0.0,2.968,638.06,0.929,49.96,19,2,0.0,0.0,-111.94,0.851,230.0,0.04,0.021,0,0,SENSOR_FAULT,6
231.95,500.0,690.59,0.953,50.016,19,2,115975.0,35136.98,-59.41,0.921,1.95,0.016,0.003,0,0,SENSOR_FAULT,6
-10.0,3.463,766.31,0.969,50.045,19,2,-34.63,-8.556,16.31,1.022,240.0,0.045,0.019,0,0,SENSOR_FAULT,6
232.65,500.0,983.47,0.945,49.903,20,2,116325.0,38046.456,233.47,1.311,2.65,0.097,0.005,0,0,SENSOR_FAULT,6
500.0,3.362,755.09,0.972,49.978,20,2,1681.0,395.003,5.09,1.007,270.0,0.022,0.022,0,0,SENSOR_FAULT,6
227.51,4.303,966.07,1.5,49.964,20,2,978.976,0.0,216.07,1.288,2.49,0.036,0.55,0,0,SENSOR_FAULT,6
232.15,4.067,875.34,-1.0,50.019,20,2,944.154,0.0,125.34,1.167,2.15,0.019,1.95,0,0,SENSOR_FAULT,6
230.45,2.805,592.82,-1.0,50.046,21,2,646.412,0.0,-157.18,0.79,0.45,0.046,1.95,0,0,SENSOR_FAULT,6
0.0,2.462,529.51,0.951,50.013,21,2,0.0,0.0,-220.49,0.706,230.0,0.013,0.001,0,0,SENSOR_FAULT,6
231.3,4.411,929.16,0.911,100.0,21,2,1020.264,420.763,179.16,1.239,1.3,50.0,0.039,0,0,SENSOR_FAULT,6
230.44,2.768,596.17,0.935,-10.0,21,2,637.858,226.215,-153.83,0.795,0.44,60.0,0.015,0,0,SENSOR_FAULT,6
230.43,500.0,273.41,0.948,49.923,22,2,115215.0,36669.516,-76.59,0.781,0.43,0.077,0.002,0,0,SENSOR_FAULT,6
227.01,1.266,279.45,0.972,100.0,22,2,287.395,67.532,-70.55,0.798,2.99,50.0,0.022,0,0,SENSOR_FAULT,6
228.33,1.551,318.85,-1.0,49.984,22,2,354.14,0.0,-31.15,0.911,1.67,0.016,1.95,0,0,SENSOR_FAULT,6
232.69,0.987,207.0,2.0,49.943,22,2,229.665,0.0,-143.0,0.591,2.69,0.057,1.05,0,0,SENSOR_FAULT,6
233.43,1.931,443.51,-1.0,49.99,23,2,450.753,0.0,93.51,1.267,3.43,0.01,1.95,0,0,SENSOR_FAULT,6
229.36,500.0,299.25,0.932,49.986,23,2,114680.0,41566.715,-50.75,0.855,0.64,0.014,0.018,0,0,SENSOR_FAULT,6
500.0,2.079,473.26,0.979,50.094,23,2,1039.5,211.913,123.26,1.352,270.0,0.094,0.029,0,0,SENSOR_FAULT,6
232.67,1.025,226.14,-1.0,49.944,23,2,238.487,0.0,-123.86,0.646,2.67,0.056,1.95,0,0,SENSOR_FAULT,6
0.0,0.441,98.58,0.982,49.926,0,3,0.0,0.0,-31.42,0.758,230.0,0.074,0.032,1,0,SENSOR_FAULT,6
229.62,0.691,146.2,1.5,50.03,0,3,158.667,0.0,16.2,1.125,0.38,0.03,0.55,1,0,SENSOR_FAULT,6
232.29,0.633,141.48,0.962,-10.0,0,3,147.04,40.149,11.48,1.088,2.29,60.0,0.012,1,0,SENSOR_FAULT,6
-10.0,0.519,114.29,0.952,49.948,0,3,-5.19,-1.589,-15.71,0.879,240.0,0.052,0.002,1,0,SENSOR_FAULT,6
232.3,-5.0,115.89,0.971,50.057,1,3,-1161.5,-277.691,-14.11,0.891,2.3,0.057,0.021,1,0,SENSOR_FAULT,6
228.47,0.592,131.02,-1.0,49.94,1,3,135.254,0.0,1.02,1.008,1.53,0.06,1.95,1,0,SENSOR_FAULT,6
0.0,0.373,77.61,0.91,49.952,1,3,0.0,0.0,-52.39,0.597,230.0,0.048,0.04,1,0,SENSOR_FAULT,6
225.62,0.771,161.66,1.5,50.0,1,3,173.953,0.0,31.66,1.244,4.38,0.0,0.55,1,0,SENSOR_FAULT,6
227.54,0.467,103.79,0.978,100.0,2,3,106.261,22.167,-26.21,0.798,2.46,50.0,0.028,1,0,SENSOR_FAULT,6
500.0,0.828,179.48,0.935,50.089,2,3,414.0,146.824,49.48,1.381,270.0,0.089,0.015,1,0,SENSOR_FAULT,6
232.41,500.0,161.54,0.939,50.013,2,3,116205.0,39964.891,31.54,1.243,2.41,0.013,0.011,1,0,SENSOR_FAULT,6
230.46,0.774,169.49,0.95,-10.0,2,3,178.376,55.698,39.49,1.304,0.46,60.0,0.0,1,0,SENSOR_FAULT,6
226.51,0.426,93.6,2.0,49.966,3,3,96.493,0.0,-36.4,0.72,3.49,0.034,1.05,1,0,SENSOR_FAULT,6
500.0,0.653,147.66,0.989,49.913,3,3,326.5,48.294,17.66,1.136,270.0,0.087,0.039,1,0,SENSOR_FAULT,6
225.9,0.535,111.48,2.0,49.984,3,3,120.857,0.0,-18.52,0.858,4.1,0.016,1.05,1,0,SENSOR_FAULT,6
229.22,-5.0,183.74,0.948,49.984,3,3,-1146.1,-364.77,53.74,1.413,0.78,0.016,0.002,1,0,SENSOR_FAULT,6
500.0,0.516,107.66,0.908,49.974,4,3,258.0,108.094,-22.34,0.828,270.0,0.026,0.042,1,0,SENSOR_FAULT,6
227.43,500.0,149.33,0.981,49.944,4,3,113715.0,22061.589,19.33,1.149,2.57,0.056,0.031,1,0,SENSOR_FAULT,6
227.38,500.0,105.63,0.933,49.997,4,3,113690.0,40914.344,-24.37,0.813,2.62,0.003,0.017,1,0,SENSOR_FAULT,6
228.0,0.733,165.37,2.0,50.008,4,3,167.124,0.0,35.37,1.272,2.0,0.008,1.05,1,0,SENSOR_FAULT,6
228.26,0.433,93.62,2.0,49.934,5,3,98.837,0.0,-36.38,0.72,1.74,0.066,1.05,1,0,SENSOR_FAULT,6
500.0,0.419,89.16,0.923,49.949,5,3,209.5,80.616,-40.84,0.686,270.0,0.051,0.027,1,0,SENSOR_FAULT,6
233.82,-5.0,125.89,0.969,49.996,5,3,-1169.1,-288.839,-4.11,0.968,3.82,0.004,0.019,1,0,SENSOR_FAULT,6
225.8,0.713,151.37,2.0,50.001,5,3,160.995,0.0,21.37,1.164,4.2,0.001,1.05,1,0,SENSOR_FAULT,6
-10.0,2.569,562.9,0.946,50.058,6,3,-25.69,-8.328,62.9,1.126,240.0,0.058,0.004,0,0,SENSOR_FAULT,6
-10.0,2.656,559.77,0.921,50.047,6,3,-26.56,-10.347,59.77,1.12,240.0,0.047,0.029,0,0,SENSOR_FAULT,6
0.0,1.616,351.99,0.943,50.001,6,3,0.0,0.0,-148.01,0.704,230.0,0.001,0.007,0,0,SENSOR_FAULT,6
227.46,1.678,361.22,1.5,50.036,6,3,381.678,0.0,-138.78,0.722,2.54,0.036,0.55,0,0,SENSOR_FAULT,6
500.0,2.483,524.68,0.937,49.938,7,3,1241.5,433.692,24.68,1.049,270.0,0.062,0.013,0,0,SENSOR_FAULT,6
228.18,2.103,463.11,0.965,-10.0,7,3,479.863,125.844,-36.89,0.926,1.82,60.0,0.015,0,0,SENSOR_FAULT,6
230.06,2.022,448.48,-1.0,50.056,7,3,465.181,0.0,-51.52,0.897,0.06,0.056,1.95,0,0,SENSOR_FAULT,6
232.79,1.57,353.15,-1.0,50.026,7,3,365.48,0.0,-146.85,0.706,2.79,0.026,1.95,0,0,SENSOR_FAULT,6
229.89,-5.0,607.94,0.907,49.967,8,3,-1149.45,-484.069,107.94,1.216,0.11,0.033,0.043,0,0,SENSOR_FAULT,6
229.34,1.545,330.38,0.933,100.0,8,3,354.33,127.515,-169.62,0.661,0.66,50.0,0.017,0,0,SENSOR_FAULT,6
227.57,3.375,693.29,2.0,50.022,8,3,768.049,0.0,193.29,1.387,2.43,0.022,1.05,0,0,SENSOR_FAULT,6
500.0,1.826,379.29,0.904,50.027,8,3,913.0,390.337,-120.71,0.759,270.0,0.027,0.046,0,0,SENSOR_FAULT,6
230.52,2.542,543.42,-1.0,50.062,9,3,585.982,0.0,118.42,1.279,0.52,0.062,1.95,0,0,SENSOR_FAULT,6
230.05,1.722,361.25,0.912,100.0,9,3,396.146,162.495,-63.75,0.85,0.05,50.0,0.038,0,0,SENSOR_FAULT,6
227.0,2.375,530.67,0.984,-10.0,9,3,539.125,96.055,105.67,1.249,3.0,60.0,0.034,0,0,SENSOR_FAULT,6
0.0,1.649,354.73,0.942,49.923,9,3,0.0,0.0,-70.27,0.835,230.0,0.077,0.008,0,0,SENSOR_FAULT,6
230.1,2.123,444.57,0.91,100.0,10,3,488.502,202.537,19.57,1.046,0.1,50.0,0.04,0,0,SENSOR_FAULT,6
229.5,1.413,307.75,2.0,50.11,10,3,324.284,0.0,-117.25,0.724,0.5,0.11,1.05,0,0,SENSOR_FAULT,6
229.58,-5.0,553.33,0.918,49.922,10,3,-1147.9,-455.235,128.33,1.302,0.42,0.078,0.032,0,0,SENSOR_FAULT,6
232.43,2.648,592.12,1.5,50.01,10,3,615.475,0.0,167.12,1.393,2.43,0.01,0.55,0,0,SENSOR_FAULT,6
226.66,1.452,315.54,0.959,100.0,11,3,329.11,93.272,-109.46,0.742,3.34,50.0,0.009,0,0,SENSOR_FAULT,6
500.0,1.899,428.45,0.978,50.005,11,3,949.5,198.07,3.45,1.008,270.0,0.005,0.028,0,0,SENSOR_FAULT,6
0.0,2.567,576.13,0.979,50.08,11,3,0.0,0.0,151.13,1.356,230.0,0.08,0.029,0,0,SENSOR_FAULT,6
225.14,1.354,295.95,1.5,49.986,11,3,304.84,0.0,-129.05,0.696,4.86,0.014,0.55,0,0,SENSOR_FAULT,6
230.96,1.775,405.38,2.0,49.905,12,3,409.954,0.0,-19.62,0.954,0.96,0.095,1.05,0,0,SENSOR_FAULT,6
230.9,1.588,361.96,2.0,50.007,12,3,366.669,0.0,-63.04,0.852,0.9,0.007,1.05,0,0,SENSOR_FAULT,6
500.0,2.396,519.29,0.943,50.071,12,3,1198.0,398.686,94.29,1.222,270.0,0.071,0.007,0,0,SENSOR_FAULT,6
-10.0,1.765,390.3,0.961,50.052,12,3,-17.65,-4.881,-34.7,0.918,240.0,0.052,0.011,0,0,SENSOR_FAULT,6
500.0,2.026,419.29,0.9,50.035,13,3,1013.0,441.556,-5.71,0.987,270.0,0.035,0.05,0,0,SENSOR_FAULT,6
229.67,2.338,511.11,0.952,-10.0,13,3,536.968,164.365,86.11,1.203,0.33,60.0,0.002,0,0,SENSOR_FAULT,6
-10.0,1.959,407.14,0.901,49.958,13,3,-19.59,-8.499,-17.86,0.958,240.0,0.042,0.049,0,0,SENSOR_FAULT,6
-10.0,2.275,469.3,0.901,50.003,13,3,-22.75,-9.869,44.3,1.104,240.0,0.003,0.049,0,0,SENSOR_FAULT,6
228.69,2.146,464.14,2.0,50.024,14,3,490.769,0.0,39.14,1.092,1.31,0.024,1.05,0,0,SENSOR_FAULT,6
230.82,2.274,492.81,0.939,100.0,14,3,524.885,180.517,67.81,1.16,0.82,50.0,0.011,0,0,SENSOR_FAULT,6
-10.0,2.382,511.04,0.937,49.987,14,3,-23.82,-8.321,86.04,1.202,240.0,0.013,0.013,0,0,SENSOR_FAULT,6
229.47,2.202,480.24,0.95,100.0,14,3,505.293,157.778,55.24,1.13,0.53,50.0,0.0,0,0,SENSOR_FAULT,6
-10.0,1.904,396.59,0.908,50.015,15,3,-19.04,-7.977,-28.41,0.933,240.0,0.015,0.042,0,0,SENSOR_FAULT,6
227.58,-5.0,507.61,0.945,49.933,15,3,-1137.9,-372.173,82.61,1.194,2.42,0.067,0.005,0,0,SENSOR_FAULT,6
229.37,1.812,389.81,0.938,-10.0,15,3,415.618,144.068,-35.19,0.917,0.63,60.0,0.012,0,0,SENSOR_FAULT,6
231.05,2.509,543.6,-1.0,49.982,15,3,579.704,0.0,118.6,1.279,1.05,0.018,1.95,0,0,SENSOR_FAULT,6
-10.0,1.475,320.22,0.927,50.054,16,3,-14.75,-5.532,-104.78,0.753,240.0,0.054,0.023,0,0,SENSOR_FAULT,6
231.13,2.318,484.63,0.904,-10.0,16,3,535.759,229.055,59.63,1.14,1.13,60.0,0.046,0,0,SENSOR_FAULT,6
-10.0,1.907,412.46,0.94,50.078,16,3,-19.07,-6.506,-12.54,0.97,240.0,0.078,0.01,0,0,SENSOR_FAULT,6
227.78,-5.0,564.41,0.985,50.069,16,3,-1138.9,-196.522,139.41,1.328,2.22,0.069,0.035,0,0,SENSOR_FAULT,6
500.0,4.347,964.98,0.961,49.976,17,3,2173.5,601.078,214.98,1.287,270.0,0.024,0.011,0,0,SENSOR_FAULT,6
229.88,3.286,699.35,0.926,100.0,17,3,755.386,285.176,-50.65,0.932,0.12,50.0,0.024,0,0,SENSOR_FAULT,6
500.0,3.9,859.48,0.955,50.025,17,3,1950.0,578.381,109.48,1.146,270.0,0.025,0.005,0,0,SENSOR_FAULT,6
232.91,2.697,591.83,0.942,-10.0,17,3,628.158,210.818,-158.17,0.789,2.91,60.0,0.008,0,0,SENSOR_FAULT,6
500.0,3.104,679.73,0.949,50.064,18,3,1552.0,489.308,-70.27,0.906,270.0,0.064,0.001,0,0,SENSOR_FAULT,6
228.96,4.49,928.09,0.903,-10.0,18,3,1028.03,441.684,178.09,1.237,1.04,60.0,0.047,0,0,SENSOR_FAULT,6
228.27,3.05,639.58,0.919,100.0,18,3,696.223,274.491,-110.42,0.853,1.73,50.0,0.031,0,0,SENSOR_FAULT,6
233.18,2.352,517.4,0.944,100.0,18,3,548.439,180.955,-232.6,0.69,3.18,50.0,0.006,0,0,SENSOR_FAULT,6
229.57,3.031,659.66,-1.0,49.978,19,3,695.827,0.0,-90.34,0.88,0.43,0.022,1.95,0,0,SENSOR_FAULT,6
231.16,-5.0,927.14,0.981,50.055,19,3,-1155.8,-224.234,177.14,1.236,1.16,0.055,0.031,0,0,SENSOR_FAULT,6
227.49,3.952,878.24,0.977,-10.0,19,3,899.04,191.711,128.24,1.171,2.51,60.0,0.027,0,0,SENSOR_FAULT,6
229.66,3.329,749.47,0.98,100.0,19,3,764.538,152.141,-0.53,0.999,0.34,50.0,0.03,0,0,SENSOR_FAULT,6
231.1,3.763,818.55,0.941,-10.0,20,3,869.629,294.288,68.55,1.091,1.1,60.0,0.009,0,0,SENSOR_FAULT,6
0.0,3.783,803.63,0.92,49.941,20,3,0.0,0.0,53.63,1.072,230.0,0.059,0.03,0,0,SENSOR_FAULT,6
231.11,2.457,557.26,0.981,-10.0,20,3,567.837,110.165,-192.74,0.743,1.11,60.0,0.031,0,0,SENSOR_FAULT,6
229.33,3.681,780.94,0.925,100.0,20,3,844.164,320.754,30.94,1.041,0.67,50.0,0.025,0,0,SENSOR_FAULT,6
233.16,500.0,846.5,0.913,49.997,21,3,116580.0,47559.925,96.5,1.129,3.16,0.003,0.037,0,0,SENSOR_FAULT,6
228.1,4.441,969.5,0.957,100.0,21,3,1012.992,293.857,219.5,1.293,1.9,50.0,0.007,0,0,SENSOR_FAULT,6
232.24,2.79,590.8,0.912,-10.0,21,3,647.95,265.783,-159.2,0.788,2.24,60.0,0.038,0,0,SENSOR_FAULT,6
-10.0,3.959,852.99,0.934,49.951,21,3,-39.59,-14.144,102.99,1.137,240.0,0.049,0.016,0,0,SENSOR_FAULT,6
234.22,2.083,471.58,0.966,100.0,22,3,487.88,126.138,121.58,1.347,4.22,50.0,0.016,0,0,SENSOR_FAULT,6
0.0,2.31,510.57,0.959,50.056,22,3,0.0,0.0,160.57,1.459,230.0,0.056,0.009,0,0,SENSOR_FAULT,6
0.0,2.003,450.16,0.975,49.995,22,3,0.0,0.0,100.16,1.286,230.0,0.005,0.025,0,0,SENSOR_FAULT,6
228.04,1.289,268.3,2.0,49.996,22,3,293.944,0.0,-81.7,0.767,1.96,0.004,1.05,0,0,SENSOR_FAULT,6
226.47,-5.0,297.7,0.933,49.974,23,3,-1132.35,-407.506,-52.3,0.851,3.53,0.026,0.017,0,0,SENSOR_FAULT,6
226.3,1.741,368.68,0.936,100.0,23,3,393.988,138.684,18.68,1.053,3.7,50.0,0.014,0,0,SENSOR_FAULT,6
500.0,1.568,347.33,0.968,50.036,23,3,784.0,196.745,-2.67,0.992,270.0,0.036,0.018,0,0,SENSOR_FAULT,6
500.0,1.995,438.88,0.955,50.007,23,3,997.5,295.864,88.88,1.254,270.0,0.007,0.005,0,0,SENSOR_FAULT,6
227.64,0.465,97.31,0.918,100.0,0,4,105.853,41.979,-32.69,0.749,2.36,50.0,0.032,1,0,SENSOR_FAULT,6
0.0,0.348,76.12,0.951,50.098,0,4,0.0,0.0,-53.88,0.586,230.0,0.098,0.001,1,0,SENSOR_FAULT,6
228.26,0.809,180.15,0.975,100.0,0,4,184.662,41.033,50.15,1.386,1.74,50.0,0.025,1,0,SENSOR_FAULT,6
227.18,0.825,176.47,2.0,49.984,0,4,187.423,0.0,46.47,1.357,2.82,0.016,1.05,1,0,SENSOR_FAULT,6
230.47,0.49,108.19,0.959,-10.0,1,4,112.93,32.005,-21.81,0.832,0.47,60.0,0.009,1,0,SENSOR_FAULT,6
500.0,0.807,178.21,0.937,50.044,1,4,403.5,140.954,48.21,1.371,270.0,0.044,0.013,1,0,SENSOR_FAULT,6
0.0,0.338,73.56,0.943,50.003,1,4,0.0,0.0,-56.44,0.566,230.0,0.003,0.007,1,0,SENSOR_FAULT,6
231.59,0.582,126.63,1.5,50.018,1,4,134.785,0.0,-3.37,0.974,1.59,0.018,0.55,1,0,SENSOR_FAULT,6
-10.0,0.868,182.42,0.909,50.098,2,4,-8.68,-3.618,52.42,1.403,240.0,0.098,0.041,1,0,SENSOR_FAULT,6
231.08,0.727,156.13,0.93,100.0,2,4,167.995,61.748,26.13,1.201,1.08,50.0,0.02,1,0,SENSOR_FAULT,6
225.17,0.87,177.33,0.905,100.0,2,4,195.898,83.337,47.33,1.364,4.83,50.0,0.045,1,0,SENSOR_FAULT,6
0.0,0.704,153.13,0.936,50.013,2,4,0.0,0.0,23.13,1.178,230.0,0.013,0.014,1,0,SENSOR_FAULT,6
228.22,-5.0,120.83,0.964,50.065,3,4,-1141.1,-303.421,-9.17,0.929,1.78,0.065,0.014,1,0,SENSOR_FAULT,6
231.07,500.0,127.19,0.936,49.931,3,4,115535.0,40668.32,-2.81,0.978,1.07,0.069,0.014,1,0,SENSOR_FAULT,6
231.26,-5.0,172.39,0.952,50.003,3,4,-1156.3,-353.941,42.39,1.326,1.26,0.003,0.002,1,0,SENSOR_FAULT,6
228.33,0.87,185.95,1.5,50.002,3,4,198.647,0.0,55.95,1.43,1.67,0.002,0.55,1,0,SENSOR_FAULT,6
233.86,0.571,131.01,0.981,-10.0,4,4,133.534,25.907,1.01,1.008,3.86,60.0,0.031,1,0,SENSOR_FAULT,6
231.36,-5.0,125.36,0.934,50.035,4,4,-1156.8,-413.293,-4.64,0.964,1.36,0.035,0.016,1,0,SENSOR_FAULT,6
0.0,0.476,106.18,0.954,50.012,4,4,0.0,0.0,-23.82,0.817,230.0,0.012,0.004,1,0,SENSOR_FAULT,6
230.56,-5.0,166.92,0.952,50.068,4,4,-1152.8,-352.87,36.92,1.284,0.56,0.068,0.002,1,0,SENSOR_FAULT,6
230.3,0.592,132.17,0.969,100.0,5,4,136.338,33.684,2.17,1.017,0.3,50.0,0.019,1,0,SENSOR_FAULT,6
229.14,500.0,121.9,0.926,49.957,5,4,114570.0,43252.868,-8.1,0.938,0.86,0.043,0.024,1,0,SENSOR_FAULT,6
232.35,0.718,153.51,0.921,100.0,5,4,166.827,64.99,23.51,1.181,2.35,50.0,0.029,1,0,SENSOR_FAULT,6
-10.0,0.41,91.0,0.961,49.981,5,4,-4.1,-1.134,-39.0,0.7,240.0,0.019,0.011,1,0,SENSOR_FAULT,6
231.65,2.764,579.19,1.5,50.023,6,4,640.281,0.0,79.19,1.158,1.65,0.023,0.55,0,0,SENSOR_FAULT,6
500.0,2.659,564.63,0.937,49.936,6,4,1329.5,464.433,64.63,1.129,270.0,0.064,0.013,0,0,SENSOR_FAULT,6
230.44,-5.0,342.75,0.981,50.006,6,4,-1152.2,-223.536,-157.25,0.685,0.44,0.006,0.031,0,0,SENSOR_FAULT,6
233.21,1.863,391.26,1.5,49.949,6,4,434.47,0.0,-108.74,0.783,3.21,0.051,0.55,0,0,SENSOR_FAULT,6
236.28,2.373,511.36,0.912,-10.0,7,4,560.692,229.991,11.36,1.023,6.28,60.0,0.038,0,0,SENSOR_FAULT,6
226.28,1.918,428.21,2.0,50.021,7,4,434.005,0.0,-71.79,0.856,3.72,0.021,1.05,0,0,SENSOR_FAULT,6
231.02,500.0,465.52,0.908,50.051,7,4,115510.0,48395.244,-34.48,0.931,1.02,0.051,0.042,0,0,SENSOR_FAULT,6
231.49,2.199,465.51,1.5,50.081,7,4,509.047,0.0,-34.49,0.931,1.49,0.081,0.55,0,0,SENSOR_FAULT,6
500.0,2.906,653.83,0.984,49.919,8,4,1453.0,258.879,153.83,1.308,270.0,0.081,0.034,0,0,SENSOR_FAULT,6
500.0,2.041,436.1,0.905,50.042,8,4,1020.5,434.133,-63.9,0.872,270.0,0.042,0.045,0,0,SENSOR_FAULT,6
232.12,-5.0,362.01,0.932,50.073,8,4,-1160.6,-420.669,-137.99,0.724,2.12,0.073,0.018,0,0,SENSOR_FAULT,6
229.91,2.641,565.69,-1.0,50.064,8,4,607.192,0.0,65.69,1.131,0.09,0.064,1.95,0,0,SENSOR_FAULT,6
232.06,1.728,365.92,0.912,-10.0,9,4,401.0,164.486,-59.08,0.861,2.06,60.0,0.038,0,0,SENSOR_FAULT,6
231.24,-5.0,462.99,0.901,50.07,9,4,-1156.2,-501.582,37.99,1.089,1.24,0.07,0.049,0,0,SENSOR_FAULT,6
228.44,2.308,497.97,2.0,49.948,9,4,527.24,0.0,72.97,1.172,1.56,0.052,1.05,0,0,SENSOR_FAULT,6
-10.0,1.936,415.59,0.935,49.977,9,4,-19.36,-6.866,-9.41,0.978,240.0,0.023,0.015,0,0,SENSOR_FAULT,6
-10.0,1.646,375.9,0.99,50.046,10,4,-16.46,-2.322,-49.1,0.884,240.0,0.046,0.04,0,0,SENSOR_FAULT,6
229.17,2.165,470.41,1.5,50.043,10,4,496.153,0.0,45.41,1.107,0.83,0.043,0.55,0,0,SENSOR_FAULT,6
227.21,1.933,395.79,2.0,50.014,10,4,439.197,0.0,-29.21,0.931,2.79,0.014,1.05,0,0,SENSOR_FAULT,6
230.26,2.262,478.41,0.918,-10.0,10,4,520.848,206.558,53.41,1.126,0.26,60.0,0.032,0,0,SENSOR_FAULT,6
228.91,2.11,468.81,0.97,100.0,11,4,483.0,117.42,43.81,1.103,1.09,50.0,0.02,0,0,SENSOR_FAULT,6
228.75,1.373,303.62,0.966,100.0,11,4,314.074,81.201,-121.38,0.714,1.25,50.0,0.016,0,0,SENSOR_FAULT,6
0.0,1.876,402.54,0.928,50.045,11,4,0.0,0.0,-22.46,0.947,230.0,0.045,0.022,0,0,SENSOR_FAULT,6
227.81,1.632,343.12,0.923,-10.0,11,4,371.786,143.063,-81.88,0.807,2.19,60.0,0.027,0,0,SENSOR_FAULT,6
229.86,1.375,309.92,-1.0,50.071,12,4,316.058,0.0,-115.08,0.729,0.14,0.071,1.95,0,0,SENSOR_FAULT,6
228.66,-5.0,567.81,0.944,50.043,12,4,-1143.3,-377.227,142.81,1.336,1.34,0.043,0.006,0,0,SENSOR_FAULT,6
231.36,2.482,536.44,0.934,-10.0,12,4,574.236,205.159,111.44,1.262,1.36,60.0,0.016,0,0,SENSOR_FAULT,6
231.53,2.727,581.63,0.921,-10.0,12,4,631.382,245.963,156.63,1.369,1.53,60.0,0.029,0,0,SENSOR_FAULT,6
230.76,1.861,402.84,0.938,100.0,13,4,429.444,148.861,-22.16,0.948,0.76,50.0,0.012,0,0,SENSOR_FAULT,6
228.23,2.3,504.74,2.0,50.009,13,4,524.929,0.0,79.74,1.188,1.77,0.009,1.05,0,0,SENSOR_FAULT,6
230.11,2.536,567.09,1.5,50.016,13,4,583.559,0.0,142.09,1.334,0.11,0.016,0.55,0,0,SENSOR_FAULT,6
225.03,-5.0,464.5,0.935,50.037,13,4,-1125.15,-399.032,39.5,1.093,4.97,0.037,0.015,0,0,SENSOR_FAULT,6
-10.0,1.373,311.9,0.977,49.982,14,4,-13.73,-2.928,-113.1,0.734,240.0,0.018,0.027,0,0,SENSOR_FAULT,6
500.0,1.422,297.1,0.903,50.096,14,4,711.0,305.474,-127.9,0.699,270.0,0.096,0.047,0,0,SENSOR_FAULT,6
230.08,1.394,295.14,2.0,49.981,14,4,320.732,0.0,-129.86,0.694,0.08,0.019,1.05,0,0,SENSOR_FAULT,6
232.96,1.794,409.79,1.5,50.026,14,4,417.93,0.0,-15.21,0.964,2.96,0.026,0.55,0,0,SENSOR_FAULT,6
233.25,500.0,383.92,0.939,49.971,15,4,116625.0,40109.337,-41.08,0.903,3.25,0.029,0.011,0,0,SENSOR_FAULT,6
232.62,2.53,575.83,0.978,100.0,15,4,588.529,122.77,150.83,1.355,2.62,50.0,0.028,0,0,SENSOR_FAULT,6
-10.0,2.426,515.79,0.924,49.959,15,4,-24.26,-9.277,90.79,1.214,240.0,0.041,0.026,0,0,SENSOR_FAULT,6
226.6,-5.0,462.93,0.927,50.027,15,4,-1133.0,-424.944,37.93,1.089,3.4,0.027,0.023,0,0,SENSOR_FAULT,6
231.72,2.568,543.24,1.5,49.937,16,4,595.057,0.0,118.24,1.278,1.72,0.063,0.55,0,0,SENSOR_FAULT,6
229.64,500.0,310.04,0.989,50.003,16,4,114820.0,16983.66,-114.96,0.73,0.36,0.003,0.039,0,0,SENSOR_FAULT,6
228.44,-5.0,428.43,0.942,49.961,16,4,-1142.2,-383.337,3.43,1.008,1.56,0.039,0.008,0,0,SENSOR_FAULT,6
0.0,2.644,578.06,0.947,49.951,16,4,0.0,0.0,153.06,1.36,230.0,0.049,0.003,0,0,SENSOR_FAULT,6
500.0,3.218,672.2,0.919,50.053,17,4,1609.0,634.36,-77.8,0.896,270.0,0.053,0.031,0,0,SENSOR_FAULT,6
233.57,3.542,789.63,-1.0,49.952,17,4,827.305,0.0,39.63,1.053,3.57,0.048,1.95,0,0,SENSOR_FAULT,6
0.0,2.524,557.88,0.961,49.961,17,4,0.0,0.0,-192.12,0.744,230.0,0.039,0.011,0,0,SENSOR_FAULT,6
231.18,500.0,1026.29,0.937,49.947,17,4,115590.0,40378.98,276.29,1.368,1.18,0.053,0.013,0,0,SENSOR_FAULT,6
232.66,500.0,878.37,0.977,50.052,18,4,116330.0,24806.128,128.37,1.171,2.66,0.052,0.027,0,0,SENSOR_FAULT,6
227.9,500.0,824.29,0.918,49.946,18,4,113950.0,45190.335,74.29,1.099,2.1,0.054,0.032,0,0,SENSOR_FAULT,6
228.01,500.0,544.35,0.911,50.005,18,4,114005.0,47016.386,-205.65,0.726,1.99,0.005,0.039,0,0,SENSOR_FAULT,6
231.48,3.544,782.7,1.5,49.984,18,4,820.365,0.0,32.7,1.044,1.48,0.016,0.55,0,0,SENSOR_FAULT,6
-10.0,3.13,661.88,0.924,49.968,19,4,-31.3,-11.969,-88.12,0.883,240.0,0.032,0.026,0,0,SENSOR_FAULT,6
231.25,3.183,726.58,2.0,50.014,19,4,736.069,0.0,-23.42,0.969,1.25,0.014,1.05,0,0,SENSOR_FAULT,6
229.44,3.563,752.33,1.5,50.016,19,4,817.495,0.0,2.33,1.003,0.56,0.016,0.55,0,0,SENSOR_FAULT,6
230.07,3.554,761.82,2.0,50.004,19,4,817.669,0.0,11.82,1.016,0.07,0.004,1.05,0,0,SENSOR_FAULT,6
500.0,2.383,510.17,0.923,49.943,20,4,1191.5,458.489,-239.83,0.68,270.0,0.057,0.027,0,0,SENSOR_FAULT,6
230.38,2.932,643.1,2.0,50.051,20,4,675.474,0.0,-106.9,0.857,0.38,0.051,1.05,0,0,SENSOR_FAULT,6
228.91,-5.0,665.86,0.968,50.016,20,4,-1144.55,-287.225,-84.14,0.888,1.09,0.016,0.018,0,0,SENSOR_FAULT,6
228.94,3.785,812.04,-1.0,50.072,20,4,866.538,0.0,62.04,1.083,1.06,0.072,1.95,0,0,SENSOR_FAULT,6
231.81,4.173,919.12,2.0,50.091,21,4,967.343,0.0,169.12,1.225,1.81,0.091,1.05,0,0,SENSOR_FAULT,6
0.0,3.543,790.56,0.982,50.02,21,4,0.0,0.0,40.56,1.054,230.0,0.02,0.032,0,0,SENSOR_FAULT,6
230.0,3.914,839.91,0.933,100.0,21,4,900.22,323.968,89.91,1.12,0.0,50.0,0.017,0,0,SENSOR_FAULT,6
500.0,2.446,507.52,0.911,50.089,21,4,1223.0,504.373,-242.48,0.677,270.0,0.089,0.039,0,0,SENSOR_FAULT,6
231.27,1.23,278.39,0.979,100.0,22,4,284.462,57.991,-71.61,0.795,1.27,50.0,0.029,0,0,SENSOR_FAULT,6
228.92,2.098,444.71,0.926,-10.0,22,4,480.274,181.315,94.71,1.271,1.08,60.0,0.024,0,0,SENSOR_FAULT,6
229.21,-5.0,380.57,0.922,50.049,22,4,-1146.05,-443.739,30.57,1.087,0.79,0.049,0.028,0,0,SENSOR_FAULT,6
229.78,1.757,379.53,0.94,-10.0,22,4,403.723,137.74,29.53,1.084,0.22,60.0,0.01,0,0,SENSOR_FAULT,6
231.83,500.0,297.21,0.944,49.986,23,4,115915.0,38245.627,-52.79,0.849,1.83,0.014,0.006,0,0,SENSOR_FAULT,6
0.0,1.402,303.69,0.946,50.018,23,4,0.0,0.0,-46.31,0.868,230.0,0.018,0.004,0,0,SENSOR_FAULT,6
230.09,1.355,296.51,2.0,50.036,23,4,311.772,0.0,-53.49,0.847,0.09,0.036,1.05,0,0,SENSOR_FAULT,6
229.2,1.9,415.65,0.954,-10.0,23,4,435.48,130.56,65.65,1.188,0.8,60.0,0.004,0,0,SENSOR_FAULT,6
-10.0,0.786,171.52,0.956,49.97,0,5,-7.86,-2.306,41.52,1.319,240.0,0.03,0.006,1,0,SENSOR_FAULT,6
230.16,0.438,91.13,-1.0,50.036,0,5,100.81,0.0,-38.87,0.701,0.16,0.036,1.95,1,0,SENSOR_FAULT,6
230.65,500.0,106.28,0.908,49.98,0,5,115325.0,48317.734,-23.72,0.818,0.65,0.02,0.042,1,0,SENSOR_FAULT,6
500.0,0.804,176.92,0.956,50.006,0,5,402.0,117.933,46.92,1.361,270.0,0.006,0.006,1,0,SENSOR_FAULT,6
228.98,0.634,143.52,1.5,49.936,1,5,145.173,0.0,13.52,1.104,1.02,0.064,0.55,1,0,SENSOR_FAULT,6
231.51,0.738,155.17,-1.0,50.025,1,5,170.854,0.0,25.17,1.194,1.51,0.025,1.95,1,0,SENSOR_FAULT,6
228.56,0.486,110.02,-1.0,50.001,1,5,111.08,0.0,-19.98,0.846,1.44,0.001,1.95,1,0,SENSOR_FAULT,6
230.49,0.509,108.22,0.923,-10.0,1,5,117.319,45.145,-21.78,0.832,0.49,60.0,0.027,1,0,SENSOR_FAULT,6
229.06,0.483,100.13,0.904,100.0,2,5,110.636,47.3,-29.87,0.77,0.94,50.0,0.046,1,0,SENSOR_FAULT,6
227.79,-5.0,77.3,0.946,49.99,2,5,-1138.95,-369.21,-52.7,0.595,2.21,0.01,0.004,1,0,SENSOR_FAULT,6
227.71,500.0,100.99,0.926,49.949,2,5,113855.0,42982.939,-29.01,0.777,2.29,0.051,0.024,1,0,SENSOR_FAULT,6
228.97,0.72,157.15,-1.0,50.048,2,5,164.858,0.0,27.15,1.209,1.03,0.048,1.95,1,0,SENSOR_FAULT,6
230.49,-5.0,139.32,0.99,49.967,3,5,-1152.45,-162.573,9.32,1.072,0.49,0.033,0.04,1,0,SENSOR_FAULT,6
229.82,0.579,127.61,2.0,49.995,3,5,133.066,0.0,-2.39,0.982,0.18,0.005,1.05,1,0,SENSOR_FAULT,6
230.47,0.432,91.51,1.5,49.975,3,5,99.563,0.0,-38.49,0.704,0.47,0.025,0.55,1,0,SENSOR_FAULT,6
232.83,0.455,96.2,0.908,100.0,3,5,105.938,44.385,-33.8,0.74,2.83,50.0,0.042,1,0,SENSOR_FAULT,6
229.21,0.632,134.66,0.929,100.0,4,5,144.861,53.61,4.66,1.036,0.79,50.0,0.021,1,0,SENSOR_FAULT,6
500.0,0.688,143.08,0.914,50.039,4,5,344.0,139.566,13.08,1.101,270.0,0.039,0.036,1,0,SENSOR_FAULT,6
0.0,0.463,99.99,0.932,50.022,4,5,0.0,0.0,-30.01,0.769,230.0,0.022,0.018,1,0,SENSOR_FAULT,6
500.0,0.804,179.19,0.955,49.917,4,5,402.0,119.236,49.19,1.378,270.0,0.083,0.005,1,0,SENSOR_FAULT,6
227.81,0.325,68.14,0.92,-10.0,5,5,74.038,29.017,-61.86,0.524,2.19,60.0,0.03,1,0,SENSOR_FAULT,6
227.64,0.397,84.4,1.5,49.921,5,5,90.373,0.0,-45.6,0.649,2.36,0.079,0.55,1,0,SENSOR_FAULT,6
-10.0,0.513,116.12,0.985,49.924,5,5,-5.13,-0.885,-13.88,0.893,240.0,0.076,0.035,1,0,SENSOR_FAULT,6
228.21,0.638,132.93,2.0,49.998,5,5,145.598,0.0,2.93,1.023,1.79,0.002,1.05,1,0,SENSOR_FAULT,6
228.44,1.827,401.28,2.0,50.033,6,5,417.36,0.0,-98.72,0.803,1.56,0.033,1.05,0,0,SENSOR_FAULT,6
227.23,2.439,547.93,2.0,50.015,6,5,554.214,0.0,47.93,1.096,2.77,0.015,1.05,0,0,SENSOR_FAULT,6
0.0,2.963,651.68,0.946,50.001,6,5,0.0,0.0,151.68,1.303,230.0,0.001,0.004,0,0,SENSOR_FAULT,6
231.13,2.095,469.87,-1.0,49.959,6,5,484.217,0.0,-30.13,0.94,1.13,0.041,1.95,0,0,SENSOR_FAULT,6
-10.0,3.156,683.32,0.937,49.933,7,5,-31.56,-11.025,183.32,1.367,240.0,0.067,0.013,0,0,SENSOR_FAULT,6
232.29,500.0,683.0,0.916,50.008,7,5,116145.0,46594.85,183.0,1.366,2.29,0.008,0.034,0,0,SENSOR_FAULT,6
230.66,-5.0,588.34,0.939,49.975,7,5,-1153.3,-396.64,88.34,1.177,0.66,0.025,0.011,0,0,SENSOR_FAULT,6
228.36,-5.0,593.07,0.947,50.036,7,5,-1141.8,-366.784,93.07,1.186,1.64,0.036,0.003,0,0,SENSOR_FAULT,6
231.48,-5.0,558.37,0.963,49.93,8,5,-1157.4,-311.921,58.37,1.117,1.48,0.07,0.013,0,0,SENSOR_FAULT,6
0.0,2.584,543.26,0.911,49.912,8,5,0.0,0.0,43.26,1.087,230.0,0.088,0.039,0,0,SENSOR_FAULT,6
230.82,2.903,654.31,1.5,50.135,8,5,670.07,0.0,154.31,1.309,0.82,0.135,0.55,0,0,SENSOR_FAULT,6
233.56,1.957,447.06,0.978,100.0,8,5,457.077,95.348,-52.94,0.894,3.56,50.0,0.028,0,0,SENSOR_FAULT,6
231.26,2.108,472.98,2.0,49.988,9,5,487.496,0.0,47.98,1.113,1.26,0.012,1.05,0,0,SENSOR_FAULT,6
232.45,2.424,544.7,0.967,100.0,9,5,563.459,143.556,119.7,1.282,2.45,50.0,0.017,0,0,SENSOR_FAULT,6
228.62,2.706,567.87,0.918,-10.0,9,5,618.646,245.343,142.87,1.336,1.38,60.0,0.032,0,0,SENSOR_FAULT,6
229.23,2.132,454.54,0.93,100.0,9,5,488.718,179.633,29.54,1.07,0.77,50.0,0.02,0,0,SENSOR_FAULT,6
229.35,-5.0,527.36,0.972,50.089,10,5,-1146.75,-269.464,102.36,1.241,0.65,0.089,0.022,0,0,SENSOR_FAULT,6
233.08,500.0,351.56,0.904,49.92,10,5,116540.0,49824.632,-73.44,0.827,3.08,0.08,0.046,0,0,SENSOR_FAULT,6
227.68,2.112,444.74,0.925,100.0,10,5,480.86,182.711,19.74,1.046,2.32,50.0,0.025,0,0,SENSOR_FAULT,6
233.17,2.116,474.41,0.961,100.0,10,5,493.388,136.446,49.41,1.116,3.17,50.0,0.011,0,0,SENSOR_FAULT,6
228.7,500.0,317.19,0.977,50.029,11,5,114350.0,24383.914,-107.81,0.746,1.3,0.029,0.027,0,0,SENSOR_FAULT,6
231.24,1.802,410.19,2.0,50.064,11,5,416.694,0.0,-14.81,0.965,1.24,0.064,1.05,0,0,SENSOR_FAULT,6
227.17,500.0,486.38,0.943,49.986,11,5,113585.0,37800.262,61.38,1.144,2.83,0.014,0.007,0,0,SENSOR_FAULT,6
230.68,1.761,399.04,-1.0,50.08,11,5,406.227,0.0,-25.96,0.939,0.68,0.08,1.95,0,0,SENSOR_FAULT,6
232.4,1.158,246.92,0.917,-10.0,12,5,269.119,107.348,-178.08,0.581,2.4,60.0,0.033,0,0,SENSOR_FAULT,6
-10.0,1.165,239.72,0.904,49.939,12,5,-11.65,-4.981,-185.28,0.564,240.0,0.061,0.046,0,0,SENSOR_FAULT,6
228.72,1.521,334.52,0.962,100.0,12,5,347.883,94.989,-90.48,0.787,1.28,50.0,0.012,0,0,SENSOR_FAULT,6
-10.0,2.269,474.52,0.907,49.957,12,5,-22.69,-9.555,49.52,1.117,240.0,0.043,0.043,0,0,SENSOR_FAULT,6
225.39,-5.0,457.71,0.972,50.003,13,5,-1126.95,-264.812,32.71,1.077,4.61,0.003,0.022,0,0,SENSOR_FAULT,6
231.38,1.384,293.71,1.5,50.019,13,5,320.23,0.0,-131.29,0.691,1.38,0.019,0.55,0,0,SENSOR_FAULT,6
500.0,2.706,582.76,0.941,50.055,13,5,1353.0,457.864,157.76,1.371,270.0,0.055,0.009,0,0,SENSOR_FAULT,6
231.31,2.286,487.07,-1.0,49.947,13,5,528.775,0.0,62.07,1.146,1.31,0.053,1.95,0,0,SENSOR_FAULT,6
226.62,-5.0,275.24,0.926,49.99,14,5,-1133.1,-427.772,-149.76,0.648,3.38,0.01,0.024,0,0,SENSOR_FAULT,6
0.0,1.951,415.19,0.931,50.041,14,5,0.0,0.0,-9.81,0.977,230.0,0.041,0.019,0,0,SENSOR_FAULT,6
229.84,1.954,421.2,2.0,49.997,14,5,449.107,0.0,-3.8,0.991,0.16,0.003,1.05,0,0,SENSOR_FAULT,6
0.0,1.992,428.97,0.941,50.052,14,5,0.0,0.0,3.97,1.009,230.0,0.052,0.009,0,0,SENSOR_FAULT,6
233.91,2.486,571.27,1.5,49.981,15,5,581.5,0.0,146.27,1.344,3.91,0.019,0.55,0,0,SENSOR_FAULT,6
227.92,-5.0,519.94,0.937,50.032,15,5,-1139.6,-398.096,94.94,1.223,2.08,0.032,0.013,0,0,SENSOR_FAULT,6
500.0,1.843,415.72,0.97,50.036,15,5,921.5,224.021,-9.28,0.978,270.0,0.036,0.02,0,0,SENSOR_FAULT,6
227.59,2.037,434.84,0.938,100.0,15,5,463.601,160.7,9.84,1.023,2.41,50.0,0.012,0,0,SENSOR_FAULT,6
500.0,1.659,370.38,0.979,50.03,16,5,829.5,169.102,-54.62,0.871,270.0,0.03,0.029,0,0,SENSOR_FAULT,6
229.63,1.669,370.5,1.5,50.018,16,5,383.252,0.0,-54.5,0.872,0.37,0.018,0.55,0,0,SENSOR_FAULT,6
-10.0,1.758,378.15,0.95,50.031,16,5,-17.58,-5.489,-46.85,0.89,240.0,0.031,0.0,0,0,SENSOR_FAULT,6
227.23,-5.0,392.93,0.938,50.057,16,5,-1136.15,-393.83,-32.07,0.925,2.77,0.057,0.012,0,0,SENSOR_FAULT,6
231.53,2.459,539.36,1.5,49.971,17,5,569.332,0.0,-210.64,0.719,1.53,0.029,0.55,0,0,SENSOR_FAULT,6
231.53,500.0,701.11,0.931,50.0,17,5,115765.0,42256.445,-48.89,0.935,1.53,0.0,0.019,0,0,SENSOR_FAULT,6
228.9,3.838,798.19,1.5,50.013,17,5,878.518,0.0,48.19,1.064,1.1,0.013,0.55,0,0,SENSOR_FAULT,6
228.21,500.0,848.39,0.948,50.031,17,5,114105.0,36316.235,98.39,1.131,1.79,0.031,0.002,0,0,SENSOR_FAULT,6
225.9,4.455,925.7,-1.0,49.969,18,5,1006.385,0.0,175.7,1.234,4.1,0.031,1.95,0,0,SENSOR_FAULT,6
227.44,3.904,870.5,-1.0,50.041,18,5,887.926,0.0,120.5,1.161,2.56,0.041,1.95,0,0,SENSOR_FAULT,6
-10.0,3.055,659.96,0.945,49.967,18,5,-30.55,-9.992,-90.04,0.88,240.0,0.033,0.005,0,0,SENSOR_FAULT,6
228.45,-5.0,949.51,0.976,49.99,18,5,-1142.25,-248.748,199.51,1.266,1.55,0.01,0.026,0,0,SENSOR_FAULT,6
229.15,500.0,573.26,0.903,50.044,19,5,114575.0,49226.066,-176.74,0.764,0.85,0.044,0.047,0,0,SENSOR_FAULT,6
231.29,3.781,798.47,0.913,-10.0,19,5,874.507,356.764,48.47,1.065,1.29,60.0,0.037,0,0,SENSOR_FAULT,6
232.47,-5.0,985.37,0.944,49.982,19,5,-1162.35,-383.512,235.37,1.314,2.47,0.018,0.006,0,0,SENSOR_FAULT,6
229.86,2.324,521.61,-1.0,49.985,19,5,534.195,0.0,-228.39,0.695,0.14,0.015,1.95,0,0,SENSOR_FAULT,6
229.28,3.589,763.88,0.928,100.0,20,5,822.886,306.591,13.88,1.019,0.72,50.0,0.022,0,0,SENSOR_FAULT,6
230.31,3.845,832.86,0.941,100.0,20,5,885.542,299.673,82.86,1.11,0.31,50.0,0.009,0,0,SENSOR_FAULT,6
229.57,4.425,972.23,1.5,50.108,20,5,1015.847,0.0,222.23,1.296,0.43,0.108,0.55,0,0,SENSOR_FAULT,6
228.51,4.36,936.82,1.5,50.013,20,5,996.304,0.0,186.82,1.249,1.49,0.013,0.55,0,0,SENSOR_FAULT,6
226.75,3.16,704.06,0.983,-10.0,21,5,716.53,131.559,-45.94,0.939,3.25,60.0,0.033,0,0,SENSOR_FAULT,6
227.81,-5.0,790.09,0.946,49.861,21,5,-1139.05,-369.242,40.09,1.053,2.19,0.139,0.004,0,0,SENSOR_FAULT,6
228.68,4.482,997.78,2.0,49.977,21,5,1024.944,0.0,247.78,1.33,1.32,0.023,1.05,0,0,SENSOR_FAULT,6
232.91,-5.0,555.58,0.943,49.983,21,5,-1164.55,-387.554,-194.42,0.741,2.91,0.017,0.007,0,0,SENSOR_FAULT,6
227.88,1.471,302.3,0.902,100.0,22,5,335.211,144.723,-47.7,0.864,2.12,50.0,0.048,0,0,SENSOR_FAULT,6
229.44,1.675,364.16,1.5,49.965,22,5,384.312,0.0,14.16,1.04,0.56,0.035,0.55,0,0,SENSOR_FAULT,6
-10.0,0.886,194.25,0.957,49.912,22,5,-8.86,-2.57,-155.75,0.555,240.0,0.088,0.007,0,0,SENSOR_FAULT,6
231.98,1.891,399.52,0.911,100.0,22,5,438.674,180.912,49.52,1.141,1.98,50.0,0.039,0,0,SENSOR_FAULT,6
229.27,1.637,352.25,0.939,100.0,23,5,375.315,129.077,2.25,1.006,0.73,50.0,0.011,0,0,SENSOR_FAULT,6
-10.0,1.307,286.09,0.956,50.08,23,5,-13.07,-3.834,-63.91,0.817,240.0,0.08,0.006,0,0,SENSOR_FAULT,6
-10.0,2.101,439.79,0.91,50.053,23,5,-21.01,-8.711,89.79,1.257,240.0,0.053,0.04,0,0,SENSOR_FAULT,6
228.47,1.613,359.52,-1.0,50.08,23,5,368.522,0.0,9.52,1.027,1.53,0.08,1.95,0,0,SENSOR_FAULT,6
225.61,-5.0,96.58,0.901,49.975,0,6,-1128.05,-489.37,-33.42,0.743,4.39,0.025,0.049,1,0,SENSOR_FAULT,6
0.0,0.487,102.68,0.916,50.006,0,6,0.0,0.0,-27.32,0.79,230.0,0.006,0.034,1,0,SENSOR_FAULT,6
230.14,500.0,153.27,0.939,50.025,0,6,115070.0,39574.545,23.27,1.179,0.14,0.025,0.011,1,0,SENSOR_FAULT,6
500.0,0.598,126.39,0.923,50.06,0,6,299.0,115.055,-3.61,0.972,270.0,0.06,0.027,1,0,SENSOR_FAULT,6
228.08,-5.0,102.02,0.975,49.907,1,6,-1140.4,-253.402,-27.98,0.785,1.92,0.093,0.025,1,0,SENSOR_FAULT,6
228.23,500.0,87.24,0.932,49.971,1,6,114115.0,41361.926,-42.76,0.671,1.77,0.029,0.018,1,0,SENSOR_FAULT,6
232.11,0.446,97.86,0.945,100.0,1,6,103.521,33.859,-32.14,0.753,2.11,50.0,0.005,1,0,SENSOR_FAULT,6
230.42,500.0,130.02,0.935,49.988,1,6,115210.0,40858.963,0.02,1.0,0.42,0.012,0.015,1,0,SENSOR_FAULT,6
228.89,500.0,161.05,0.912,50.007,2,6,114445.0,46944.217,31.05,1.239,1.11,0.007,0.038,1,0,SENSOR_FAULT,6
229.4,-5.0,147.91,0.928,50.069,2,6,-1147.0,-427.349,17.91,1.138,0.6,0.069,0.022,1,0,SENSOR_FAULT,6
227.49,0.715,159.43,0.98,-10.0,2,6,162.655,32.368,29.43,1.226,2.51,60.0,0.03,1,0,SENSOR_FAULT,6
500.0,0.385,84.02,0.937,49.993,2,6,192.5,67.246,-45.98,0.646,270.0,0.007,0.013,1,0,SENSOR_FAULT,6
230.74,-5.0,98.71,0.928,49.936,3,6,-1153.7,-429.846,-31.29,0.759,0.74,0.064,0.022,1,0,SENSOR_FAULT,6
229.0,0.535,120.77,0.985,-10.0,3,6,122.515,21.14,-9.23,0.929,1.0,60.0,0.035,1,0,SENSOR_FAULT,6
226.14,500.0,166.82,0.973,50.024,3,6,113070.0,26097.134,36.82,1.283,3.86,0.024,0.023,1,0,SENSOR_FAULT,6
226.74,0.559,124.07,0.979,100.0,3,6,126.748,25.839,-5.93,0.954,3.26,50.0,0.029,1,0,SENSOR_FAULT,6
0.0,0.557,121.81,0.933,49.985,4,6,0.0,0.0,-8.19,0.937,230.0,0.015,0.017,1,0,SENSOR_FAULT,6
500.0,0.494,109.73,0.961,50.013,4,6,247.0,68.307,-20.27,0.844,270.0,0.013,0.011,1,0,SENSOR_FAULT,6
229.31,-5.0,92.76,0.936,49.915,4,6,-1146.55,-403.586,-37.24,0.714,0.69,0.085,0.014,1,0,SENSOR_FAULT,6
228.65,0.282,62.38,0.968,-10.0,4,6,64.479,16.181,-67.62,0.48,1.35,60.0,0.018,1,0,SENSOR_FAULT,6
228.88,500.0,165.26,0.943,49.952,5,6,114440.0,38084.8,35.26,1.271,1.12,0.048,0.007,1,0,SENSOR_FAULT,6
229.37,-5.0,169.11,0.907,50.025,5,6,-1146.85,-482.974,39.11,1.301,0.63,0.025,0.043,1,0,SENSOR_FAULT,6
-10.0,0.56,125.23,0.976,49.941,5,6,-5.6,-1.22,-4.77,0.963,240.0,0.059,0.026,1,0,SENSOR_FAULT,6
500.0,0.393,83.72,0.923,50.012,5,6,196.5,75.613,-46.28,0.644,270.0,0.012,0.027,1,0,SENSOR_FAULT,6
228.29,2.883,603.84,1.5,50.057,6,6,658.16,0.0,103.84,1.208,1.71,0.057,0.55,0,0,SENSOR_FAULT,6
226.81,2.415,493.86,-1.0,50.005,6,6,547.746,0.0,-6.14,0.988,3.19,0.005,1.95,0,0,SENSOR_FAULT,6
0.0,2.088,454.79,0.942,50.016,6,6,0.0,0.0,-45.21,0.91,230.0,0.016,0.008,0,0,SENSOR_FAULT,6
0.0,1.478,327.6,0.971,49.956,6,6,0.0,0.0,-172.4,0.655,230.0,0.044,0.021,0,0,SENSOR_FAULT,6
232.13,3.102,680.57,-1.0,49.894,7,6,720.067,0.0,180.57,1.361,2.13,0.106,1.95,0,0,SENSOR_FAULT,6
228.9,1.999,425.87,0.931,-10.0,7,6,457.571,167.022,-74.13,0.852,1.1,60.0,0.019,0,0,SENSOR_FAULT,6
230.36,500.0,618.47,0.977,49.993,7,6,115180.0,24560.903,118.47,1.237,0.36,0.007,0.027,0,0,SENSOR_FAULT,6
227.46,2.504,555.65,0.976,-10.0,7,6,569.56,124.033,55.65,1.111,2.54,60.0,0.026,0,0,SENSOR_FAULT,6
231.02,2.729,572.78,0.909,-10.0,8,6,630.454,262.771,72.78,1.146,1.02,60.0,0.041,0,0,SENSOR_FAULT,6
-10.0,2.98,662.69,0.975,49.917,8,6,-29.8,-6.622,162.69,1.325,240.0,0.083,0.025,0,0,SENSOR_FAULT,6
232.26,1.617,350.82,-1.0,49.887,8,6,375.564,0.0,-149.18,0.702,2.26,0.113,1.95,0,0,SENSOR_FAULT,6
228.19,500.0,499.78,0.937,49.931,8,6,114095.0,39856.733,-0.22,1.0,1.81,0.069,0.013,0,0,SENSOR_FAULT,6
229.73,1.768,397.36,0.979,-10.0,9,6,406.163,82.8,-27.64,0.935,0.27,60.0,0.029,0,0,SENSOR_FAULT,6
229.82,2.493,562.0,2.0,50.009,9,6,572.941,0.0,137.0,1.322,0.18,0.009,1.05,0,0,SENSOR_FAULT,6
500.0,1.386,295.96,0.926,49.969,9,6,693.0,261.624,-129.04,0.696,270.0,0.031,0.024,0,0,SENSOR_FAULT,6
229.27,2.385,502.12,2.0,50.033,9,6,546.809,0.0,77.12,1.181,0.73,0.033,1.05,0,0,SENSOR_FAULT,6
232.44,500.0,376.98,0.923,49.978,10,6,116220.0,44721.45,-48.02,0.887,2.44,0.022,0.027,0,0,SENSOR_FAULT,6
229.1,1.632,339.39,0.908,100.0,10,6,373.891,156.649,-85.61,0.799,0.9,50.0,0.042,0,0,SENSOR_FAULT,6
228.8,2.561,544.52,0.929,100.0,10,6,585.957,216.851,119.52,1.281,1.2,50.0,0.021,0,0,SENSOR_FAULT,6
0.0,1.912,436.17,0.975,49.986,10,6,0.0,0.0,11.17,1.026,230.0,0.014,0.025,0,0,SENSOR_FAULT,6
228.93,1.95,437.62,0.98,-10.0,11,6,446.413,88.835,12.62,1.03,1.07,60.0,0.03,0,0,SENSOR_FAULT,6
229.39,-5.0,442.85,0.904,50.016,11,6,-1146.95,-490.358,17.85,1.042,0.61,0.016,0.046,0,0,SENSOR_FAULT,6
500.0,1.458,326.33,0.973,49.943,11,6,729.0,168.257,-98.67,0.768,270.0,0.057,0.023,0,0,SENSOR_FAULT,6
500.0,1.079,237.43,0.968,49.926,11,6,539.5,135.388,-187.57,0.559,270.0,0.074,0.018,0,0,SENSOR_FAULT,6
230.68,-5.0,291.68,0.983,50.0,12,6,-1153.4,-211.771,-133.32,0.686,0.68,0.0,0.033,0,0,SENSOR_FAULT,6
230.87,-5.0,283.0,0.978,49.903,12,6,-1154.35,-240.803,-142.0,0.666,0.87,0.097,0.028,0,0,SENSOR_FAULT,6
230.93,1.966,443.51,0.977,100.0,12,6,454.008,96.812,18.51,1.044,0.93,50.0,0.027,0,0,SENSOR_FAULT,6
231.75,500.0,288.54,0.954,49.967,12,6,115875.0,34740.09,-136.46,0.679,1.75,0.033,0.004,0,0,SENSOR_FAULT,6
227.45,1.531,334.31,2.0,50.029,13,6,348.226,0.0,-90.69,0.787,2.55,0.029,1.05,0,0,SENSOR_FAULT,6
500.0,1.843,398.65,0.956,50.042,13,6,921.5,270.337,-26.35,0.938,270.0,0.042,0.006,0,0,SENSOR_FAULT,6
229.64,1.327,274.4,0.9,100.0,13,6,304.732,132.83,-150.6,0.646,0.36,50.0,0.05,0,0,SENSOR_FAULT,6
228.7,-5.0,534.33,0.943,49.979,13,6,-1143.5,-380.548,109.33,1.257,1.3,0.021,0.007,0,0,SENSOR_FAULT,6
229.94,1.249,271.23,0.944,-10.0,14,6,287.195,94.759,-153.77,0.638,0.06,60.0,0.006,0,0,SENSOR_FAULT,6
227.69,2.546,538.46,2.0,49.981,14,6,579.699,0.0,113.46,1.267,2.31,0.019,1.05,0,0,SENSOR_FAULT,6
232.34,-5.0,303.48,0.974,50.044,14,6,-1161.7,-263.181,-121.52,0.714,2.34,0.044,0.024,0,0,SENSOR_FAULT,6
230.3,1.616,337.97,-1.0,49.918,14,6,372.165,0.0,-87.03,0.795,0.3,0.082,1.95,0,0,SENSOR_FAULT,6
230.52,1.328,298.58,1.5,50.047,15,6,306.131,0.0,-126.42,0.703,0.52,0.047,0.55,0,0,SENSOR_FAULT,6
228.32,1.381,295.31,0.937,100.0,15,6,315.31,110.147,-129.69,0.695,1.68,50.0,0.013,0,0,SENSOR_FAULT,6
232.77,500.0,263.35,0.903,50.031,15,6,116385.0,50003.715,-161.65,0.62,2.77,0.031,0.047,0,0,SENSOR_FAULT,6
231.27,2.116,454.62,1.5,49.93,15,6,489.367,0.0,29.62,1.07,1.27,0.07,0.55,0,0,SENSOR_FAULT,6
500.0,1.565,351.27,0.979,49.983,16,6,782.5,159.521,-73.73,0.827,270.0,0.017,0.029,0,0,SENSOR_FAULT,6
232.25,1.221,261.41,0.922,100.0,16,6,283.577,109.798,-163.59,0.615,2.25,50.0,0.028,0,0,SENSOR_FAULT,6
233.5,500.0,486.66,0.95,50.003,16,6,116750.0,36455.176,61.66,1.145,3.5,0.003,0.0,0,0,SENSOR_FAULT,6
235.43,1.532,347.14,-1.0,50.05,16,6,360.679,0.0,-77.86,0.817,5.43,0.05,1.95,0,0,SENSOR_FAULT,6
229.96,3.704,800.27,0.94,-10.0,17,6,851.772,290.603,50.27,1.067,0.04,60.0,0.01,0,0,SENSOR_FAULT,6
227.59,-5.0,693.61,0.972,50.062,17,6,-1137.95,-267.396,-56.39,0.925,2.41,0.062,0.022,0,0,SENSOR_FAULT,6
230.52,2.456,540.08,1.5,49.994,17,6,566.157,0.0,-209.92,0.72,0.52,0.006,0.55,0,0,SENSOR_FAULT,6
227.93,2.982,619.74,2.0,50.002,17,6,679.687,0.0,-130.26,0.826,2.07,0.002,1.05,0,0,SENSOR_FAULT,6
231.52,3.111,683.84,2.0,49.994,18,6,720.259,0.0,-66.16,0.912,1.52,0.006,1.05,0,0,SENSOR_FAULT,6
230.36,3.081,648.5,2.0,49.911,18,6,709.739,0.0,-101.5,0.865,0.36,0.089,1.05,0,0,SENSOR_FAULT,6
229.37,3.531,739.67,0.913,-10.0,18,6,809.905,330.409,-10.33,0.986,0.63,60.0,0.037,0,0,SENSOR_FAULT,6
0.0,4.425,960.34,0.961,49.959,18,6,0.0,0.0,210.34,1.28,230.0,0.041,0.011,0,0,SENSOR_FAULT,6
227.58,-5.0,699.68,0.982,50.064,19,6,-1137.9,-214.928,-50.32,0.933,2.42,0.064,0.032,0,0,SENSOR_FAULT,6
500.0,2.875,608.68,0.927,50.025,19,6,1437.5,539.151,-141.32,0.812,270.0,0.025,0.023,0,0,SENSOR_FAULT,6
229.46,4.112,849.44,-1.0,50.069,19,6,943.54,0.0,99.44,1.133,0.54,0.069,1.95,0,0,SENSOR_FAULT,6
229.49,3.363,708.09,0.917,100.0,19,6,771.775,307.851,-41.91,0.944,0.51,50.0,0.033,0,0,SENSOR_FAULT,6
230.33,4.274,924.77,2.0,50.05,20,6,984.43,0.0,174.77,1.233,0.33,0.05,1.05,0,0,SENSOR_FAULT,6
229.3,3.81,799.8,-1.0,50.085,20,6,873.633,0.0,49.8,1.066,0.7,0.085,1.95,0,0,SENSOR_FAULT,6
-10.0,2.746,609.1,0.95,49.974,20,6,-27.46,-8.574,-140.9,0.812,240.0,0.026,0.0,0,0,SENSOR_FAULT,6
229.4,2.573,550.23,0.932,100.0,20,6,590.246,213.94,-199.77,0.734,0.6,50.0,0.018,0,0,SENSOR_FAULT,6
232.17,-5.0,970.86,0.909,49.963,21,6,-1160.85,-483.838,220.86,1.294,2.17,0.037,0.041,0,0,SENSOR_FAULT,6
231.26,-5.0,503.87,0.93,49.982,21,6,-1156.3,-425.009,-246.13,0.672,1.26,0.018,0.02,0,0,SENSOR_FAULT,6
-10.0,3.635,800.75,0.963,50.072,21,6,-36.35,-9.796,50.75,1.068,240.0,0.072,0.013,0,0,SENSOR_FAULT,6
229.39,3.286,688.78,0.914,100.0,21,6,753.776,305.817,-61.22,0.918,0.61,50.0,0.036,0,0,SENSOR_FAULT,6
226.21,-5.0,268.95,0.921,49.985,22,6,-1131.05,-440.615,-81.05,0.768,3.79,0.015,0.029,0,0,SENSOR_FAULT,6
230.38,500.0,215.33,0.94,50.059,22,6,115190.0,39299.884,-134.67,0.615,0.38,0.059,0.01,0,0,SENSOR_FAULT,6
230.8,1.904,426.9,-1.0,50.004,22,6,439.443,0.0,76.9,1.22,0.8,0.004,1.95,0,0,SENSOR_FAULT,6
227.72,-5.0,315.54,0.951,50.005,22,6,-1138.6,-352.045,-34.46,0.902,2.28,0.005,0.001,0,0,SENSOR_FAULT,6
230.95,500.0,362.95,0.928,50.009,23,6,115475.0,43023.698,12.95,1.037,0.95,0.009,0.022,0,0,SENSOR_FAULT,6
0.0,1.696,360.93,0.932,49.916,23,6,0.0,0.0,10.93,1.031,230.0,0.084,0.018,0,0,SENSOR_FAULT,6
227.96,500.0,343.74,0.922,50.028,23,6,113980.0,44131.902,-6.26,0.982,2.04,0.028,0.028,0,0,SENSOR_FAULT,6
230.32,500.0,480.8,0.934,49.894,23,6,115160.0,41143.559,130.8,1.374,0.32,0.106,0.016,0,0,SENSOR_FAULT,6
228.39,0.791,170.17,0.942,100.0,0,0,180.656,60.631,40.17,1.309,1.61,50.0,0.008,1,0,SENSOR_FAULT,6
230.99,0.485,107.92,0.963,-10.0,0,0,112.03,30.192,-22.08,0.83,0.99,60.0,0.013,1,0,SENSOR_FAULT,6
228.66,0.519,108.13,0.912,100.0,0,0,118.675,48.679,-21.87,0.832,1.34,50.0,0.038,1,0,SENSOR_FAULT,6
229.01,-5.0,120.76,0.938,49.994,0,0,-1145.05,-396.915,-9.24,0.929,0.99,0.006,0.012,1,0,SENSOR_FAULT,6
232.8,0.826,175.52,0.913,100.0,1,0,192.293,78.448,45.52,1.35,2.8,50.0,0.037,1,0,SENSOR_FAULT,6
233.76,0.728,168.28,2.0,50.024,1,0,170.177,0.0,38.28,1.294,3.76,0.024,1.05,1,0,SENSOR_FAULT,6
228.43,-5.0,70.15,0.931,49.976,1,0,-1142.15,-416.907,-59.85,0.54,1.57,0.024,0.019,1,0,SENSOR_FAULT,6
232.45,0.61,134.19,0.946,-10.0,1,0,141.794,45.965,4.19,1.032,2.45,60.0,0.004,1,0,SENSOR_FAULT,6
229.71,0.656,142.84,1.5,50.018,2,0,150.69,0.0,12.84,1.099,0.29,0.018,0.55,1,0,SENSOR_FAULT,6
230.89,-5.0,122.52,0.969,50.018,2,0,-1154.45,-285.219,-7.48,0.942,0.89,0.018,0.019,1,0,SENSOR_FAULT,6
231.26,0.809,168.56,2.0,50.021,2,0,187.089,0.0,38.56,1.297,1.26,0.021,1.05,1,0,SENSOR_FAULT,6
232.86,-5.0,126.66,0.919,50.018,2,0,-1164.3,-459.034,-3.34,0.974,2.86,0.018,0.031,1,0,SENSOR_FAULT,6
229.27,-5.0,116.12,0.97,50.012,3,0,-1146.35,-278.683,-13.88,0.893,0.73,0.012,0.02,1,0,SENSOR_FAULT,6
231.21,-5.0,148.1,0.921,50.01,3,0,-1156.05,-450.354,18.1,1.139,1.21,0.01,0.029,1,0,SENSOR_FAULT,6
230.31,-5.0,75.5,0.901,50.018,3,0,-1151.55,-499.564,-54.5,0.581,0.31,0.018,0.049,1,0,SENSOR_FAULT,6
230.28,-5.0,112.49,0.966,49.911,3,0,-1151.4,-297.685,-17.51,0.865,0.28,0.089,0.016,1,0,SENSOR_FAULT,6
0.0,0.582,129.82,0.975,50.002,4,0,0.0,0.0,-0.18,0.999,230.0,0.002,0.025,1,0,SENSOR_FAULT,6
229.69,-5.0,144.03,0.977,49.956,4,0,-1148.45,-244.895,14.03,1.108,0.31,0.044,0.027,1,0,SENSOR_FAULT,6
227.08,0.734,161.76,0.971,-10.0,4,0,166.677,39.849,31.76,1.244,2.92,60.0,0.021,1,0,SENSOR_FAULT,6
230.12,0.521,114.49,0.955,-10.0,4,0,119.893,35.561,-15.51,0.881,0.12,60.0,0.005,1,0,SENSOR_FAULT,6
229.13,0.399,90.37,0.989,100.0,5,0,91.423,13.523,-39.63,0.695,0.87,50.0,0.039,1,0,SENSOR_FAULT,6
230.83,-5.0,114.49,0.932,49.963,5,0,-1154.15,-418.331,-15.51,0.881,0.83,0.037,0.018,1,0,SENSOR_FAULT,6
227.65,0.665,141.81,1.5,49.983,5,0,151.387,0.0,11.81,1.091,2.35,0.017,0.55,1,0,SENSOR_FAULT,6
226.86,0.695,151.34,0.96,-10.0,5,0,157.668,44.147,21.34,1.164,3.14,60.0,0.01,1,0,SENSOR_FAULT,6
229.21,3.13,656.76,0.915,-10.0,6,0,717.427,289.449,156.76,1.314,0.79,60.0,0.035,0,0,SENSOR_FAULT,6
230.21,500.0,391.34,0.946,49.971,6,0,115105.0,37313.199,-108.66,0.783,0.21,0.029,0.004,0,0,SENSOR_FAULT,6
230.5,-5.0,523.73,0.915,49.999,6,0,-1152.5,-464.981,23.73,1.047,0.5,0.001,0.035,0,0,SENSOR_FAULT,6
230.25,1.555,348.78,2.0,50.052,6,0,358.039,0.0,-151.22,0.698,0.25,0.052,1.05,0,0,SENSOR_FAULT,6
230.26,3.31,692.72,0.909,100.0,7,0,762.161,317.666,192.72,1.385,0.26,50.0,0.041,0,0,SENSOR_FAULT,6
228.92,1.556,330.39,-1.0,49.941,7,0,356.2,0.0,-169.61,0.661,1.08,0.059,1.95,0,0,SENSOR_FAULT,6
231.14,2.771,595.89,0.93,100.0,7,0,640.489,235.418,95.89,1.192,1.14,50.0,0.02,0,0,SENSOR_FAULT,6
233.82,2.224,500.73,1.5,50.038,7,0,520.016,0.0,0.73,1.001,3.82,0.038,0.55,0,0,SENSOR_FAULT,6
228.45,-5.0,318.11,0.969,50.032,8,0,-1142.25,-282.205,-181.89,0.636,1.55,0.032,0.019,0,0,SENSOR_FAULT,6
231.34,-5.0,368.84,0.902,50.018,8,0,-1156.7,-499.389,-131.16,0.738,1.34,0.018,0.048,0,0,SENSOR_FAULT,6
230.49,1.254,282.11,0.976,-10.0,8,0,289.034,62.943,-217.89,0.564,0.49,60.0,0.026,0,0,SENSOR_FAULT,6
-10.0,3.268,715.5,0.952,49.944,8,0,-32.68,-10.003,215.5,1.431,240.0,0.056,0.002,0,0,SENSOR_FAULT,6
229.25,500.0,587.57,0.968,49.974,9,0,114625.0,28765.166,162.57,1.383,0.75,0.026,0.018,0,0,SENSOR_FAULT,6
500.0,1.643,375.41,0.987,50.068,9,0,821.5,132.032,-49.59,0.883,270.0,0.068,0.037,0,0,SENSOR_FAULT,6
0.0,1.837,397.4,0.95,50.02,9,0,0.0,0.0,-27.6,0.935,230.0,0.02,0.0,0,0,SENSOR_FAULT,6
229.86,2.867,608.47,-1.0,50.042,9,0,659.009,0.0,183.47,1.432,0.14,0.042,1.95,0,0,SENSOR_FAULT,6
232.42,2.392,533.65,0.96,100.0,10,0,555.949,155.666,108.65,1.256,2.42,50.0,0.01,0,0,SENSOR_FAULT,6
-10.0,2.744,577.13,0.914,50.025,10,0,-27.44,-11.133,152.13,1.358,240.0,0.025,0.036,0,0,SENSOR_FAULT,6
228.72,-5.0,293.2,0.957,50.065,10,0,-1143.6,-331.745,-131.8,0.69,1.28,0.065,0.007,0,0,SENSOR_FAULT,6
500.0,2.598,576.03,0.96,49.962,10,0,1299.0,363.72,151.03,1.355,270.0,0.038,0.01,0,0,SENSOR_FAULT,6
229.25,-5.0,497.8,0.907,49.958,11,0,-1146.25,-482.721,72.8,1.171,0.75,0.042,0.043,0,0,SENSOR_FAULT,6
226.35,1.682,349.81,0.919,-10.0,11,0,380.721,150.102,-75.19,0.823,3.65,60.0,0.031,0,0,SENSOR_FAULT,6
226.52,1.385,289.29,2.0,49.98,11,0,313.73,0.0,-135.71,0.681,3.48,0.02,1.05,0,0,SENSOR_FAULT,6
230.56,-5.0,583.41,0.915,49.944,11,0,-1152.8,-465.102,158.41,1.373,0.56,0.056,0.035,0,0,SENSOR_FAULT,6
227.39,2.002,430.1,0.945,100.0,12,0,455.235,148.894,5.1,1.012,2.61,50.0,0.005,0,0,SENSOR_FAULT,6
500.0,2.409,503.89,0.906,50.014,12,0,1204.5,509.838,78.89,1.186,270.0,0.014,0.044,0,0,SENSOR_FAULT,6
234.22,2.697,594.14,0.94,100.0,12,0,631.691,215.517,169.14,1.398,4.22,50.0,0.01,0,0,SENSOR_FAULT,6
230.68,-5.0,357.84,0.903,49.962,12,0,-1153.4,-495.547,-67.16,0.842,0.68,0.038,0.047,0,0,SENSOR_FAULT,6
231.17,2.304,500.24,0.939,-10.0,13,0,532.616,183.176,75.24,1.177,1.17,60.0,0.011,0,0,SENSOR_FAULT,6
-10.0,1.979,438.62,0.969,49.995,13,0,-19.79,-4.889,13.62,1.032,240.0,0.005,0.019,0,0,SENSOR_FAULT,6
229.42,2.372,521.67,1.5,50.016,13,0,544.184,0.0,96.67,1.227,0.58,0.016,0.55,0,0,SENSOR_FAULT,6
233.85,2.36,516.82,2.0,49.942,13,0,551.886,0.0,91.82,1.216,3.85,0.058,1.05,0,0,SENSOR_FAULT,6
500.0,1.55,326.07,0.921,49.989,14,0,775.0,301.911,-98.93,0.767,270.0,0.011,0.029,0,0,SENSOR_FAULT,6
229.98,500.0,264.1,0.901,50.067,14,0,114990.0,49884.857,-160.9,0.621,0.02,0.067,0.049,0,0,SENSOR_FAULT,6
-10.0,2.631,591.8,0.976,49.971,14,0,-26.31,-5.73,166.8,1.392,240.0,0.029,0.026,0,0,SENSOR_FAULT,6
-10.0,2.503,531.75,0.906,50.048,14,0,-25.03,-10.595,106.75,1.251,240.0,0.048,0.044,0,0,SENSOR_FAULT,6
229.44,2.29,511.48,2.0,49.964,15,0,525.418,0.0,86.48,1.203,0.56,0.036,1.05,0,0,SENSOR_FAULT,6
232.71,2.231,510.95,0.984,100.0,15,0,519.176,92.501,85.95,1.202,2.71,50.0,0.034,0,0,SENSOR_FAULT,6
231.7,2.013,435.68,0.934,-10.0,15,0,466.412,166.636,10.68,1.025,1.7,60.0,0.016,0,0,SENSOR_FAULT,6
230.18,2.617,543.53,1.5,50.019,15,0,602.381,0.0,118.53,1.279,0.18,0.019,0.55,0,0,SENSOR_FAULT,6
229.99,2.784,605.59,-1.0,50.058,16,0,640.292,0.0,180.59,1.425,0.01,0.058,1.95,0,0,SENSOR_FAULT,6
500.0,2.148,474.09,0.963,49.972,16,0,1074.0,289.444,49.09,1.116,270.0,0.028,0.013,0,0,SENSOR_FAULT,6
227.88,1.512,319.65,1.5,50.013,16,0,344.555,0.0,-105.35,0.752,2.12,0.013,0.55,0,0,SENSOR_FAULT,6
231.32,500.0,539.59,0.928,50.011,16,0,115660.0,43092.625,114.59,1.27,1.32,0.011,0.022,0,0,SENSOR_FAULT,6
229.39,4.547,961.9,0.922,-10.0,17,0,1043.036,403.853,211.9,1.283,0.61,60.0,0.028,0,0,SENSOR_FAULT,6
233.77,2.885,662.91,0.983,100.0,17,0,674.426,123.828,-87.09,0.884,3.77,50.0,0.033,0,0,SENSOR_FAULT,6
231.06,-5.0,609.23,0.97,49.978,17,0,-1155.3,-280.859,-140.77,0.812,1.06,0.022,0.02,0,0,SENSOR_FAULT,6
228.68,2.918,655.88,-1.0,50.039,17,0,667.288,0.0,-94.12,0.875,1.32,0.039,1.95,0,0,SENSOR_FAULT,6
232.18,500.0,922.14,0.94,49.948,18,0,116090.0,39606.941,172.14,1.23,2.18,0.052,0.01,0,0,SENSOR_FAULT,6
0.0,3.447,760.92,0.957,49.964,18,0,0.0,0.0,10.92,1.015,230.0,0.036,0.007,0,0,SENSOR_FAULT,6
229.23,4.262,883.05,2.0,49.875,18,0,976.978,0.0,133.05,1.177,0.77,0.125,1.05,0,0,SENSOR_FAULT,6
227.76,-5.0,626.28,0.935,50.007,18,0,-1138.8,-403.873,-123.72,0.835,2.24,0.007,0.015,0,0,SENSOR_FAULT,6
-10.0,4.438,981.14,0.969,49.933,19,0,-44.38,-10.965,231.14,1.308,240.0,0.067,0.019,0,0,SENSOR_FAULT,6
-10.0,2.867,656.37,0.981,50.064,19,0,-28.67,-5.562,-93.63,0.875,240.0,0.064,0.031,0,0,SENSOR_FAULT,6
231.49,4.433,943.34,-1.0,49.911,19,0,1026.195,0.0,193.34,1.258,1.49,0.089,1.95,0,0,SENSOR_FAULT,6
0.0,2.592,540.21,0.909,50.027,19,0,0.0,0.0,-209.79,0.72,230.0,0.027,0.041,0,0,SENSOR_FAULT,6
228.93,4.243,947.31,2.0,49.957,20,0,971.35,0.0,197.31,1.263,1.07,0.043,1.05,0,0,SENSOR_FAULT,6
-10.0,3.228,685.74,0.921,49.983,20,0,-32.28,-12.575,-64.26,0.914,240.0,0.017,0.029,0,0,SENSOR_FAULT,6
500.0,4.203,893.37,0.927,49.904,20,0,2101.5,788.191,143.37,1.191,270.0,0.096,0.023,0,0,SENSOR_FAULT,6
230.17,500.0,837.62,0.962,49.988,20,0,115085.0,31423.896,87.62,1.117,0.17,0.012,0.012,0,0,SENSOR_FAULT,6
-10.0,4.538,948.39,0.908,49.978,21,0,-45.38,-19.013,198.39,1.265,240.0,0.022,0.042,0,0,SENSOR_FAULT,6
233.29,-5.0,919.84,0.979,49.895,21,0,-1166.45,-237.793,169.84,1.226,3.29,0.105,0.029,0,0,SENSOR_FAULT,6
227.69,3.549,792.53,-1.0,50.119,21,0,808.072,0.0,42.53,1.057,2.31,0.119,1.95,0,0,SENSOR_FAULT,6
230.47,3.859,867.73,0.976,100.0,21,0,889.384,193.682,117.73,1.157,0.47,50.0,0.026,0,0,SENSOR_FAULT,6
232.54,2.103,455.36,0.931,-10.0,22,0,489.032,178.506,105.36,1.301,2.54,60.0,0.019,0,0,SENSOR_FAULT,6
227.99,1.272,274.75,0.948,100.0,22,0,290.003,92.299,-75.25,0.785,2.01,50.0,0.002,0,0,SENSOR_FAULT,6
226.95,2.211,483.46,-1.0,49.996,22,0,501.786,0.0,133.46,1.381,3.05,0.004,1.95,0,0,SENSOR_FAULT,6
232.0,500.0,416.19,0.902,50.039,22,0,116000.0,50081.38,66.19,1.189,2.0,0.039,0.048,0,0,SENSOR_FAULT,6
-10.0,1.802,406.97,0.972,49.945,23,0,-18.02,-4.234,56.97,1.163,240.0,0.055,0.022,0,0,SENSOR_FAULT,6
230.36,2.043,431.27,-1.0,50.038,23,0,470.625,0.0,81.27,1.232,0.36,0.038,1.95,0,0,SENSOR_FAULT,6
228.98,1.076,238.61,0.969,-10.0,23,0,246.382,60.871,-111.39,0.682,1.02,60.0,0.019,0,0,SENSOR_FAULT,6
228.56,-5.0,296.28,0.932,50.021,23,0,-1142.8,-414.217,-53.72,0.847,1.44,0.021,0.018,0,0,SENSOR_FAULT,6
227.5,-5.0,115.02,0.966,50.02,0,1,-1137.5,-294.092,-14.98,0.885,2.5,0.02,0.016,1,0,SENSOR_FAULT,6
500.0,0.431,91.88,0.918,49.988,0,1,215.5,85.463,-38.12,0.707,270.0,0.012,0.032,1,0,SENSOR_FAULT,6
0.0,0.768,169.31,0.96,50.06,0,1,0.0,0.0,39.31,1.302,230.0,0.06,0.01,1,0,SENSOR_FAULT,6
0.0,0.752,165.01,0.941,49.964,0,1,0.0,0.0,35.01,1.269,230.0,0.036,0.009,1,0,SENSOR_FAULT,6
229.08,-5.0,154.85,0.988,50.028,1,1,-1145.4,-176.911,24.85,1.191,0.92,0.028,0.038,1,0,SENSOR_FAULT,6
224.49,-5.0,150.21,0.914,49.956,1,1,-1122.45,-455.394,20.21,1.155,5.51,0.044,0.036,1,0,SENSOR_FAULT,6
230.14,500.0,128.41,0.973,50.046,1,1,115070.0,26558.744,-1.59,0.988,0.14,0.046,0.023,1,0,SENSOR_FAULT,6
231.56,0.555,125.44,-1.0,49.97,1,1,128.516,0.0,-4.56,0.965,1.56,0.03,1.95,1,0,SENSOR_FAULT,6
232.27,0.476,105.11,1.5,50.031,2,1,110.561,0.0,-24.89,0.809,2.27,0.031,0.55,1,0,SENSOR_FAULT,6
0.0,0.722,153.28,0.916,50.076,2,1,0.0,0.0,23.28,1.179,230.0,0.076,0.034,1,0,SENSOR_FAULT,6
232.34,0.681,151.18,0.956,-10.0,2,1,158.224,46.418,21.18,1.163,2.34,60.0,0.006,1,0,SENSOR_FAULT,6
0.0,0.573,121.85,0.934,49.987,2,1,0.0,0.0,-8.15,0.937,230.0,0.013,0.016,1,0,SENSOR_FAULT,6
227.89,0.45,94.35,2.0,50.038,3,1,102.55,0.0,-35.65,0.726,2.11,0.038,1.05,1,0,SENSOR_FAULT,6
229.34,0.474,98.06,0.903,-10.0,3,1,108.707,46.705,-31.94,0.754,0.66,60.0,0.047,1,0,SENSOR_FAULT,6
227.98,0.446,94.7,0.931,-10.0,3,1,101.679,37.115,-35.3,0.728,2.02,60.0,0.019,1,0,SENSOR_FAULT,6
230.74,0.45,96.19,1.5,49.993,3,1,103.833,0.0,-33.81,0.74,0.74,0.007,0.55,1,0,SENSOR_FAULT,6
500.0,0.43,95.89,0.965,50.024,4,1,215.0,56.384,-34.11,0.738,270.0,0.024,0.015,1,0,SENSOR_FAULT,6
229.91,0.667,148.13,0.965,100.0,4,1,153.35,40.216,18.13,1.139,0.09,50.0,0.015,1,0,SENSOR_FAULT,6
228.98,0.472,98.51,0.912,100.0,4,1,108.079,44.333,-31.49,0.758,1.02,50.0,0.038,1,0,SENSOR_FAULT,6
233.51,500.0,96.26,0.968,49.991,4,1,116755.0,29299.69,-33.74,0.74,3.51,0.009,0.018,1,0,SENSOR_FAULT,6
230.51,0.545,119.89,1.5,49.988,5,1,125.628,0.0,-10.11,0.922,0.51,0.012,0.55,1,0,SENSOR_FAULT,6
226.96,0.53,115.15,1.5,50.036,5,1,120.289,0.0,-14.85,0.886,3.04,0.036,0.55,1,0,SENSOR_FAULT,6
229.84,0.498,111.97,-1.0,50.028,5,1,114.46,0.0,-18.03,0.861,0.16,0.028,1.95,1,0,SENSOR_FAULT,6
230.89,0.452,102.66,0.983,100.0,5,1,104.362,19.161,-27.34,0.79,0.89,50.0,0.033,1,0,SENSOR_FAULT,6
225.8,2.406,502.34,0.925,100.0,6,1,543.275,206.427,2.34,1.005,4.2,50.0,0.025,0,0,SENSOR_FAULT,6
228.71,2.055,442.17,0.941,100.0,6,1,469.999,159.051,-57.83,0.884,1.29,50.0,0.009,0,0,SENSOR_FAULT,6
229.8,1.454,322.82,0.966,100.0,6,1,334.129,86.386,-177.18,0.646,0.2,50.0,0.016,0,0,SENSOR_FAULT,6
228.9,500.0,661.04,0.95,50.004,6,1,114450.0,35737.001,161.04,1.322,1.1,0.004,0.0,0,0,SENSOR_FAULT,6
231.06,2.952,674.55,0.989,-10.0,7,1,682.089,100.892,174.55,1.349,1.06,60.0,0.039,0,0,SENSOR_FAULT,6
229.98,2.781,616.66,-1.0,50.031,7,1,639.574,0.0,116.66,1.233,0.02,0.031,1.95,0,0,SENSOR_FAULT,6
229.55,2.115,462.48,2.0,49.98,7,1,485.498,0.0,-37.52,0.925,0.45,0.02,1.05,0,0,SENSOR_FAULT,6
500.0,2.221,482.92,0.947,50.035,7,1,1110.5,356.73,-17.08,0.966,270.0,0.035,0.003,0,0,SENSOR_FAULT,6
228.82,3.166,690.82,0.954,100.0,8,1,724.444,217.193,190.82,1.382,1.18,50.0,0.004,0,0,SENSOR_FAULT,6
230.73,1.923,417.18,0.94,100.0,8,1,443.694,151.377,-82.82,0.834,0.73,50.0,0.01,0,0,SENSOR_FAULT,6
229.93,2.53,564.51,1.5,49.995,8,1,581.723,0.0,64.51,1.129,0.07,0.005,0.55,0,0,SENSOR_FAULT,6
500.0,3.223,682.87,0.915,49.951,8,1,1611.5,650.166,182.87,1.366,270.0,0.049,0.035,0,0,SENSOR_FAULT,6
231.83,1.297,278.06,1.5,50.025,9,1,300.684,0.0,-146.94,0.654,1.83,0.025,0.55,0,0,SENSOR_FAULT,6
229.89,1.487,336.69,-1.0,50.002,9,1,341.846,0.0,-88.31,0.792,0.11,0.002,1.95,0,0,SENSOR_FAULT,6
227.22,-5.0,375.73,0.98,50.0,9,1,-1136.1,-226.081,-49.27,0.884,2.78,0.0,0.03,0,0,SENSOR_FAULT,6
-10.0,1.71,366.22,0.927,50.037,9,1,-17.1,-6.414,-58.78,0.862,240.0,0.037,0.023,0,0,SENSOR_FAULT,6
229.19,2.592,587.96,0.99,100.0,10,1,594.06,83.803,162.96,1.383,0.81,50.0,0.04,0,0,SENSOR_FAULT,6
231.02,2.547,557.22,2.0,49.961,10,1,588.408,0.0,132.22,1.311,1.02,0.039,1.05,0,0,SENSOR_FAULT,6
228.53,2.419,512.73,0.928,100.0,10,1,552.814,205.968,87.73,1.206,1.47,50.0,0.022,0,0,SENSOR_FAULT,6
229.36,2.272,504.0,1.5,50.023,10,1,521.106,0.0,79.0,1.186,0.64,0.023,0.55,0,0,SENSOR_FAULT,6
-10.0,2.276,487.03,0.923,49.929,11,1,-22.76,-8.758,62.03,1.146,240.0,0.071,0.027,0,0,SENSOR_FAULT,6
500.0,1.257,261.18,0.903,49.93,11,1,628.5,270.029,-163.82,0.615,270.0,0.07,0.047,0,0,SENSOR_FAULT,6
229.92,-5.0,330.58,0.907,50.023,11,1,-1149.6,-484.132,-94.42,0.778,0.08,0.023,0.043,0,0,SENSOR_FAULT,6
226.28,500.0,550.4,0.961,49.954,11,1,113140.0,31288.682,125.4,1.295,3.72,0.046,0.011,0,0,SENSOR_FAULT,6
232.15,-5.0,322.1,0.906,49.937,12,1,-1160.75,-491.32,-102.9,0.758,2.15,0.063,0.044,0,0,SENSOR_FAULT,6
229.73,-5.0,339.92,0.934,50.009,12,1,-1148.65,-410.382,-85.08,0.8,0.27,0.009,0.016,0,0,SENSOR_FAULT,6
229.46,-5.0,506.21,0.95,49.958,12,1,-1147.3,-358.244,81.21,1.191,0.54,0.042,0.0,0,0,SENSOR_FAULT,6
227.26,1.381,300.18,0.957,-10.0,12,1,313.846,91.043,-124.82,0.706,2.74,60.0,0.007,0,0,SENSOR_FAULT,6
230.09,500.0,590.0,0.988,50.016,13,1,115045.0,17769.146,165.0,1.388,0.09,0.016,0.038,0,0,SENSOR_FAULT,6
500.0,2.394,525.62,0.955,50.143,13,1,1197.0,355.037,100.62,1.237,270.0,0.143,0.005,0,0,SENSOR_FAULT,6
227.92,-5.0,591.33,0.927,50.028,13,1,-1139.6,-427.42,166.33,1.391,2.08,0.028,0.023,0,0,SENSOR_FAULT,6
0.0,1.451,299.77,0.907,49.982,13,1,0.0,0.0,-125.23,0.705,230.0,0.018,0.043,0,0,SENSOR_FAULT,6
229.53,-5.0,377.28,0.968,50.012,14,1,-1147.65,-288.003,-47.72,0.888,0.47,0.012,0.018,0,0,SENSOR_FAULT,6
231.83,2.395,525.87,0.947,-10.0,14,1,555.233,178.359,100.87,1.237,1.83,60.0,0.003,0,0,SENSOR_FAULT,6
230.53,-5.0,290.64,0.9,50.005,14,1,-1152.65,-502.428,-134.36,0.684,0.53,0.005,0.05,0,0,SENSOR_FAULT,6
228.87,-5.0,496.94,0.915,49.896,14,1,-1144.35,-461.692,71.94,1.169,1.13,0.104,0.035,0,0,SENSOR_FAULT,6
-10.0,1.915,403.77,0.906,49.981,15,1,-19.15,-8.106,-21.23,0.95,240.0,0.019,0.044,0,0,SENSOR_FAULT,6
229.02,500.0,419.98,0.905,50.012,15,1,114510.0,48713.878,-5.02,0.988,0.98,0.012,0.045,0,0,SENSOR_FAULT,6
500.0,1.305,281.99,0.942,50.017,15,1,652.5,218.987,-143.01,0.664,270.0,0.017,0.008,0,0,SENSOR_FAULT,6
230.14,-5.0,287.43,0.907,49.981,15,1,-1150.7,-484.595,-137.57,0.676,0.14,0.019,0.043,0,0,SENSOR_FAULT,6
231.99,1.798,397.5,0.953,-10.0,16,1,417.118,126.374,-27.5,0.935,1.99,60.0,0.003,0,0,SENSOR_FAULT,6
500.0,1.637,350.44,0.931,49.984,16,1,818.5,298.768,-74.56,0.825,270.0,0.016,0.019,0,0,SENSOR_FAULT,6
228.59,2.291,515.83,-1.0,50.029,16,1,523.7,0.0,90.83,1.214,1.41,0.029,1.95,0,0,SENSOR_FAULT,6
229.66,2.611,550.5,2.0,50.015,16,1,599.642,0.0,125.5,1.295,0.34,0.015,1.05,0,0,SENSOR_FAULT,6
230.2,-5.0,847.96,0.977,49.945,17,1,-1151.0,-245.438,97.96,1.131,0.2,0.055,0.027,0,0,SENSOR_FAULT,6
225.16,3.544,762.49,1.5,50.021,17,1,797.967,0.0,12.49,1.017,4.84,0.021,0.55,0,0,SENSOR_FAULT,6
0.0,3.075,681.61,0.968,49.999,17,1,0.0,0.0,-68.39,0.909,230.0,0.001,0.018,0,0,SENSOR_FAULT,6
-10.0,2.709,604.87,0.973,50.044,17,1,-27.09,-6.253,-145.13,0.806,240.0,0.044,0.023,0,0,SENSOR_FAULT,6
227.45,500.0,947.41,0.977,50.046,18,1,113725.0,24250.64,197.41,1.263,2.55,0.046,0.027,0,0,SENSOR_FAULT,6
227.0,3.105,690.53,0.98,100.0,18,1,704.835,140.26,-59.47,0.921,3.0,50.0,0.03,0,0,SENSOR_FAULT,6
228.16,2.881,606.08,-1.0,49.961,18,1,657.329,0.0,-143.92,0.808,1.84,0.039,1.95,0,0,SENSOR_FAULT,6
229.98,4.215,945.85,-1.0,49.929,18,1,969.366,0.0,195.85,1.261,0.02,0.071,1.95,0,0,SENSOR_FAULT,6
500.0,4.368,962.9,0.967,49.979,19,1,2184.0,556.432,212.9,1.284,270.0,0.021,0.017,0,0,SENSOR_FAULT,6
-10.0,3.856,853.91,0.967,49.935,19,1,-38.56,-9.824,103.91,1.139,240.0,0.065,0.017,0,0,SENSOR_FAULT,6
233.68,500.0,994.04,0.916,49.978,19,1,116840.0,46873.668,244.04,1.325,3.68,0.022,0.034,0,0,SENSOR_FAULT,6
222.62,2.568,520.94,2.0,50.041,19,1,571.688,0.0,-229.06,0.695,7.38,0.041,1.05,0,0,SENSOR_FAULT,6
230.42,2.984,641.58,2.0,49.941,20,1,687.573,0.0,-108.42,0.855,0.42,0.059,1.05,0,0,SENSOR_FAULT,6
232.33,2.805,610.55,0.937,-10.0,20,1,651.686,227.653,-139.45,0.814,2.33,60.0,0.013,0,0,SENSOR_FAULT,6
229.78,-5.0,859.92,0.917,50.075,20,1,-1148.9,-458.282,109.92,1.147,0.22,0.075,0.033,0,0,SENSOR_FAULT,6
0.0,3.713,828.73,0.974,50.03,20,1,0.0,0.0,78.73,1.105,230.0,0.03,0.024,0,0,SENSOR_FAULT,6
231.33,4.236,967.65,2.0,49.98,21,1,979.914,0.0,217.65,1.29,1.33,0.02,1.05,0,0,SENSOR_FAULT,6
233.34,4.141,877.41,-1.0,49.989,21,1,966.261,0.0,127.41,1.17,3.34,0.011,1.95,0,0,SENSOR_FAULT,6
228.2,3.914,846.76,0.948,100.0,21,1,893.175,284.271,96.76,1.129,1.8,50.0,0.002,0,0,SENSOR_FAULT,6
231.94,-5.0,620.27,0.962,50.018,21,1,-1159.7,-316.655,-129.73,0.827,1.94,0.018,0.012,0,0,SENSOR_FAULT,6
229.56,500.0,217.78,0.973,50.065,22,1,114780.0,26491.811,-132.22,0.622,0.44,0.065,0.023,0,0,SENSOR_FAULT,6
229.05,500.0,387.04,0.962,50.046,22,1,114525.0,31270.988,37.04,1.106,0.95,0.046,0.012,0,0,SENSOR_FAULT,6
226.95,1.57,343.48,0.964,-10.0,22,1,356.312,94.744,-6.52,0.981,3.05,60.0,0.014,0,0,SENSOR_FAULT,6
227.96,2.209,487.59,2.0,50.061,22,1,503.564,0.0,137.59,1.393,2.04,0.061,1.05,0,0,SENSOR_FAULT,6
0.0,1.415,304.81,0.942,50.008,23,1,0.0,0.0,-45.19,0.871,230.0,0.008,0.008,0,0,SENSOR_FAULT,6
230.92,-5.0,341.95,0.974,50.003,23,1,-1154.6,-261.572,-8.05,0.977,0.92,0.003,0.024,0,0,SENSOR_FAULT,6
228.87,1.491,311.25,2.0,50.057,23,1,341.245,0.0,-38.75,0.889,1.13,0.057,1.05,0,0,SENSOR_FAULT,6
0.0,0.922,203.72,0.973,49.943,23,1,0.0,0.0,-146.28,0.582,230.0,0.057,0.023,0,0,SENSOR_FAULT,6
230.64,500.0,144.98,0.983,49.994,0,2,115320.0,21173.393,14.98,1.115,0.64,0.006,0.033,1,0,SENSOR_FAULT,6
227.75,500.0,152.88,0.983,50.022,0,2,113875.0,20908.083,22.88,1.176,2.25,0.022,0.033,1,0,SENSOR_FAULT,6
232.08,500.0,135.65,0.917,50.014,0,2,116040.0,46286.871,5.65,1.043,2.08,0.014,0.033,1,0,SENSOR_FAULT,6
233.35,0.781,164.54,0.903,-10.0,0,2,182.246,78.3,34.54,1.266,3.35,60.0,0.047,1,0,SENSOR_FAULT,6
0.0,0.584,126.6,0.957,50.124,1,2,0.0,0.0,-3.4,0.974,230.0,0.124,0.007,1,0,SENSOR_FAULT,6
231.22,0.419,95.39,1.5,49.967,1,2,96.881,0.0,-34.61,0.734,1.22,0.033,0.55,1,0,SENSOR_FAULT,6
232.57,-5.0,158.75,0.979,49.989,1,2,-1162.85,-237.059,28.75,1.221,2.57,0.011,0.029,1,0,SENSOR_FAULT,6
231.42,0.747,160.19,0.927,-10.0,1,2,172.871,64.837,30.19,1.232,1.42,60.0,0.023,1,0,SENSOR_FAULT,6
228.7,0.72,155.61,0.946,-10.0,2,2,164.664,53.379,25.61,1.197,1.3,60.0,0.004,1,0,SENSOR_FAULT,6
230.71,0.365,76.64,-1.0,50.003,2,2,84.209,0.0,-53.36,0.59,0.71,0.003,1.95,1,0,SENSOR_FAULT,6
233.11,500.0,139.31,0.97,50.062,2,2,116555.0,28335.093,9.31,1.072,3.11,0.062,0.02,1,0,SENSOR_FAULT,6
227.66,0.626,133.64,2.0,50.067,2,2,142.515,0.0,3.64,1.028,2.34,0.067,1.05,1,0,SENSOR_FAULT,6
228.71,-5.0,111.01,0.942,50.018,3,2,-1143.55,-383.79,-18.99,0.854,1.29,0.018,0.008,1,0,SENSOR_FAULT,6
228.85,0.53,113.43,1.5,50.068,3,2,121.291,0.0,-16.57,0.873,1.15,0.068,0.55,1,0,SENSOR_FAULT,6
-10.0,0.416,93.69,0.966,49.983,3,2,-4.16,-1.076,-36.31,0.721,240.0,0.017,0.016,1,0,SENSOR_FAULT,6
232.96,0.721,158.07,0.941,-10.0,3,2,167.964,56.84,28.07,1.216,2.96,60.0,0.009,1,0,SENSOR_FAULT,6
500.0,0.656,135.47,0.903,49.963,4,2,328.0,140.922,5.47,1.042,270.0,0.037,0.047,1,0,SENSOR_FAULT,6
500.0,0.534,116.81,0.948,50.034,4,2,267.0,84.978,-13.19,0.899,270.0,0.034,0.002,1,0,SENSOR_FAULT,6
231.64,-5.0,180.1,0.959,49.978,4,2,-1158.2,-328.241,50.1,1.385,1.64,0.022,0.009,1,0,SENSOR_FAULT,6
230.32,500.0,83.49,0.931,50.066,4,2,115160.0,42035.608,-46.51,0.642,0.32,0.066,0.019,1,0,SENSOR_FAULT,6
227.77,0.408,85.34,-1.0,49.913,5,2,92.93,0.0,-44.66,0.656,2.23,0.087,1.95,1,0,SENSOR_FAULT,6
227.65,-5.0,106.86,0.951,49.953,5,2,-1138.25,-351.937,-23.14,0.822,2.35,0.047,0.001,1,0,SENSOR_FAULT,6
231.43,500.0,146.69,0.913,49.939,5,2,115715.0,47207.04,16.69,1.128,1.43,0.061,0.037,1,0,SENSOR_FAULT,6
232.94,0.463,97.87,-1.0,50.03,5,2,107.851,0.0,-32.13,0.753,2.94,0.03,1.95,1,0,SENSOR_FAULT,6
232.26,-5.0,324.26,0.965,50.056,6,2,-1161.3,-304.551,-175.74,0.649,2.26,0.056,0.015,0,0,SENSOR_FAULT,6
-10.0,2.549,549.59,0.934,49.996,6,2,-25.49,-9.107,49.59,1.099,240.0,0.004,0.016,0,0,SENSOR_FAULT,6
500.0,1.862,384.05,0.901,49.986,6,2,931.0,403.886,-115.95,0.768,270.0,0.014,0.049,0,0,SENSOR_FAULT,6
500.0,1.597,345.06,0.931,50.054,6,2,798.5,291.468,-154.94,0.69,270.0,0.054,0.019,0,0,SENSOR_FAULT,6
232.71,-5.0,452.46,0.968,50.012,7,2,-1163.55,-291.993,-47.54,0.905,2.71,0.012,0.018,0,0,SENSOR_FAULT,6
229.5,2.125,477.54,-1.0,50.032,7,2,487.688,0.0,-22.46,0.955,0.5,0.032,1.95,0,0,SENSOR_FAULT,6
227.65,2.667,558.22,0.919,100.0,7,2,607.143,239.371,58.22,1.116,2.35,50.0,0.031,0,0,SENSOR_FAULT,6
500.0,2.548,551.61,0.94,49.992,7,2,1274.0,434.656,51.61,1.103,270.0,0.008,0.01,0,0,SENSOR_FAULT,6
231.38,-5.0,699.64,0.928,50.011,8,2,-1156.9,-431.038,199.64,1.399,1.38,0.011,0.022,0,0,SENSOR_FAULT,6
230.1,1.869,410.92,0.955,-10.0,8,2,430.057,127.557,-89.08,0.822,0.1,60.0,0.005,0,0,SENSOR_FAULT,6
0.0,2.887,661.7,0.985,49.952,8,2,0.0,0.0,161.7,1.323,230.0,0.048,0.035,0,0,SENSOR_FAULT,6
229.62,-5.0,645.3,0.979,49.925,8,2,-1148.1,-234.052,145.3,1.291,0.38,0.075,0.029,0,0,SENSOR_FAULT,6
233.82,2.56,563.08,2.0,49.971,9,2,598.579,0.0,138.08,1.325,3.82,0.029,1.05,0,0,SENSOR_FAULT,6
227.63,1.236,277.96,-1.0,50.026,9,2,281.351,0.0,-147.04,0.654,2.37,0.026,1.95,0,0,SENSOR_FAULT,6
227.63,2.224,478.55,-1.0,49.935,9,2,506.249,0.0,53.55,1.126,2.37,0.065,1.95,0,0,SENSOR_FAULT,6
225.18,2.034,448.54,1.5,50.025,9,2,458.016,0.0,23.54,1.055,4.82,0.025,0.55,0,0,SENSOR_FAULT,6
231.28,1.87,409.03,0.946,100.0,10,2,432.494,140.2,-15.97,0.962,1.28,50.0,0.004,0,0,SENSOR_FAULT,6
500.0,1.659,373.71,0.972,49.978,10,2,829.5,194.917,-51.29,0.879,270.0,0.022,0.022,0,0,SENSOR_FAULT,6
230.27,1.866,405.28,1.5,50.03,10,2,429.684,0.0,-19.72,0.954,0.27,0.03,0.55,0,0,SENSOR_FAULT,6
224.73,500.0,277.58,0.964,49.918,10,2,112365.0,29878.105,-147.42,0.653,5.27,0.082,0.014,0,0,SENSOR_FAULT,6
500.0,2.108,441.36,0.904,50.025,11,2,1054.0,450.619,16.36,1.038,270.0,0.025,0.046,0,0,SENSOR_FAULT,6
227.53,2.372,521.67,1.5,49.993,11,2,539.701,0.0,96.67,1.227,2.47,0.007,0.55,0,0,SENSOR_FAULT,6
231.43,2.278,498.35,0.946,-10.0,11,2,527.198,170.9,73.35,1.173,1.43,60.0,0.004,0,0,SENSOR_FAULT,6
232.57,-5.0,583.96,0.955,50.021,11,2,-1162.85,-344.908,158.96,1.374,2.57,0.021,0.005,0,0,SENSOR_FAULT,6
229.98,-5.0,509.48,0.975,50.034,12,2,-1149.9,-255.513,84.48,1.199,0.02,0.034,0.025,0,0,SENSOR_FAULT,6
0.0,2.199,464.16,0.911,50.064,12,2,0.0,0.0,39.16,1.092,230.0,0.064,0.039,0,0,SENSOR_FAULT,6
231.23,2.113,472.97,0.968,-10.0,12,2,488.589,122.612,47.97,1.113,1.23,60.0,0.018,0,0,SENSOR_FAULT,6
231.74,500.0,339.18,0.956,49.947,12,2,115870.0,33992.395,-85.82,0.798,1.74,0.053,0.006,0,0,SENSOR_FAULT,6
500.0,1.789,406.68,0.974,50.056,13,2,894.5,202.647,-18.32,0.957,270.0,0.056,0.024,0,0,SENSOR_FAULT,6
232.81,2.694,568.17,2.0,50.016,13,2,627.19,0.0,143.17,1.337,2.81,0.016,1.05,0,0,SENSOR_FAULT,6
229.53,1.644,351.19,0.931,-10.0,13,2,377.347,137.739,-73.81,0.826,0.47,60.0,0.019,0,0,SENSOR_FAULT,6
231.73,500.0,532.68,0.964,50.035,13,2,115865.0,30808.763,107.68,1.253,1.73,0.035,0.014,0,0,SENSOR_FAULT,6
230.06,500.0,363.0,0.922,50.074,14,2,115030.0,44538.451,-62.0,0.854,0.06,0.074,0.028,0,0,SENSOR_FAULT,6
500.0,1.902,416.76,0.965,49.918,14,2,951.0,249.4,-8.24,0.981,270.0,0.082,0.015,0,0,SENSOR_FAULT,6
226.19,-5.0,548.73,0.931,49.986,14,2,-1130.95,-412.818,123.73,1.291,3.81,0.014,0.019,0,0,SENSOR_FAULT,6
230.33,1.399,296.76,2.0,50.066,14,2,322.232,0.0,-128.24,0.698,0.33,0.066,1.05,0,0,SENSOR_FAULT,6
230.1,2.797,590.5,0.917,-10.0,15,2,643.59,256.72,165.5,1.389,0.1,60.0,0.033,0,0,SENSOR_FAULT,6
226.48,-5.0,264.58,0.981,49.975,15,2,-1132.4,-219.694,-160.42,0.623,3.52,0.025,0.031,0,0,SENSOR_FAULT,6
229.32,1.425,314.55,2.0,49.995,15,2,326.781,0.0,-110.45,0.74,0.68,0.005,1.05,0,0,SENSOR_FAULT,6
231.05,2.194,459.91,0.907,-10.0,15,2,506.924,213.481,34.91,1.082,1.05,60.0,0.043,0,0,SENSOR_FAULT,6
231.08,-5.0,359.52,0.978,49.987,16,2,-1155.4,-241.022,-65.48,0.846,1.08,0.013,0.028,0,0,SENSOR_FAULT,6
229.2,2.203,499.51,-1.0,50.012,16,2,504.928,0.0,74.51,1.175,0.8,0.012,1.95,0,0,SENSOR_FAULT,6
229.26,500.0,372.45,0.944,49.925,16,2,114630.0,37821.647,-52.55,0.876,0.74,0.075,0.006,0,0,SENSOR_FAULT,6
0.0,1.431,301.53,0.923,50.043,16,2,0.0,0.0,-123.47,0.709,230.0,0.043,0.027,0,0,SENSOR_FAULT,6
227.84,2.297,494.27,0.945,-10.0,17,2,523.348,171.172,-255.73,0.659,2.16,60.0,0.005,0,0,SENSOR_FAULT,6
-10.0,2.649,573.42,0.928,50.141,17,2,-26.49,-9.87,-176.58,0.765,240.0,0.141,0.022,0,0,SENSOR_FAULT,6
229.01,3.026,642.3,1.5,50.008,17,2,692.984,0.0,-107.7,0.856,0.99,0.008,0.55,0,0,SENSOR_FAULT,6
230.35,3.923,831.24,2.0,49.975,17,2,903.663,0.0,81.24,1.108,0.35,0.025,1.05,0,0,SENSOR_FAULT,6
226.97,4.096,839.43,-1.0,50.059,18,2,929.669,0.0,89.43,1.119,3.03,0.059,1.95,0,0,SENSOR_FAULT,6
229.15,3.555,764.73,-1.0,49.976,18,2,814.628,0.0,14.73,1.02,0.85,0.024,1.95,0,0,SENSOR_FAULT,6
228.17,-5.0,857.46,0.906,49.973,18,2,-1140.85,-482.896,107.46,1.143,1.83,0.027,0.044,0,0,SENSOR_FAULT,6
233.33,2.963,626.47,2.0,49.978,18,2,691.357,0.0,-123.53,0.835,3.33,0.022,1.05,0,0,SENSOR_FAULT,6
-10.0,4.029,839.67,0.917,50.076,19,2,-40.29,-16.071,89.67,1.12,240.0,0.076,0.033,0,0,SENSOR_FAULT,6
228.57,500.0,815.62,0.963,50.023,19,2,114285.0,30799.967,65.62,1.087,1.43,0.023,0.013,0,0,SENSOR_FAULT,6
232.48,3.922,834.46,0.915,100.0,19,2,911.787,367.864,84.46,1.113,2.48,50.0,0.035,0,0,SENSOR_FAULT,6
-10.0,3.929,858.66,0.943,49.955,19,2,-39.29,-13.075,108.66,1.145,240.0,0.045,0.007,0,0,SENSOR_FAULT,6
-10.0,4.288,967.81,0.982,50.003,20,2,-42.88,-8.099,217.81,1.29,240.0,0.003,0.032,0,0,SENSOR_FAULT,6
232.73,500.0,510.44,0.933,49.989,20,2,116365.0,41877.014,-239.56,0.681,2.73,0.011,0.017,0,0,SENSOR_FAULT,6
227.7,4.332,896.89,2.0,50.022,20,2,986.396,0.0,146.89,1.196,2.3,0.022,1.05,0,0,SENSOR_FAULT,6
500.0,2.575,552.01,0.929,49.951,20,2,1287.5,476.478,-197.99,0.736,270.0,0.049,0.021,0,0,SENSOR_FAULT,6
229.47,3.623,752.27,0.905,100.0,21,2,831.37,353.674,2.27,1.003,0.53,50.0,0.045,0,0,SENSOR_FAULT,6
500.0,4.093,928.95,0.983,50.001,21,2,2046.5,375.749,178.95,1.239,270.0,0.001,0.033,0,0,SENSOR_FAULT,6
227.97,3.995,881.91,0.968,100.0,21,2,910.74,228.55,131.91,1.176,2.03,50.0,0.018,0,0,SENSOR_FAULT,6
-10.0,3.698,806.03,0.954,49.984,21,2,-36.98,-11.087,56.03,1.075,240.0,0.016,0.004,0,0,SENSOR_FAULT,6
-10.0,1.728,361.16,0.91,50.009,22,2,-17.28,-7.164,11.16,1.032,240.0,0.009,0.04,0,0,SENSOR_FAULT,6
233.87,2.145,475.53,0.948,100.0,22,2,501.651,159.661,125.53,1.359,3.87,50.0,0.002,0,0,SENSOR_FAULT,6
233.04,1.262,266.66,2.0,50.025,22,2,294.096,0.0,-83.34,0.762,3.04,0.025,1.05,0,0,SENSOR_FAULT,6
229.29,1.491,308.65,-1.0,49.974,22,2,341.871,0.0,-41.35,0.882,0.71,0.026,1.95,0,0,SENSOR_FAULT,6
230.53,1.061,236.41,0.967,-10.0,23,2,244.592,62.316,-113.59,0.675,0.53,60.0,0.017,0,0,SENSOR_FAULT,6
228.95,500.0,304.91,0.948,50.061,23,2,114475.0,36433.995,-45.09,0.871,1.05,0.061,0.002,0,0,SENSOR_FAULT,6
500.0,1.62,360.17,0.985,50.028,23,2,810.0,139.769,10.17,1.029,270.0,0.028,0.035,0,0,SENSOR_FAULT,6
227.68,2.103,473.87,0.99,-10.0,23,2,478.811,67.545,123.87,1.354,2.32,60.0,0.04,0,0,SENSOR_FAULT,6
229.88,0.773,173.24,0.975,100.0,0,3,177.697,39.485,43.24,1.333,0.12,50.0,0.025,1,0,SENSOR_FAULT,6
231.28,0.461,104.41,-1.0,50.108,0,3,106.62,0.0,-25.59,0.803,1.28,0.108,1.95,1,0,SENSOR_FAULT,6
0.0,0.68,145.92,0.93,50.038,0,3,0.0,0.0,15.92,1.122,230.0,0.038,0.02,1,0,SENSOR_FAULT,6
500.0,0.69,153.45,0.966,49.998,0,3,345.0,89.197,23.45,1.18,270.0,0.002,0.016,1,0,SENSOR_FAULT,6
0.0,0.691,154.67,0.961,49.988,1,3,0.0,0.0,24.67,1.19,230.0,0.012,0.011,1,0,SENSOR_FAULT,6
229.9,0.478,100.45,0.915,-10.0,1,3,109.892,44.336,-29.55,0.773,0.1,60.0,0.035,1,0,SENSOR_FAULT,6
232.6,500.0,112.04,0.927,49.987,1,3,116300.0,43619.632,-17.96,0.862,2.6,0.013,0.023,1,0,SENSOR_FAULT,6
-10.0,0.688,147.42,0.927,50.061,1,3,-6.88,-2.58,17.42,1.134,240.0,0.061,0.023,1,0,SENSOR_FAULT,6
230.05,0.68,153.36,0.981,-10.0,2,3,156.434,30.349,23.36,1.18,0.05,60.0,0.031,1,0,SENSOR_FAULT,6
227.51,500.0,163.3,0.91,50.074,2,3,113755.0,47163.761,33.3,1.256,2.49,0.074,0.04,1,0,SENSOR_FAULT,6
229.06,500.0,98.76,0.983,50.013,2,3,114530.0,21028.344,-31.24,0.76,0.94,0.013,0.033,1,0,SENSOR_FAULT,6
229.99,0.648,135.76,-1.0,50.064,2,3,149.034,0.0,5.76,1.044,0.01,0.064,1.95,1,0,SENSOR_FAULT,6
230.01,0.657,145.29,0.961,-10.0,3,3,151.117,41.791,15.29,1.118,0.01,60.0,0.011,1,0,SENSOR_FAULT,6
500.0,0.82,185.32,0.983,50.02,3,3,410.0,75.278,55.32,1.426,270.0,0.02,0.033,1,0,SENSOR_FAULT,6
230.19,0.681,148.87,0.95,100.0,3,3,156.759,48.948,18.87,1.145,0.19,50.0,0.0,1,0,SENSOR_FAULT,6
231.17,-5.0,136.34,0.916,50.038,3,3,-1155.85,-463.702,6.34,1.049,1.17,0.038,0.034,1,0,SENSOR_FAULT,6
232.45,500.0,130.12,0.915,49.973,4,3,116225.0,46891.422,0.12,1.001,2.45,0.027,0.035,1,0,SENSOR_FAULT,6
227.52,0.585,130.25,0.978,-10.0,4,3,133.099,27.765,0.25,1.002,2.48,60.0,0.028,1,0,SENSOR_FAULT,6
0.0,0.501,112.24,0.982,50.013,4,3,0.0,0.0,-17.76,0.863,230.0,0.013,0.032,1,0,SENSOR_FAULT,6
228.99,0.782,167.64,1.5,49.944,4,3,179.07,0.0,37.64,1.29,1.01,0.056,0.55,1,0,SENSOR_FAULT,6
229.24,-5.0,140.67,0.987,49.934,5,3,-1146.2,-184.218,10.67,1.082,0.76,0.066,0.037,1,0,SENSOR_FAULT,6
0.0,0.572,124.84,0.931,49.902,5,3,0.0,0.0,-5.16,0.96,230.0,0.098,0.019,1,0,SENSOR_FAULT,6
230.47,0.747,159.87,0.929,100.0,5,3,172.161,63.713,29.87,1.23,0.47,50.0,0.021,1,0,SENSOR_FAULT,6
229.77,0.646,135.69,0.915,-10.0,5,3,148.431,59.885,5.69,1.044,0.23,60.0,0.035,1,0,SENSOR_FAULT,6
229.66,2.464,512.83,1.5,49.967,6,3,565.882,0.0,12.83,1.026,0.34,0.033,0.55,0,0,SENSOR_FAULT,6
230.76,2.339,506.3,0.938,-10.0,6,3,539.748,187.096,6.3,1.013,0.76,60.0,0.012,0,0,SENSOR_FAULT,6
230.73,1.48,320.06,-1.0,49.927,6,3,341.48,0.0,-179.94,0.64,0.73,0.073,1.95,0,0,SENSOR_FAULT,6
500.0,2.992,629.93,0.922,49.932,6,3,1496.0,579.236,129.93,1.26,270.0,0.068,0.028,0,0,SENSOR_FAULT,6
228.59,500.0,401.6,0.912,50.085,7,3,114295.0,46882.689,-98.4,0.803,1.41,0.085,0.038,0,0,SENSOR_FAULT,6
227.38,2.148,456.83,2.0,49.965,7,3,488.412,0.0,-43.17,0.914,2.62,0.035,1.05,0,0,SENSOR_FAULT,6
229.41,2.68,590.95,2.0,50.008,7,3,614.819,0.0,90.95,1.182,0.59,0.008,1.05,0,0,SENSOR_FAULT,6
231.57,1.95,432.66,0.958,-10.0,7,3,451.561,129.493,-67.34,0.865,1.57,60.0,0.008,0,0,SENSOR_FAULT,6
228.5,2.3,513.38,-1.0,50.029,8,3,525.55,0.0,13.38,1.027,1.5,0.029,1.95,0,0,SENSOR_FAULT,6
500.0,2.442,536.07,0.96,49.993,8,3,1221.0,341.88,36.07,1.072,270.0,0.007,0.01,0,0,SENSOR_FAULT,6
229.75,1.605,341.17,1.5,49.997,8,3,368.749,0.0,-158.83,0.682,0.25,0.003,0.55,0,0,SENSOR_FAULT,6
500.0,2.444,510.32,0.927,49.943,8,3,1222.0,458.325,10.32,1.021,270.0,0.057,0.023,0,0,SENSOR_FAULT,6
500.0,1.646,358.74,0.947,49.948,9,3,823.0,264.375,-66.26,0.844,270.0,0.052,0.003,0,0,SENSOR_FAULT,6
500.0,2.1,466.37,0.976,49.979,9,3,1050.0,228.659,41.37,1.097,270.0,0.021,0.026,0,0,SENSOR_FAULT,6
229.51,1.536,332.96,0.944,100.0,9,3,352.527,116.315,-92.04,0.783,0.49,50.0,0.006,0,0,SENSOR_FAULT,6
229.84,2.712,588.95,0.945,-10.0,9,3,623.326,203.871,163.95,1.386,0.16,60.0,0.005,0,0,SENSOR_FAULT,6
230.33,2.588,575.12,0.965,-10.0,10,3,596.094,156.326,150.12,1.353,0.33,60.0,0.015,0,0,SENSOR_FAULT,6
227.43,1.801,379.69,0.927,-10.0,10,3,409.601,153.626,-45.31,0.893,2.57,60.0,0.023,0,0,SENSOR_FAULT,6
227.64,500.0,506.93,0.984,49.924,10,3,113820.0,20279.134,81.93,1.193,2.36,0.076,0.034,0,0,SENSOR_FAULT,6
0.0,2.639,546.04,0.913,50.04,10,3,0.0,0.0,121.04,1.285,230.0,0.04,0.037,0,0,SENSOR_FAULT,6
231.93,2.388,535.79,0.967,-10.0,11,3,553.849,141.108,110.79,1.261,1.93,60.0,0.017,0,0,SENSOR_FAULT,6
232.26,1.927,430.27,0.961,-10.0,11,3,447.565,123.773,5.27,1.012,2.26,60.0,0.011,0,0,SENSOR_FAULT,6
231.74,1.237,282.31,0.985,100.0,11,3,286.662,49.465,-142.69,0.664,1.74,50.0,0.035,0,0,SENSOR_FAULT,6
226.92,1.867,386.38,-1.0,50.025,11,3,423.66,0.0,-38.62,0.909,3.08,0.025,1.95,0,0,SENSOR_FAULT,6
231.13,-5.0,397.45,0.92,49.897,12,3,-1155.65,-452.92,-27.55,0.935,1.13,0.103,0.03,0,0,SENSOR_FAULT,6
-10.0,2.242,506.09,0.973,49.944,12,3,-22.42,-5.175,81.09,1.191,240.0,0.056,0.023,0,0,SENSOR_FAULT,6
227.71,2.853,600.67,0.925,100.0,12,3,649.657,246.848,175.67,1.413,2.29,50.0,0.025,0,0,SENSOR_FAULT,6
231.92,-5.0,426.38,0.975,50.023,12,3,-1159.6,-257.669,1.38,1.003,1.92,0.023,0.025,0,0,SENSOR_FAULT,6
500.0,1.218,274.66,0.98,49.84,13,3,609.0,121.189,-150.34,0.646,270.0,0.16,0.03,0,0,SENSOR_FAULT,6
227.94,1.49,313.68,0.924,100.0,13,3,339.631,129.872,-111.32,0.738,2.06,50.0,0.026,0,0,SENSOR_FAULT,6
231.54,1.957,430.48,2.0,50.032,13,3,453.124,0.0,5.48,1.013,1.54,0.032,1.05,0,0,SENSOR_FAULT,6
230.87,500.0,342.95,0.982,49.997,13,3,115435.0,21803.468,-82.05,0.807,0.87,0.003,0.032,0,0,SENSOR_FAULT,6
229.58,2.399,544.98,0.99,100.0,14,3,550.762,77.695,119.98,1.282,0.42,50.0,0.04,0,0,SENSOR_FAULT,6
229.32,1.403,292.25,0.909,100.0,14,3,321.736,134.098,-132.75,0.688,0.68,50.0,0.041,0,0,SENSOR_FAULT,6
-10.0,1.458,306.26,0.914,50.066,14,3,-14.58,-5.915,-118.74,0.721,240.0,0.066,0.036,0,0,SENSOR_FAULT,6
230.8,500.0,283.42,0.944,50.051,14,3,115400.0,38075.705,-141.58,0.667,0.8,0.051,0.006,0,0,SENSOR_FAULT,6
230.53,500.0,491.31,0.986,49.999,15,3,115265.0,19219.899,66.31,1.156,0.53,0.001,0.036,0,0,SENSOR_FAULT,6
230.27,-5.0,540.11,0.947,50.004,15,3,-1151.35,-369.852,115.11,1.271,0.27,0.004,0.003,0,0,SENSOR_FAULT,6
227.12,-5.0,461.35,0.917,50.016,15,3,-1135.6,-452.976,36.35,1.086,2.88,0.016,0.033,0,0,SENSOR_FAULT,6
228.17,1.94,403.15,0.911,-10.0,15,3,442.65,182.552,-21.85,0.949,1.83,60.0,0.039,0,0,SENSOR_FAULT,6
228.05,1.703,355.1,0.914,-10.0,16,3,388.369,157.567,-69.9,0.836,1.95,60.0,0.036,0,0,SENSOR_FAULT,6
230.59,2.28,497.0,0.945,100.0,16,3,525.745,171.956,72.0,1.169,0.59,50.0,0.005,0,0,SENSOR_FAULT,6
227.56,-5.0,454.82,0.989,50.007,16,3,-1137.8,-168.298,29.82,1.07,2.44,0.007,0.039,0,0,SENSOR_FAULT,6
231.51,500.0,295.38,0.955,50.006,16,3,115755.0,34333.604,-129.62,0.695,1.51,0.006,0.005,0,0,SENSOR_FAULT,6
229.71,500.0,774.25,0.928,50.084,17,3,114855.0,42792.698,24.25,1.032,0.29,0.084,0.022,0,0,SENSOR_FAULT,6
500.0,3.44,781.48,0.981,50.104,17,3,1720.0,333.693,31.48,1.042,270.0,0.104,0.031,0,0,SENSOR_FAULT,6
228.97,-5.0,760.18,0.919,50.067,17,3,-1144.85,-451.366,10.18,1.014,1.03,0.067,0.031,0,0,SENSOR_FAULT,6
232.71,-5.0,805.77,0.904,50.1,17,3,-1163.55,-497.455,55.77,1.074,2.71,0.1,0.046,0,0,SENSOR_FAULT,6
225.56,2.922,640.59,1.5,50.049,18,3,659.086,0.0,-109.41,0.854,4.44,0.049,0.55,0,0,SENSOR_FAULT,6
230.15,3.052,635.0,0.904,-10.0,18,3,702.418,300.306,-115.0,0.847,0.15,60.0,0.046,0,0,SENSOR_FAULT,6
229.46,3.516,733.06,0.909,100.0,18,3,806.781,336.263,-16.94,0.977,0.54,50.0,0.041,0,0,SENSOR_FAULT,6
231.12,500.0,994.89,0.918,50.07,18,3,115560.0,45828.829,244.89,1.327,1.12,0.07,0.032,0,0,SENSOR_FAULT,6
228.83,2.638,558.96,1.5,49.843,19,3,603.654,0.0,-191.04,0.745,1.17,0.157,0.55,0,0,SENSOR_FAULT,6
228.97,500.0,507.78,0.9,49.949,19,3,114485.0,49902.855,-242.22,0.677,1.03,0.051,0.05,0,0,SENSOR_FAULT,6
-10.0,2.978,653.22,0.951,50.017,19,3,-29.78,-9.208,-96.78,0.871,240.0,0.017,0.001,0,0,SENSOR_FAULT,6
226.35,-5.0,630.07,0.914,49.984,19,3,-1131.75,-459.167,-119.93,0.84,3.65,0.016,0.036,0,0,SENSOR_FAULT,6
231.74,2.474,562.08,-1.0,49.952,20,3,573.325,0.0,-187.92,0.749,1.74,0.048,1.95,0,0,SENSOR_FAULT,6
228.65,4.516,977.66,1.5,50.028,20,3,1032.583,0.0,227.66,1.304,1.35,0.028,0.55,0,0,SENSOR_FAULT,6
234.06,3.97,891.08,0.959,100.0,20,3,929.218,263.346,141.08,1.188,4.06,50.0,0.009,0,0,SENSOR_FAULT,6
229.45,3.47,751.95,0.945,100.0,20,3,796.192,260.411,1.95,1.003,0.55,50.0,0.005,0,0,SENSOR_FAULT,6
229.74,500.0,832.07,0.976,50.057,21,3,114870.0,25015.3,82.07,1.109,0.26,0.057,0.026,0,0,SENSOR_FAULT,6
227.31,-5.0,910.39,0.945,49.899,21,3,-1136.55,-371.732,160.39,1.214,2.69,0.101,0.005,0,0,SENSOR_FAULT,6
-10.0,2.562,552.7,0.933,49.983,21,3,-25.62,-9.22,-197.3,0.737,240.0,0.017,0.017,0,0,SENSOR_FAULT,6
0.0,3.857,825.19,0.931,49.948,21,3,0.0,0.0,75.19,1.1,230.0,0.052,0.019,0,0,SENSOR_FAULT,6
225.97,2.198,464.37,2.0,49.918,22,3,496.682,0.0,114.37,1.327,4.03,0.082,1.05,0,0,SENSOR_FAULT,6
500.0,1.734,390.94,0.981,49.972,22,3,867.0,168.205,40.94,1.117,270.0,0.028,0.031,0,0,SENSOR_FAULT,6
-10.0,1.052,224.67,0.936,50.034,22,3,-10.52,-3.703,-125.33,0.642,240.0,0.034,0.014,0,0,SENSOR_FAULT,6
0.0,1.552,342.62,0.956,50.004,22,3,0.0,0.0,-7.38,0.979,230.0,0.004,0.006,0,0,SENSOR_FAULT,6
230.67,500.0,345.92,0.93,50.049,23,3,115335.0,42392.477,-4.08,0.988,0.67,0.049,0.02,0,0,SENSOR_FAULT,6
230.69,500.0,391.73,0.978,50.046,23,3,115345.0,24061.531,41.73,1.119,0.69,0.046,0.028,0,0,SENSOR_FAULT,6
233.1,1.043,228.1,2.0,49.987,23,3,243.123,0.0,-121.9,0.652,3.1,0.013,1.05,0,0,SENSOR_FAULT,6
229.09,1.145,244.83,0.933,100.0,23,3,262.308,94.398,-105.17,0.7,0.91,50.0,0.017,0,0,SENSOR_FAULT,6
228.12,0.681,148.48,-1.0,50.056,0,4,155.35,0.0,18.48,1.142,1.88,0.056,1.95,1,0,SENSOR_FAULT,6
230.48,0.762,158.35,0.901,-10.0,0,4,175.626,76.19,28.35,1.218,0.48,60.0,0.049,1,0,SENSOR_FAULT,6
226.59,-5.0,144.44,0.981,50.079,0,4,-1132.95,-219.801,14.44,1.111,3.41,0.079,0.031,1,0,SENSOR_FAULT,6
-10.0,0.541,118.6,0.958,50.033,0,4,-5.41,-1.551,-11.4,0.912,240.0,0.033,0.008,1,0,SENSOR_FAULT,6
233.4,0.525,111.03,1.5,49.978,1,4,122.535,0.0,-18.97,0.854,3.4,0.022,0.55,1,0,SENSOR_FAULT,6
230.1,-5.0,163.63,0.91,49.987,1,4,-1150.5,-477.007,33.63,1.259,0.1,0.013,0.04,1,0,SENSOR_FAULT,6
230.2,0.394,85.48,1.5,50.068,1,4,90.699,0.0,-44.52,0.658,0.2,0.068,0.55,1,0,SENSOR_FAULT,6
0.0,0.491,105.98,0.932,50.011,1,4,0.0,0.0,-24.02,0.815,230.0,0.011,0.018,1,0,SENSOR_FAULT,6
500.0,0.81,173.38,0.922,49.94,2,4,405.0,156.812,43.38,1.334,270.0,0.06,0.028,1,0,SENSOR_FAULT,6
229.28,0.411,85.69,2.0,50.044,2,4,94.234,0.0,-44.31,0.659,0.72,0.044,1.05,1,0,SENSOR_FAULT,6
230.4,-5.0,126.73,0.952,50.026,2,4,-1152.0,-352.625,-3.27,0.975,0.4,0.026,0.002,1,0,SENSOR_FAULT,6
230.72,0.375,84.29,1.5,49.971,2,4,86.52,0.0,-45.71,0.648,0.72,0.029,0.55,1,0,SENSOR_FAULT,6
228.82,0.663,145.34,-1.0,49.996,3,4,151.708,0.0,15.34,1.118,1.18,0.004,1.95,1,0,SENSOR_FAULT,6
231.78,0.562,121.52,0.932,100.0,3,4,130.26,47.214,-8.48,0.935,1.78,50.0,0.018,1,0,SENSOR_FAULT,6
230.56,0.718,153.52,1.5,50.027,3,4,165.542,0.0,23.52,1.181,0.56,0.027,0.55,1,0,SENSOR_FAULT,6
231.15,0.581,128.4,1.5,49.99,3,4,134.298,0.0,-1.6,0.988,1.15,0.01,0.55,1,0,SENSOR_FAULT,6
230.67,-5.0,141.54,0.911,50.066,4,4,-1153.35,-475.649,11.54,1.089,0.67,0.066,0.039,1,0,SENSOR_FAULT,6
0.0,0.478,108.45,0.974,49.98,4,4,0.0,0.0,-21.55,0.834,230.0,0.02,0.024,1,0,SENSOR_FAULT,6
0.0,0.519,110.15,0.924,49.903,4,4,0.0,0.0,-19.85,0.847,230.0,0.097,0.026,1,0,SENSOR_FAULT,6
229.51,-5.0,171.76,0.907,49.906,4,4,-1147.55,-483.268,41.76,1.321,0.49,0.094,0.043,1,0,SENSOR_FAULT,6
230.7,0.69,147.9,0.929,100.0,5,4,159.183,58.91,17.9,1.138,0.7,50.0,0.021,1,0,SENSOR_FAULT,6
226.6,500.0,91.06,0.971,50.023,5,4,113300.0,27087.706,-38.94,0.7,3.4,0.023,0.021,1,0,SENSOR_FAULT,6
0.0,0.287,65.29,0.986,49.951,5,4,0.0,0.0,-64.71,0.502,230.0,0.049,0.036,1,0,SENSOR_FAULT,6
500.0,0.399,88.98,0.973,49.96,5,4,199.5,46.046,-41.02,0.684,270.0,0.04,0.023,1,0,SENSOR_FAULT,6
229.15,-5.0,693.4,0.903,50.034,6,4,-1145.75,-492.261,193.4,1.387,0.85,0.034,0.047,0,0,SENSOR_FAULT,6
230.4,2.5,559.0,0.97,100.0,6,4,576.0,140.028,59.0,1.118,0.4,50.0,0.02,0,0,SENSOR_FAULT,6
228.44,2.784,596.76,-1.0,49.901,6,4,635.977,0.0,96.76,1.194,1.56,0.099,1.95,0,0,SENSOR_FAULT,6
230.56,1.437,307.52,2.0,50.045,6,4,331.315,0.0,-192.48,0.615,0.56,0.045,1.05,0,0,SENSOR_FAULT,6
0.0,1.453,323.09,0.964,49.938,7,4,0.0,0.0,-176.91,0.646,230.0,0.062,0.014,0,0,SENSOR_FAULT,6
229.28,3.0,648.0,2.0,49.996,7,4,687.84,0.0,148.0,1.296,0.72,0.004,1.05,0,0,SENSOR_FAULT,6
500.0,2.563,577.36,0.956,49.998,7,4,1281.5,375.949,77.36,1.155,270.0,0.002,0.006,0,0,SENSOR_FAULT,6
-10.0,2.075,431.27,0.902,50.042,7,4,-20.75,-8.959,-68.73,0.863,240.0,0.042,0.048,0,0,SENSOR_FAULT,6
230.54,2.504,570.57,0.988,100.0,8,4,577.272,89.162,70.57,1.141,0.54,50.0,0.038,0,0,SENSOR_FAULT,6
500.0,2.457,550.51,0.973,50.06,8,4,1228.5,283.544,50.51,1.101,270.0,0.06,0.023,0,0,SENSOR_FAULT,6
229.7,2.503,549.9,-1.0,50.146,8,4,574.939,0.0,49.9,1.1,0.3,0.146,1.95,0,0,SENSOR_FAULT,6
232.19,3.066,669.26,1.5,50.053,8,4,711.895,0.0,169.26,1.339,2.19,0.053,0.55,0,0,SENSOR_FAULT,6
231.53,2.715,578.72,0.921,100.0,9,4,628.604,244.881,153.72,1.362,1.53,50.0,0.029,0,0,SENSOR_FAULT,6
231.76,1.258,286.55,-1.0,50.011,9,4,291.554,0.0,-138.45,0.674,1.76,0.011,1.95,0,0,SENSOR_FAULT,6
228.78,1.994,429.22,1.5,50.038,9,4,456.187,0.0,4.22,1.01,1.22,0.038,0.55,0,0,SENSOR_FAULT,6
228.79,-5.0,562.69,0.925,50.135,9,4,-1143.95,-434.663,137.69,1.324,1.21,0.135,0.025,0,0,SENSOR_FAULT,6
229.69,2.027,455.44,0.978,100.0,10,4,465.582,97.123,30.44,1.072,0.31,50.0,0.028,0,0,SENSOR_FAULT,6
230.99,1.576,348.27,2.0,50.034,10,4,364.04,0.0,-76.73,0.819,0.99,0.034,1.05,0,0,SENSOR_FAULT,6
231.15,-5.0,529.08,0.937,49.966,10,4,-1155.75,-403.737,104.08,1.245,1.15,0.034,0.013,0,0,SENSOR_FAULT,6
0.0,1.353,282.37,0.908,49.994,10,4,0.0,0.0,-142.63,0.664,230.0,0.006,0.042,0,0,SENSOR_FAULT,6
-10.0,2.014,444.48,0.954,50.051,11,4,-20.14,-6.038,19.48,1.046,240.0,0.051,0.004,0,0,SENSOR_FAULT,6
227.29,500.0,416.98,0.973,50.06,11,4,113645.0,26229.847,-8.02,0.981,2.71,0.06,0.023,0,0,SENSOR_FAULT,6
230.73,2.703,569.68,1.5,49.945,11,4,623.663,0.0,144.68,1.34,0.73,0.055,0.55,0,0,SENSOR_FAULT,6
232.51,1.79,388.17,0.933,-10.0,11,4,416.193,149.778,-36.83,0.913,2.51,60.0,0.017,0,0,SENSOR_FAULT,6
233.31,1.254,280.84,1.5,50.058,12,4,292.571,0.0,-144.16,0.661,3.31,0.058,0.55,0,0,SENSOR_FAULT,6
230.08,500.0,601.92,0.934,49.971,12,4,115040.0,41100.686,176.92,1.416,0.08,0.029,0.016,0,0,SENSOR_FAULT,6
228.85,500.0,597.46,0.961,50.0,12,4,114425.0,31644.047,172.46,1.406,1.15,0.0,0.011,0,0,SENSOR_FAULT,6
500.0,1.521,343.31,0.985,50.044,12,4,760.5,131.228,-81.69,0.808,270.0,0.044,0.035,0,0,SENSOR_FAULT,6
228.86,2.863,592.25,0.904,100.0,13,4,655.226,280.13,167.25,1.394,1.14,50.0,0.046,0,0,SENSOR_FAULT,6
-10.0,2.001,425.34,0.931,50.111,13,4,-20.01,-7.304,0.34,1.001,240.0,0.111,0.019,0,0,SENSOR_FAULT,6
231.78,1.443,315.55,0.944,100.0,13,4,334.459,110.353,-109.45,0.742,1.78,50.0,0.006,0,0,SENSOR_FAULT,6
232.93,1.098,230.62,0.901,-10.0,13,4,255.757,110.952,-194.38,0.543,2.93,60.0,0.049,0,0,SENSOR_FAULT,6
229.27,-5.0,407.0,0.96,50.046,14,4,-1146.35,-320.978,-18.0,0.958,0.73,0.046,0.01,0,0,SENSOR_FAULT,6
227.76,2.649,554.26,2.0,49.924,14,4,603.336,0.0,129.26,1.304,2.24,0.076,1.05,0,0,SENSOR_FAULT,6
234.15,500.0,569.4,0.938,49.953,14,4,117075.0,40582.322,144.4,1.34,4.15,0.047,0.012,0,0,SENSOR_FAULT,6
231.96,-5.0,256.51,0.916,49.931,14,4,-1159.8,-465.287,-168.49,0.604,1.96,0.069,0.034,0,0,SENSOR_FAULT,6
232.37,2.407,553.66,0.99,100.0,15,4,559.315,78.901,128.66,1.303,2.37,50.0,0.04,0,0,SENSOR_FAULT,6
228.03,-5.0,354.34,0.976,49.99,15,4,-1140.15,-248.291,-70.66,0.834,1.97,0.01,0.026,0,0,SENSOR_FAULT,6
231.71,-5.0,322.52,0.965,50.035,15,4,-1158.55,-303.83,-102.48,0.759,1.71,0.035,0.015,0,0,SENSOR_FAULT,6
230.27,1.758,397.48,0.982,-10.0,15,4,404.815,76.462,-27.52,0.935,0.27,60.0,0.032,0,0,SENSOR_FAULT,6
229.48,500.0,483.23,0.964,49.992,16,4,114740.0,30509.623,58.23,1.137,0.52,0.008,0.014,0,0,SENSOR_FAULT,6
500.0,2.309,508.19,0.952,50.056,16,4,1154.5,353.39,83.19,1.196,270.0,0.056,0.002,0,0,SENSOR_FAULT,6
225.96,1.965,438.41,2.0,50.052,16,4,444.011,0.0,13.41,1.032,4.04,0.052,1.05,0,0,SENSOR_FAULT,6
228.71,2.326,494.05,-1.0,50.003,16,4,531.979,0.0,69.05,1.162,1.29,0.003,1.95,0,0,SENSOR_FAULT,6
231.57,2.41,538.12,2.0,50.032,17,4,558.084,0.0,-211.88,0.717,1.57,0.032,1.05,0,0,SENSOR_FAULT,6
229.43,2.6,567.1,1.5,49.984,17,4,596.518,0.0,-182.9,0.756,0.57,0.016,0.55,0,0,SENSOR_FAULT,6
231.56,4.192,957.32,0.986,-10.0,17,4,970.7,161.86,207.32,1.276,1.56,60.0,0.036,0,0,SENSOR_FAULT,6
229.98,3.159,715.48,2.0,49.96,17,4,726.507,0.0,-34.52,0.954,0.02,0.04,1.05,0,0,SENSOR_FAULT,6
230.96,500.0,819.84,0.931,49.944,18,4,115480.0,42152.415,69.84,1.093,0.96,0.056,0.019,0,0,SENSOR_FAULT,6
231.14,2.743,585.84,-1.0,49.901,18,4,634.017,0.0,-164.16,0.781,1.14,0.099,1.95,0,0,SENSOR_FAULT,6
226.72,3.122,657.43,1.5,49.991,18,4,707.82,0.0,-92.57,0.877,3.28,0.009,0.55,0,0,SENSOR_FAULT,6
232.36,2.68,599.1,0.962,100.0,18,4,622.725,170.035,-150.9,0.799,2.36,50.0,0.012,0,0,SENSOR_FAULT,6
-10.0,4.27,962.96,0.985,50.004,19,4,-42.7,-7.368,212.96,1.284,240.0,0.004,0.035,0,0,SENSOR_FAULT,6
-10.0,4.518,939.36,0.902,49.924,19,4,-45.18,-19.506,189.36,1.252,240.0,0.076,0.048,0,0,SENSOR_FAULT,6
-10.0,3.663,805.99,0.947,49.965,19,4,-36.63,-11.767,55.99,1.075,240.0,0.035,0.003,0,0,SENSOR_FAULT,6
227.52,4.373,902.51,0.907,-10.0,19,4,994.945,419.002,152.51,1.203,2.48,60.0,0.043,0,0,SENSOR_FAULT,6
230.4,2.683,565.42,0.915,100.0,20,4,618.163,249.4,-184.58,0.754,0.4,50.0,0.035,0,0,SENSOR_FAULT,6
0.0,4.249,878.76,0.907,49.914,20,4,0.0,0.0,128.76,1.172,230.0,0.086,0.043,0,0,SENSOR_FAULT,6
228.19,-5.0,944.93,0.976,49.987,20,4,-1140.95,-248.465,194.93,1.26,1.81,0.013,0.026,0,0,SENSOR_FAULT,6
228.85,3.276,691.72,0.923,-10.0,20,4,749.713,288.489,-58.28,0.922,1.15,60.0,0.027,0,0,SENSOR_FAULT,6
229.74,2.583,569.51,0.96,-10.0,21,4,593.418,166.157,-180.49,0.759,0.26,60.0,0.01,0,0,SENSOR_FAULT,6
228.1,2.381,522.38,2.0,49.998,21,4,543.106,0.0,-227.62,0.697,1.9,0.002,1.05,0,0,SENSOR_FAULT,6
226.48,3.018,667.96,0.977,-10.0,21,4,683.517,145.753,-82.04,0.891,3.52,60.0,0.027,0,0,SENSOR_FAULT,6
230.96,4.119,869.58,-1.0,49.926,21,4,951.324,0.0,119.58,1.159,0.96,0.074,1.95,0,0,SENSOR_FAULT,6
228.95,1.083,239.87,0.967,-10.0,22,4,247.953,63.173,-110.13,0.685,1.05,60.0,0.017,0,0,SENSOR_FAULT,6
-10.0,1.572,338.98,0.931,50.087,22,4,-15.72,-5.738,-11.02,0.969,240.0,0.087,0.019,0,0,SENSOR_FAULT,6
229.41,1.126,249.48,2.0,50.08,22,4,258.316,0.0,-100.52,0.713,0.59,0.08,1.05,0,0,SENSOR_FAULT,6
-10.0,1.995,427.03,0.935,49.97,22,4,-19.95,-7.075,77.03,1.22,240.0,0.03,0.015,0,0,SENSOR_FAULT,6
231.95,500.0,462.83,0.954,49.952,23,4,115975.0,34770.071,112.83,1.322,1.95,0.048,0.004,0,0,SENSOR_FAULT,6
230.02,1.731,386.47,0.971,100.0,23,4,398.165,95.193,36.47,1.104,0.02,50.0,0.021,0,0,SENSOR_FAULT,6
233.6,2.159,468.52,2.0,49.935,23,4,504.342,0.0,118.52,1.339,3.6,0.065,1.05,0,0,SENSOR_FAULT,6
228.47,1.171,260.82,-1.0,49.933,23,4,267.538,0.0,-89.18,0.745,1.53,0.067,1.95,0,0,SENSOR_FAULT,6
233.52,-5.0,109.22,0.92,49.95,0,5,-1167.6,-457.604,-20.78,0.84,3.52,0.05,0.03,1,0,SENSOR_FAULT,6
-10.0,0.383,84.19,0.951,50.045,0,5,-3.83,-1.184,-45.81,0.648,240.0,0.045,0.001,1,0,SENSOR_FAULT,6
226.34,500.0,173.08,0.976,50.066,0,5,113170.0,24645.09,43.08,1.331,3.66,0.066,0.026,1,0,SENSOR_FAULT,6
229.65,500.0,91.74,0.905,50.019,0,5,114825.0,48847.883,-38.26,0.706,0.35,0.019,0.045,1,0,SENSOR_FAULT,6
228.09,0.364,79.95,-1.0,50.057,1,5,83.025,0.0,-50.05,0.615,1.91,0.057,1.95,1,0,SENSOR_FAULT,6
500.0,0.443,93.81,0.918,50.075,1,5,221.5,87.843,-36.19,0.722,270.0,0.075,0.032,1,0,SENSOR_FAULT,6
-10.0,0.491,103.39,0.903,50.094,1,5,-4.91,-2.11,-26.61,0.795,240.0,0.094,0.047,1,0,SENSOR_FAULT,6
228.21,500.0,131.12,0.984,49.996,1,5,114105.0,20329.912,1.12,1.009,1.79,0.004,0.034,1,0,SENSOR_FAULT,6
226.53,-5.0,109.84,0.91,50.067,2,5,-1132.65,-469.606,-20.16,0.845,3.47,0.067,0.04,1,0,SENSOR_FAULT,6
231.23,-5.0,124.23,0.909,49.966,2,5,-1156.15,-481.879,-5.77,0.956,1.23,0.034,0.041,1,0,SENSOR_FAULT,6
233.48,0.873,184.98,0.907,100.0,2,5,203.828,85.838,54.98,1.423,3.48,50.0,0.043,1,0,SENSOR_FAULT,6
231.93,-5.0,134.07,0.966,50.001,2,5,-1159.65,-299.818,4.07,1.031,1.93,0.001,0.016,1,0,SENSOR_FAULT,6
229.91,0.622,131.02,0.916,-10.0,3,5,143.004,57.37,1.02,1.008,0.09,60.0,0.034,1,0,SENSOR_FAULT,6
231.77,500.0,158.39,0.972,50.037,3,5,115885.0,27230.756,28.39,1.218,1.77,0.037,0.022,1,0,SENSOR_FAULT,6
228.65,-5.0,116.91,0.908,49.943,3,5,-1143.25,-478.988,-13.09,0.899,1.35,0.057,0.042,1,0,SENSOR_FAULT,6
231.29,0.483,102.73,-1.0,50.018,3,5,111.713,0.0,-27.27,0.79,1.29,0.018,1.95,1,0,SENSOR_FAULT,6
229.85,0.663,148.78,2.0,50.084,4,5,152.391,0.0,18.78,1.144,0.15,0.084,1.05,1,0,SENSOR_FAULT,6
229.74,0.398,87.77,0.96,100.0,4,5,91.437,25.602,-42.23,0.675,0.26,50.0,0.01,1,0,SENSOR_FAULT,6
229.25,500.0,137.2,0.918,49.977,4,5,114625.0,45458.026,7.2,1.055,0.75,0.023,0.032,1,0,SENSOR_FAULT,6
230.96,0.421,89.36,-1.0,50.071,4,5,97.234,0.0,-40.64,0.687,0.96,0.071,1.95,1,0,SENSOR_FAULT,6
233.44,0.574,127.72,1.5,50.128,5,5,133.995,0.0,-2.28,0.982,3.44,0.128,0.55,1,0,SENSOR_FAULT,6
228.63,0.481,108.1,1.5,50.025,5,5,109.971,0.0,-21.9,0.832,1.37,0.025,0.55,1,0,SENSOR_FAULT,6
233.02,0.56,123.91,0.95,100.0,5,5,130.491,40.746,-6.09,0.953,3.02,50.0,0.0,1,0,SENSOR_FAULT,6
230.2,0.747,169.52,1.5,49.945,5,5,171.959,0.0,39.52,1.304,0.2,0.055,0.55,1,0,SENSOR_FAULT,6
231.23,2.322,522.8,1.5,49.973,6,5,536.916,0.0,22.8,1.046,1.23,0.027,0.55,0,0,SENSOR_FAULT,6
231.01,500.0,510.79,0.96,50.05,6,5,115505.0,32341.4,10.79,1.022,1.01,0.05,0.01,0,0,SENSOR_FAULT,6
232.0,3.128,702.79,0.968,-10.0,6,5,725.696,182.114,202.79,1.406,2.0,60.0,0.018,0,0,SENSOR_FAULT,6
230.78,1.792,392.42,2.0,49.936,6,5,413.558,0.0,-107.58,0.785,0.78,0.064,1.05,0,0,SENSOR_FAULT,6
230.44,2.454,539.21,0.954,100.0,7,5,565.5,169.541,39.21,1.078,0.44,50.0,0.004,0,0,SENSOR_FAULT,6
0.0,1.826,412.06,0.984,50.005,7,5,0.0,0.0,-87.94,0.824,230.0,0.005,0.034,0,0,SENSOR_FAULT,6
500.0,1.451,328.32,0.97,49.945,7,5,725.5,176.373,-171.68,0.657,270.0,0.055,0.02,0,0,SENSOR_FAULT,6
230.85,2.112,461.02,-1.0,49.993,7,5,487.555,0.0,-38.98,0.922,0.85,0.007,1.95,0,0,SENSOR_FAULT,6
227.76,2.942,656.67,2.0,50.003,8,5,670.07,0.0,156.67,1.313,2.24,0.003,1.05,0,0,SENSOR_FAULT,6
229.24,1.951,428.03,0.957,-10.0,8,5,447.247,129.741,-71.97,0.856,0.76,60.0,0.007,0,0,SENSOR_FAULT,6
228.18,1.841,378.75,1.5,50.091,8,5,420.079,0.0,-121.25,0.757,1.82,0.091,0.55,0,0,SENSOR_FAULT,6
229.74,1.813,381.25,1.5,49.961,8,5,416.519,0.0,-118.75,0.762,0.26,0.039,0.55,0,0,SENSOR_FAULT,6
231.05,2.513,544.6,0.938,-10.0,9,5,580.629,201.266,119.6,1.281,1.05,60.0,0.012,0,0,SENSOR_FAULT,6
500.0,2.456,537.46,0.959,49.996,9,5,1228.0,348.023,112.46,1.265,270.0,0.004,0.009,0,0,SENSOR_FAULT,6
232.51,500.0,438.22,0.936,49.963,9,5,116255.0,40921.76,13.22,1.031,2.51,0.037,0.014,0,0,SENSOR_FAULT,6
228.97,500.0,531.63,0.907,50.045,9,5,114485.0,48213.139,106.63,1.251,1.03,0.045,0.043,0,0,SENSOR_FAULT,6
500.0,1.371,295.43,0.942,50.002,10,5,685.5,230.063,-129.57,0.695,270.0,0.002,0.008,0,0,SENSOR_FAULT,6
230.16,-5.0,444.56,0.929,49.997,10,5,-1150.8,-425.888,19.56,1.046,0.16,0.003,0.021,0,0,SENSOR_FAULT,6
500.0,2.652,595.62,0.969,50.097,10,5,1326.0,327.603,170.62,1.401,270.0,0.097,0.019,0,0,SENSOR_FAULT,6
228.86,1.448,299.14,2.0,49.908,10,5,331.389,0.0,-125.86,0.704,1.14,0.092,1.05,0,0,SENSOR_FAULT,6
230.52,2.063,470.0,1.5,50.021,11,5,475.563,0.0,45.0,1.106,0.52,0.021,0.55,0,0,SENSOR_FAULT,6
229.3,2.305,509.14,0.963,-10.0,11,5,528.537,142.441,84.14,1.198,0.7,60.0,0.013,0,0,SENSOR_FAULT,6
0.0,1.196,265.37,0.969,50.07,11,5,0.0,0.0,-159.63,0.624,230.0,0.07,0.019,0,0,SENSOR_FAULT,6
234.65,2.337,529.5,-1.0,50.104,11,5,548.377,0.0,104.5,1.246,4.65,0.104,1.95,0,0,SENSOR_FAULT,6
500.0,2.089,457.09,0.938,50.022,12,5,1044.5,362.061,32.09,1.076,270.0,0.022,0.012,0,0,SENSOR_FAULT,6
230.9,1.941,429.94,0.959,-10.0,12,5,448.177,127.016,4.94,1.012,0.9,60.0,0.009,0,0,SENSOR_FAULT,6
-10.0,2.561,570.14,0.959,50.056,12,5,-25.61,-7.258,145.14,1.342,240.0,0.056,0.009,0,0,SENSOR_FAULT,6
231.45,500.0,404.43,0.955,49.942,12,5,115725.0,34324.706,-20.57,0.952,1.45,0.058,0.005,0,0,SENSOR_FAULT,6
230.97,2.612,564.13,0.935,100.0,13,5,603.294,213.957,139.13,1.327,0.97,50.0,0.015,0,0,SENSOR_FAULT,6
0.0,2.349,488.66,0.914,49.954,13,5,0.0,0.0,63.66,1.15,230.0,0.046,0.036,0,0,SENSOR_FAULT,6
231.33,1.506,331.51,-1.0,49.974,13,5,348.383,0.0,-93.49,0.78,1.33,0.026,1.95,0,0,SENSOR_FAULT,6
233.47,500.0,258.81,0.947,49.957,13,5,116735.0,37499.2,-166.19,0.609,3.47,0.043,0.003,0,0,SENSOR_FAULT,6
230.81,1.938,425.71,-1.0,49.972,14,5,447.31,0.0,0.71,1.002,0.81,0.028,1.95,0,0,SENSOR_FAULT,6
229.04,1.742,385.09,0.965,-10.0,14,5,398.988,104.634,-39.91,0.906,0.96,60.0,0.015,0,0,SENSOR_FAULT,6
-10.0,2.565,583.29,0.982,49.98,14,5,-25.65,-4.845,158.29,1.372,240.0,0.02,0.032,0,0,SENSOR_FAULT,6
233.49,1.895,409.85,0.926,-10.0,14,5,442.464,167.04,-15.15,0.964,3.49,60.0,0.024,0,0,SENSOR_FAULT,6
229.31,2.389,526.66,-1.0,49.874,15,5,547.822,0.0,101.66,1.239,0.69,0.126,1.95,0,0,SENSOR_FAULT,6
233.27,-5.0,420.18,0.902,50.005,15,5,-1166.35,-503.555,-4.82,0.989,3.27,0.005,0.048,0,0,SENSOR_FAULT,6
228.46,-5.0,470.05,0.924,50.033,15,5,-1142.3,-436.807,45.05,1.106,1.54,0.033,0.026,0,0,SENSOR_FAULT,6
229.28,1.195,251.24,1.5,50.023,15,5,273.99,0.0,-173.76,0.591,0.72,0.023,0.55,0,0,SENSOR_FAULT,6
232.95,2.198,504.88,0.986,100.0,16,5,512.024,85.378,79.88,1.188,2.95,50.0,0.036,0,0,SENSOR_FAULT,6
231.94,500.0,266.22,0.985,49.96,16,5,115970.0,20011.127,-158.78,0.626,1.94,0.04,0.035,0,0,SENSOR_FAULT,6
230.85,-5.0,404.13,0.943,50.066,16,5,-1154.25,-384.126,-20.87,0.951,0.85,0.066,0.007,0,0,SENSOR_FAULT,6
228.87,2.479,550.72,1.5,50.004,16,5,567.369,0.0,125.72,1.296,1.13,0.004,0.55,0,0,SENSOR_FAULT,6
227.72,3.988,830.73,0.915,-10.0,17,5,908.147,366.396,80.73,1.108,2.28,60.0,0.035,0,0,SENSOR_FAULT,6
228.85,2.493,542.13,-1.0,49.953,17,5,570.523,0.0,-207.87,0.723,1.15,0.047,1.95,0,0,SENSOR_FAULT,6
227.5,500.0,877.58,0.917,49.958,17,5,113750.0,45373.419,127.58,1.17,2.5,0.042,0.033,0,0,SENSOR_FAULT,6
230.64,4.425,937.0,-1.0,49.98,17,5,1020.582,0.0,187.0,1.249,0.64,0.02,1.95,0,0,SENSOR_FAULT,6
0.0,4.183,911.73,0.934,49.928,18,5,0.0,0.0,161.73,1.216,230.0,0.072,0.016,0,0,SENSOR_FAULT,6
231.25,3.338,716.64,0.928,-10.0,18,5,771.913,287.599,-33.36,0.956,1.25,60.0,0.022,0,0,SENSOR_FAULT,6
230.48,3.858,805.56,0.906,100.0,18,5,889.192,376.375,55.56,1.074,0.48,50.0,0.044,0,0,SENSOR_FAULT,6
-10.0,4.126,878.74,0.941,49.941,18,5,-41.26,-13.963,128.74,1.172,240.0,0.059,0.009,0,0,SENSOR_FAULT,6
231.09,3.212,722.67,-1.0,50.022,19,5,742.261,0.0,-27.33,0.964,1.09,0.022,1.95,0,0,SENSOR_FAULT,6
229.65,3.967,860.96,-1.0,49.983,19,5,911.022,0.0,110.96,1.148,0.35,0.017,1.95,0,0,SENSOR_FAULT,6
233.41,2.496,574.8,-1.0,49.928,19,5,582.591,0.0,-175.2,0.766,3.41,0.072,1.95,0,0,SENSOR_FAULT,6
500.0,3.77,806.03,0.924,50.026,19,5,1885.0,720.81,56.03,1.075,270.0,0.026,0.026,0,0,SENSOR_FAULT,6
234.36,-5.0,912.7,0.967,49.998,20,5,-1171.8,-298.547,162.7,1.217,4.36,0.002,0.017,0,0,SENSOR_FAULT,6
0.0,3.045,655.97,0.932,50.037,20,5,0.0,0.0,-94.03,0.875,230.0,0.037,0.018,0,0,SENSOR_FAULT,6
230.1,3.411,751.24,2.0,50.05,20,5,784.871,0.0,1.24,1.002,0.1,0.05,1.05,0,0,SENSOR_FAULT,6
228.71,3.085,662.68,-1.0,50.034,20,5,705.57,0.0,-87.32,0.884,1.29,0.034,1.95,0,0,SENSOR_FAULT,6
229.13,2.778,574.66,0.903,-10.0,21,5,636.523,273.476,-175.34,0.766,0.87,60.0,0.047,0,0,SENSOR_FAULT,6
228.83,3.983,897.41,0.985,100.0,21,5,911.43,157.271,147.41,1.197,1.17,50.0,0.035,0,0,SENSOR_FAULT,6
500.0,4.308,897.18,0.91,50.035,21,5,2154.0,893.066,147.18,1.196,270.0,0.035,0.04,0,0,SENSOR_FAULT,6
229.1,-5.0,593.46,0.906,50.027,21,5,-1145.5,-484.865,-156.54,0.791,0.9,0.027,0.044,0,0,SENSOR_FAULT,6
